region_id,year,t,rain,wsi,spi,z,t_dt,z_dt,region_name
26,1989,9.089333333333334,12.397555555555556,,-0.6158,,-1.4478846560846552,,Sar-E-Pul
26,1990,10.874666666666666,5.356888888888889,,-1.0004,,0.24526349206349174,,Sar-E-Pul
26,1991,10.456777777777777,19.643666666666668,83.546,0.1568,,-0.2648105820105826,,Sar-E-Pul
26,1992,8.635333333333334,15.507888888888889,90.7864,-0.23679999999999998,,-2.1784402116402113,,Sar-E-Pul
26,1993,10.47488888888889,18.290666666666667,86.4478,0.2144,,-0.4310698412698404,,Sar-E-Pul
26,1994,10.898555555555555,11.627333333333333,80.2136,-0.5186,,-0.09958835978835978,,Sar-E-Pul
26,1995,10.638333333333334,12.042666666666667,82.7046,-0.5108,,-0.4519957671957666,,Sar-E-Pul
26,1996,10.196111111111112,19.009333333333334,84.0424,0.49000000000000005,,-0.9864031746031738,,Sar-E-Pul
26,1997,10.457444444444443,15.950666666666669,80.612,-0.011399999999999993,,-0.8172550264550278,,Sar-E-Pul
26,1998,12.028222222222222,24.218666666666667,93.2002,1.0732000000000002,,0.6613375661375667,,Sar-E-Pul
26,1999,10.530222222222223,16.039333333333335,91.0196,0.2994,,-0.9288476190476178,,Sar-E-Pul
26,2000,13.089444444444446,4.8357777777777775,70.9042,-2.375,,1.53818941798942,,Sar-E-Pul
26,2001,14.388444444444445,7.216555555555555,72.4216,-1.6216000000000002,-0.593,2.7450042328042343,-0.38837999999999995,Sar-E-Pul
26,2002,12.717111111111112,19.504333333333335,93.8104,0.32080000000000003,0.658,0.9814857142857161,0.8455683333333334,Sar-E-Pul
26,2003,10.466222222222221,23.177000000000003,93.2634,1.312,-0.1376,-1.3615883597883602,0.032916666666666705,Sar-E-Pul
26,2004,12.839,8.48188888888889,79.1908,-1.1788,0.1532,0.9190042328042338,0.306665,Sar-E-Pul
26,2005,11.728222222222222,17.939222222222224,87.1736,0.5052,-0.3526,-0.2839587301587301,-0.21618666666666667,Sar-E-Pul
26,2006,13.504222222222221,12.961444444444444,85.176,0.0736,-0.2121,1.3998560846560846,-0.09273833333333333,Sar-E-Pul
26,2007,13.001555555555555,20.54222222222222,89.0728,0.9164,-0.0374,0.805004232804233,0.06491000000000001,Sar-E-Pul
26,2008,14.567444444444444,8.15488888888889,74.6836,-1.8648,-1.1398000000000001,2.278707936507937,-1.0545416666666667,Sar-E-Pul
26,2009,12.130222222222223,28.94677777777778,96.9096,1.5059999999999998,0.19449999999999998,-0.25069947089946965,0.26270666666666664,Sar-E-Pul
26,2010,13.970777777777776,15.254666666666667,90.8306,0.6862,0.8069,1.497670899470899,0.858055,Sar-E-Pul
26,2011,13.033444444444445,11.33,80.2612,-0.35140000000000005,-1.0137,0.46815238095238243,-0.9795966666666667,Sar-E-Pul
26,2012,11.38811111111111,17.929222222222222,90.3086,0.1776,-0.46240000000000003,-1.2693661375661378,-0.44534833333333335,Sar-E-Pul
26,2013,11.953555555555555,18.526444444444444,86.377,0.4138,0.4508,-0.7961068783068779,0.4508,Sar-E-Pul
26,2014,11.772333333333332,21.305111111111113,84.9734,0.6113999999999999,-0.8019000000000001,-1.0695142857142859,-0.8189516666666667,Sar-E-Pul
26,2015,12.247555555555557,14.999333333333333,85.2588,0.6624,0.2802,-0.6864772486772459,0.24609666666666666,Sar-E-Pul
26,2016,13.732555555555557,23.946777777777775,82.7536,0.4516,0.8204,0.7063375661375684,0.769245,Sar-E-Pul
26,2017,13.236666666666666,12.649333333333333,83.7082,0.5210000000000001,-0.147,0.11826349206349285,-0.21520666666666666,Sar-E-Pul
26,2018,13.378333333333334,19.651333333333334,77.6938,0.5246000000000001,-0.4885,0.1677449735449752,-0.5737583333333334,Sar-E-Pul
26,2019,12.965555555555556,25.39311111111111,94.864,1.153,0.5415,-0.3372179894179883,0.43918999999999997,Sar-E-Pul
26,2020,12.647444444444444,24.563555555555556,90.499,0.7220000000000001,0.24939999999999998,-0.7475142857142849,0.1300383333333333,Sar-E-Pul
26,2021,13.98688888888889,17.599222222222224,72.58959999999999,-0.0688,-0.1407,0.49974497354497593,-0.2771133333333333,Sar-E-Pul
26,2022,14.349777777777778,9.646222222222223,63.5908,-1.3174,0.24980000000000002,0.7704486772486785,0.096335,Sar-E-Pul
26,2023,14.230222222222222,8.762888888888888,65.5168,-0.899,0.5777,0.5587079365079379,0.4071833333333333,Sar-E-Pul
26,2024,11.405,15.623111111111111,84.3802,0.0106,-0.4972,-2.35869947089947,-0.6847683333333333,Sar-E-Pul
26,2025,13.059777777777777,6.606444444444445,71.48580000000001,-1.144,0.4499,-0.7961068783068779,0.24528,Sar-E-Pul
26,2026,13.051444444444444,12.220222222222223,82.4056,-0.4074,0.596,-0.8966253968253959,0.37432833333333326,Sar-E-Pul
31,1989,18.459666666666667,12.847222222222221,,0.8178000000000001,,-0.7893206349206388,,Hilmand
31,1990,20.02811111111111,2.491222222222222,,-0.21620000000000003,,0.6811238095238004,,Hilmand
31,1991,17.72011111111111,9.073,40.27,0.548,,-1.7248761904761984,,Hilmand
31,1992,16.73577777777778,12.235333333333333,30.134800000000002,0.5768,,-2.807209523809526,,Hilmand
31,1993,19.45422222222222,5.135000000000001,25.003800000000002,0.1274,,-0.18676507936508457,,Hilmand
31,1994,19.874555555555556,6.140777777777778,23.814799999999998,-0.3748,,0.13556825396824834,,Hilmand
31,1995,18.851444444444446,10.423444444444444,24.401400000000002,0.8808,,-0.9855428571428604,,Hilmand
31,1996,19.072,14.901666666666667,30.035000000000004,1.295,,-0.8629873015873066,,Hilmand
31,1997,18.383444444444443,6.1338888888888885,24.3382,-0.09280000000000001,,-1.6495428571428619,,Hilmand
31,1998,20.439555555555557,15.273777777777777,31.082,1.2356,,0.30856825396825016,,Hilmand
31,1999,20.43888888888889,5.122888888888889,27.798199999999998,0.35100000000000003,,0.2099015873015837,,Hilmand
31,2000,23.265444444444444,2.2175555555555553,16.115199999999998,-1.6398,,2.938457142857139,,Hilmand
31,2001,23.319666666666667,3.231888888888889,21.2628,-0.7924,-0.6890000000000001,2.8946793650793623,-0.013911578947368497,Hilmand
31,2002,22.685444444444446,5.582333333333334,21.7526,0.40680000000000005,-1.3111000000000002,2.1624571428571393,-0.6922689473684213,Hilmand
31,2003,20.610555555555557,8.610555555555557,28.7392,0.539,-0.8247,-0.0104317460317489,-0.26212631578947376,Hilmand
31,2004,23.417666666666666,0.9036666666666667,13.2774,-2.2938,-0.7698,2.698679365079361,-0.26348368421052637,Hilmand
31,2005,19.08111111111111,11.146555555555556,43.361599999999996,0.9984,-0.9141,-1.7358761904761941,-0.464041052631579,Hilmand
31,2006,23.101777777777777,2.698777777777778,23.215600000000002,-0.5359999999999999,-0.13029999999999997,2.1867904761904704,0.2635015789473684,Hilmand
31,2007,21.22288888888889,8.964,37.302800000000005,0.7424,0.2216,0.2099015873015837,0.5591442105263158,Hilmand
31,2008,22.619666666666667,2.3617777777777778,19.884,-1.5748,-0.7022,1.508679365079363,-0.42091315789473693,Hilmand
31,2009,21.045222222222222,7.782444444444445,29.081400000000002,0.022,0.2614,-0.16376507936508133,0.4864294736842105,Hilmand
31,2010,23.120444444444445,4.187777777777778,20.935,-0.1896,0.5772,1.8134571428571427,0.7459721052631579,Hilmand
31,2011,21.668777777777777,3.9096666666666664,27.560399999999998,0.882,-0.5126,0.26379047619047213,-0.4000852631578947,Hilmand
31,2012,20.334777777777777,3.711111111111111,28.1432,-0.2428,-0.9896,-1.1682095238095265,-0.9333426315789474,Hilmand
31,2013,21.277666666666665,5.926111111111111,31.4498,0.40359999999999996,0.4914,-0.3233206349206377,0.4914,Hilmand
31,2014,19.808222222222224,11.187333333333335,32.858799999999995,0.4248,-0.0556,-1.890765079365078,-0.11185736842105262,Hilmand
31,2015,21.09788888888889,4.2684444444444445,25.7472,-0.11200000000000002,0.4179,-0.6990984126984152,0.3053852631578947,Hilmand
31,2016,21.852555555555554,11.055666666666667,31.4704,0.5506,1.1307,-0.04243174603174893,0.9619278947368421,Hilmand
31,2017,22.377333333333336,3.039111111111111,28.133,0.005199999999999982,0.42710000000000004,0.3843460317460341,0.20207052631578953,Hilmand
31,2018,22.528888888888886,6.454444444444444,21.728199999999998,-0.14100000000000001,0.2184,0.43790158730158524,-0.0628868421052631,Hilmand
31,2019,20.121666666666666,10.433,55.535000000000004,1.0458,-0.010100000000000053,-2.0673206349206374,-0.34764421052631583,Hilmand
31,2020,20.537666666666667,5.40811111111111,40.7178,-0.5936,1.1414,-1.749320634920636,0.7475984210526316,Hilmand
31,2021,23.341333333333335,6.224444444444444,14.060599999999999,-0.5424,0.097,0.9563460317460333,-0.35305894736842103,Hilmand
31,2022,23.88533333333333,3.578222222222222,19.253,-0.9252,0.416,1.4023460317460312,-0.09031631578947369,Hilmand
31,2023,22.264555555555557,2.2671111111111113,21.6042,-1.2186,0.17109999999999997,-0.3164317460317463,-0.39147368421052625,Hilmand
31,2024,19.50722222222222,13.988444444444445,36.0244,0.9618,0.15170000000000003,-3.1717650793650805,-0.46713105263157884,Hilmand
31,2025,23.820777777777778,1.816,17.1584,-0.7872,0.49429999999999996,1.0437904761904768,-0.1807884210526316,Hilmand
31,2026,22.578,5.28511111111111,32.760000000000005,-0.3144,1.0305,-0.29698730158730413,0.29915421052631586,Hilmand
32,1989,12.799,14.77677777777778,,0.1828,,0.0013902894491142348,,Hirat
32,1990,14.175444444444445,5.446666666666667,,-0.8096,,1.258004668534081,,Hirat
32,1991,12.800222222222223,18.648666666666667,70.11859999999999,0.8448,,-0.23704761904761718,,Hirat
32,1992,10.537222222222221,18.753666666666664,69.5024,0.6788000000000001,,-2.619877684407097,,Hirat
32,1993,12.934333333333335,16.01,63.5912,0.8644000000000001,,-0.34259663865545953,,Hirat
32,1994,14.122555555555557,10.523666666666665,54.2808,-0.11739999999999999,,0.7257955182072848,,Hirat
32,1995,12.863555555555557,20.593666666666667,57.5314,1.0852,,-0.6530345471521919,,Hirat
32,1996,12.822666666666667,18.307111111111112,49.486000000000004,0.7247999999999999,,-0.8137535014005586,,Hirat
32,1997,12.821222222222222,13.980333333333334,46.4758,-0.044,,-0.9350280112044818,,Hirat
32,1998,14.328,17.96388888888889,64.10459999999999,0.7224,,0.45191970121381964,,Hirat
32,1999,13.30211111111111,13.548555555555556,64.7016,0.5316,,-0.6937992530345483,,Hirat
32,2000,16.581888888888887,4.606111111111111,39.805,-1.688,,2.466148459383753,,Hirat
32,2001,17.541444444444444,4.385555555555555,45.4272,-1.763,-0.7415,3.3058739495798335,-0.6592358288770055,Hirat
32,2002,15.433,11.509888888888888,63.3746,-0.307,0.3448,1.0775994397759092,0.4202088235294117,Hirat
32,2003,13.162777777777778,14.54611111111111,76.852,0.4974,0.41939999999999994,-1.3124528478057886,0.4879534759358288,Hirat
32,2004,15.542222222222222,5.510777777777778,45.7188,-1.2136,-0.07210000000000003,0.9471615312791783,-0.010401871657754087,Hirat
32,2005,13.852555555555556,9.389000000000001,61.3596,-0.07680000000000001,-0.24319999999999997,-0.8623352007469656,-0.18835721925133692,Hirat
32,2006,16.376444444444445,5.679666666666666,50.178399999999996,-0.708,-0.224,1.5417236227824453,-0.17601256684491984,Hirat
32,2007,14.857888888888889,11.921888888888889,70.3924,0.4404,0.1976,-0.09666199813258736,0.23873208556149728,Hirat
32,2008,17.557666666666666,5.287555555555556,39.8678,-1.686,-0.954,2.4832857142857137,-0.9197232620320855,Hirat
32,2009,14.693666666666665,25.743333333333332,86.0886,1.593,0.7046,-0.5005443510737635,0.7320213903743316,Hirat
32,2010,16.445777777777778,10.608444444444444,60.936,0.16820000000000002,0.8421,1.1317366946778726,0.8626660427807487,Hirat
32,2011,15.455222222222224,8.47188888888889,59.5472,0.20119999999999996,-0.8198,0.0213510737628404,-0.8060893048128343,Hirat
32,2012,14.841333333333333,7.963444444444444,57.23440000000001,-0.3968,-0.714,-0.7123678804855285,-0.7071446524064171,Hirat
32,2013,15.342444444444444,7.16188888888889,59.77660000000001,-0.3036,0.4709,-0.33108683473389355,0.4709,Hirat
32,2014,15.033333333333335,16.606333333333332,62.3808,0.33840000000000003,-0.6842999999999999,-0.760028011204481,-0.6911553475935828,Hirat
32,2015,15.357888888888889,12.480444444444444,69.468,0.8692,0.31279999999999997,-0.5553025210084037,0.2990893048128342,Hirat
32,2016,16.378777777777778,12.107222222222223,64.1062,-0.2882,1.0706000000000002,0.3457563025210071,1.0500339572192516,Hirat
32,2017,15.915000000000001,9.938666666666668,65.0578,0.5232,-0.368,-0.23785154061624603,-0.39542139037433155,Hirat
32,2018,16.25888888888889,14.195777777777778,58.9966,0.3068,-0.6212,-0.013792717086834827,-0.6554767379679144,Hirat
32,2019,14.921333333333333,21.28822222222222,83.5178,1.492,0.45949999999999996,-1.4711783380018684,0.4183679144385027,Hirat
32,2020,14.924111111111111,20.87222222222222,80.3464,0.9936,0.7811999999999999,-1.5882306255835683,0.7332125668449198,Hirat
32,2021,17.579333333333334,11.10988888888889,38.3142,-0.5944,-0.5748,0.9471615312791783,-0.6296427807486631,Hirat
32,2022,17.409222222222223,6.153333333333333,40.401599999999995,-1.309,0.2135,0.6572203548085902,0.15180187165775405,Hirat
32,2023,17.826444444444444,3.297111111111111,33.2282,-1.6732,0.0227,0.954612511671332,-0.04585347593582882,Hirat
32,2024,14.335555555555556,16.555666666666667,66.167,0.30060000000000003,-0.5590999999999999,-2.6561064425770304,-0.6345088235294116,Hirat
32,2025,17.447222222222223,3.787444444444444,40.607,-1.6201999999999999,-0.005900000000000006,0.33573015873015777,-0.08816417112299459,Hirat
32,2026,16.179444444444446,9.725111111111111,65.3332,-0.371,1.4238000000000002,-1.0518776844070956,1.3346804812834228,Hirat
33,1989,15.734444444444446,8.944222222222223,,-0.42780000000000007,,-0.2615483405483374,,Jawzjan
33,1990,16.798000000000002,4.673333333333334,,-0.6216,,0.6940678210678257,,Jawzjan
33,1991,16.034222222222223,14.054444444444444,55.741,0.45359999999999995,,-0.17764935064934662,,Jawzjan
33,1992,14.368333333333332,12.030666666666667,64.64500000000001,0.1308,,-1.9514776334776336,,Jawzjan
33,1993,15.828,13.971555555555556,62.434400000000004,0.4968,,-0.5997503607503596,,Jawzjan
33,1994,16.738777777777777,6.449333333333333,54.339999999999996,-1.128,,0.20308802308802498,,Jawzjan
33,1995,16.573333333333334,10.219000000000001,53.994600000000005,-0.02160000000000001,,-0.07029581529581108,,Jawzjan
33,1996,15.690444444444445,13.29288888888889,57.3698,0.5034,,-1.0611240981240968,,Jawzjan
33,1997,16.519444444444446,12.224777777777778,46.562,0.12279999999999999,,-0.3400634920634893,,Jawzjan
33,1998,16.918444444444443,18.283,77.6128,1.308,,-0.04900288600288505,,Jawzjan
33,1999,16.119666666666667,11.742888888888888,68.8098,0.5002,,-0.9557200577200575,,Jawzjan
33,2000,19.544666666666664,2.6654444444444447,35.1228,-2.3614,,2.3613405483405465,,Jawzjan
33,2001,20.928777777777775,4.73288888888889,34.089999999999996,-1.51,-1.08,3.637512265512264,-1.5621642857142861,Jawzjan
33,2002,17.88577777777778,14.249333333333333,63.0578,0.4718,0.6545,0.486572871572875,0.2125160714285711,Jawzjan
33,2003,15.555666666666667,16.973444444444443,77.43719999999999,1.2138,1.2301000000000002,-1.9514776334776336,0.8282964285714285,Jawzjan
33,2004,17.96411111111111,7.0311111111111115,46.1098,-0.8821999999999999,0.16660000000000003,0.3490274170274148,-0.1950232142857145,Jawzjan
33,2005,18.008333333333333,9.713000000000001,56.8356,-0.2312,0.7327999999999999,0.28531024531024585,0.41135714285714253,Jawzjan
33,2006,19.425444444444445,7.181333333333334,58.058400000000006,-0.15019999999999997,0.11959999999999998,1.5944819624819644,-0.1616625000000002,Jawzjan
33,2007,18.813555555555556,12.29277777777778,60.697,0.6702,0.6831999999999999,0.8746536796536795,0.4421178571428569,Jawzjan
33,2008,20.864333333333335,4.524666666666667,39.5964,-1.9802,-1.1741000000000001,2.8174920634920646,-1.375001785714286,Jawzjan
33,2009,17.057111111111112,19.851666666666667,75.1728,1.455,0.9505,-1.0976695526695508,0.7897785714285713,Jawzjan
33,2010,18.956333333333333,11.032777777777778,63.783,0.729,0.9494999999999999,0.6936132756132736,0.8289589285714284,Jawzjan
33,2011,19.247,6.024666666666667,39.874,-0.5974,-1.2162000000000002,0.8763405483405471,-1.2965607142857145,Jawzjan
33,2012,17.652333333333335,12.480222222222222,57.489200000000004,0.1648,-0.1556,-0.8262655122655111,-0.19578035714285716,Jawzjan
33,2013,17.66322222222222,10.647444444444444,50.8172,0.057199999999999994,0.5154,-0.9233160173160186,0.5154,Jawzjan
33,2014,17.596111111111114,12.823222222222222,52.2616,0.3806,-0.44149999999999995,-1.098366522366522,-0.4013196428571428,Jawzjan
33,2015,17.66133333333333,11.918777777777779,59.678999999999995,0.7516,0.7746,-1.1410836940836973,0.8549607142857143,Jawzjan
33,2016,18.971333333333334,12.223666666666666,49.3656,-0.143,0.7705,0.06097691197691191,0.8910410714285715,Jawzjan
33,2017,18.621444444444446,8.570666666666668,61.39880000000001,0.692,-0.2106,-0.396851370851369,-0.04987857142857133,Jawzjan
33,2018,19.254222222222225,11.502333333333333,33.3544,0.15699999999999997,-1.7200000000000002,0.12798701298701332,-1.5190982142857143,Jawzjan
33,2019,18.798222222222222,18.553444444444445,76.846,1.4796,-0.018699999999999994,-0.43595238095238287,0.22238214285714303,Jawzjan
33,2020,18.464555555555556,18.55977777777778,57.5474,0.9616,0.2705,-0.8775584415584419,0.5517625000000002,Jawzjan
33,2021,20.019666666666666,10.739444444444445,33.4028,-0.248,-0.6184000000000001,0.5696132756132712,-0.2969571428571427,Jawzjan
33,2022,19.50633333333333,7.864222222222221,33.2432,-0.9176,-0.3228,-0.05165945165945729,0.03882321428571456,Jawzjan
33,2023,20.904555555555554,2.923111111111111,27.994799999999998,-1.2316,-0.4678,1.238623376623373,-0.06599642857142829,Jawzjan
33,2024,17.850444444444445,11.265777777777778,45.6668,0.00019999999999998353,-1.0709,-1.9234271284271287,-0.6289160714285711,Jawzjan
33,2025,19.633888888888887,3.7297777777777776,35.171800000000005,-1.3028,-0.4015,-0.24792207792208387,0.08066428571428602,Jawzjan
33,2026,18.60788888888889,5.342444444444444,45.795,-1.2112,0.001799999999999996,-1.3818614718614732,0.5241446428571432,Jawzjan
34,1989,8.851222222222223,18.284555555555556,,-0.09020000000000002,,-0.9787444444444464,,Kabul
34,1990,11.309888888888889,12.99888888888889,,-0.2642,,1.401803174603172,,Kabul
34,1991,9.089555555555556,29.75255555555556,86.1212,0.7006,,-0.896649206349208,,Kabul
34,1992,8.610111111111111,30.432333333333336,86.0252,0.6914,,-1.4542126984127002,,Kabul
34,1993,9.617444444444445,34.17444444444445,69.2594,1.215,,-0.5249984126984142,,Kabul
34,1994,10.109666666666666,33.31333333333333,76.6986,1.1862,,-0.1108952380952406,,Kabul
34,1995,8.873555555555555,45.49044444444444,86.2294,2.1292,,-1.4251253968253987,,Kabul
34,1996,10.612444444444444,29.33133333333333,63.721199999999996,0.5304,,0.23564444444444277,,Kabul
34,1997,8.694777777777778,20.814555555555554,86.66380000000001,-0.016800000000000002,,-1.7601412698412702,,Kabul
34,1998,9.877555555555555,35.01577777777778,83.5248,1.7559999999999998,,-0.6554825396825414,,Kabul
34,1999,11.072,10.337777777777777,82.3144,-0.5996,,0.4608428571428558,,Kabul
34,2000,12.647777777777778,9.347444444444443,78.4512,-1.7207999999999999,,1.958501587301587,,Kabul
34,2001,12.272222222222222,14.334555555555555,85.3626,-0.8984,-0.5525,1.5048269841269821,-0.09213981900452489,Kabul
34,2002,12.318777777777777,18.45788888888889,91.61580000000001,0.09759999999999999,0.024900000000000012,1.4732634920634897,0.44689683257918555,Kabul
34,2003,11.358,22.467666666666666,88.922,0.5046,0.0032999999999999974,0.4343666666666657,0.38693348416289586,Kabul
34,2004,14.123888888888889,6.654222222222222,65.4032,-1.8338,-0.37949999999999995,3.1221365079365064,-0.03422986425339364,Kabul
34,2005,10.130888888888888,18.456222222222223,88.9036,-0.21600000000000003,-0.9150999999999999,-0.9489825396825413,-0.6081932126696832,Kabul
34,2006,12.545555555555556,11.20411111111111,83.0372,-0.6763999999999999,0.5336,1.3875650793650784,0.8021434389140272,Kabul
34,2007,11.69511111111111,19.186111111111114,75.538,0.3084,-0.2772,0.4590015873015858,-0.04701990950226245,Kabul
34,2008,12.666777777777778,14.273222222222223,82.5316,-0.9394,-0.7792,1.352549206349206,-0.5873832579185521,Kabul
34,2009,10.618333333333332,21.090777777777777,89.6396,0.5494,-0.226,-0.7740142857142871,-0.07254660633484164,Kabul
34,2010,13.187111111111111,14.301333333333332,83.49780000000001,-0.4218,0.3702,1.7166444444444444,0.48529004524886876,Kabul
34,2011,12.198555555555556,10.572111111111111,78.0968,-0.5852,-0.619,0.6499698412698418,-0.5422733031674208,Kabul
34,2012,9.909444444444444,15.746333333333334,91.2176,-0.39480000000000004,-0.8885000000000001,-1.7172603174603172,-0.8501366515837104,Kabul
34,2013,10.618888888888888,19.254,88.59639999999999,0.8276,-0.15580000000000002,-1.0859349206349211,-0.15580000000000002,Kabul
34,2014,10.301555555555556,30.844555555555555,92.491,0.8897999999999999,-0.23800000000000002,-1.4813873015873007,-0.2763633484162896,Kabul
34,2015,11.490111111111112,18.110555555555557,89.59639999999999,0.35619999999999996,0.07730000000000001,-0.37095079365079187,0.0005733031674208244,Kabul
34,2016,12.256,26.58877777777778,91.4832,0.3982,1.2388,0.3168190476190471,1.1237099547511311,Kabul
34,2017,12.495,10.694222222222223,76.2514,-0.39039999999999997,-0.2209,0.4776999999999987,-0.3743533936651584,Kabul
34,2018,12.966444444444445,20.018777777777775,92.6832,0.21759999999999996,0.10860000000000002,0.8710253968253969,-0.08321674208144793,Kabul
34,2019,10.822444444444445,23.441111111111113,91.1132,0.6112,-0.6499,-1.3510936507936506,-0.8800800904977376,Kabul
34,2020,11.48088888888889,16.134333333333334,93.52619999999999,-0.44139999999999996,0.8077,-0.770768253968253,0.5391565610859728,Kabul
34,2021,12.725888888888889,21.71655555555556,86.62960000000001,-0.08860000000000001,0.6227,0.3961126984126988,0.3157932126696833,Kabul
34,2022,13.760444444444444,10.444888888888888,68.191,-1.4232,0.47900000000000004,1.352549206349206,0.13372986425339373,Kabul
34,2023,12.051,7.614555555555556,73.1092,-1.9598,0.8620999999999999,-0.4350142857142849,0.478466515837104,Kabul
34,2024,10.31388888888889,21.817333333333334,93.2088,0.6266,-0.41040000000000004,-2.2502444444444425,-0.8323968325791855,Kabul
34,2025,12.485888888888889,2.584222222222222,67.26320000000001,-2.189,0.633,-0.1563634920634911,0.1726398190045249,Kabul
34,2026,12.293666666666667,17.005222222222223,90.7316,-0.3116,0.5912999999999999,-0.4267047619047606,0.09257647058823526,Kabul
35,1989,15.913777777777776,14.854333333333333,,0.6642,,-1.2103404295051376,,Kandahar
35,1990,17.866888888888887,3.564222222222222,,-0.34140000000000004,,0.6434504201680653,,Kandahar
35,1991,15.600444444444443,13.622222222222222,54.572,1.0464,,-1.7223142857142903,,Kandahar
35,1992,14.317555555555556,18.28944444444444,42.5426,1.0004,,-3.1045234360410845,,Kandahar
35,1993,17.219,8.482111111111111,37.2736,0.0924,,-0.3023992530345474,,Kandahar
35,1994,17.84277777777778,8.061444444444444,36.0986,-0.33140000000000003,,0.2220582633053212,,Kandahar
35,1995,16.625777777777778,10.882444444444443,36.0206,0.5496,,-1.0942619981325876,,Kandahar
35,1996,17.17588888888889,19.49422222222222,38.518,1.1788,,-0.6434711484593869,,Kandahar
35,1997,15.950555555555557,6.497888888888889,42.5536,-0.6622,,-1.968124743230625,,Kandahar
35,1998,18.174222222222223,16.21977777777778,39.8508,0.8838000000000001,,0.15622166199813137,,Kandahar
35,1999,18.564222222222224,3.729111111111111,37.0752,-0.26739999999999997,,0.4469014005602254,,Kandahar
35,2000,21.435777777777776,2.890111111111111,19.8804,-1.643,,3.219136694677868,,Kandahar
35,2001,20.940888888888892,6.765666666666666,34.0852,-0.2226,-0.863,2.6249275443510776,-0.26904285714285714,Kandahar
35,2002,20.705444444444442,6.494111111111112,33.0316,0.27460000000000007,-1.5427,2.290162838468717,-0.9982392857142858,Kandahar
35,2003,18.407777777777778,9.355666666666666,41.070800000000006,0.3092,-1.1352,-0.10682408963585388,-0.6402357142857144,Kandahar
35,2004,21.634666666666664,0.7687777777777778,19.1062,-2.4458,-0.6631,3.0207445378151228,-0.21763214285714294,Kandahar
35,2005,16.947666666666667,14.435666666666666,54.0006,1.0188,-0.6781,-1.7655757236227814,-0.2821285714285715,Kandahar
35,2006,21.000666666666667,5.260777777777778,34.7048,-0.3638,0.015599999999999989,2.1881040149393094,0.362075,Kandahar
35,2007,19.218333333333334,13.861222222222223,56.5678,1.143,0.46059999999999995,0.3064504201680691,0.7575785714285714,Kandahar
35,2008,20.636222222222223,3.551555555555556,28.367400000000004,-1.4682,-0.40069999999999995,1.6250190476190483,-0.15321785714285713,Kandahar
35,2009,18.594555555555555,11.734111111111112,43.132600000000004,0.2612,0.5533,-0.5159678804855297,0.7512857142857143,Kandahar
35,2010,21.24911111111111,4.073777777777778,27.452199999999998,-0.5488,0.5757000000000001,2.0392674136321176,0.7241892857142858,Kandahar
35,2011,19.673333333333332,5.078777777777777,42.9974,0.827,-0.31930000000000003,0.3641693744164307,-0.2203071428571429,Kandahar
35,2012,18.129,5.961333333333333,37.9816,-0.08180000000000001,-0.8547,-1.2794842203548065,-0.8052035714285715,Kandahar
35,2013,18.853333333333335,10.34088888888889,56.36899999999999,0.8774000000000001,0.4625,-0.6544711484593826,0.4625,Kandahar
35,2014,17.639,15.649555555555557,48.4304,0.6838,0.1869,-1.968124743230625,0.13740357142857146,Kandahar
35,2015,19.303444444444445,5.542222222222223,37.498599999999996,-0.1822,-0.1006,-0.4030005602240898,-0.19959285714285713,Kandahar
35,2016,19.40811111111111,16.807555555555556,48.9604,0.8644000000000001,1.1052,-0.39765415499532963,0.9567107142857143,Kandahar
35,2017,20.36111111111111,2.5269999999999997,35.9598,-0.7092,0.41369999999999996,0.4560255835667597,0.2157142857142857,Kandahar
35,2018,20.69911111111111,9.78122222222222,35.298199999999994,0.0602,-0.1423,0.6947053221288542,-0.38978214285714285,Kandahar
35,2019,18.124222222222222,13.354222222222223,76.307,0.95,-0.19669999999999999,-1.9795038281979451,-0.4936785714285714,Kandahar
35,2020,18.57766666666667,7.842444444444445,57.1068,-0.40199999999999997,1.5456,-1.6253796451914049,1.199125,Kandahar
35,2021,21.567,7.668555555555555,22.0546,-0.6388,0.1961,1.264633426704016,-0.19987142857142853,Kandahar
35,2022,22.221777777777778,4.1178888888888885,27.097199999999997,-1.1488,0.3658,1.820090943043887,-0.07966785714285707,Kandahar
35,2023,19.80366666666667,6.1688888888888895,38.794799999999995,-0.7056,0.246,-0.6973404295051324,-0.24896428571428564,Kandahar
35,2024,16.941555555555553,28.23211111111111,69.5636,1.8516,-0.2971,-3.658771802054156,-0.8415607142857142,Kandahar
35,2025,21.848222222222223,1.1064444444444446,27.1704,-1.191,0.20450000000000002,1.1485746031746054,-0.38945714285714284,Kandahar
35,2026,20.059444444444445,10.05711111111111,52.6188,0.2996,0.7586999999999999,-0.7395234360410825,0.11524642857142853,Kandahar
36,1989,8.338555555555555,18.559,,-0.28500000000000003,,-1.1956257040450584,,Kapisa
36,1990,10.963777777777777,13.845333333333334,,-0.3346,,1.3459226830517146,,Kapisa
36,1991,9.158999999999999,33.232,83.2776,0.7152000000000001,,-0.5425289298515104,,Kapisa
36,1992,8.34911111111111,35.517,84.4088,0.5434,,-1.436091653865848,,Kapisa
36,1993,9.68288888888889,40.77788888888889,68.174,1.2226,,-0.18598771121351554,,Kapisa
36,1994,9.798,36.98822222222222,74.7406,1.2158,,-0.15455043522785417,,Kapisa
36,1995,8.573777777777778,48.010444444444445,86.5266,1.7892,,-1.4624464925755234,,Kapisa
36,1996,9.962222222222222,36.78311111111111,64.29679999999999,0.6804,,-0.1576758832565286,,Kapisa
36,1997,8.384444444444446,21.94988888888889,87.8178,-0.1674,,-1.8191274961597514,,Kapisa
36,1998,9.868777777777778,39.283,83.0188,1.5802,,-0.4184679979518684,,Kapisa
36,1999,10.48388888888889,17.87977777777778,81.0702,-0.2044,,0.11296927803379653,,Kapisa
36,2000,12.500555555555556,10.812777777777777,74.6018,-1.7352,,2.0459621095750133,,Kapisa
36,2001,12.055,18.047111111111107,82.1182,-0.6214,-0.547,1.5167327188940103,-0.07596842105263168,Kapisa
36,2002,11.899777777777778,23.184888888888892,89.255,0.11220000000000001,-0.06109999999999999,1.2778366615463401,0.37067894736842105,Kapisa
36,2003,10.705555555555556,29.327333333333335,84.444,0.577,-0.07970000000000001,-5.9395801329742426e-05,0.3128263157894737,Kapisa
36,2004,13.617444444444445,8.24388888888889,65.0168,-1.9724,0.020800000000000006,2.8281556579621103,0.3740736842105263,Kapisa
36,2005,9.678888888888888,15.443777777777777,82.0058,-0.4462,-0.8279000000000001,-1.194073732718893,-0.5138789473684211,Kapisa
36,2006,12.001555555555557,13.34377777777778,77.2168,-0.6808,0.5356,1.0449190988223265,0.8103684210526315,Kapisa
36,2007,12.053777777777777,25.729444444444443,69.767,0.6812,-0.7705000000000001,1.013467485919099,-0.5349842105263158,Kapisa
36,2008,12.375,15.655444444444445,77.27799999999999,-1.0568,-0.5617,1.2510158730158736,-0.36543684210526317,Kapisa
36,2009,10.444666666666668,24.22533333333333,89.2536,0.4358000000000001,-0.16540000000000002,-0.762991295442907,-0.008389473684210558,Kapisa
36,2010,12.95388888888889,15.411999999999999,79.7194,-0.6476,0.8367,1.6625570916538681,0.9544578947368421,Kapisa
36,2011,12.317333333333332,11.251666666666667,72.298,-0.8018000000000001,-0.5018,0.9423277009728608,-0.4232947368421053,Kapisa
36,2012,9.874222222222222,15.646888888888888,81.3816,-0.8094000000000001,-1.4742000000000002,-1.584457245263696,-1.4349473684210527,Kapisa
36,2013,10.770555555555555,27.284888888888887,84.72319999999999,1.1276,-0.21610000000000001,-0.7717977470558122,-0.21610000000000001,Kapisa
36,2014,10.074555555555555,34.74655555555555,91.0492,0.8708,-0.25079999999999997,-1.551471582181259,-0.29005263157894734,Kapisa
36,2015,11.34311111111111,22.884777777777778,86.5382,0.5768,-0.11190000000000001,-0.3665898617511534,-0.19040526315789474,Kapisa
36,2016,12.235999999999999,31.004,88.1416,0.4306,1.0792000000000002,0.44262519201228834,0.9614421052631581,Kapisa
36,2017,12.510777777777779,11.944555555555556,70.3696,-0.5794,-0.0787,0.6337291346646197,-0.23571052631578948,Kapisa
36,2018,12.768444444444444,26.178,91.0098,0.4224,0.45709999999999995,0.8077219662058379,0.26083684210526314,Kapisa
36,2019,10.776111111111112,29.286666666666665,89.203,0.8308,-0.5431,-1.2682852022529438,-0.7786157894736843,Kapisa
36,2020,11.408888888888889,19.712222222222223,91.9854,-0.3066,0.5705,-0.7191812596006137,0.29573157894736846,Kapisa
36,2021,12.270555555555555,26.41322222222222,81.82000000000001,0.011,0.6826,0.05881157194060371,0.36857894736842106,Kapisa
36,2022,13.97411111111111,13.764666666666667,64.3994,-1.3342,0.5537,1.6786932923707116,0.20042631578947367,Kapisa
36,2023,11.925777777777776,7.739111111111111,71.7986,-1.8122,0.7686999999999999,-0.45331387608807105,0.37617368421052627,Kapisa
36,2024,10.148888888888889,28.814000000000004,92.388,0.7624000000000001,-0.4138,-2.3138766001024056,-0.845578947368421,Kapisa
36,2025,12.39188888888889,4.056333333333333,68.3894,-2.0271999999999997,0.5494,-0.15455043522785417,0.07836842105263164,Kapisa
36,2026,12.08222222222222,18.109333333333336,87.3256,-0.6416000000000001,0.44389999999999996,-0.5478909370199698,-0.06638421052631582,Kapisa
37,1989,14.910444444444446,22.33522222222222,,0.1916,,-0.4255232804232705,,Khost
37,1990,16.347555555555555,13.710888888888888,,-0.385,,0.933828571428581,,Khost
37,1991,13.802666666666667,26.968666666666667,66.171,0.4584,,-1.6888195767195668,,Khost
37,1992,13.347333333333333,31.355666666666668,63.7654,1.491,,-2.2219121693121604,,Khost
37,1993,15.705,14.644333333333334,35.0618,-0.27159999999999995,,0.05799523809524487,,Khost
37,1994,15.270555555555555,21.348,53.2658,0.27759999999999996,,-0.45420846560845973,,Khost
37,1995,13.612777777777778,36.80866666666667,62.0564,1.6094000000000002,,-2.1897455026454953,,Khost
37,1996,15.87011111111111,26.012666666666668,43.1394,0.2714,,-0.010171428571425167,,Khost
37,1997,13.271888888888888,22.54133333333333,52.6302,0.09360000000000002,,-2.686152910052904,,Khost
37,1998,15.654,28.295666666666666,47.8678,0.8615999999999999,,-0.38180105820105226,,Khost
37,1999,17.66611111111111,7.060222222222222,50.712,-1.0538,,1.5525507936507985,,Khost
37,2000,18.637444444444444,7.520555555555556,41.5732,-1.8034,,2.4461248677248726,,Khost
37,2001,18.238222222222223,9.943333333333333,51.3778,-1.2804,-1.8094999999999999,1.9691433862433918,-1.0993066666666667,Khost
37,2002,18.64177777777778,9.734777777777778,60.7798,-0.38380000000000003,-0.8500000000000001,2.294939682539688,-0.19898944444444455,Khost
37,2003,16.58588888888889,16.892666666666667,67.905,0.2064,-0.4103,0.16129153439153754,0.18152777777777784,Khost
37,2004,19.956444444444443,5.562111111111111,31.264599999999994,-2.3638,-1.1469,3.4540878306878326,-0.614255,Khost
37,2005,15.222888888888889,15.081111111111113,63.705000000000005,-0.5566,-0.4875,-1.3572269841269815,-0.01403777777777776,Khost
37,2006,18.398555555555554,12.775444444444446,58.7722,-0.6527999999999999,-0.1603,1.7406804232804234,0.2539794444444444,Khost
37,2007,17.558666666666667,19.91711111111111,69.65299999999999,0.6597999999999999,0.5587,0.8230322751322774,0.9137966666666666,Khost
37,2008,17.772666666666666,18.868333333333332,53.28240000000001,-0.5032,-0.8054999999999999,0.9592730158730163,-0.509586111111111,Khost
37,2009,16.46977777777778,25.019222222222222,79.7658,0.8896000000000001,0.08219999999999997,-0.4213751322751307,0.31893111111111105,Khost
37,2010,19.096444444444444,14.267666666666665,51.9602,-0.1548,-0.13219999999999998,2.1275322751322747,0.04534833333333335,Khost
37,2011,17.983444444444444,15.723222222222224,62.998000000000005,0.12200000000000003,-0.01830000000000001,0.9367730158730154,0.10006555555555555,Khost
37,2012,15.618555555555556,17.92877777777778,69.6016,-0.1976,-0.7788,-1.5058751322751327,-0.7196172222222222,Khost
37,2013,16.175444444444445,23.939666666666668,84.71379999999999,1.3266,0.1773,-1.026745502645504,0.1773,Khost
37,2014,14.751222222222221,28.892222222222227,92.7546,0.6961999999999999,0.10969999999999999,-2.528726984126987,0.05051722222222221,Khost
37,2015,16.30977777777778,18.833444444444446,83.0078,0.37540000000000007,0.1036,-1.0479306878306893,-0.01476555555555556,Khost
37,2016,16.98688888888889,36.03277777777778,79.02380000000001,1.1480000000000001,0.4852,-0.4485788359788394,0.30765166666666666,Khost
37,2017,18.450000000000003,9.678444444444445,50.609,-0.8225999999999999,0.1655,0.9367730158730154,-0.0712311111111111,Khost
37,2018,18.065888888888892,20.182777777777776,84.3012,0.3368,0.15889999999999999,0.47490264550264527,-0.13701388888888894,Khost
37,2019,16.496222222222222,33.925222222222224,82.6908,1.1481999999999999,0.01529999999999998,-1.1725232804232846,-0.3397966666666667,Khost
37,2020,16.356,21.257555555555555,90.5586,0.33039999999999997,0.6355,-1.390504761904765,0.22122055555555553,Khost
37,2021,17.901333333333334,23.054777777777776,60.602,0.11399999999999999,0.16449999999999998,0.07706931216930712,-0.30896222222222225,Khost
37,2022,20.802,8.955444444444446,36.831599999999995,-1.583,0.1203,2.8999767195767134,-0.412345,Khost
37,2023,16.01833333333333,19.422444444444448,64.1592,-0.422,0.5791,-1.961449206349215,-0.012727777777777893,Khost
37,2024,16.244,32.926,81.2234,1.3636,0.7145999999999999,-1.813541798941806,0.06358944444444437,Khost
37,2025,19.530444444444445,4.839222222222222,39.0806,-1.8201999999999998,0.7196,1.3951433862433795,0.009406666666666674,Khost
37,2026,17.27277777777778,22.942555555555558,69.8858,0.1738,0.7586999999999999,-0.9402825396825456,-0.01067611111111122,Khost
38,1989,12.647777777777778,10.213444444444443,,-1.3324,,-0.5390976190476184,,Kunar
38,1990,14.580222222222224,6.000888888888889,,-1.9308,,1.3174142857142872,,Kunar
38,1991,12.033,24.356555555555556,89.6274,0.5658,,-1.3057404761904756,,Kunar
38,1992,11.609333333333334,19.413444444444444,95.077,0.127,,-1.8053396825396817,,Kunar
38,1993,13.318444444444445,22.24,77.92280000000001,0.5558,,-0.17216111111110877,,Kunar
38,1994,13.174888888888889,11.45111111111111,81.036,-1.1640000000000001,,-0.3916492063492054,,Kunar
38,1995,11.695333333333332,21.294444444444444,92.5234,0.5064,,-1.9471373015873024,,Kunar
38,1996,13.29211111111111,30.147555555555552,87.447,0.9019999999999999,,-0.4262920634920633,,Kunar
38,1997,11.510444444444444,14.57911111111111,89.8688,-0.5998,,-2.28389126984127,,Kunar
38,1998,13.303222222222223,20.652555555555555,93.782,1.1032,,-0.5670460317460311,,Kunar
38,1999,14.452666666666667,12.007333333333333,72.87960000000001,-0.23500000000000001,,0.5064658730158751,,Kunar
38,2000,15.901666666666667,8.324555555555555,55.47240000000001,-1.9045999999999998,,1.8795333333333364,,Kunar
38,2001,15.373777777777779,13.548,63.2368,-0.6686,-0.5655,1.2757119047619074,-0.048116666666666696,Kunar
38,2002,15.986666666666666,14.657666666666664,73.518,-0.03400000000000001,-0.6709,1.812668253968253,-0.19663194444444448,Kunar
38,2003,13.765444444444444,21.581777777777777,89.69980000000001,0.7135999999999999,-0.09730000000000001,-0.4844865079365075,0.33385277777777783,Kunar
38,2004,17.178,9.668444444444443,66.05,-1.2488,-0.9154,2.8521365079365086,-0.5273625,Kunar
38,2005,13.213666666666667,21.285666666666668,88.23240000000001,0.4338,-0.2447,-1.188129365079364,0.10022222222222224,Kunar
38,2006,16.254,9.691222222222223,73.5874,-0.8708,0.15760000000000002,1.776271428571432,0.45940694444444446,Kunar
38,2007,16.046222222222223,21.531,79.7938,1.194,0.199,1.4925611111111134,0.45769166666666666,Kunar
38,2008,15.989333333333333,21.94822222222222,75.3738,0.21059999999999998,-1.0352999999999999,1.3597396825396828,-0.819723611111111,Kunar
38,2009,14.135777777777777,21.381333333333334,92.9974,0.7558,0.0012999999999999956,-0.5697484126984129,0.17376111111111112,Kunar
38,2010,16.62588888888889,14.460777777777777,80.261,0.07239999999999999,-0.12030000000000002,1.8444301587301606,0.009045833333333309,Kunar
38,2011,16.065555555555555,11.47011111111111,73.1784,-0.2688,-0.2855,1.208164285714286,-0.19926944444444442,Kunar
38,2012,13.386777777777777,15.68277777777778,79.147,-0.47619999999999996,-0.6073000000000001,-1.5465460317460327,-0.5641847222222223,Kunar
38,2013,14.350111111111111,20.127111111111113,90.2388,1.2724,-0.07570000000000002,-0.6591452380952365,-0.07570000000000002,Kunar
38,2014,12.98088888888889,23.634888888888888,91.00460000000001,0.5354,-0.2597,-2.1042999999999985,-0.3028152777777778,Kunar
38,2015,14.290333333333333,19.034777777777776,90.625,0.8865999999999999,0.2029,-0.8707880952380957,0.11666944444444444,Kunar
38,2016,15.506555555555556,25.471111111111114,93.6462,0.614,0.5773,0.2695015873015887,0.4479541666666667,Kunar
38,2017,16.33077777777778,10.152666666666667,76.3514,-0.8470000000000001,0.1429,1.0177912698412719,-0.02956111111111112,Kunar
38,2018,16.107,22.782,95.75019999999999,0.6678,0.3464,0.7180809523809533,0.13082361111111107,Kunar
38,2019,14.560333333333334,21.615666666666666,93.0886,0.7758,0.45489999999999997,-0.9045182539682521,0.19620833333333332,Kunar
38,2020,14.196888888888887,26.83388888888889,97.4196,1.089,0.9822000000000001,-1.3438952380952394,0.6803930555555556,Kunar
38,2021,15.444555555555556,26.016000000000002,85.0602,0.7844,0.38170000000000004,-0.17216111111110877,0.0367777777777778,Kunar
38,2022,18.52433333333333,10.363444444444445,68.1734,-1.6216000000000002,-0.1114,2.8316841269841238,-0.49943750000000003,Kunar
38,2023,14.600444444444443,16.715666666666667,82.1624,-0.44400000000000006,0.2229,-1.1681373015873024,-0.20825277777777784,Kunar
38,2024,14.242333333333331,32.418,92.5374,1.7366,-0.0864,-1.6021809523809534,-0.5606680555555555,Kunar
38,2025,16.589,8.238222222222223,73.6546,-1.0852,0.8391,0.6685531746031739,0.32171666666666665,Kunar
38,2026,15.41111111111111,20.693666666666665,90.4264,0.21459999999999999,0.39590000000000003,-0.5852682539682537,-0.16459861111111107,Kunar
39,1989,14.619444444444444,13.498,,-0.41559999999999997,,0.19269365079367162,,Kunduz
39,1990,16.20811111111111,7.077888888888889,,-1.0695999999999999,,1.6433047619047798,,Kunduz
39,1991,14.897888888888888,24.689222222222224,81.6224,0.8082,,0.19502698412700425,,Kunduz
39,1992,13.452777777777778,23.867666666666665,85.6116,0.6006,,-1.3881396825396646,,Kunduz
39,1993,15.270111111111113,23.229555555555557,76.264,0.2926,,0.2911380952381144,,Kunduz
39,1994,15.832333333333331,16.116666666666664,77.39500000000001,0.589,,0.7153047619047754,,Kunduz
39,1995,15.504,15.610000000000001,75.4894,-0.1044,,0.24891587301588913,,Kunduz
39,1996,14.053444444444445,23.933222222222224,80.2634,1.0496,,-1.3396952380952243,,Kunduz
39,1997,14.427555555555553,19.722555555555555,71.2484,0.3842,,-1.1036396825396722,,Kunduz
39,1998,15.328777777777779,32.398555555555554,93.3776,1.572,,-0.3404730158730018,,Kunduz
39,1999,14.703666666666667,19.110888888888887,93.7574,0.4748,,-1.1036396825396722,,Kunduz
39,2000,17.99877777777778,7.4431111111111115,70.067,-1.6545999999999998,,2.053415873015883,,Kunduz
39,2001,18.64833333333333,7.938111111111111,72.0412,-1.1705999999999999,-0.228,2.5649158730158774,-0.08269499999999999,Kunduz
39,2002,16.58511111111111,18.434,96.7492,0.5442,0.243,0.36363809523810176,0.37619625,Kunduz
39,2003,14.400222222222222,24.027555555555555,94.5356,1.439,0.01479999999999998,-1.9593063492063436,0.1358875,Kunduz
39,2004,16.839333333333332,10.629111111111111,81.9268,-0.9349999999999999,0.1189,0.3417492063492098,0.22787875000000002,Kunduz
39,2005,16.240111111111112,15.677777777777777,86.8878,-0.06620000000000001,0.21339999999999998,-0.39552857142856723,0.31027,Kunduz
39,2006,18.624444444444446,11.76911111111111,86.2986,0.078,-0.25129999999999997,1.8507492063492101,-0.16653874999999996,Kunduz
39,2007,17.663666666666668,29.063333333333333,83.2568,1.8829999999999998,0.013600000000000001,0.751915873015875,0.08625250000000001,Kunduz
39,2008,20.104888888888887,7.534555555555555,63.301,-1.8858000000000001,-1.5344000000000002,3.0550825396825374,-1.4738562500000003,Kunduz
39,2009,16.182555555555556,19.840222222222224,97.3708,0.6918,0.739,-1.00530634920635,0.787435,Kunduz
39,2010,17.515777777777778,17.051666666666666,89.5222,0.5904,0.5574,0.1898603174603153,0.59372625,Kunduz
39,2011,18.60666666666667,9.19,71.6612,-0.5067999999999999,-1.3508,1.1426936507936496,-1.3265825,Kunduz
39,2012,16.422,16.132666666666665,85.227,-0.1906,-0.494,-1.1800285714285756,-0.48189125,Kunduz
39,2013,17.32411111111111,14.216999999999999,85.5346,0.08299999999999999,0.6373,-0.41597301587302127,0.6373,Kunduz
39,2014,16.814,19.841444444444445,88.2906,0.27599999999999997,-0.38250000000000006,-1.0641396825396896,-0.39460875000000006,Kunduz
39,2015,16.596777777777778,13.668888888888889,86.1352,0.126,0.0413,-1.4194174603174687,0.0170825,Kunduz
39,2016,18.66488888888889,14.385666666666667,81.6586,-0.526,0.6977,0.510638095238086,0.66137375,Kunduz
39,2017,18.680333333333333,10.073444444444444,79.877,-0.27080000000000004,-0.24670000000000003,0.3880269841269737,-0.29513500000000004,Kunduz
39,2018,18.992444444444445,16.871,75.9562,0.025199999999999993,-0.71,0.5620825396825282,-0.77054375,Kunduz
39,2019,18.43622222222222,18.855555555555554,94.7258,0.48360000000000003,0.6405000000000001,-0.13219523809525313,0.5678475000000001,Kunduz
39,2020,18.17077777777778,20.744,90.5592,0.194,-0.4659,-0.5356952380952507,-0.55066125,Kunduz
39,2021,19.126444444444445,18.704444444444444,84.1814,0.3086,0.4012,0.2819158730158584,0.30433,Kunduz
39,2022,19.49877777777778,8.050777777777776,58.0246,-1.7411999999999999,0.312,0.5161936507936353,0.20302125,Kunduz
39,2023,19.828333333333333,5.668666666666667,52.462,-1.8676000000000001,0.5199,0.7076936507936331,0.3988125,Kunduz
39,2024,16.86588888888889,19.078444444444443,90.4644,0.6900000000000001,-0.17759999999999998,-2.392806349206367,-0.31079625,Kunduz
39,2025,18.441777777777776,6.808666666666666,70.489,-1.3783999999999998,0.463,-0.954973015873037,0.317695,Kunduz
39,2026,17.683333333333334,18.854555555555557,84.1888,0.0522,0.09630000000000005,-1.8514730158730366,-0.06111374999999997,Kunduz
40,1989,14.577222222222222,6.7795555555555564,,-1.3808,,-0.7560650793650758,,Laghman
40,1990,16.663444444444444,5.276,,-1.6216000000000002,,1.2467841269841315,,Laghman
40,1991,14.230555555555554,13.892555555555555,79.12519999999999,0.015000000000000024,,-1.2694777777777748,,Laghman
40,1992,13.634666666666668,16.154222222222224,88.2634,0.2136,,-1.9487396825396779,,Laghman
40,1993,15.746333333333332,13.275777777777778,54.842000000000006,-0.008799999999999997,,0.07955396825397187,,Laghman
40,1994,15.665000000000001,5.529999999999999,59.458600000000004,-1.6898,,-0.0851523809523762,,Laghman
40,1995,13.486222222222223,19.062,78.0012,0.6688000000000001,,-2.347303174603171,,Laghman
40,1996,15.700444444444445,24.297,69.216,0.5828,,-0.21645396825396546,,Laghman
40,1997,13.534666666666666,9.187333333333333,80.7526,-0.7092,,-2.4656047619047587,,Laghman
40,1998,15.617444444444446,9.292111111111112,75.14779999999999,0.0027999999999999805,,-0.4661999999999935,,Laghman
40,1999,16.75477777777778,6.743555555555556,59.3528,-0.6332,,0.5877603174603223,,Laghman
40,2000,18.518666666666668,7.638000000000001,45.4952,-1.3378,,2.2682761904761968,,Laghman
40,2001,18.026555555555557,11.249,56.425599999999996,-0.5266,-0.15499999999999997,1.6927920634920675,0.09322666666666668,Laghman
40,2002,17.999000000000002,12.031555555555556,69.0544,0.15,-0.08429999999999999,1.5818634920634977,0.1432411111111111,Laghman
40,2003,16.413555555555558,16.974888888888888,75.58840000000001,0.6487999999999999,-0.0759,-0.08695396825396173,0.13095555555555555,Laghman
40,2004,19.51788888888889,5.520777777777777,43.8278,-1.643,-0.7981,2.934006349206353,-0.6119300000000001,Laghman
40,2005,15.535333333333334,17.85711111111111,76.50739999999999,0.5126,-0.22519999999999998,-1.1319222222222187,-0.05971555555555555,Laghman
40,2006,18.202333333333332,10.184000000000001,61.8716,-0.22820000000000001,0.6020000000000001,1.4517047619047645,0.746798888888889,Laghman
40,2007,18.19922222222222,16.831777777777777,69.1558,1.0432,0.1084,1.365220634920636,0.23251333333333332,Laghman
40,2008,18.207555555555555,15.18288888888889,55.444399999999995,-0.036199999999999996,-0.8915,1.290180952380954,-0.7880722222222222,Laghman
40,2009,16.198444444444444,18.524555555555555,82.02459999999999,0.8834,0.5711,-0.8023031746031712,0.6538422222222222,Laghman
40,2010,19.10477777777778,12.760444444444445,60.9182,0.0624,0.0458,2.0206571428571465,0.10785666666666666,Laghman
40,2011,18.452333333333332,9.53711111111111,58.163599999999995,-0.1618,-0.3625,1.2848396825396833,-0.3211288888888889,Laghman
40,2012,15.801444444444444,12.117111111111111,62.4366,-0.1318,-0.9885999999999999,-1.4494222222222213,-0.9679144444444444,Laghman
40,2013,16.561555555555557,17.260555555555555,79.3312,1.4194,-0.0252,-0.7726841269841245,-0.0252,Laghman
40,2014,15.023777777777777,24.86111111111111,85.0704,1.2092,-0.4375,-2.3938349206349194,-0.45818555555555557,Laghman
40,2015,16.745555555555555,18.201333333333334,80.3466,1.2352,-0.262,-0.7554301587301566,-0.30337111111111115,Laghman
40,2016,17.441333333333333,25.83088888888889,82.4956,1.2227999999999999,0.5317,-0.14302539682539717,0.4696433333333333,Laghman
40,2017,18.83233333333333,9.290666666666667,61.053200000000004,-0.2378,0.10039999999999999,1.1646015873015862,0.017657777777777772,Laghman
40,2018,18.444777777777777,20.63111111111111,85.39680000000001,0.8725999999999999,0.17210000000000003,0.6936730158730171,0.06867222222222226,Laghman
40,2019,16.719,19.021444444444445,84.8946,1.0704,0.0427,-1.115477777777775,-0.08141333333333332,Laghman
40,2020,16.717111111111112,18.133333333333333,93.58,0.604,0.718,-1.2007396825396803,0.573201111111111,Laghman
40,2021,18.08077777777778,17.50511111111111,62.6006,0.4114,0.4627,0.07955396825397187,0.29721555555555557,Laghman
40,2022,20.52466666666667,8.206111111111111,48.4148,-1.2656,-0.001799999999999996,2.440069841269846,-0.18797,Laghman
40,2023,17.114555555555555,8.601222222222223,53.9914,-1.1174,0.27140000000000003,-1.053414285714286,0.06454444444444449,Laghman
40,2024,16.23488888888889,27.759777777777778,80.7766,1.7978,0.029099999999999987,-2.016453968253966,-0.1984411111111111,Laghman
40,2025,19.120555555555555,2.6214444444444442,44.1178,-1.7795999999999998,0.4956,0.7858396825396845,0.24737333333333333,Laghman
40,2026,17.524777777777775,20.792555555555555,75.9724,0.6576,0.2347,-0.8933111111111138,-0.03421222222222223,Laghman
41,1989,6.765,14.999111111111112,,-0.054799999999999995,,-1.3136767195767227,,Logar
41,1990,9.407555555555556,10.996888888888888,,-0.04379999999999999,,1.2424158730158705,,Logar
41,1991,6.449333333333333,24.64988888888889,84.55699999999999,0.6314,,-1.8022693121693152,,Logar
41,1992,6.182888888888889,22.726222222222223,83.94500000000001,0.7978,,-2.1551767195767217,,Logar
41,1993,8.192222222222222,23.688222222222223,63.130399999999995,1.0817999999999999,,-0.23230634920635218,,Logar
41,1994,8.381777777777778,28.692555555555558,72.81559999999999,1.3843999999999999,,-0.12921375661375833,,Logar
41,1995,6.846777777777778,30.292444444444445,82.62660000000001,1.6282,,-1.7506767195767212,,Logar
41,1996,9.124111111111112,19.89777777777778,56.080799999999996,0.1484,,0.4401936507936508,,Logar
41,1997,6.525777777777778,14.744666666666667,76.6104,-0.11739999999999999,,-2.2446026455026464,,Logar
41,1998,7.711444444444445,25.32922222222222,77.748,1.3526,,-1.145398941798943,,Logar
41,1999,9.399111111111111,5.702999999999999,77.0538,-0.8694,,0.45580476190476027,,Logar
41,2000,11.604333333333335,6.225555555555555,66.0608,-1.8404,,2.574564021164022,,Logar
41,2001,11.214888888888888,10.267777777777779,72.0922,-0.9245999999999999,-0.462,2.098656613756612,0.06484666666666666,Logar
41,2002,11.514666666666667,9.978444444444444,87.7954,-0.186,-0.0603,2.311971428571429,0.4226427777777778,Logar
41,2003,10.317444444444444,16.97288888888889,85.012,0.5362,-0.3114,1.0282862433862423,0.12763888888888897,Logar
41,2004,13.341777777777777,2.888777777777778,49.6362,-2.1026,0.19,3.9661566137566133,0.5851350000000001,Logar
41,2005,8.286444444444445,17.110555555555557,87.3806,0.0772,-1.1129,-1.1756396825396802,-0.7616688888888888,Logar
41,2006,11.846666666666668,8.536999999999999,80.24539999999999,-0.49960000000000004,0.28780000000000006,2.2981195767195786,0.5951272222222224,Logar
41,2007,9.508222222222223,16.88888888888889,76.1416,0.5962,-0.6295000000000001,-0.12678783068782984,-0.3660766666666667,Logar
41,2008,11.282444444444444,10.771999999999998,70.7418,-0.9189999999999999,-0.09770000000000001,1.5609714285714293,0.12181944444444448,Logar
41,2009,8.81311111111111,19.505777777777777,88.92920000000001,0.792,-0.32420000000000004,-0.9948248677248674,-0.14858444444444446,Logar
41,2010,11.975333333333332,11.228,70.4588,-0.1598,0.5095999999999999,2.0809343915343916,0.6413116666666666,Logar
41,2011,10.442777777777778,10.703333333333333,79.97720000000001,0.07439999999999998,-0.5229,0.4619158730158741,-0.4350922222222222,Logar
41,2012,7.686999999999999,15.086777777777778,89.1544,0.0954,-0.8865999999999999,-2.380324867724866,-0.8426961111111111,Logar
41,2013,8.178333333333335,14.178444444444445,88.914,0.7978000000000001,-0.32170000000000004,-1.9754544973544936,-0.32170000000000004,Logar
41,2014,8.597444444444443,27.964777777777776,95.07939999999999,1.1336,-0.3768,-1.6428063492063476,-0.42070388888888893,Logar
41,2015,10.072111111111111,12.222888888888889,85.521,0.2814,0.052500000000000005,-0.2546026455026418,-0.035307777777777785,Logar
41,2016,10.825,19.727555555555554,89.9898,0.324,0.9915999999999999,0.41182328042328287,0.8598883333333333,Logar
41,2017,11.384222222222222,9.790666666666667,72.899,-0.15940000000000001,0.1755,0.8845825396825422,-0.00011555555555559094,Logar
41,2018,11.943777777777777,14.131888888888888,85.3434,-0.0876,0.363,1.3576751322751353,0.1434805555555555,Logar
41,2019,8.697111111111111,20.096666666666668,88.3696,0.7362,-0.9345,-1.9754544973544936,-1.1979233333333332,Logar
41,2020,9.536999999999999,13.562777777777777,93.07300000000001,-0.385,0.2684,-1.2220285714285684,-0.038927222222222224,Logar
41,2021,11.986333333333334,14.911000000000001,75.0134,-0.35019999999999996,0.49190000000000006,1.1408417989418052,0.1406688888888889,Logar
41,2022,12.909888888888888,7.066777777777777,58.088800000000006,-1.5737999999999999,0.6914,1.9779343915343954,0.29626499999999995,Logar
41,2023,10.314222222222222,6.067555555555555,68.5972,-2.0084,1.1122,-0.7041952380952328,0.6731611111111111,Logar
41,2024,8.235222222222223,20.099222222222224,92.6864,0.8450000000000001,-0.16989999999999997,-2.8696582010581952,-0.6528427777777778,Logar
41,2025,10.922333333333334,0.7415555555555555,60.2452,-2.2884,0.617,-0.26901005291004587,0.09015333333333331,Logar
41,2026,11.082888888888888,15.755666666666668,86.5614,0.1282,0.7778,-0.1949174603174555,0.2070494444444444,Logar
42,1989,1.3814444444444445,17.82422222222222,,0.16920000000000002,,-1.9398710622710635,,Maidan Wardak
42,1990,4.032111111111111,9.985777777777777,,-0.3104,,0.6318725274725265,,Maidan Wardak
42,1991,2.4306666666666668,24.148,82.93019999999999,0.5544,,-1.048494993894995,,Maidan Wardak
42,1992,1.4451111111111112,25.643555555555555,81.807,1.3754,,-2.1129736263736274,,Maidan Wardak
42,1993,2.8514444444444447,21.637333333333334,68.413,0.4936,,-0.7855633699633708,,Maidan Wardak
42,1994,3.5523333333333333,20.576,74.5712,0.4962,,-0.16359755799755948,,Maidan Wardak
42,1995,2.615222222222222,27.77677777777778,76.5104,1.3619999999999999,,-1.1796317460317471,,Maidan Wardak
42,1996,4.280222222222222,21.994777777777777,59.940999999999995,0.46340000000000003,,0.40644517704517646,,Maidan Wardak
42,1997,2.3707777777777777,12.376333333333333,84.34,-0.20579999999999998,,-1.5819223443223454,,Maidan Wardak
42,1998,3.273222222222222,27.535777777777778,80.5074,1.4284000000000001,,-0.7584009768009778,,Maidan Wardak
42,1999,4.326222222222222,8.234666666666666,77.5566,-0.5174,,0.21567594627594566,,Maidan Wardak
42,2000,6.507444444444444,5.9207777777777775,67.9002,-1.7968,,2.317975091575091,,Maidan Wardak
42,2001,6.035222222222222,10.57922222222222,78.591,-1.0298,-0.5725,1.7668297924297915,0.11456,Maidan Wardak
42,2002,6.314666666666667,12.136666666666667,86.3946,-0.0684,-0.39360000000000006,1.9673511599511597,0.2362049999999999,Maidan Wardak
42,2003,5.002555555555556,17.595333333333333,82.8424,0.46820000000000006,-0.8595999999999999,0.5763169719169721,-0.2870499999999999,Maidan Wardak
42,2004,8.127777777777778,4.347444444444445,59.8002,-1.8800000000000001,0.2465,3.6226161172161175,0.761795,Maidan Wardak
42,2005,3.8742222222222225,18.643444444444444,87.0378,0.0728,-1.2913999999999999,-0.7098625152625155,-0.8333599999999999,Maidan Wardak
42,2006,6.554444444444445,9.011888888888889,80.89320000000001,-0.5704,-0.0581,1.8914366300366305,0.342685,Maidan Wardak
42,2007,4.733333333333333,18.27722222222222,71.9312,0.842,-0.4897,-0.008597557997558347,-0.14617000000000002,Maidan Wardak
42,2008,6.408444444444445,12.29,78.3924,-0.666,0.326,1.5875904761904769,0.612275,Maidan Wardak
42,2009,3.5300000000000002,19.333000000000002,89.52680000000001,0.7193999999999999,-1.1499000000000001,-1.3697770451770448,-0.9208800000000001,Maidan Wardak
42,2010,6.716888888888889,14.707555555555555,74.3028,0.06739999999999999,0.7156,1.7381887667887668,0.887365,Maidan Wardak
42,2011,5.535,11.185,78.8804,-0.2104,-0.1302,0.4773768009768018,-0.01569000000000001,Maidan Wardak
42,2012,3.1963333333333335,14.480333333333334,85.2346,-0.1102,-0.4283,-1.9402129426129422,-0.371045,Maidan Wardak
42,2013,3.335444444444444,15.28188888888889,86.95599999999999,0.7974,-0.3581,-1.8800249084249083,-0.3581,Maidan Wardak
42,2014,3.778111111111111,25.741888888888887,93.50280000000001,0.8283999999999999,-0.9043,-1.5162813186813184,-0.9615549999999999,Maidan Wardak
42,2015,4.985333333333333,13.67,85.6076,0.227,0.366,-0.38798217338217267,0.25149,Maidan Wardak
42,2016,6.028555555555555,21.367,87.2236,0.483,0.6194000000000001,0.5763169719169721,0.44763500000000006,Maidan Wardak
42,2017,5.734555555555556,10.605777777777778,72.6224,-0.05740000000000001,0.0836,0.20339389499389604,-0.14542,Maidan Wardak
42,2018,6.690444444444444,16.015,86.9572,0.1366,0.7545999999999999,1.0803597069597073,0.46832499999999994,Maidan Wardak
42,2019,4.060333333333333,20.03688888888889,86.9846,0.5838,-0.6184000000000001,-1.62867448107448,-0.9619300000000001,Maidan Wardak
42,2020,4.503666666666667,11.611222222222223,91.93379999999999,-0.6824,-0.0995,-1.2642642246642235,-0.500285,Maidan Wardak
42,2021,7.253222222222222,16.706444444444443,78.3132,-0.03219999999999999,0.9198,1.406368253968255,0.46175999999999995,Maidan Wardak
42,2022,7.71611111111111,7.285666666666667,51.912400000000005,-1.3612,1.2884000000000002,1.7903340659340659,0.7731050000000002,Maidan Wardak
42,2023,5.836444444444444,6.163333333333333,64.2268,-2.1041999999999996,1.0446,-0.16825567765567673,0.47204999999999997,Maidan Wardak
42,2024,3.5749999999999997,18.02477777777778,88.52720000000001,0.6046,-0.599,-2.508623199023198,-1.228805,Maidan Wardak
42,2025,5.551111111111111,1.0865555555555555,53.1414,-2.2214,1.0142,-0.6114351648351635,0.32714,Maidan Wardak
42,2026,6.190333333333333,11.990444444444442,84.13579999999999,-0.44000000000000006,0.6443000000000001,-0.05113601953601776,-0.10001499999999997,Maidan Wardak
43,1989,16.339333333333332,8.574555555555555,,-0.9512,,-0.726516450216451,,Nangarhar
43,1990,18.384777777777778,5.808777777777777,,-1.3721999999999999,,1.2379431457431451,,Nangarhar
43,1991,15.615555555555554,19.19955555555556,74.708,0.5376,,-1.6122639249639263,,Nangarhar
43,1992,15.19811111111111,14.130666666666666,79.5208,0.2952,,-2.1106932178932176,,Nangarhar
43,1993,17.514555555555557,14.039666666666667,51.518600000000006,0.0504,,0.12476637806637925,,Nangarhar
43,1994,17.327,8.090666666666667,56.96659999999999,-1.1705999999999999,,-0.14377402597402522,,Nangarhar
43,1995,15.253444444444446,19.038888888888888,72.2222,0.7276,,-2.298314430014429,,Nangarhar
43,1996,17.24088888888889,25.12088888888889,60.962,0.7718,,-0.3918548340548327,,Nangarhar
43,1997,14.97488888888889,11.118444444444444,67.4366,-0.4816,,-2.738839682539682,,Nangarhar
43,1998,17.27711111111111,17.07888888888889,69.23519999999999,0.7842,,-0.5176023088023101,,Nangarhar
43,1999,18.54388888888889,6.174444444444444,47.193200000000004,-0.8686,,0.6681906204906234,,Nangarhar
43,2000,20.271666666666665,6.567222222222223,40.7466,-1.5858,,2.3149835497835483,,Nangarhar
43,2001,20.21977777777778,9.725222222222222,47.6528,-0.8872,-0.7245,2.182109812409813,-0.25905454545454554,Nangarhar
43,2002,19.94911111111111,9.634555555555556,53.955999999999996,-0.1882,-0.6793,1.8304582972582963,-0.2526416666666667,Nangarhar
43,2003,18.003444444444444,15.296,62.9298,0.3528,-0.49870000000000003,-0.1961932178932173,-0.11082878787878792,Nangarhar
43,2004,21.118777777777776,6.570111111111111,40.0894,-1.6024,-0.6529,2.8381552669552654,-0.30381590909090916,Nangarhar
43,2005,16.869555555555554,13.127666666666666,64.853,-0.1068,0.16949999999999998,-1.4920518037518065,0.47979696969696967,Nangarhar
43,2006,20.083444444444446,9.268888888888888,50.9452,-0.6112,-0.0409,1.6408522366522362,0.2306098484848485,Nangarhar
43,2007,20.247333333333334,15.401111111111113,66.86580000000001,0.9986,0.47059999999999996,1.7237562770562782,0.7033227272727272,Nangarhar
43,2008,20.091666666666665,18.655666666666665,52.3986,0.1986,-0.7443000000000001,1.4871047619047602,-0.5503643939393941,Nangarhar
43,2009,18.128444444444444,20.159555555555556,73.6794,0.9874,0.30960000000000004,-0.5571023088023104,0.46474848484848486,Nangarhar
43,2010,20.618444444444446,10.851666666666667,55.9982,0.004999999999999993,-0.1967,1.8519128427128457,-0.08033863636363639,Nangarhar
43,2011,20.359333333333336,8.329666666666666,49.519,-0.4958,-0.3902,1.511816883116886,-0.31262575757575756,Nangarhar
43,2012,17.46366666666667,10.827444444444446,54.7822,-0.49420000000000003,-0.8795,-1.4648346320346306,-0.8407128787878787,Nangarhar
43,2013,18.15,18.623,77.7322,1.4876,0.08879999999999999,-0.8594861471861499,0.08879999999999999,Nangarhar
43,2014,16.712222222222223,24.052888888888887,76.08840000000001,1.0615999999999999,-0.184,-2.378248773448771,-0.22278712121212121,Nangarhar
43,2015,18.174888888888887,16.354666666666667,77.327,0.9263999999999999,0.06799999999999999,-0.9965669552669567,-0.00957424242424243,Nangarhar
43,2016,19.108666666666668,24.221,72.692,0.9892,0.42229999999999995,-0.14377402597402522,0.30593863636363633,Nangarhar
43,2017,20.615444444444442,9.245,54.57039999999999,-0.3294,-0.1573,1.2820189033188996,-0.31244848484848486,Nangarhar
43,2018,19.808777777777777,21.225,77.02080000000001,0.931,0.10930000000000001,0.3943673881673888,-0.08463560606060605,Nangarhar
43,2019,18.417,19.759555555555558,76.85679999999999,0.8630000000000001,0.32149999999999995,-1.0783952380952364,0.0887772727272727,Nangarhar
43,2020,17.99966666666667,21.39177777777778,89.9772,1.0234,1.1791,-1.5767134199134176,0.9075901515151515,Nangarhar
43,2021,19.656555555555556,20.572333333333333,58.589200000000005,0.662,0.5916,-0.000809379509377095,0.28130303030303033,Nangarhar
43,2022,22.516000000000002,7.043666666666667,40.9258,-1.5939999999999999,0.036500000000000005,2.777650216450219,-0.3125840909090909,Nangarhar
43,2023,18.456777777777777,10.981777777777777,53.291399999999996,-0.8939999999999999,0.2367,-1.3625568542568551,-0.15117121212121212,Nangarhar
43,2024,17.907666666666664,25.513777777777776,75.9932,1.506,0.009500000000000036,-1.9926528138528177,-0.4171583333333333,Nangarhar
43,2025,21.265888888888888,4.245777777777778,43.4728,-1.5122,0.41200000000000003,1.2845845598845607,-0.05344545454545446,Nangarhar
43,2026,19.190888888888892,19.772666666666666,71.32939999999999,0.5838,0.2559,-0.8714002886002845,-0.24833257575757572,Nangarhar
44,1989,18.618375,13.208874999999999,,0.44325000000000003,,-0.9664452380952291,,Nimroz
44,1990,20.40275,3.999375,,0.27,,0.7238464285714379,,Nimroz
44,1991,17.571,7.4585,34.28575,-0.18650000000000003,,-2.2019869047618954,,Nimroz
44,1992,16.83175,14.999375,24.46425,0.7415,,-3.035320238095231,,Nimroz
44,1993,19.633625,4.9995,24.977,0.53675,,-0.32752857142856584,,Nimroz
44,1994,20.1455,6.999625,19.5,-0.31,,0.09026309523810028,,Nimroz
44,1995,19.42925,10.62525,21.0175,0.5765,,-0.7200702380952322,,Nimroz
44,1996,18.9275,18.9585,25.697,1.47675,,-1.3159035714285672,,Nimroz
44,1997,18.5365,6.2906249999999995,16.429000000000002,0.15,,-1.8009869047618992,,Nimroz
44,1998,20.76325,19.9175,27.613,1.6015,,0.3316797619047662,,Nimroz
44,1999,21.00575,8.791375,28.28,1.1332499999999999,,0.4800964285714322,,Nimroz
44,2000,23.2245,1.708125,14.911000000000001,-2.11325,,2.6047630952380985,,Nimroz
44,2001,23.851875,1.08325,14.75,-1.69175,-0.227,3.1380547619047654,-0.2391104545454546,Nimroz
44,2002,22.822,4.5,17.1485,0.12175,-1.073575,2.014096428571431,-1.08467625,Nimroz
44,2003,20.904,8.1665,26.7145,0.54175,-1.02195,0.002013095238098117,-1.0320420454545454,Nimroz
44,2004,23.53825,1.20875,11.27975,-2.21825,-0.82615,2.542179761904766,-0.835232840909091,Nimroz
44,2005,19.622,10.2495,49.3765,0.43174999999999997,-0.41212499999999996,-1.4681535714285694,-0.42019863636363636,Nimroz
44,2006,23.3565,1.4995,20.19675,-0.7535000000000001,0.07797500000000002,2.1722630952380975,0.07091056818181818,Nimroz
44,2007,22.15325,8.0835,32.8335,0.535,0.441825,0.8749297619047631,0.43576977272727274,Nimroz
44,2008,23.18825,3.166375,16.9285,-1.42,0.697975,1.8158464285714295,0.6929289772727273,Nimroz
44,2009,21.27225,10.62425,27.91125,0.0815,0.502925,-0.19423690476190458,0.4988881818181818,Nimroz
44,2010,23.558625,4.666625,19.21425,-0.06975,1.6265999999999998,1.9980547619047613,1.6235723863636362,Nimroz
44,2011,21.899124999999998,2.875,25.6315,0.8234999999999999,0.24895,0.24447142857142623,0.24693159090909092,Nimroz
44,2012,20.8885,5.0,25.9285,-0.028249999999999997,-0.228275,-0.860236904761905,-0.22928420454545456,Nimroz
44,2013,21.639499999999998,4.2909999999999995,24.81475,-0.10474999999999998,0.3834,-0.20332023809524102,0.3834,Nimroz
44,2014,20.129875,7.66675,26.47675,-0.3085,-0.013600000000000001,-1.8070285714285745,-0.012590795454545452,Nimroz
44,2015,20.941625000000002,7.375375,33.13125,0.8847499999999999,0.19914999999999997,-1.0893619047619048,0.20116840909090905,Nimroz
44,2016,22.059625,11.749875,29.701999999999998,0.44,0.5003,-0.06544523809523994,0.5033276136363636,Nimroz
44,2017,22.463625,4.541125,32.566,0.7085,-0.239125,0.24447142857142623,-0.2350881818181818,Nimroz
44,2018,22.88,8.999749999999999,17.76725,0.06499999999999999,-0.287525,0.5667630952380911,-0.28247897727272725,Nimroz
44,2019,20.330000000000002,11.084249999999999,60.689499999999995,0.8684999999999999,-0.057024999999999965,-2.07732023809524,-0.050969772727272676,Nimroz
44,2020,20.295625,8.8345,40.161249999999995,0.007000000000000006,1.041775,-2.2057785714285743,1.0488394318181817,Nimroz
44,2021,23.307125,8.291125,11.25,-0.36975,0.032350000000000004,0.7116380952380901,0.04042363636363639,Nimroz
44,2022,24.489,3.875,15.24475,-0.93025,-0.24382500000000004,1.799429761904758,-0.23474215909090912,Nimroz
44,2023,22.739875,1.500125,15.714,-1.65825,-0.250725,-0.04377857142857522,-0.2406329545454545,Nimroz
44,2024,19.603875000000002,10.791625,25.80325,0.16475,-0.5857999999999999,-3.273861904761908,-0.5746987499999998,Nimroz
44,2025,24.031125,3.25,16.1785,-0.74525,-0.5008,1.0593047619047553,-0.48868954545454546,Nimroz
44,2026,22.72025,3.0835,27.697,-1.26975,0.051675000000000026,-0.3456535714285778,0.06479465909090916,Nimroz
45,1989,2.158777777777778,8.03588888888889,,-1.7018,,-0.8907499533146597,,Nuristan
45,1990,4.051111111111111,4.022333333333333,,-2.057,,0.936263118580765,,Nuristan
45,1991,3.0291111111111113,21.275777777777776,95.1648,0.43599999999999994,,-0.15105714285714367,,Nuristan
45,1992,2.642777777777778,20.37188888888889,98.9082,0.2756,,-0.6027107376283851,,Nuristan
45,1993,3.3654444444444445,20.903666666666666,91.2942,0.6782,,0.054635667600373417,,Nuristan
45,1994,3.158444444444444,9.087555555555555,92.091,-1.2067999999999999,,-0.2176845938375358,,Nuristan
45,1995,2.488555555555555,17.17677777777778,96.5612,-0.0608,,-0.9528937441643333,,Nuristan
45,1996,3.6212222222222223,25.245444444444445,91.9734,0.7091999999999999,,0.11445266106442542,,Nuristan
45,1997,2.3223333333333334,9.586666666666666,98.0842,-1.0828,,-1.249756489262372,,Nuristan
45,1998,3.7424444444444447,16.154666666666667,94.527,0.9762000000000001,,0.10503436041083081,,Nuristan
45,1999,3.473777777777778,13.225000000000001,92.0462,0.0502,,-0.22895256769374495,,Nuristan
45,2000,4.719,7.721555555555556,86.8742,-1.5828,,0.9509493930905695,,Nuristan
45,2001,4.4557777777777785,13.551444444444444,91.931,-0.2344,-0.114,0.6224069094304392,0.21973636363636373,Nuristan
45,2002,4.464222222222222,15.058555555555557,94.69,0.3332,-0.267,0.5655310924369745,0.03892500000000004,Nuristan
45,2003,3.3285555555555555,22.571555555555555,96.2666,0.9544,-0.49929999999999997,-0.6354558356676008,-0.22118636363636357,Nuristan
45,2004,5.791777777777778,9.140444444444446,88.2562,-1.1562000000000001,0.5921,1.7624461251167132,0.8424022727272727,Nuristan
45,2005,3.185777777777778,20.426666666666666,97.82759999999999,0.529,-0.7232000000000001,-0.9088741363211952,-0.500709090909091,Nuristan
45,2006,4.98588888888889,12.953333333333333,89.6348,0.018399999999999993,0.5534,0.825916713352008,0.7480795454545455,Nuristan
45,2007,5.466,22.862111111111112,87.7788,1.3308,-0.15089999999999998,1.24070756302521,0.01596818181818188,Nuristan
45,2008,5.087666666666667,16.581000000000003,91.0292,-0.2068,-0.4312,0.7970539682539686,-0.29214318181818183,Nuristan
45,2009,3.753222222222222,18.241888888888887,97.2696,0.5652,-1.0365,-0.6027107376283851,-0.9252545454545454,Nuristan
45,2010,5.807555555555556,15.177,96.9124,0.098,0.6212,1.3863023342670404,0.7046340909090909,Nuristan
45,2011,4.942666666666667,10.484222222222222,89.4198,-0.1496,0.10569999999999999,0.4560931839402427,0.16132272727272728,Nuristan
45,2012,3.4884444444444447,11.963000000000001,93.7712,-0.39239999999999997,-0.6727000000000001,-1.0634492997198879,-0.6448886363636365,Nuristan
45,2013,4.058222222222223,17.706222222222223,94.882,1.0856,-0.45289999999999997,-0.5589917833800184,-0.45289999999999997,Nuristan
45,2014,3.4825555555555554,23.65566666666667,97.3472,0.5674,-0.9479,-1.1999787114845941,-0.9757113636363636,Nuristan
45,2015,4.093222222222222,17.182555555555556,96.5226,0.8228,-0.2374,-0.6546323062558361,-0.29302272727272727,Nuristan
45,2016,5.125111111111111,23.540222222222223,98.0826,0.6674,0.6054999999999999,0.3119363211951445,0.522065909090909,Nuristan
45,2017,5.529555555555556,11.10211111111111,90.61580000000001,-0.348,0.1238,0.6510605042016806,0.01255454545454543,Nuristan
45,2018,5.5442222222222215,19.94388888888889,99.0874,0.43360000000000004,0.44830000000000003,0.6004069094304381,0.30924318181818183,Nuristan
45,2019,4.126555555555555,22.146,97.33160000000001,1.0104000000000002,-0.3326,-0.8825800186741368,-0.49946818181818187,Nuristan
45,2020,4.399777777777778,20.760555555555555,98.8176,0.23759999999999998,0.5927,-0.6746780578898228,0.39802045454545454,Nuristan
45,2021,5.014777777777778,21.913666666666668,95.58720000000001,0.6716,0.31789999999999996,-0.12499831932773109,0.09540909090909083,Nuristan
45,2022,6.854,10.57188888888889,89.205,-1.0138,0.8862,1.6489036414565827,0.6358977272727272,Nuristan
45,2023,4.7315555555555555,12.163,88.7014,-0.8724000000000001,0.4959,-0.5388610644257703,0.2177863636363636,Nuristan
45,2024,4.141777777777778,29.095222222222226,97.9672,1.556,-0.5273,-1.1939591036414567,-0.8332250000000001,Nuristan
45,2025,5.749444444444444,6.745111111111111,86.74300000000001,-0.9715999999999999,0.935,0.3483873015873016,0.6012636363636363,Nuristan
45,2026,5.562555555555556,17.38688888888889,95.833,-0.175,0.4946,0.09617815126050466,0.13305227272727266,Nuristan
46,1989,8.031666666666666,19.124,,0.501,,-1.0959989417989409,,Paktika
46,1990,9.657333333333334,11.38188888888889,,0.020199999999999975,,0.4466412698412707,,Paktika
46,1991,7.331666666666667,21.631,73.2944,0.5551999999999999,,-1.9620518518518502,,Paktika
46,1992,6.890444444444444,27.01011111111111,71.51480000000001,1.6350000000000002,,-2.4863005291005287,,Paktika
46,1993,9.474555555555556,12.145444444444443,49.4512,0.009999999999999992,,0.014784126984128676,,Paktika
46,1994,9.208666666666666,25.784444444444446,57.919000000000004,1.0836000000000001,,-0.33413121693121717,,Paktika
46,1995,7.854222222222223,33.70477777777778,64.785,1.7246000000000001,,-1.7716021164021143,,Paktika
46,1996,10.23688888888889,19.576333333333334,43.4596,0.1954,,0.528038095238097,,Paktika
46,1997,7.475444444444444,21.01822222222222,63.5142,0.4112,,-2.3164328042328037,,Paktika
46,1998,8.973222222222223,23.711555555555556,53.7712,0.9112,,-0.9016814814814804,,Paktika
46,1999,10.970444444444446,5.051333333333333,49.7084,-0.8158000000000001,,1.012514285714289,,Paktika
46,2000,12.766,5.364444444444444,41.7278,-1.7312,,2.725043386243387,,Paktika
46,2001,12.627666666666666,8.617222222222223,59.4996,-0.9385999999999999,-1.7160000000000002,2.503683597883599,-0.9079666666666668,Paktika
46,2002,12.788444444444444,8.496888888888888,62.022400000000005,0.0698,-0.9968999999999999,2.581434920634921,-0.25620277777777767,Paktika
46,2003,11.158333333333333,14.67711111111111,68.0782,0.3766,-0.6032,0.868297354497356,0.07016111111111112,Paktika
46,2004,13.89111111111111,2.293,30.5226,-2.2902,-0.4764,3.518048677248677,0.12962500000000005,Paktika
46,2005,8.741666666666667,14.670111111111112,71.0332,-0.045,-1.3356,-1.71442222222222,-0.796911111111111,Paktika
46,2006,12.48988888888889,9.676222222222222,64.5886,-0.3822,0.0749,1.950773544973547,0.5462527777777778,Paktika
46,2007,10.833,13.014222222222223,66.4194,0.24979999999999997,0.1971,0.21085820105820297,0.6011166666666667,Paktika
46,2008,12.026000000000002,6.069222222222223,51.592200000000005,-1.5682,-0.1804,1.3208317460317485,0.15628055555555553,Paktika
46,2009,10.072555555555555,17.74411111111111,77.5678,0.5074,-0.2222,-0.7156391534391542,0.04714444444444443,Paktika
46,2010,13.116888888888887,10.151444444444444,46.7884,0.06459999999999998,0.4862,2.245667724867724,0.6882083333333333,Paktika
46,2011,10.843222222222222,10.919,68.7256,0.1894,-0.3266,-0.11102539682539714,-0.19192777777777778,Paktika
46,2012,8.755222222222223,13.663000000000002,73.92920000000001,-0.0602,-0.8588,-2.2820518518518504,-0.7914638888888889,Paktika
46,2013,9.633444444444443,12.280999999999999,77.9814,0.6594,0.098,-1.486856084656086,0.098,Paktika
46,2014,9.229999999999999,21.30677777777778,85.6508,0.5118,-0.006000000000000005,-1.9733269841269845,-0.07333611111111112,Paktika
46,2015,10.952222222222222,10.405999999999999,70.7796,0.14579999999999999,-0.20020000000000002,-0.33413121693121717,-0.33487222222222224,Paktika
46,2016,11.33911111111111,19.586333333333332,72.23740000000001,0.4024,0.5418,-0.030268783068782668,0.3397916666666666,Paktika
46,2017,12.745444444444445,5.332888888888889,48.5138,-0.7726,0.10519999999999999,1.2930380952380958,-0.16414444444444445,Paktika
46,2018,12.819111111111111,13.087444444444445,65.04220000000001,0.11739999999999999,0.3795,1.2836783068783078,0.042819444444444466,Paktika
46,2019,9.168222222222221,22.22411111111111,81.2038,1.043,-0.635,-2.450237037037038,-1.0390166666666667,Paktika
46,2020,10.11588888888889,12.775222222222222,84.7094,-0.268,0.9555,-1.5855968253968236,0.48414722222222223,Paktika
46,2021,12.895111111111111,14.605555555555554,52.0732,-0.28559999999999997,0.40680000000000005,1.1105989417989424,-0.13188888888888883,Paktika
46,2022,14.295666666666667,6.355222222222221,36.9184,-1.438,0.4262,2.4281280423280442,-0.179825,Paktika
46,2023,10.804333333333334,11.155999999999999,60.2658,-0.8615999999999999,1.0559,-1.146231746031745,0.382538888888889,Paktika
46,2024,9.272777777777778,24.89988888888889,84.7686,1.1578,0.19980000000000003,-2.7608137566137563,-0.5408972222222221,Paktika
46,2025,12.884,1.5974444444444444,37.1226,-1.8846,0.9117999999999999,0.7673820105820113,0.10376666666666656,Paktika
46,2026,12.225222222222222,14.960444444444445,74.9662,0.0444,0.6636,0.025577777777778365,-0.21176944444444445,Paktika
47,1989,6.154999999999999,24.76411111111111,,0.2938,,-0.943452380952384,,Paktya
47,1990,8.25311111111111,16.85966666666667,,0.0412,,1.0640476190476154,,Paktya
47,1991,5.851222222222223,31.36911111111111,76.0676,0.5551999999999999,,-1.4284523809523826,,Paktya
47,1992,5.291444444444445,35.717333333333336,73.32820000000001,1.2634,,-2.0788412698412717,,Paktya
47,1993,7.392333333333334,22.019,58.41760000000001,0.2234,,-0.06856349206349321,,Paktya
47,1994,7.465777777777778,39.56044444444444,72.2406,1.4751999999999998,,-0.08573015873016132,,Paktya
47,1995,6.117333333333333,43.76544444444445,69.5892,1.844,,-1.5247857142857173,,Paktya
47,1996,8.287333333333333,24.518444444444444,51.7524,-0.053000000000000005,,0.5546031746031712,,Paktya
47,1997,5.784888888888889,27.683555555555554,73.40520000000001,0.49260000000000004,,-2.038452380952383,,Paktya
47,1998,7.149777777777778,31.81077777777778,67.4886,0.9443999999999999,,-0.764174603174606,,Paktya
47,1999,8.790111111111111,6.601666666666667,61.936800000000005,-1.0318,,0.785547619047616,,Paktya
47,2000,10.519777777777778,8.440888888888889,60.97280000000001,-1.7449999999999999,,2.424603174603172,,Paktya
47,2001,10.26911111111111,12.116,74.6106,-1.0710000000000002,-0.8779999999999999,2.083325396825394,-0.11412307692307688,Paktya
47,2002,10.479999999999999,12.845222222222223,79.5732,-0.203,-0.5031,2.203603174603172,0.1971205128205128,Paktya
47,2003,9.084222222222223,21.436777777777777,78.9804,0.4544,-0.539,0.7172142857142845,0.09756410256410242,Paktya
47,2004,11.798333333333334,4.713222222222222,46.9538,-2.2332,-0.40499999999999997,3.3407142857142844,0.16790769230769226,Paktya
47,2005,7.257000000000001,16.299999999999997,75.1368,-0.4612,-1.3123999999999998,-1.2912301587301593,-0.8031487179487178,Paktya
47,2006,10.55788888888889,14.11288888888889,77.17580000000001,-0.45360000000000006,0.21300000000000002,1.9190476190476193,0.6585948717948718,Paktya
47,2007,8.874333333333333,17.758888888888887,66.2126,0.1464,-0.16790000000000002,0.14488095238094978,0.21403846153846148,Paktya
47,2008,10.23311111111111,13.381444444444446,66.7512,-1.3035999999999999,-0.21999999999999997,1.4130476190476173,0.09828205128205125,Paktya
47,2009,8.299888888888889,26.492666666666665,83.1698,0.8176,-0.316,-0.6107857142857149,-0.061374358974359,Paktya
47,2010,11.033333333333333,15.059000000000001,61.367200000000004,-0.006000000000000005,0.2296,2.032047619047617,0.42056923076923075,Paktya
47,2011,9.216222222222221,16.02777777777778,73.4744,0.153,-0.4788,0.12432539682539456,-0.3514871794871795,Paktya
47,2012,6.826777777777778,18.81211111111111,86.9034,-0.0206,-0.7359,-2.355730158730159,-0.6722435897435898,Paktya
47,2013,7.80411111111111,23.361222222222224,84.8666,1.0678,-0.1496,-1.4690079365079383,-0.1496,Paktya
47,2014,7.394444444444444,33.86066666666667,93.4938,0.8879999999999999,-0.31620000000000004,-1.9692857142857152,-0.37985641025641026,Paktya
47,2015,9.07922222222222,18.24988888888889,78.6114,0.29900000000000004,-0.1375,-0.3751190476190498,-0.2648128205128205,Paktya
47,2016,9.738111111111111,29.474444444444444,85.247,0.5468,0.8991,0.1931587301587303,0.7081307692307692,Paktya
47,2017,10.514666666666667,12.982999999999999,63.6708,-0.25060000000000004,0.17779999999999999,0.8791031746031734,-0.07682564102564102,Paktya
47,2018,10.877777777777778,18.37188888888889,78.952,-0.0498,0.3049,1.1516031746031743,-0.013382051282051222,Paktya
47,2019,7.855444444444444,29.063444444444443,83.4966,0.8664,-0.5921,-1.9613412698412702,-0.9740384615384614,Paktya
47,2020,8.622444444444445,19.967666666666666,88.58840000000001,-0.178,0.5773,-1.2849523809523804,0.13170512820512825,Paktya
47,2021,10.715222222222222,21.151555555555557,76.1686,-0.19519999999999998,0.717,0.7172142857142845,0.20774871794871796,Paktya
47,2022,12.126555555555555,9.899555555555557,47.4834,-1.6254000000000002,0.5101,2.0379365079365073,-0.06280769230769223,Paktya
47,2023,9.050777777777776,12.215444444444444,70.7552,-1.3388,1.2122,-1.1284523809523819,0.5756358974358975,Paktya
47,2024,7.7025555555555565,32.02144444444444,86.9194,1.0362,0.029299999999999993,-2.5672857142857133,-0.6709205128205128,Paktya
47,2025,10.640666666666668,2.7095555555555553,53.028999999999996,-1.9728,1.0046,0.28021428571428686,0.24072307692307693,Paktya
47,2026,10.366777777777777,21.678777777777775,80.26480000000001,0.0992,0.7603000000000001,-0.08428571428571452,-0.06723333333333315,Paktya
48,1989,-2.1466666666666665,19.77177777777778,,-0.34199999999999997,,-1.5158784893267652,,Panjsher
48,1990,0.7128888888888889,15.283666666666667,,-0.08620000000000003,,1.2620257252326215,,Panjsher
48,1991,-0.5081111111111111,39.97922222222222,97.026,0.6242,,-0.04062561576354684,,Panjsher
48,1992,-1.4340000000000002,36.98244444444444,96.86240000000001,0.5094,,-1.0481658456486045,,Panjsher
48,1993,-0.26311111111111113,46.59422222222222,86.3296,0.8868,,0.04107170224411605,,Panjsher
48,1994,-0.4021111111111111,38.04677777777778,94.8866,0.7586,,-0.17957963875205252,,Panjsher
48,1995,-1.1275555555555554,51.575,96.745,1.8490000000000002,,-0.9866754241926654,,Panjsher
48,1996,-0.282888888888889,38.10944444444445,85.0216,0.271,,-0.22366009852216773,,Panjsher
48,1997,-1.4357777777777778,18.75722222222222,98.16279999999999,-1.0315999999999999,,-1.4582003284072251,,Panjsher
48,1998,0.3646666666666667,37.83577777777778,92.5206,1.0828,,0.26059277504105083,,Panjsher
48,1999,-0.4924444444444443,26.12333333333333,93.0188,0.2714,,-0.6781696770662287,,Panjsher
48,2000,1.7320000000000002,12.327333333333334,90.57180000000001,-1.8015999999999999,,1.464623426382047,,Panjsher
48,2001,1.4836666666666667,21.723333333333333,94.0892,-0.503,-0.14350000000000002,1.134638752052545,0.44945428571428575,Panjsher
48,2002,1.2307777777777777,27.386666666666667,94.7194,0.43979999999999997,-0.3409,0.8000985221674877,0.20264142857142864,Panjsher
48,2003,-0.16366666666666674,36.998444444444445,93.76480000000001,0.7305999999999999,-0.8532000000000001,-0.6759972632731255,-0.3590714285714286,Panjsher
48,2004,2.828777777777778,9.499444444444444,91.26759999999999,-1.7469999999999999,0.6735,2.2347958401751504,1.1182157142857143,Panjsher
48,2005,-0.6047777777777777,17.522333333333332,96.4372,-0.3848,-0.9161,-1.2804110563765736,-0.5207971428571428,Panjsher
48,2006,1.2638888888888888,12.490444444444444,87.0658,-0.5746,-0.0878,0.5066042692939243,0.25809000000000004,Panjsher
48,2007,2.0955555555555554,27.857222222222223,81.293,0.7682,-0.46049999999999996,1.2566195949644223,-0.16402285714285708,Panjsher
48,2008,1.977888888888889,17.92488888888889,88.62960000000001,-0.9136,-0.2857,1.0573015873015874,-0.03863571428571427,Panjsher
48,2009,0.12200000000000008,27.646,96.0208,0.4918,-1.2502,-0.8802386425834701,-1.0525485714285714,Panjsher
48,2010,2.4482222222222223,18.19088888888889,98.3552,-0.4474,0.8186,1.3643322386425836,0.9668385714285714,Panjsher
48,2011,2.094777777777778,12.968666666666667,88.20219999999999,-0.7396,0.1161,0.9292364532019706,0.21492571428571428,Panjsher
48,2012,-0.05522222222222221,20.497777777777777,95.9422,-0.5808,-0.5035000000000001,-1.3024148877941981,-0.4540871428571429,Panjsher
48,2013,0.8758888888888888,28.124222222222222,92.7278,0.8917999999999999,-0.2381,-0.45295511767925567,-0.2381,Panjsher
48,2014,0.16500000000000004,38.07733333333333,97.6614,0.813,-1.1647,-1.2454953475643131,-1.2141128571428572,Panjsher
48,2015,1.0010000000000001,23.78188888888889,97.2696,0.476,-0.6721999999999999,-0.4911466885604816,-0.7710257142857142,Panjsher
48,2016,2.335111111111111,33.55122222222222,96.0962,0.30040000000000006,0.8777999999999999,0.7613130815544606,0.7295614285714285,Panjsher
48,2017,2.1466666666666665,15.77111111111111,90.23339999999999,-0.3782,-0.16599999999999998,0.4912172961138477,-0.36365142857142857,Panjsher
48,2018,2.3636666666666666,31.39611111111111,98.7538,0.495,0.5977,0.6265659551176792,0.3506357142857143,Panjsher
48,2019,0.8713333333333333,35.53333333333333,94.6926,1.0652000000000001,-0.0852,-0.9474187192118227,-0.3816771428571429,Panjsher
48,2020,1.2063333333333333,23.005333333333333,98.1586,-0.22279999999999997,0.5913999999999999,-0.6940700602079913,0.2455099999999999,Panjsher
48,2021,1.6478888888888887,31.055777777777777,95.11420000000001,0.27359999999999995,0.3631,-0.3341658456486045,-0.0322028571428572,Panjsher
48,2022,4.2154444444444445,14.409666666666668,82.8438,-1.359,1.4188,2.1517383689107827,0.9740842857142857,Panjsher
48,2023,1.9657777777777778,10.32288888888889,81.52239999999999,-1.7963999999999998,1.14,-0.17957963875205252,0.6458714285714284,Panjsher
48,2024,0.25700000000000006,32.75555555555556,96.83919999999999,0.7304,-0.5041,-1.9700087575259988,-1.0476414285714286,Panjsher
48,2025,2.2968888888888888,6.79111111111111,87.42580000000001,-1.6692,0.9336,-0.011771209633278712,0.3406457142857142,Panjsher
48,2026,2.3786666666666667,20.58866666666667,95.0326,-0.8542,0.8809,-0.011644772851669316,0.2385328571428571,Panjsher
49,1989,8.177,19.671777777777777,,-0.24939999999999998,,-1.2580654761904757,,Parwan
49,1990,10.711555555555556,16.064555555555557,,-0.25539999999999996,,1.193670634920636,,Parwan
49,1991,9.164444444444445,34.18233333333333,92.35940000000001,0.5382,,-0.43625992063491914,,Parwan
49,1992,8.205111111111112,38.794555555555554,92.9514,0.6604,,-1.478412698412697,,Parwan
49,1993,9.350111111111111,52.30133333333334,82.66839999999999,1.5074,,-0.41623214285714205,,Parwan
49,1994,9.770000000000001,39.428444444444445,85.9284,1.1094000000000002,,-0.07916269841269674,,Parwan
49,1995,8.707555555555555,49.383111111111106,92.44239999999999,1.7014,,-1.224426587301588,,Parwan
49,1996,9.909666666666666,42.699777777777776,77.2492,0.8583999999999999,,-0.10513492063491903,,Parwan
49,1997,8.402,25.37088888888889,94.61580000000001,-0.030599999999999995,,-1.6956210317460307,,Parwan
49,1998,9.827222222222224,46.41688888888889,91.639,1.8369999999999997,,-0.3532182539682509,,Parwan
49,1999,10.488333333333333,19.657,85.9196,-0.19380000000000003,,0.2250734126984142,,Parwan
49,2000,12.354222222222221,12.167333333333334,84.7396,-1.6442,,2.0081428571428575,,Parwan
49,2001,11.870333333333333,20.093222222222224,88.289,-0.6884,-0.2395,1.4414345238095247,0.31436315789473684,Parwan
49,2002,11.774222222222223,25.645777777777777,92.7572,0.19060000000000002,-0.10039999999999999,1.26250396825397,0.4073078947368421,Parwan
49,2003,10.666555555555554,32.367,90.065,0.6828,-0.4203,0.07201785714285691,0.04125263157894732,Parwan
49,2004,13.562999999999999,10.803777777777778,78.1936,-1.6684,0.06020000000000002,2.885642857142857,0.47559736842105266,Parwan
49,2005,9.73988888888889,15.090111111111112,87.2958,-0.7104,-1.1401,-1.0202876984126963,-0.7708578947368421,Parwan
49,2006,11.786555555555557,13.254333333333333,83.4308,-0.891,0.1526,0.943559523809526,0.47568684210526313,Parwan
49,2007,11.706222222222221,24.962444444444444,77.0482,0.3672,-0.5902000000000001,0.7804067460317459,-0.31326842105263164,Parwan
49,2008,12.311555555555556,17.206888888888887,85.0426,-1.0904,-0.35009999999999997,1.3029206349206355,-0.1193236842105263,Parwan
49,2009,10.315333333333333,24.570777777777778,92.48060000000001,0.44220000000000004,-0.5555000000000001,-0.7761210317460314,-0.3708789473684212,Parwan
49,2010,12.795222222222224,18.987111111111112,89.3252,-0.4554,0.8331999999999999,1.6209484126984144,0.9716657894736842,Parwan
49,2011,11.993333333333332,12.63811111111111,79.67760000000001,-0.908,-0.3275,0.7362400793650785,-0.23518947368421056,Parwan
49,2012,9.689777777777778,17.760222222222225,88.6978,-0.8732,-1.0047,-1.6501349206349207,-0.9585447368421052,Parwan
49,2013,10.51088888888889,28.71411111111111,90.7196,0.9401999999999999,-0.3377,-0.9118432539682537,-0.3377,Parwan
49,2014,9.997,37.040333333333336,95.6344,0.7722,-0.8382000000000001,-1.5085515873015876,-0.8843552631578948,Parwan
49,2015,11.325,24.360111111111113,93.51700000000001,0.506,0.18819999999999998,-0.2633710317460327,0.09588947368421051,Parwan
49,2016,12.165888888888889,33.33777777777778,92.46900000000001,0.45360000000000006,0.8711,0.49469841269841197,0.7326342105263157,Parwan
49,2017,12.156555555555556,14.672777777777778,82.14500000000001,-0.3242,-0.08359999999999998,0.4025456349206351,-0.2682210526315789,Parwan
49,2018,12.558444444444445,29.08388888888889,96.1798,0.47859999999999997,0.5119,0.7216150793650797,0.28112368421052636,Parwan
49,2019,10.695222222222222,30.375666666666664,92.8674,0.6132,-0.3752,-1.224426587301588,-0.6521315789473684,Parwan
49,2020,11.212444444444445,20.517555555555557,95.0036,-0.6176,0.4491,-0.7900238095238077,0.12601315789473688,Parwan
49,2021,12.279777777777777,29.743333333333332,89.977,0.11499999999999999,0.7445,0.1944900793650799,0.3752578947368422,Parwan
49,2022,13.70688888888889,14.602888888888888,75.0212,-1.3816,1.0897000000000001,1.5387817460317468,0.6743026315789475,Parwan
49,2023,11.967777777777778,8.60288888888889,79.5014,-1.7841999999999998,0.9362999999999999,-0.2831488095238086,0.4747473684210526,Parwan
49,2024,10.20111111111111,28.561555555555554,95.478,0.5894,-0.4503,-2.1326349206349207,-0.958007894736842,Parwan
49,2025,12.134555555555556,4.552888888888889,76.9938,-2.0552,0.7367000000000001,-0.2820099206349198,0.1828368421052633,Parwan
49,2026,12.083777777777776,19.170333333333335,92.5468,-0.5630000000000001,0.7378,-0.4156071428571444,0.13778157894736842,Parwan
50,1989,7.272222222222222,13.601666666666667,,-0.5519999999999999,,-1.3117134038800682,,Samangan
50,1990,9.442777777777778,9.999111111111112,,-0.6632,,0.7625396825396855,,Samangan
50,1991,8.502444444444444,21.598333333333333,89.67819999999999,0.2992,,-0.2740961199294496,,Samangan
50,1992,7.222666666666667,19.72244444444444,95.6798,0.9776,,-1.6501763668430307,,Samangan
50,1993,8.468333333333334,18.044666666666664,85.6434,-0.1308,,-0.5008121693121659,,Samangan
50,1994,8.968444444444446,12.082666666666666,83.7038,-0.497,,-0.09700352733685769,,Samangan
50,1995,8.67388888888889,14.485999999999999,86.0756,-0.268,,-0.4878615520282157,,Samangan
50,1996,8.209,24.262555555555554,85.9456,0.9212,,-1.0490529100529074,,Samangan
50,1997,8.307,23.238777777777777,89.50800000000001,0.5878,,-1.0473553791887102,,Samangan
50,1998,9.953,31.202333333333335,94.188,1.7416,,0.5023421516754869,,Samangan
50,1999,8.728222222222222,14.422,91.2356,-0.0064000000000000055,,-0.8187380952380945,,Samangan
50,2000,11.12611111111111,6.927333333333333,76.29639999999999,-2.1824,,1.4828483245149915,,Samangan
50,2001,12.373,7.281555555555556,75.658,-1.7638000000000003,-1.0710000000000002,2.6334347442680794,-1.1901538461538463,Samangan
50,2002,10.898222222222223,21.540777777777777,95.65520000000001,0.46319999999999995,0.5256000000000001,1.0623544973544998,0.41637564102564106,Samangan
50,2003,8.582333333333333,21.848555555555556,93.1018,0.9216000000000001,-0.1336,-1.3498368606701927,-0.2328948717948718,Samangan
50,2004,11.117222222222221,10.090444444444444,82.4562,-1.1026,1.0257,1.0887495590828937,0.9363346153846155,Samangan
50,2005,9.494888888888887,18.96811111111111,89.05,0.33440000000000003,-0.0428,-0.6298862433862435,-0.12223589743589744,Samangan
50,2006,11.952111111111112,11.269888888888888,84.9768,-0.2926,0.3256,1.731033509700179,0.25609358974358976,Samangan
50,2007,11.213333333333333,23.598666666666666,88.48219999999999,1.0939999999999999,-0.1427,0.8959532627865965,-0.20227692307692308,Samangan
50,2008,12.561666666666667,9.812222222222223,79.8908,-1.6048000000000002,-1.3245999999999998,2.147984126984129,-1.3742474358974357,Samangan
50,2009,10.307333333333332,20.12,95.8614,0.8926000000000001,0.09860000000000002,-0.20265167548500784,0.0588820512820513,Samangan
50,2010,12.012444444444444,16.914666666666665,90.8836,0.49939999999999996,1.1661000000000001,1.4061569664903004,1.1363115384615385,Samangan
50,2011,11.38711111111111,12.102222222222222,82.434,-0.2672,-0.8355999999999999,0.6845211640211648,-0.8554589743589742,Samangan
50,2012,9.121444444444444,16.491333333333333,92.3198,-0.1062,-0.342,-1.6774479717813051,-0.3519294871794872,Samangan
50,2013,10.170222222222222,19.925444444444445,91.89259999999999,0.6496000000000001,0.5899000000000001,-0.7249726631393294,0.5899000000000001,Samangan
50,2014,9.90922222222222,23.358444444444444,89.5642,0.5690000000000001,-0.40819999999999995,-1.0822751322751323,-0.3982705128205128,Samangan
50,2015,10.243777777777778,13.484444444444444,87.9112,0.21260000000000004,0.06180000000000001,-0.8440220458553789,0.08165897435897437,Samangan
50,2016,12.025555555555556,21.63411111111111,86.24080000000001,0.1852,0.6558,0.8414532627865974,0.6855884615384615,Samangan
50,2017,11.407222222222224,10.143555555555556,85.292,-0.207,-0.1332,0.12681746031746322,-0.09348205128205128,Samangan
50,2018,11.641666666666667,19.659444444444446,86.5482,0.5136000000000001,-0.17400000000000002,0.26495943562610336,-0.12435256410256411,Samangan
50,2019,11.100111111111111,21.804555555555552,95.21700000000001,0.9321999999999999,0.4227000000000001,-0.3728985890652545,0.48227692307692316,Samangan
50,2020,10.771777777777778,21.30777777777778,94.264,0.3036,-0.049300000000000004,-0.7975343915343913,0.02020641025641027,Samangan
50,2021,11.81122222222222,21.374222222222222,84.885,0.3684,0.0032,0.14560758377424854,0.08263589743589744,Samangan
50,2022,12.850666666666667,10.829555555555554,72.68719999999999,-1.225,-0.1179,1.0887495590828937,-0.02853461538461538,Samangan
50,2023,12.194444444444445,7.383555555555556,69.8628,-1.5576,-0.37460000000000004,0.3362248677248676,-0.2753051282051282,Samangan
50,2024,9.888333333333334,13.802777777777779,89.4684,0.0006000000000000005,-0.7117,-2.0661887125220453,-0.602475641025641,Samangan
50,2025,11.284444444444444,4.736888888888888,74.6704,-1.7274,-0.0854,-0.7663800705467381,0.03375384615384616,Samangan
50,2026,11.324666666666666,16.93188888888889,88.7004,0.10699999999999998,-0.1013,-0.8224603174603189,0.027783333333333354,Samangan
51,1989,10.918666666666667,15.456777777777777,,-0.6538,,-0.32754786324786167,,Takhar
51,1990,12.760111111111112,17.586888888888886,,-0.2652,,1.3787897435897456,,Takhar
51,1991,11.797444444444444,43.82222222222222,78.7268,1.3312,,0.28101623931624076,,Takhar
51,1992,10.359666666666666,29.720222222222226,83.162,0.577,,-1.2918683760683756,,Takhar
51,1993,11.687555555555555,34.095222222222226,73.559,0.1378,,-0.09908632478632384,,Takhar
51,1994,12.26511111111111,24.543,82.461,0.61,,0.34336239316239414,,Takhar
51,1995,12.203333333333333,21.62311111111111,76.0258,-0.20299999999999999,,0.14647777777777904,,Takhar
51,1996,10.837777777777777,28.87355555555556,72.3512,0.6684,,-1.3541846153846144,,Takhar
51,1997,11.298,30.179444444444446,74.954,0.4248,,-1.0290692307692293,,Takhar
51,1998,12.537222222222223,32.95155555555556,84.0096,0.3152,,0.07504615384615576,,Takhar
51,1999,11.708555555555556,27.188666666666666,92.47720000000001,0.5904,,-0.8887273504273487,,Takhar
51,2000,14.33911111111111,11.04288888888889,72.6452,-1.7760000000000002,,1.6067213675213683,,Takhar
51,2001,15.223777777777778,11.424333333333333,74.122,-1.2226,-0.6839999999999999,2.3562811965812003,-0.32445,Takhar
51,2002,13.649333333333333,25.20988888888889,94.60499999999999,0.5674,0.46380000000000005,0.6467299145299155,0.7933874999999999,Takhar
51,2003,11.31711111111111,32.455444444444446,92.66420000000001,1.2997999999999998,-0.4656,-1.8205991452991448,-0.1659750000000001,Takhar
51,2004,13.919222222222222,16.41622222222222,89.41220000000001,-0.7354,0.28359999999999996,0.6464051282051297,0.5532624999999999,Takhar
51,2005,12.851666666666667,22.956222222222223,91.00019999999999,-0.0006000000000000061,-0.22869999999999996,-0.5562572649572637,0.010999999999999982,Takhar
51,2006,15.187666666666665,16.38688888888889,83.3508,-0.016599999999999993,0.1919,1.6446358974358972,0.4016374999999999,Takhar
51,2007,14.577222222222222,36.46077777777778,76.6226,1.7112000000000003,-0.2656,0.8990846153846164,-0.08582500000000004,Takhar
51,2008,16.25011111111111,12.75188888888889,75.81460000000001,-1.5144,-1.2832,2.436866666666667,-1.1333875,Takhar
51,2009,13.140777777777778,30.17822222222222,96.2672,0.8215999999999999,0.1352,-0.8075735042735026,0.25504999999999994,Takhar
51,2010,14.735888888888887,25.34488888888889,95.321,0.6148,0.6631,0.6524307692307687,0.7529875,Takhar
51,2011,15.037444444444443,13.739333333333335,74.07300000000001,-0.5576000000000001,-1.2083,0.8188794871794869,-1.148375,Takhar
51,2012,12.957222222222223,25.356555555555556,88.72319999999999,-0.0364,-1.0157,-1.396449572649571,-0.9857375,Takhar
51,2013,14.272555555555556,18.371444444444442,80.7766,-0.1202,0.3225,-0.2162230769230753,0.3225,Takhar
51,2014,13.532111111111112,28.961222222222222,89.5214,0.46299999999999997,-0.6931,-1.091774358974357,-0.7230625,Takhar
51,2015,13.521222222222223,19.611444444444444,84.05160000000001,0.1038,0.02360000000000001,-1.2377700854700837,-0.036324999999999975,Takhar
51,2016,15.615555555555554,21.743555555555556,87.2098,-0.2898,0.6906,0.72145641025641,0.6007125,Takhar
51,2017,15.146777777777778,15.322,80.4792,-0.39479999999999993,-0.0589,0.1175717948717967,-0.17874999999999996,Takhar
51,2018,15.591333333333333,23.559444444444445,85.4002,-0.0586,-0.10919999999999999,0.4270205128205138,-0.2590125,Takhar
51,2019,15.200333333333333,24.860666666666663,91.9862,0.4184,0.8482000000000001,-0.09908632478632384,0.668425,Takhar
51,2020,14.72777777777778,24.639444444444443,90.2646,-0.259,-0.2175,-0.7067487179487149,-0.42723749999999994,Takhar
51,2021,15.462777777777777,27.734666666666666,83.6096,0.4102,0.22010000000000002,-0.10685555555555482,-0.019599999999999923,Takhar
51,2022,16.669888888888888,12.495555555555555,65.34360000000001,-1.533,0.3672,0.9651487179487184,0.09753750000000011,Takhar
51,2023,16.545666666666666,9.234666666666666,54.6154,-1.4789999999999999,0.9717,0.7058196581196583,0.6720750000000001,Takhar
51,2024,13.715222222222222,26.883555555555557,93.519,0.6538,-0.23129999999999998,-2.259731623931623,-0.5608874999999999,Takhar
51,2025,15.581111111111113,13.653666666666666,69.91720000000001,-0.9347999999999999,0.5948,-0.5289495726495694,0.23525000000000007,Takhar
51,2026,15.158666666666667,28.094222222222225,83.83340000000001,0.1204,0.8596,-1.0865008547008532,0.4700875000000001,Takhar
52,1989,10.585444444444445,21.767333333333333,,0.9144,,-1.5576460317460388,,Uruzgan
52,1990,12.39188888888889,9.127555555555555,,0.1366,,0.13863174603173967,,Uruzgan
52,1991,11.104000000000001,19.124222222222222,64.44000000000001,0.8288,,-1.259423809523815,,Uruzgan
52,1992,9.850666666666667,28.409555555555553,59.3168,1.4584,,-2.622923809523815,,Uruzgan
52,1993,12.338111111111111,16.40977777777778,56.4644,0.7396,,-0.2456460317460376,,Uruzgan
52,1994,12.619,13.352333333333332,49.9666,0.16099999999999998,,-0.07492380952381517,,Uruzgan
52,1995,11.564777777777778,14.199111111111112,54.0998,0.3164,,-1.2393126984127036,,Uruzgan
52,1996,12.943000000000001,21.094,48.5434,0.7891999999999999,,0.02874285714285385,,Uruzgan
52,1997,11.178666666666667,8.864444444444445,56.1506,-0.3032,,-1.8457571428571473,,Uruzgan
52,1998,13.060666666666666,20.858333333333334,54.67620000000001,0.7068,,-0.07392380952381394,,Uruzgan
52,1999,13.989666666666666,6.059,54.545,-0.1298,,0.74490952380952,,Uruzgan
52,2000,16.674666666666667,3.774111111111111,37.1674,-1.7604,,3.319742857142854,,Uruzgan
52,2001,16.51811111111111,6.410555555555556,50.4834,-0.9468,-0.48450000000000004,3.0530206349206335,-0.024429999999999952,Uruzgan
52,2002,15.901111111111113,7.704222222222222,55.9948,0.0944,-0.6046,2.325853968253968,-0.18286916666666664,Uruzgan
52,2003,13.703666666666667,12.43522222222222,65.99300000000001,0.442,-0.33409999999999995,0.01824285714285523,0.04929166666666679,Uruzgan
52,2004,17.37011111111111,0.786,36.4066,-2.4628,-0.5174000000000001,3.574520634920633,-0.1723475,Uruzgan
52,2005,12.662333333333333,16.92711111111111,63.401599999999995,0.8108000000000001,-0.8532000000000001,-1.2434238095238115,-0.5464866666666667,Uruzgan
52,2006,16.036666666666665,5.933888888888889,56.836,-0.3566,-0.0995,2.0207428571428547,0.1688741666666667,Uruzgan
52,2007,14.223777777777778,17.551444444444442,66.4334,0.9464,0.3784,0.09768730158730143,0.6084350000000001,Uruzgan
52,2008,15.971222222222224,4.441888888888888,44.576800000000006,-1.5584,-0.7972999999999999,1.7349650793650806,-0.6056041666666665,Uruzgan
52,2009,13.190444444444445,14.24488888888889,69.6856,0.13499999999999998,0.31960000000000005,-1.1559793650793644,0.47295666666666675,Uruzgan
52,2010,16.17811111111111,6.106111111111111,46.9698,-0.44799999999999995,0.5005,1.7215206349206351,0.6155174999999999,Uruzgan
52,2011,14.664444444444444,9.561222222222222,53.6668,0.281,-0.6223,0.09768730158730143,-0.5456216666666667,Uruzgan
52,2012,12.436,8.017888888888889,58.7334,-0.027200000000000002,-1.1492999999999998,-2.2409238095238084,-1.1109608333333332,Uruzgan
52,2013,13.960222222222221,12.957555555555555,69.9576,0.6452,0.5354,-0.8268682539682537,0.5354,Uruzgan
52,2014,12.725777777777777,26.232777777777777,69.96079999999999,1.2294,-0.16849999999999998,-2.171479365079364,-0.20683916666666666,Uruzgan
52,2015,14.455555555555556,7.624,58.58540000000001,-0.04160000000000001,0.14889999999999998,-0.5518682539682516,0.07222166666666663,Uruzgan
52,2016,14.846111111111112,21.72411111111111,65.6002,0.7934,0.9911999999999999,-0.27147936507936166,0.8761824999999999,Uruzgan
52,2017,15.451555555555554,7.725111111111111,55.3726,-0.030800000000000004,0.1642,0.2237984126984145,0.010843333333333316,Uruzgan
52,2018,16.292333333333332,12.744777777777777,57.467600000000004,0.021399999999999992,0.060700000000000004,0.9544095238095256,-0.13099583333333337,Uruzgan
52,2019,13.002,13.47311111111111,81.0178,0.37700000000000006,-0.20529999999999995,-2.446090476190472,-0.435335,Uruzgan
52,2020,13.659777777777778,12.997888888888887,77.0298,-0.0686,0.7339,-1.8984793650793605,0.4655258333333333,Uruzgan
52,2021,17.087222222222223,12.600444444444443,36.7564,-0.3958,0.5026999999999999,1.4187984126984183,0.19598666666666653,Uruzgan
52,2022,17.67822222222222,5.0442222222222215,36.8938,-1.1436,0.35,1.8996317460317496,0.0049474999999998825,Uruzgan
52,2023,15.557,8.074777777777777,53.634,-0.8904,0.42980000000000007,-0.3317571428571373,0.04640833333333333,Uruzgan
52,2024,12.305444444444444,20.06211111111111,71.027,0.7432,-0.02109999999999998,-3.6934793650793605,-0.4428308333333334,Uruzgan
52,2025,17.06855555555556,1.405,34.743,-1.6118000000000001,0.25739999999999996,0.9594650793650885,-0.20267000000000013,Uruzgan
52,2026,15.543666666666667,10.315111111111111,64.1742,-0.21960000000000002,0.6236999999999999,-0.6755904761904699,0.12529083333333313,Uruzgan
53,1989,8.678888888888888,23.79733333333333,,1.0748000000000002,,-1.4970146384479701,,Zabul
53,1990,10.421666666666667,9.702222222222224,,0.10640000000000001,,0.1492507936507952,,Zabul
53,1991,8.958777777777776,19.944444444444443,64.2842,0.9896,,-1.4101504409171088,,Zabul
53,1992,7.605222222222222,26.85211111111111,67.72540000000001,1.466,,-2.860218342151674,,Zabul
53,1993,10.205666666666666,18.007555555555555,53.338,0.8702,,-0.3562862433862435,,Zabul
53,1994,10.45411111111111,16.805444444444444,53.203199999999995,0.5384,,-0.2043541446208117,,Zabul
53,1995,9.642444444444443,19.251333333333335,56.1774,0.6676,,-1.1125331569664905,,Zabul
53,1996,10.967111111111112,23.533555555555555,44.513400000000004,0.8272,,0.11562116402116551,,Zabul
53,1997,9.044888888888888,13.369666666666667,60.949,-0.1258,,-1.90311340388007,,Zabul
53,1998,10.67988888888889,23.387999999999998,53.873000000000005,0.883,,-0.36462574955908167,,Zabul
53,1999,12.006111111111112,5.213888888888889,49.2226,-0.3716,,0.8650841269841294,,Zabul
53,2000,14.315999999999999,4.285666666666667,36.554,-1.7186,,3.078460670194003,,Zabul
53,2001,13.96888888888889,9.238666666666667,58.0596,-0.40099999999999997,-0.5309999999999999,2.6348372134038804,-0.14493506493506486,Zabul
53,2002,13.862777777777778,7.898000000000001,55.62480000000001,0.1276,-0.8563000000000001,2.4322137566137574,-0.5024071428571429,Zabul
53,2003,11.594777777777779,12.661666666666667,61.972,0.3,-0.5544,0.06770141093474535,-0.23267922077922076,Zabul
53,2004,15.175222222222223,1.3374444444444444,32.745799999999996,-2.4718,-0.16579999999999995,3.551633509700176,0.12374870129870136,Zabul
53,2005,10.135666666666667,13.66888888888889,60.7694,0.397,-1.2908999999999997,-1.5844343915343906,-1.0335233766233762,Zabul
53,2006,13.93988888888889,8.435777777777778,56.06420000000001,-0.3472,0.33530000000000004,2.1232754850088185,0.5605045454545454,Zabul
53,2007,11.954666666666666,15.807555555555556,62.6194,0.561,0.37870000000000004,0.04154091710758401,0.5717324675324675,Zabul
53,2008,13.389000000000001,4.483888888888888,45.6258,-1.7632,-0.1589,1.3793619047619057,0.001960389610389607,Zabul
53,2009,11.297555555555554,14.422222222222224,68.82939999999999,0.053200000000000004,0.3022,-0.8085948853615541,0.4308883116883117,Zabul
53,2010,14.072111111111111,5.599333333333333,40.3738,-0.647,0.722,1.869448324514991,0.8185162337662337,Zabul
53,2011,12.145777777777777,9.584555555555555,53.0422,0.0666,-0.44120000000000004,-0.15339735449735592,-0.37685584415584417,Zabul
53,2012,10.321555555555555,9.341333333333333,58.3944,-0.19940000000000002,-0.8602,-2.074131922398589,-0.8280279220779221,Zabul
53,2013,11.379666666666667,13.87188888888889,72.4712,0.784,0.596,-1.1125331569664905,0.596,Zabul
53,2014,10.626222222222221,25.792666666666666,73.5732,0.9198000000000001,-0.1938,-1.9624899470899493,-0.2259720779220779,Zabul
53,2015,12.548777777777778,6.925777777777778,56.36800000000001,-0.355,0.0677,-0.1364467372134044,0.0033558441558441537,Zabul
53,2016,12.743444444444444,23.754333333333335,64.684,0.8482,1.1025,-0.03829241622575097,1.0059837662337663,Zabul
53,2017,13.21288888888889,6.059444444444444,50.824400000000004,-0.4603999999999999,0.24230000000000002,0.3346396825396809,0.11361168831168833,Zabul
53,2018,14.124777777777778,11.947,61.5364,-0.0814,0.33330000000000004,1.1500162257495585,0.17243961038961042,Zabul
53,2019,10.484222222222222,17.600111111111108,80.2014,0.8720000000000001,-0.8171999999999999,-2.587051675485011,-1.0102324675324674,Zabul
53,2020,11.392444444444443,13.229444444444445,76.0648,-0.152,0.6539,-1.7753417989418008,0.4286954545454546,Zabul
53,2021,14.913444444444444,11.74511111111111,39.9654,-0.5462,0.25500000000000006,1.649145855379187,-0.0023766233766233102,Zabul
53,2022,15.371777777777778,5.6819999999999995,32.1274,-1.2724,0.22479999999999997,2.0109668430335077,-0.06474870129870133,Zabul
53,2023,12.878555555555556,10.435222222222222,57.2482,-0.6202,0.15889999999999999,-0.5787677248677259,-0.16282077922077925,Zabul
53,2024,10.338000000000001,29.247888888888887,82.4336,1.4486,-0.4425,-3.215835626102294,-0.7963928571428571,Zabul
53,2025,14.584999999999999,1.3393333333333333,35.7096,-1.6522,0.40390000000000004,0.934652028218693,0.01783506493506498,Zabul
53,2026,13.485999999999999,13.107222222222223,66.31020000000001,0.2008,0.6339,-0.26086031746032035,0.21566298701298703,Zabul
375,1989,5.818666666666667,30.152111111111115,,-0.01759999999999999,,-0.7753978354978353,,Badakhshan
375,1990,7.524222222222223,23.782888888888888,,-0.4046,,0.83325367965368,,Badakhshan
375,1991,7.164444444444445,35.26544444444445,88.21220000000001,0.004200000000000026,,0.37657186147186295,,Badakhshan
375,1992,6.085444444444445,30.359555555555556,97.9266,-0.0071999999999999955,,-0.799332178932179,,Badakhshan
375,1993,6.715222222222222,47.05066666666667,83.6162,0.8596,,-0.26645844155844145,,Badakhshan
375,1994,6.862777777777778,34.95877777777778,89.6786,0.8552,,-0.2158069264069269,,Badakhshan
375,1995,7.176666666666667,35.79977777777778,89.26599999999999,0.8384,,0.001177922077921778,,Badakhshan
375,1996,6.721222222222222,27.073555555555558,86.59740000000001,0.45220000000000005,,-0.5511705627705634,,Badakhshan
375,1997,6.802666666666667,31.432111111111112,92.5858,-0.3496,,-0.5666301587301588,,Badakhshan
375,1998,7.776333333333333,37.21577777777778,94.72999999999999,0.3832,,0.3101324675324655,,Badakhshan
375,1999,7.058777777777777,27.66444444444444,95.2946,0.2062,,-0.5043271284271293,,Badakhshan
375,2000,8.083333333333334,14.641666666666667,85.686,-1.6058,,0.42332438672438677,,Badakhshan
375,2001,9.089444444444446,12.925111111111113,83.8912,-1.3504,-0.37,1.3325314574314575,0.2751500000000001,Badakhshan
375,2002,8.291444444444444,33.20933333333333,95.9004,0.602,-0.23900000000000002,0.43762741702741614,0.3523875000000001,Badakhshan
375,2003,6.349444444444445,37.92055555555556,94.8892,1.3599999999999999,-1.2021000000000002,-1.6012766233766236,-0.6644750000000001,Badakhshan
375,2004,8.978,20.643,94.36359999999999,-0.8300000000000001,0.06899999999999999,0.9303748917748909,0.5528625,Badakhshan
375,2005,7.549777777777779,34.94833333333333,98.1822,0.3856,-0.7867999999999999,-0.5947513708513705,-0.3566999999999999,Badakhshan
375,2006,9.337333333333333,23.862444444444446,87.4028,0.21639999999999998,-0.2071,1.0959001443001437,0.16923750000000004,Badakhshan
375,2007,9.18688888888889,39.76533333333334,82.38199999999999,1.2308,0.11410000000000001,0.8485516594516582,0.43667500000000004,Badakhshan
375,2008,9.857555555555557,16.182666666666666,83.9036,-1.4198,-0.4123,1.422314285714286,-0.1434875,Badakhshan
375,2009,7.979777777777778,39.83988888888889,96.42060000000001,1.04,-0.6981999999999999,-0.5523675324675335,-0.4831499999999999,Badakhshan
375,2010,9.468777777777778,35.843111111111114,98.6078,0.9969999999999999,0.2776,0.839728427128426,0.43888750000000004,Badakhshan
375,2011,8.786111111111111,18.229333333333333,82.9376,-0.3412,-0.42229999999999995,0.060157720057720354,-0.3147749999999999,Badakhshan
375,2012,7.499666666666666,27.79988888888889,96.0864,-0.19580000000000003,-1.0316,-1.3231907647907661,-0.9778375,Badakhshan
375,2013,9.253222222222222,21.30811111111111,85.3924,-0.32439999999999997,0.07100000000000001,0.33346075036075007,0.07100000000000001,Badakhshan
375,2014,8.217333333333334,37.33833333333333,96.123,0.48840000000000006,-0.7175,-0.799332178932179,-0.7712625000000001,Badakhshan
375,2015,8.328222222222223,24.447444444444443,90.6082,0.20460000000000003,-0.0965,-0.7853473304473306,-0.204025,Badakhshan
375,2016,10.411999999999999,32.01433333333333,95.2926,0.05600000000000001,1.1338,1.2015264069264049,0.9725124999999999,Badakhshan
375,2017,9.033555555555555,20.349000000000004,89.7356,-0.302,-0.13889999999999997,-0.27382207792208035,-0.35395,Badakhshan
375,2018,9.77888888888889,28.382555555555555,93.77860000000001,-0.2472,0.48850000000000005,0.37460721500721483,0.21968750000000004,Badakhshan
375,2019,9.471222222222222,29.208666666666666,94.56660000000001,0.2564,0.649,-0.029963492063494357,0.32642499999999997,Badakhshan
375,2020,9.182555555555556,25.443555555555555,94.42080000000001,-0.6966,0.5572,-0.41553419913419987,0.18086249999999998,Badakhshan
375,2021,9.056222222222223,31.63711111111111,86.0176,0.2912,-0.23850000000000002,-0.6387715728715735,-0.6686000000000001,Badakhshan
375,2022,11.097444444444443,19.378,74.41,-1.1458,1.0238,1.3055466089466066,0.5399375,Badakhshan
375,2023,10.28422222222222,12.565000000000001,60.94539999999999,-1.2542,0.8845,0.39542034632034273,0.34687499999999993,Badakhshan
375,2024,8.437444444444445,32.961,95.6188,0.4438,0.03360000000000002,-1.5482614718614727,-0.5577875000000001,Badakhshan
375,2025,9.860000000000001,17.947777777777777,81.23519999999999,-0.7154,0.8883000000000001,-0.22260995670995598,0.24314999999999998,Badakhshan
375,2026,10.266777777777778,32.416111111111114,88.3894,0.022399999999999996,1.6152000000000002,0.08726378066377904,0.9162875000000001,Badakhshan
376,1989,10.265666666666668,14.88411111111111,,-0.21080000000000002,,-1.0257007936507918,,Badghis
376,1990,12.008666666666667,5.199111111111111,,-1.2462,,0.6191603174603184,,Badghis
376,1991,11.319777777777778,28.292777777777776,78.44579999999999,1.2272,,-0.16786746031745814,,Badghis
376,1992,9.068777777777777,23.11466666666667,79.7548,0.40120000000000006,,-2.5170063492063495,,Badghis
376,1993,11.189666666666666,21.444333333333333,69.0738,0.6944,,-0.4942563492063492,,Badghis
376,1994,12.167222222222222,12.56011111111111,67.5542,-0.2676,,0.3851603174603184,,Badghis
376,1995,11.187888888888889,22.572999999999997,68.2568,0.5998,,-0.6923119047619046,,Badghis
376,1996,11.106666666666667,18.33522222222222,66.6268,0.24820000000000003,,-0.8716730158730144,,Badghis
376,1997,11.309777777777777,15.415333333333333,59.4606,-0.3074,,-0.7667007936507932,,Badghis
376,1998,12.818666666666665,24.820777777777778,80.628,0.857,,0.6440492063492051,,Badghis
376,1999,11.384333333333334,16.582666666666668,79.81559999999999,0.3022,,-0.8884230158730144,,Badghis
376,2000,14.280888888888889,6.128222222222223,56.803999999999995,-1.9768000000000001,,1.909993650793652,,Badghis
376,2001,15.521333333333335,6.876444444444444,68.4958,-1.7396,-1.3860000000000001,3.0522992063492094,-1.6851927272727272,Badghis
376,2002,13.684777777777777,19.59277777777778,91.2106,0.2612,0.8191999999999999,1.1176047619047615,0.54494,Badghis
376,2003,11.253777777777778,21.779777777777777,87.8308,0.8686,0.8268,-1.411534126984126,0.5774727272727274,Badghis
376,2004,13.535222222222224,9.979666666666667,74.4222,-0.8948,0.1427,0.7717714285714301,-0.08169454545454541,Badghis
376,2005,12.367333333333333,15.815000000000001,73.8462,0.0268,0.239,-0.4942563492063492,0.03953818181818186,Badghis
376,2006,14.356000000000002,7.773333333333334,71.839,-0.7498,-0.3414,1.3962714285714313,-0.5159290909090908,Badghis
376,2007,13.206,20.571777777777775,81.34580000000001,0.8231999999999999,0.6946,0.14813253968253903,0.5450036363636364,Badghis
376,2008,15.43511111111111,8.437000000000001,60.6246,-1.6527999999999998,-1.3954,2.2791047619047617,-1.5200636363636364,Badghis
376,2009,13.04588888888889,33.254555555555555,96.5744,1.5748,0.9891,-0.20825634920634783,0.8893690909090909,Badghis
376,2010,14.766333333333332,14.512333333333336,82.3446,0.2152,0.8200000000000001,1.4140492063492047,0.7452018181818183,Badghis
376,2011,13.446,12.75488888888889,74.5336,0.1682,-0.9444999999999999,-0.004423015873015856,-0.9943654545454544,Badghis
376,2012,12.544777777777778,15.359111111111112,80.2224,-0.13440000000000002,-0.17600000000000002,-1.003784126984126,-0.2009327272727273,Badghis
376,2013,12.921777777777777,9.621111111111112,76.98679999999999,-0.5176000000000001,0.6438,-0.7249230158730171,0.6438,Badghis
376,2014,12.844777777777777,23.125555555555554,80.5872,0.5024,-0.5852999999999999,-0.9000619047619054,-0.5603672727272727,Badghis
376,2015,13.421444444444445,18.470111111111112,77.3502,0.9888,0.6146,-0.42153412698412573,0.6644654545454546,Badghis
376,2016,14.571888888888887,17.37211111111111,83.3936,-0.1542,1.0127000000000002,0.6307714285714265,1.087498181818182,Badghis
376,2017,13.99711111111111,13.437000000000001,77.08500000000001,0.46419999999999995,-0.6158,-0.04214523809523918,-0.5160690909090909,Badghis
376,2018,14.207555555555555,19.951333333333334,75.45360000000001,0.3024,-1.5531000000000001,0.07016031746031715,-1.4284363636363637,Badghis
376,2019,13.328777777777779,28.85166666666667,92.2246,1.6214,0.6258999999999999,-0.9067563492063488,0.7754963636363634,Badghis
376,2020,13.424666666666667,26.560444444444446,89.2422,1.032,0.33430000000000004,-0.9090063492063489,0.5088290909090909,Badghis
376,2021,15.28422222222222,15.263777777777777,63.36900000000001,-0.5466,-0.6708000000000001,0.8524103174603166,-0.47133818181818193,Badghis
376,2022,15.00288888888889,10.958,56.861799999999995,-1.1738,-0.4042,0.4729380952380957,-0.1798054545454546,Badghis
376,2023,15.327000000000002,5.808777777777777,50.3104,-1.5358,0.2219,0.6989103174603191,0.47122727272727266,Badghis
376,2024,12.295333333333334,27.753666666666668,86.6702,0.9692000000000001,-0.9117999999999999,-2.4308952380952373,-0.63754,Badghis
376,2025,14.836555555555556,4.097222222222222,57.474000000000004,-1.7378,-0.3864,0.012188095238094832,-0.08720727272727286,Badghis
376,2026,14.183777777777777,13.971,80.5394,-0.2876,0.2927,-0.7387285714285721,0.6168254545454545,Badghis
377,1989,10.707666666666666,16.71377777777778,,-0.49540000000000006,,-0.9672296296296299,,Baghlan
377,1990,12.673777777777778,11.886555555555555,,-0.6936,,0.8869555555555557,,Baghlan
377,1991,11.927777777777777,28.57766666666667,79.5718,0.5772,,0.02902962962962974,,Baghlan
377,1992,10.546,26.665222222222223,84.05879999999999,0.2738,,-1.4646740740740736,,Baghlan
377,1993,11.678777777777778,30.007111111111115,74.78999999999999,0.2984,,-0.4438222222222201,,Baghlan
377,1994,12.306222222222223,17.46077777777778,79.0942,-0.2232,,0.07169629629629704,,Baghlan
377,1995,11.829888888888888,25.022666666666666,76.2002,0.37,,-0.5165629629629631,,Baghlan
377,1996,11.348888888888888,31.886111111111113,74.3622,1.0142,,-1.1094888888888885,,Baghlan
377,1997,11.42911111111111,24.880555555555556,79.5612,0.35540000000000005,,-1.141192592592592,,Baghlan
377,1998,12.786999999999999,44.523555555555554,89.51140000000001,1.9228,,0.10477037037036929,,Baghlan
377,1999,11.969777777777779,19.39033333333333,89.6414,0.0788,,-0.8243777777777765,,Baghlan
377,2000,14.187333333333335,10.565555555555555,73.023,-1.7988,,1.281251851851854,,Baghlan
377,2001,15.295666666666667,11.427333333333333,73.75280000000001,-1.3336000000000001,-1.0655000000000001,2.277659259259261,-0.9801500000000001,Baghlan
377,2002,13.903666666666666,28.84722222222222,94.8142,0.9102,0.34900000000000003,0.7737333333333325,0.4272375,Baghlan
377,2003,11.668777777777779,30.08822222222222,91.22540000000001,1.1948,-0.21600000000000003,-1.5730814814814806,-0.14487500000000003,Baghlan
377,2004,14.237111111111112,13.647666666666668,82.9976,-1.2302,0.6814,0.8833259259259272,0.7454125,Baghlan
377,2005,12.998111111111111,21.634777777777778,88.54339999999999,0.1136,-0.05629999999999999,-0.4675999999999991,0.0005999999999999964,Baghlan
377,2006,15.582444444444443,14.198666666666666,83.5598,-0.18239999999999998,0.2849,2.004807407407405,0.33468749999999997,Baghlan
377,2007,14.739444444444445,30.064555555555557,83.3306,1.3806,-0.1203,1.0498814814814814,-0.07762500000000001,Baghlan
377,2008,16.316444444444443,11.748222222222221,74.05539999999999,-1.7218,-1.3533,2.514955555555554,-1.3177375,Baghlan
377,2009,13.585888888888888,23.959333333333333,95.389,0.675,0.2284,-0.3275259259259258,0.25684999999999997,Baghlan
377,2010,15.141222222222224,19.377666666666666,91.79939999999999,-0.0496,0.8444,1.115881481481484,0.8657375,Baghlan
377,2011,14.872222222222222,12.243777777777778,77.864,-0.8192,-0.9398,0.7349555555555547,-0.9255749999999999,Baghlan
377,2012,13.004555555555555,24.244333333333334,86.3458,-0.008400000000000008,-0.5851,-1.2446370370370374,-0.5779875,Baghlan
377,2013,13.961333333333334,19.45811111111111,86.99,0.21959999999999996,0.2756,-0.39978518518518413,0.2756,Baghlan
377,2014,13.476666666666667,29.64311111111111,90.381,0.6694,-0.3962,-0.9963777777777771,-0.4033125,Baghlan
377,2015,13.431222222222223,16.631222222222224,84.5922,-0.0568,-0.1081,-1.1537481481481482,-0.122325,Baghlan
377,2016,15.468333333333334,27.263555555555556,83.7028,0.3076,0.774,0.7714370370370371,0.7526625,Baghlan
377,2017,14.959666666666667,14.743333333333332,78.41900000000001,-0.3066,-0.10419999999999999,0.150844444444445,-0.13265,Baghlan
377,2018,15.440111111111113,25.22322222222222,84.9176,0.4582,-0.6025,0.5193629629629655,-0.6380625,Baghlan
377,2019,15.24288888888889,26.855444444444444,91.893,0.8859999999999999,1.0781,0.2102148148148153,1.035425,Baghlan
377,2020,14.488555555555555,23.157555555555557,92.4554,-0.13340000000000002,-0.1532,-0.6560444444444453,-0.2029875,Baghlan
377,2021,15.130000000000003,30.048555555555556,84.272,0.6512,0.2713,-0.1265259259259235,0.2144,Baghlan
377,2022,16.406555555555556,13.201444444444444,64.5778,-1.2762,0.021399999999999995,1.0381037037037046,-0.04261249999999999,Baghlan
377,2023,16.031,8.375222222222224,58.696000000000005,-1.9630000000000003,0.1688,0.5506222222222199,0.09767500000000003,Baghlan
377,2024,13.419888888888888,24.300555555555558,88.8578,0.5082,-0.507,-2.1724148148148164,-0.5852375,Baghlan
377,2025,14.239555555555556,5.897333333333333,67.2442,-2.0258,0.16409999999999997,-1.4646740740740736,0.07874999999999999,Baghlan
377,2026,14.447,25.029777777777777,86.4768,0.2156,0.08460000000000001,-1.3691555555555563,-0.007862499999999967,Baghlan
379,1989,13.776777777777777,12.243777777777778,,-0.13499999999999998,,-0.5555428571428571,,Balkh
379,1990,15.136,6.310666666666667,,-0.5138,,0.7002571428571436,,Balkh
379,1991,14.399222222222225,16.712666666666664,69.3908,0.5384,,-0.13994285714285226,,Balkh
379,1992,12.809000000000001,13.664555555555555,77.42060000000001,0.9878,,-1.8335873015873005,,Balkh
379,1993,14.418777777777779,16.726777777777777,64.62,0.2932,,-0.3272317460317442,,Balkh
379,1994,15.149888888888889,9.409666666666668,64.8432,-0.45039999999999997,,0.30045714285714453,,Balkh
379,1995,14.881666666666668,9.786666666666667,64.174,-0.3238,,-0.07118730158730102,,Balkh
379,1996,14.084666666666667,17.77722222222222,70.896,0.8619999999999999,,-0.9716095238095228,,Balkh
379,1997,14.461999999999998,18.174666666666667,61.661,0.6572,,-0.6976984126984132,,Balkh
379,1998,15.501666666666665,21.59122222222222,86.023,1.3981999999999999,,0.23854603174603284,,Balkh
379,1999,14.34,12.903555555555556,81.24,0.307,,-1.0265428571428554,,Balkh
379,2000,17.28322222222222,3.944777777777778,48.5738,-2.2367999999999997,,1.8132571428571431,,Balkh
379,2001,18.49688888888889,4.936111111111111,45.852999999999994,-1.6398,-0.984,2.9235015873015904,-1.1247875,Balkh
379,2002,16.354888888888887,14.73066666666667,76.1008,0.2636,0.633,0.6780793650793662,0.5039447916666667,Balkh
379,2003,14.053666666666667,16.095000000000002,82.0606,0.917,0.2383,-1.726565079365077,0.12097708333333336,Balkh
379,2004,16.340999999999998,6.655777777777778,55.561800000000005,-1.1402,0.2755,0.45734603174603095,0.16990937500000003,Balkh
379,2005,15.951,12.552666666666667,66.5098,0.0738,0.2233,-0.036076190476187264,0.12944166666666668,Balkh
379,2006,17.635888888888886,9.048333333333334,68.49199999999999,-0.08399999999999998,0.1545,1.5453904761904766,0.07237395833333335,Balkh
379,2007,16.916666666666668,14.962555555555557,75.9448,0.735,0.0842,0.7227460317460341,0.013806250000000006,Balkh
379,2008,18.881777777777778,5.401666666666667,51.3678,-1.935,-1.6061999999999999,2.584434920634923,-1.6648614583333332,Balkh
379,2009,15.694333333333333,21.064222222222224,85.1328,1.3848,0.5669000000000001,-0.7064317460317451,0.5199708333333334,Balkh
379,2010,17.355,11.971333333333332,72.7764,0.5844,0.9154,0.8508126984126996,0.880203125,Balkh
379,2011,17.451777777777778,7.186888888888889,51.193200000000004,-0.6567999999999999,-1.3854000000000002,0.844168253968256,-1.4088645833333335,Balkh
379,2012,15.738555555555555,12.254444444444445,70.0304,0.0356,-0.4317,-0.972476190476188,-0.44343229166666664,Balkh
379,2013,16.001333333333335,14.699333333333335,67.747,0.4022,0.5861,-0.8131206349206312,0.5861,Balkh
379,2014,15.891333333333332,15.549111111111111,65.0144,0.30379999999999996,-0.5593,-1.0265428571428554,-0.5475677083333333,Balkh
379,2015,16.098444444444443,12.505222222222223,67.3238,0.5696,0.1795,-0.9228539682539676,0.20296458333333334,Balkh
379,2016,17.67388888888889,16.110444444444443,64.007,0.1122,0.5355,0.5491682539682579,0.570696875,Balkh
379,2017,17.232777777777777,8.911999999999999,67.69579999999999,0.31499999999999995,0.035399999999999994,0.0046349206349241,0.08232916666666665,Balkh
379,2018,17.443555555555555,13.112777777777778,49.794,0.0632,-0.897,0.11199047619047775,-0.8383385416666667,Balkh
379,2019,17.32766666666667,17.788888888888888,81.7872,1.0482,0.6913,-0.10732063492062949,0.7616937500000001,Balkh
379,2020,16.775,18.961444444444442,71.0924,0.5795999999999999,0.1772,-0.7634095238095213,0.2593260416666666,Balkh
379,2021,18.026888888888887,12.699333333333335,50.8912,-0.2598,-0.09490000000000001,0.3850571428571463,-0.0010416666666666907,Balkh
379,2022,18.030777777777775,8.176444444444446,44.598,-1.1885999999999999,-0.04600000000000002,0.2855238095238093,0.059590624999999973,Balkh
379,2023,18.489,3.882666666666667,42.1532,-1.7032,-0.030199999999999998,0.6403238095238137,0.08712291666666666,Balkh
379,2024,15.840555555555556,8.703555555555555,63.3076,-0.5978,-0.19850000000000004,-2.1115428571428545,-0.06944479166666673,Balkh
379,2025,17.374222222222222,4.150777777777778,50.4838,-1.33,-0.046799999999999994,-0.6812984126984087,0.09398749999999999,Balkh
379,2026,16.93777777777778,9.491666666666667,64.7138,-0.5780000000000001,0.2385,-1.2211650793650755,0.39101979166666667,Balkh
380,1989,-0.11011111111111098,14.55988888888889,,0.1212,,-2.1719243386243394,,Bamyan
380,1990,2.5984444444444446,8.378666666666668,,-0.6362,,0.4510571428571426,,Bamyan
380,1991,2.1744444444444446,17.63244444444444,89.54400000000001,0.1786,,-0.05851693121693202,,Bamyan
380,1992,0.5712222222222223,20.54222222222222,93.62559999999999,1.2426,,-1.7473132275132282,,Bamyan
380,1993,1.734111111111111,19.47266666666667,82.4796,0.31100000000000005,,-0.6699984126984138,,Bamyan
380,1994,1.9272222222222222,9.485444444444445,79.6626,-0.76,,-0.5624613756613766,,Bamyan
380,1995,1.6486666666666667,13.992333333333333,78.0538,0.09979999999999999,,-0.926591005291006,,Bamyan
380,1996,2.5585555555555555,22.708444444444446,78.9572,0.6928,,-0.10227619047619108,,Bamyan
380,1997,1.476,10.223111111111113,91.324,-0.3788,,-1.2704058201058208,,Bamyan
380,1998,3.0561111111111114,28.970555555555556,90.0806,1.5624,,0.22413121693121685,,Bamyan
380,1999,2.823888888888889,12.827333333333334,83.99680000000001,0.1342,,-0.0936650793650795,,Bamyan
380,2000,4.5169999999999995,6.044666666666666,71.19579999999999,-1.9726,,1.5138719576719568,,Bamyan
380,2001,5.508333333333334,8.14188888888889,81.5592,-1.6108,-0.28300000000000003,2.419631216931217,0.31778608695652166,Bamyan
380,2002,4.834111111111111,17.454666666666668,92.0178,0.1006,-0.10919999999999999,1.6598349206349203,0.4415205797101449,Bamyan
380,2003,2.655111111111111,18.037333333333333,84.80420000000001,0.6838,-0.8069,-0.6047391534391533,-0.3062449275362319,Bamyan
380,2004,5.67,6.979444444444444,76.9744,-1.4687999999999999,0.4374,2.324575661375661,0.8879895652173913,Bamyan
380,2005,2.2783333333333333,17.09411111111111,90.5164,0.43899999999999995,-0.9535,-1.1526650793650797,-0.5529759420289855,Bamyan
380,2006,4.602555555555556,9.691777777777778,81.5894,-0.03560000000000001,-0.2178,1.0859830687830696,0.13265855072463767,Bamyan
380,2007,3.883666666666666,17.738666666666667,80.3206,1.1632,-0.5865,0.2815201058201051,-0.2861069565217392,Bamyan
380,2008,5.170111111111111,10.372444444444445,82.474,-0.9099999999999999,0.09899999999999998,1.482390476190476,0.349327536231884,Bamyan
380,2009,3.0664444444444445,17.507,93.00899999999999,0.7886,-1.2671000000000001,-0.7068502645502646,-1.0668379710144928,Bamyan
380,2010,5.776888888888888,14.234111111111112,87.559,0.1958,0.5473,1.9180201058201058,0.6974965217391305,Bamyan
380,2011,4.662444444444445,11.432333333333334,82.5522,-0.44800000000000006,-0.22340000000000002,0.7180015873015879,-0.1232689855072464,Bamyan
380,2012,2.399111111111111,11.663777777777778,86.6824,-0.5836,-0.22799999999999995,-1.63090582010582,-0.17793449275362314,Bamyan
380,2013,3.0774444444444446,15.139777777777779,90.7088,0.521,-0.2013,-1.0381465608465605,-0.2013,Bamyan
380,2014,2.6738888888888885,20.364,93.6646,0.7932,-1.2615,-1.5272761904761905,-1.3115655072463768,Bamyan
380,2015,3.2586666666666666,13.006777777777778,89.57000000000001,0.3702,0.0407,-1.0280724867724862,-0.05943101449275362,Bamyan
380,2016,4.898777777777777,22.395111111111113,84.74539999999999,0.7236,0.4614,0.5264645502645502,0.3112034782608696,Bamyan
380,2017,4.131222222222222,10.493,80.6292,0.3236,0.0605,-0.32666507936507916,-0.13976202898550724,Bamyan
380,2018,5.298,19.522222222222222,91.54159999999999,0.5728,0.8487,0.7545386243386245,0.598372463768116,Bamyan
380,2019,3.590888888888889,19.511,90.327,0.7565999999999999,-0.0767,-1.0381465608465605,-0.37709304347826084,Bamyan
380,2020,3.745444444444445,13.18211111111111,95.5274,-0.4852,-0.054000000000000006,-0.9691650793650783,-0.40445855072463766,Bamyan
380,2021,5.176555555555556,19.925444444444445,83.7548,0.21600000000000003,0.8926999999999999,0.3763719576719584,0.49217594202898546,Bamyan
380,2022,7.041555555555556,9.463333333333333,63.6702,-1.0737999999999999,1.4086,2.1557978835978853,0.9580104347826088,Bamyan
380,2023,5.247,6.475333333333334,64.0914,-1.7,0.6987,0.2756682539682549,0.19804492753623193,Bamyan
380,2024,2.9434444444444443,11.15311111111111,88.9482,-0.1276,-0.5618,-2.113461375661375,-1.1125205797101447,Bamyan
380,2025,4.992999999999999,3.073,61.8866,-2.1136,1.0524,-0.14947989417989405,0.4516139130434783,Bamyan
380,2026,5.5520000000000005,7.283222222222223,86.5106,-1.3084,0.725,0.32394603174603365,0.07414840579710147,Bamyan
381,1989,4.5858888888888885,21.145333333333333,,0.7396,,-2.024905555555555,,Daykundi
381,1990,6.642111111111111,6.729444444444444,,-0.30460000000000004,,-0.07143333333333146,,Daykundi
381,1991,5.991666666666666,21.246666666666666,79.05539999999999,0.6458,,-0.8246277777777777,,Daykundi
381,1992,4.519111111111111,23.164555555555555,79.9486,1.2146000000000001,,-2.3999333333333324,,Daykundi
381,1993,6.2942222222222215,15.527888888888889,69.4946,0.5868,,-0.7275722222222214,,Daykundi
381,1994,6.792888888888888,11.899222222222223,64.3458,-0.1528,,-0.3316555555555549,,Daykundi
381,1995,6.211666666666667,14.251444444444441,65.96000000000001,0.29779999999999995,,-1.0156277777777767,,Daykundi
381,1996,7.63411111111111,21.327333333333332,58.528200000000005,0.8779999999999999,,0.3040666666666674,,Daykundi
381,1997,6.18,9.286777777777779,71.8566,-0.1398,,-1.2527944444444437,,Daykundi
381,1998,7.498,23.52788888888889,75.1394,0.9698,,-0.037544444444442604,,Daykundi
381,1999,7.993222222222221,8.778555555555556,72.2894,0.11220000000000001,,0.3549277777777782,,Daykundi
381,2000,10.664444444444445,3.7625555555555557,53.82619999999999,-2.0585999999999998,,2.923400000000001,,Daykundi
381,2001,10.552777777777777,5.977333333333333,70.9516,-1.4098000000000002,-0.6,2.708983333333334,0.023671428571428565,Daykundi
381,2002,9.788888888888888,9.21888888888889,78.998,-0.3106,-0.5097,1.8423444444444446,0.06199880952380943,Daykundi
381,2003,7.917444444444445,13.891222222222222,77.8468,0.5614,-0.569,-0.13184999999999825,-0.04927380952380944,Daykundi
381,2004,11.782777777777778,2.1182222222222222,55.389199999999995,-2.387,-0.05500000000000002,3.6307333333333336,0.4127535714285714,Daykundi
381,2005,7.002,15.023555555555554,74.8394,0.25179999999999997,-0.9635,-1.2527944444444437,-0.5477190476190477,Daykundi
381,2006,10.028333333333332,7.486999999999999,74.3142,-0.0452,0.0335,1.6707888888888895,0.39730833333333326,Daykundi
381,2007,8.291333333333334,19.962555555555557,74.1454,1.1334,-0.5502,-0.16896111111110912,-0.23836428571428575,Daykundi
381,2008,10.201555555555554,6.412444444444445,64.7012,-1.4896,-0.4313,1.6385111111111108,-0.17143690476190476,Daykundi
381,2009,7.671444444444445,16.61588888888889,86.4124,0.744,-0.7048999999999999,-0.994349999999999,-0.4970095238095237,Daykundi
381,2010,10.253888888888888,12.378777777777778,70.019,0.23500000000000001,0.47720000000000007,1.4853444444444435,0.6331178571428572,Daykundi
381,2011,8.827111111111112,10.945,67.64320000000001,-0.0936,-0.637,-0.04418333333333102,-0.5330547619047619,Daykundi
381,2012,6.436333333333334,9.644333333333334,75.4692,-0.158,-0.7885,-2.5377111111111095,-0.7365273809523809,Daykundi
381,2013,8.506555555555556,13.188444444444444,84.12480000000001,0.37279999999999996,0.3256,-0.5702388888888876,0.3256,Daykundi
381,2014,7.243888888888888,24.87,89.3102,1.2454,-1.0299,-1.935655555555556,-1.081872619047619,Daykundi
381,2015,8.516222222222222,9.637444444444446,76.2958,0.017600000000000005,0.49940000000000007,-0.7660722222222214,0.395454761904762,Daykundi
381,2016,9.526333333333334,22.397666666666666,78.8268,0.8705999999999999,0.7303,0.1412888888888908,0.5743821428571428,Daykundi
381,2017,9.525555555555554,10.97488888888889,69.1014,0.3692,0.16150000000000003,0.037761111111111134,-0.04639047619047615,Daykundi
381,2018,10.751888888888889,15.673444444444446,74.6854,0.28300000000000003,0.5819000000000001,1.1613444444444454,0.32203690476190483,Daykundi
381,2019,7.550222222222222,14.924777777777779,86.2714,0.3922,-0.2883,-2.143072222222222,-0.6001357142857142,Daykundi
381,2020,8.386000000000001,15.200777777777777,90.36699999999999,-0.039400000000000004,0.3276,-1.410044444444443,-0.03620833333333329,Daykundi
381,2021,11.370666666666667,13.770111111111111,57.110400000000006,-0.27559999999999996,1.0861,1.471872222222224,0.6703190476190477,Daykundi
381,2022,12.099444444444446,6.437777777777778,43.1816,-1.1894,0.7868,2.0979000000000028,0.3190464285714286,Daykundi
381,2023,10.145888888888889,6.753,63.2476,-1.199,0.6608,0.0415944444444456,0.14107380952380955,Daykundi
381,2024,7.171666666666667,13.004,82.7588,0.2122,-0.08500000000000002,-3.035377777777777,-0.6566988095238095,Daykundi
381,2025,10.379,2.345555555555556,45.498000000000005,-1.7538,0.9415,0.06920555555555552,0.31782857142857146,Daykundi
381,2026,10.097666666666665,6.1448888888888895,73.81,-1.2756,0.9198,-0.31487777777777914,0.24415595238095233,Daykundi
383,1989,12.061333333333334,16.729,,0.5651999999999999,,-0.7830841959972421,,Farah
383,1990,13.63011111111111,6.594777777777778,,-0.10419999999999999,,0.6808868184955106,,Farah
383,1991,11.852444444444444,14.019777777777778,54.1376,0.2822,,-1.2015866114561806,,Farah
383,1992,10.018777777777778,18.13077777777778,53.074,0.8812000000000001,,-3.140060041407871,,Farah
383,1993,12.780555555555557,11.305555555555555,45.1536,0.8208,,-0.4830890269151151,,Farah
383,1994,13.615222222222222,10.21511111111111,41.5606,-0.20420000000000002,,0.24677087646652573,,Farah
383,1995,12.548666666666668,12.504777777777779,44.629,0.45760000000000006,,-0.9245914423740533,,Farah
383,1996,12.988555555555557,22.348888888888887,40.714,1.566,,-0.5895093167701884,,Farah
383,1997,11.953444444444443,7.993444444444445,41.884,-0.3364,,-1.7294271911663248,,Farah
383,1998,14.13811111111111,21.991111111111113,49.762,1.3086,,0.35043271221531747,,Farah
383,1999,14.431666666666665,11.697222222222223,50.9996,0.645,,0.5391815044858479,,Farah
383,2000,17.160444444444447,3.3520000000000003,32.3728,-1.8146,,3.163152518978606,,Farah
383,2001,17.563000000000002,3.0276666666666667,41.312,-1.9129999999999998,-0.6799999999999999,3.4609013112491382,-0.34129010989010977,Farah
383,2002,16.276111111111113,6.8966666666666665,48.171800000000005,-0.2714,-0.6806,2.069205659075223,-0.370115934065934,Farah
383,2003,14.009444444444446,12.464777777777776,54.3658,0.4356,-0.1539,-0.30226777087646717,0.12835824175824176,Farah
383,2004,17.221111111111114,1.6589999999999998,28.621199999999998,-2.2948,-0.4155,2.804592132505178,-0.16146758241758236,Farah
383,2005,12.917444444444445,14.214777777777776,52.72240000000001,0.8173999999999999,-0.9842,-1.6038812974465166,-0.7583934065934066,Farah
383,2006,16.745555555555555,3.4804444444444447,41.6746,-0.7742,-0.03219999999999999,2.11942305037957,0.16538076923076928,Farah
383,2007,15.020111111111113,10.538222222222222,53.1668,0.38780000000000003,0.1437,0.289171842650104,0.3130549450549451,Farah
383,2008,16.738777777777777,4.615777777777778,35.7632,-1.3804,-0.6676,1.9030317460317434,-0.5264708791208791,Farah
383,2009,14.465888888888891,14.925555555555555,62.1816,0.4248,0.22259999999999996,-0.47466390614216714,0.3355032967032967,Farah
383,2010,16.77711111111111,5.245555555555556,40.539,-0.3302,0.888,1.7317515527950285,0.9726774725274725,Farah
383,2011,15.175222222222223,5.268555555555555,44.943799999999996,0.1792,-0.7020000000000001,0.02505590062111729,-0.6455483516483517,Farah
383,2012,13.523444444444443,7.113333333333333,51.339200000000005,-0.039400000000000004,-0.7051999999999999,-1.7315286404416863,-0.6769741758241757,Farah
383,2013,15.028333333333332,7.489555555555556,50.5678,0.027800000000000002,0.6735,-0.33144651483782184,0.6735,Farah
383,2014,13.773222222222223,17.81288888888889,51.57919999999999,0.739,-0.2523,-1.6913643892339554,-0.2805258241758242,Farah
383,2015,14.514444444444443,10.293222222222223,56.14399999999999,0.742,0.4687,-1.05494893029676,0.41224835164835166,Farah
383,2016,15.575888888888889,14.115111111111112,52.299,0.45520000000000005,1.3255,-0.09831124913733724,1.2408225274725273,Farah
383,2017,16.025777777777776,6.580333333333333,47.7826,0.21019999999999994,0.24550000000000002,0.24677087646652573,0.1325967032967033,Farah
383,2018,16.168111111111113,10.821333333333333,45.5302,0.15660000000000002,0.11450000000000002,0.284297446514838,-0.026629120879120866,Farah
383,2019,13.450555555555555,13.011111111111111,64.6648,0.5738,-0.12420000000000002,-2.5380648723257444,-0.2935549450549451,Farah
383,2020,13.941333333333334,15.419000000000002,66.5334,0.497,1.0704,-2.1520938578329876,0.8728192307692307,Farah
383,2021,17.123,11.251,30.7832,-0.26980000000000004,-0.3046,0.9247660455486546,-0.5304065934065934,Farah
383,2022,18.11911111111111,5.4944444444444445,28.9968,-0.9612,0.3356,1.816070393374737,0.08156758241758238,Farah
383,2023,16.708444444444446,5.064333333333334,36.3606,-1.021,-0.21030000000000001,0.3005969634230503,-0.4925582417582418,Farah
383,2024,13.187777777777777,13.170555555555556,55.8226,0.3322,-0.5265,-3.324876466528643,-0.8369840659340659,Farah
383,2025,17.714,2.8946666666666667,29.819200000000002,-1.1748,0.2681,1.096538992408556,-0.07060989010989016,Farah
383,2026,16.17522222222222,8.321555555555555,52.3566,-0.46799999999999997,0.9237,-0.5470455486542463,0.5567642857142856,Farah
385,1989,10.805555555555555,13.474666666666668,,-0.3748,,-1.085525396825398,,Faryab
385,1990,12.477,3.833,,-1.436,,0.4909746031746032,,Faryab
385,1991,11.748555555555555,26.110666666666663,74.1472,0.8938,,-0.332414285714286,,Faryab
385,1992,9.837222222222222,18.935222222222222,81.4294,0.07799999999999999,,-2.338692063492065,,Faryab
385,1993,11.655333333333333,21.858999999999998,74.6842,0.7694,,-0.6155253968253973,,Faryab
385,1994,12.522777777777778,11.687222222222223,69.286,-0.7140000000000001,,0.15697460317460354,,Faryab
385,1995,12.063444444444444,17.045222222222222,68.7268,0.08199999999999999,,-0.39730317460317544,,Faryab
385,1996,11.664222222222222,16.499555555555556,69.8846,0.0834,,-0.8914698412698421,,Faryab
385,1997,12.165222222222221,16.783,64.24459999999999,-0.08420000000000001,,-0.48541428571428646,,Faryab
385,1998,13.263666666666666,25.345333333333333,86.1322,1.144,,0.5180857142857125,,Faryab
385,1999,11.956444444444445,16.72533333333333,80.93199999999999,0.3994,,-0.8840809523809519,,Faryab
385,2000,14.767777777777777,6.533555555555555,60.1422,-1.8945999999999998,,1.8323079365079362,,Faryab
385,2001,16.208000000000002,6.432777777777778,64.9432,-1.7422,-1.3095,3.1775857142857156,-1.4796757575757578,Faryab
385,2002,13.893111111111113,19.47533333333333,87.3404,0.311,0.8087,0.7677523809523823,0.6527055555555555,Faryab
385,2003,11.611555555555556,24.790666666666667,87.2542,1.1894,0.42619999999999997,-1.6087476190476178,0.2843868686868687,Faryab
385,2004,14.032111111111112,11.973333333333334,73.4272,-0.6304000000000001,0.25710000000000005,0.7168634920634922,0.12946818181818187,Faryab
385,2005,13.323333333333332,16.388222222222222,75.26599999999999,0.008800000000000002,0.2122,-0.08685873015873113,0.09874949494949495,Faryab
385,2006,14.976111111111111,9.866,73.0364,-0.44480000000000003,-0.17350000000000002,1.4709746031746036,-0.2727691919191919,Faryab
385,2007,14.259444444444446,20.067333333333334,79.1268,0.7522,0.35540000000000005,0.659363492063493,0.2703121212121212,Faryab
385,2008,16.19088888888889,6.549444444444444,61.761799999999994,-2.147,-1.1726,2.495863492063492,-1.2435065656565658,Faryab
385,2009,13.428666666666667,31.458444444444442,91.5032,1.4358,0.5736,-0.36130317460317407,0.5168747474747475,Faryab
385,2010,15.157333333333334,16.870444444444445,83.43379999999999,0.5942000000000001,0.9075000000000001,1.2724190476190476,0.8649560606060607,Faryab
385,2011,14.41222222222222,11.200444444444445,69.8404,-0.2746,-1.1313999999999997,0.4323634920634891,-1.159762626262626,Faryab
385,2012,12.995777777777779,16.727222222222224,79.7254,-0.1628,-0.5271,-1.0790253968253953,-0.5412813131313131,Faryab
385,2013,13.274999999999999,12.781777777777778,75.5694,-0.2162,0.6120000000000001,-0.8947476190476209,0.6120000000000001,Faryab
385,2014,13.180666666666667,21.553444444444445,77.603,0.5478,-0.45299999999999996,-1.0840253968253961,-0.4388186868686868,Faryab
385,2015,13.639111111111111,16.835333333333335,75.92999999999999,0.798,0.5917,-0.720525396825396,0.6200626262626263,Faryab
385,2016,14.972666666666665,20.046000000000003,76.1468,0.14100000000000001,1.1728999999999998,0.5180857142857125,1.2154439393939391,Faryab
385,2017,14.306,14.840555555555556,76.0094,0.6904,-0.3497,-0.24352539682539742,-0.2929747474747475,Faryab
385,2018,14.670555555555556,20.583333333333332,68.5752,0.49779999999999996,-1.2679,0.026085714285715156,-1.1969934343434343,Faryab
385,2019,14.059777777777777,29.23766666666667,90.346,1.6301999999999999,0.23090000000000002,-0.6796365079365092,0.3159878787878788,Faryab
385,2020,13.872555555555557,23.164555555555555,82.17920000000001,0.649,0.2929,-0.9618031746031726,0.3921691919191919,Faryab
385,2021,15.591888888888889,15.73011111111111,61.358799999999995,-0.41500000000000004,-0.49870000000000003,0.662585714285715,-0.385249494949495,Faryab
385,2022,15.29611111111111,11.940222222222221,56.812799999999996,-0.8972,0.0349,0.27186349206349014,0.16253181818181817,Faryab
385,2023,16.026,7.444444444444445,52.196600000000004,-1.08,0.1821,0.9068079365079367,0.3239131313131313,Faryab
385,2024,12.995222222222221,22.012666666666668,76.19680000000001,0.4795999999999999,-0.8965,-2.218914285714286,-0.7405055555555555,Faryab
385,2025,15.307111111111112,4.886888888888889,57.4996,-1.5472,-0.18780000000000002,-0.0019698412698403445,-0.01762424242424243,Faryab
385,2026,14.617666666666667,11.902555555555555,72.1986,-0.617,0.3236,-0.7863587301587298,0.5079570707070707,Faryab
386,1989,3.198777777777778,25.104,,0.7565999999999999,,-1.9888769567597162,,Ghazni
386,1990,5.4543333333333335,11.166666666666666,,0.10579999999999998,,0.17572074438970908,,Ghazni
386,1991,3.7891111111111115,23.011666666666667,76.22999999999999,0.6856,,-1.580459332238643,,Ghazni
386,1992,2.6710000000000003,23.387222222222224,73.5072,1.7422,,-2.7895282977558846,,Ghazni
386,1993,4.890555555555555,15.127666666666666,54.060199999999995,0.3226,,-0.6609305966064598,,Ghazni
386,1994,5.462111111111111,23.602111111111114,61.632999999999996,0.8837999999999999,,-0.18033289545703468,,Ghazni
386,1995,4.471888888888889,24.866888888888887,68.811,0.9826,,-1.261512972085387,,Ghazni
386,1996,6.490222222222222,22.938777777777776,47.0966,0.5247999999999999,,0.6658625068418162,,Ghazni
386,1997,3.9565555555555556,13.01011111111111,64.046,-0.1002,,-1.95876201423098,,Ghazni
386,1998,5.099777777777778,25.26766666666667,64.764,0.8596,,-0.9064976464148886,,Ghazni
386,1999,6.752777777777777,5.749222222222222,64.553,-0.539,,0.6555444991789807,,Ghazni
386,2000,9.238999999999999,5.2074444444444445,50.3186,-1.6796,,3.050808866995072,,Ghazni
386,2001,8.931333333333335,8.622111111111112,67.6274,-0.8966,-0.46299999999999997,2.6521843459222767,0.15644857142857138,Ghazni
386,2002,8.861666666666666,8.146777777777778,72.1966,-0.3448,-0.2861,2.491559824849479,0.2817278571428571,Ghazni
386,2003,7.124222222222222,17.307444444444442,76.21759999999999,0.4952,-0.6701,0.663157525998904,-0.15389285714285716,Ghazni
386,2004,10.460555555555556,1.7766666666666666,38.1416,-2.4332000000000003,0.11219999999999997,3.9085330049261087,0.5767864285714286,Ghazni
386,2005,5.273,15.743333333333332,78.23819999999999,0.13879999999999998,-1.5124,-1.3699804050355784,-1.0994342857142856,Ghazni
386,2006,8.862000000000002,9.553333333333335,73.023,-0.4114,-0.1344,2.1280617405582936,0.22694499999999998,Ghazni
386,2007,6.660444444444445,18.47011111111111,73.7806,0.8862,-0.3905,-0.16445166940339373,-0.08077571428571434,Ghazni
386,2008,8.423444444444446,5.747444444444444,60.834,-1.5436,0.3519,1.5075904761904768,0.6100035714285714,Ghazni
386,2009,5.806444444444444,18.246,83.422,0.5194,-0.6410999999999999,-1.2003673782156552,-0.43461714285714276,Ghazni
386,2010,9.013222222222222,10.956444444444443,57.468399999999995,0.03320000000000001,0.6633,1.9154525451559925,0.8181621428571428,Ghazni
386,2011,7.285333333333333,10.852111111111112,75.97560000000001,-0.015600000000000013,-0.3694,0.09660580186097345,-0.26615857142857147,Ghazni
386,2012,4.977888888888889,13.118,79.3266,-0.05419999999999999,-0.5810000000000001,-2.301796496989601,-0.5293792857142858,Ghazni
386,2013,5.6353333333333335,16.56277777777778,84.738,0.775,-0.15290000000000004,-1.7353099069512865,-0.15290000000000004,Ghazni
386,2014,5.783555555555555,22.238555555555553,88.5156,0.751,-0.9148999999999999,-1.6780455391351952,-0.9665207142857142,Ghazni
386,2015,7.407666666666667,8.776222222222223,72.43199999999999,-0.15739999999999998,0.20789999999999997,-0.1448922824302139,0.1046585714285714,Ghazni
386,2016,7.862555555555556,22.619222222222223,77.86760000000001,0.6426000000000001,0.6080000000000001,0.21903875205254497,0.45313785714285726,Ghazni
386,2017,8.127111111111113,8.774555555555557,60.82619999999999,-0.1256,0.1304,0.3926364532019715,-0.07608285714285715,Ghazni
386,2018,9.11188888888889,13.408222222222221,71.1126,0.0174,0.8335,1.2864563765736188,0.5753964285714286,Ghazni
386,2019,5.660222222222222,21.651333333333334,85.514,0.7586,-0.7503,-2.2561681444991795,-1.0600242857142856,Ghazni
386,2020,6.426888888888889,11.610666666666667,87.314,-0.591,0.03420000000000001,-1.580459332238643,-0.32714499999999996,Ghazni
386,2021,9.738222222222223,14.396666666666667,59.75940000000001,-0.2676,0.7210000000000001,1.6399161466885603,0.3080342857142858,Ghazni
386,2022,10.219666666666667,7.9316666666666675,37.4782,-1.1443999999999999,0.8359,2.0304027367268747,0.3713135714285714,Ghazni
386,2023,7.445555555555556,7.603777777777777,61.721799999999995,-1.3018,1.0716999999999999,-0.8346662287903666,0.555492857142857,Ghazni
386,2024,5.415888888888889,19.918333333333333,84.9728,0.6372,-0.042200000000000015,-2.9552907498631633,-0.6100278571428571,Ghazni
386,2025,8.717777777777778,1.7785555555555552,36.8108,-1.8496000000000001,0.8739999999999999,0.2556402846195951,0.25455142857142854,Ghazni
386,2026,8.30177777777778,13.338222222222221,77.6596,-0.21259999999999998,0.8043,-0.25131756978653375,0.1332307142857143,Ghazni
387,1989,1.6814444444444443,15.37411111111111,,0.2878,,-1.80515873015873,,Ghor
387,1990,4.002555555555555,5.277333333333334,,-0.6936,,0.4132698412698419,,Ghor
387,1991,2.9473333333333334,15.977333333333332,76.2062,0.6456000000000001,,-0.7446349206349199,,Ghor
387,1992,1.4095555555555555,15.979000000000001,76.076,0.5974,,-2.385095238095238,,Ghor
387,1993,3.049888888888889,12.12,69.7534,0.549,,-0.8474444444444442,,Ghor
387,1994,4.138777777777778,8.930666666666667,63.6582,-0.46319999999999995,,0.13876190476190597,,Ghor
387,1995,3.2533333333333334,15.553999999999998,66.8986,0.6048,,-0.8493650793650795,,Ghor
387,1996,4.362333333333334,19.375999999999998,58.3134,0.8784000000000001,,0.15695238095238206,,Ghor
387,1997,3.146333333333333,7.736666666666666,66.60979999999999,-0.4984,,-1.1617301587301583,,Ghor
387,1998,4.722,21.026,76.7636,1.1179999999999999,,0.3112539682539692,,Ghor
387,1999,4.528555555555556,11.615,73.58239999999999,0.413,,0.015126984126984766,,Ghor
387,2000,7.020222222222222,3.4286666666666665,52.38719999999999,-2.1712,,2.4041111111111118,,Ghor
387,2001,7.655888888888888,4.878555555555556,69.9672,-1.7503999999999997,-0.8310000000000001,2.937095238095238,-0.32473333333333343,Ghor
387,2002,6.673666666666667,12.89111111111111,81.08840000000001,0.1206,-0.4063,1.8521904761904766,0.05777777777777776,Ghor
387,2003,4.5792222222222225,14.57911111111111,78.5116,0.7348,-0.5272,-0.34493650793650765,-0.10531111111111113,Ghor
387,2004,7.981111111111111,4.111111111111111,56.903800000000004,-1.7856,0.2173,2.9542698412698405,0.597,Ghor
387,2005,4.384888888888889,14.511777777777777,69.73179999999999,0.32480000000000003,-0.863,-0.7446349206349208,-0.5254888888888889,Ghor
387,2006,6.588444444444445,8.137999999999998,72.6598,0.1072,0.034699999999999995,1.356238095238096,0.3300222222222222,Ghor
387,2007,5.22411111111111,16.08211111111111,74.9718,0.8981999999999999,-0.6385000000000001,-0.11077777777777875,-0.38536666666666675,Ghor
387,2008,6.856222222222223,5.959222222222222,61.9034,-1.5638,-0.10849999999999999,1.4186507936507944,0.10244444444444445,Ghor
387,2009,4.959555555555555,17.890666666666668,89.51320000000001,0.8814,-0.42810000000000004,-0.5806984126984123,-0.2593444444444445,Ghor
387,2010,7.180666666666667,8.196,70.9418,-0.01259999999999999,0.8432999999999999,1.5377301587301595,0.9698666666666667,Ghor
387,2011,5.842444444444444,9.978,67.015,0.04539999999999999,-0.5159,0.09682539682539737,-0.43152222222222225,Ghor
387,2012,3.6146666666666665,9.066666666666666,77.96860000000001,-0.09060000000000001,-0.4234,-2.2336349206349206,-0.3812111111111111,Ghor
387,2013,5.463666666666667,9.105222222222222,78.7864,-0.08520000000000001,0.25470000000000004,-0.4873174603174597,0.25470000000000004,Ghor
387,2014,4.514888888888889,19.032333333333334,83.17580000000001,0.8658000000000001,-1.0219,-1.5387777777777778,-1.0640888888888889,Ghor
387,2015,5.4014444444444445,10.571333333333333,74.47540000000001,0.6125999999999999,0.4696,-0.7549047619047613,0.38522222222222224,Ghor
387,2016,6.623444444444445,19.28988888888889,78.00399999999999,0.7182000000000001,1.0403,0.36441269841269897,0.9137333333333333,Ghor
387,2017,6.2748888888888885,7.909777777777778,67.5226,0.25,0.015099999999999999,-0.0868253968253967,-0.15365555555555555,Ghor
387,2018,7.077888888888889,15.221555555555556,74.9118,0.40540000000000004,0.7172000000000001,0.613492063492064,0.5062555555555557,Ghor
387,2019,4.488777777777778,16.165777777777777,86.85119999999999,0.6942,-0.5369,-2.0783015873015867,-0.7900333333333334,Ghor
387,2020,5.243555555555556,16.28688888888889,89.0616,0.46579999999999994,0.3543,-1.4262063492063488,0.058977777777777796,Ghor
387,2021,7.866,11.022222222222222,54.2452,-0.5067999999999999,0.4738,1.0935555555555556,0.1362888888888889,Ghor
387,2022,8.558222222222222,6.178555555555556,43.589800000000004,-1.2034,0.6338,1.6830952380952384,0.25410000000000005,Ghor
387,2023,7.137666666666667,5.891888888888889,54.5428,-1.0424,0.4714,0.15985714285714359,0.04951111111111112,Ghor
387,2024,4.311333333333334,12.897333333333332,81.9816,0.2586,-0.6476,-2.7691587301587295,-1.1116777777777778,Ghor
387,2025,7.233999999999999,3.097888888888889,48.852000000000004,-1.3348,0.5915,0.05082539682539622,0.08523333333333338,Ghor
387,2026,6.8597777777777775,7.648,74.74080000000001,-0.8168,0.8559,-0.4260793650793646,0.3074444444444445,Ghor
