region_id,year,t,rain,wsi,spi,z,t_dt,z_dt,region_name
2528,1989,25.168111111111113,63.47155555555556,,-0.057600000000000005,,-0.2222380952381009,,Banwa
2528,1990,25.372777777777777,56.411,,-0.6272,,-0.03930476190476995,,Banwa
2528,1991,25.43588888888889,55.61222222222222,99.1806,-0.728,,0.0020730158730088988,,Banwa
2528,1992,25.25611111111111,65.32455555555555,99.0068,0.35,,-0.19943809523810074,,Banwa
2528,1993,25.746,57.10722222222223,99.0476,-0.6668000000000001,,0.268717460317454,,Banwa
2528,1994,25.318333333333335,88.0221111111111,99.0624,1.5062000000000002,,-0.1806825396825431,,Banwa
2528,1995,25.641222222222225,51.687222222222225,99.0188,-1.1368,,0.12047301587301362,,Banwa
2528,1996,25.466333333333335,62.633333333333326,96.8952,-0.6032,,-0.07614920634921063,,Banwa
2528,1997,26.00877777777778,50.94211111111112,99.4912,-1.0612,,0.44456190476190116,,Banwa
2528,1998,25.59711111111111,64.82366666666667,99.6908,0.011599999999999996,,0.011161904761898711,,Banwa
2528,1999,24.899444444444445,76.3111111111111,97.47819999999999,1.0288,,-0.708238095238098,,Banwa
2528,2000,25.547666666666668,54.61644444444445,98.9186,-0.8778,,-0.08174920634920824,,Banwa
2528,2001,25.634555555555558,64.64011111111111,99.39099999999999,0.3814,1.4961,-0.01659365079365216,1.3102227272727274,Banwa
2528,2002,26.262888888888888,48.601444444444446,98.63239999999999,-1.5564,0.20779999999999998,0.5900063492063445,0.03741249999999999,Banwa
2528,2003,25.355777777777778,72.308,99.6772,0.8907999999999999,1.1156000000000001,-0.33883809523809916,0.9607022727272729,Banwa
2528,2004,25.872444444444444,51.77766666666667,98.4198,-0.9591999999999998,0.3551,0.15609523809523296,0.21569204545454548,Banwa
2528,2005,25.927444444444447,57.684333333333335,98.7812,-0.7542,0.01539999999999997,0.18936190476190617,-0.10851818181818185,Banwa
2528,2006,25.895777777777777,66.89511111111112,99.9014,-0.20379999999999998,0.1425,0.13596190476190273,0.0340715909090909,Banwa
2528,2007,25.71377777777778,72.26066666666667,98.2288,0.9864,-0.5709,-0.06777142857142948,-0.6638386363636364,Banwa
2528,2008,25.637666666666668,68.50644444444444,98.1238,0.3522,-0.1735,-0.16561587301587366,-0.2509488636363636,Banwa
2528,2009,26.03622222222222,64.02411111111111,99.5036,-0.11879999999999999,-0.011899999999999994,0.2112063492063463,-0.0738590909090909,Banwa
2528,2010,25.795555555555556,78.83922222222222,99.8742,1.0576,0.42410000000000003,-0.051193650793653234,0.3776306818181818,Banwa
2528,2011,26.217444444444443,51.39377777777778,99.52180000000001,-1.1922000000000001,0.12719999999999998,0.34896190476190014,0.09622045454545453,Banwa
2528,2012,25.503888888888888,77.56422222222221,99.8332,1.591,0.6852,-0.38632698412698474,0.6697102272727273,Banwa
2528,2013,25.850444444444445,62.21244444444445,99.565,-0.11179999999999998,0.0466,-0.06150476190476084,0.0466,Banwa
2528,2014,25.968666666666667,60.01022222222222,99.622,-0.0974,-0.015099999999999999,0.034984126984127784,0.0003897727272727282,Banwa
2528,2015,26.075888888888887,99.26666666666667,97.7986,2.1104,-1.581,0.12047301587301362,-1.5500204545454546,Banwa
2528,2016,26.159333333333333,64.99600000000001,99.3158,0.2326,-0.1438,0.18218412698412578,-0.09733068181818183,Banwa
2528,2017,26.291999999999998,59.46444444444444,99.1882,-0.6926,0.6382,0.29311746031745756,0.7001590909090909,Banwa
2528,2018,26.02277777777778,78.93900000000001,99.5436,0.8808,-0.25460000000000005,0.0021619047619054754,-0.1771511363636364,Banwa
2528,2019,26.23922222222222,78.53555555555556,99.5342,0.7878000000000001,-0.4365,0.19687301587301675,-0.34356136363636364,Banwa
2528,2020,25.81277777777778,81.50677777777777,99.42060000000001,1.04,-0.7998999999999999,-0.25130476190475903,-0.6914715909090908,Banwa
2528,2021,26.14211111111111,66.99833333333333,99.31179999999999,0.46580000000000005,0.07319999999999999,0.056295238095238176,0.1971181818181818,Banwa
2528,2022,25.631222222222224,78.00433333333334,99.5522,0.9067999999999999,0.137,-0.47632698412698105,0.2764079545454545,Banwa
2528,2023,26.51288888888889,66.69555555555556,99.733,0.38760000000000006,0.15460000000000002,0.38360634920635306,0.3094977272727273,Banwa
2528,2024,26.071444444444445,83.38866666666667,99.33959999999999,1.4058,0.0976,-0.07957142857142685,0.2679875,Banwa
2528,2025,25.565777777777775,75.52344444444445,99.8904,0.5970000000000001,1.5215,-0.6069714285714269,1.707377272727273,Banwa
2528,2026,27.05742857142857,50.93485714285714,99.15366666666667,-1.6113333333333333,-0.23399999999999999,0.8629460317460342,-0.032632954545454534,Banwa
2529,1989,25.91633333333333,63.425000000000004,,0.2914,,-0.26342037037037613,,Kossi
2529,1990,26.40277777777778,52.230444444444444,,-1.061,,0.20614444444444402,,Kossi
2529,1991,26.41711111111111,51.26433333333333,98.901,-0.9528000000000001,,0.2035981481481457,,Kossi
2529,1992,26.01822222222222,59.67722222222223,99.6716,0.1034,,-0.212170370370373,,Kossi
2529,1993,26.49811111111111,56.91077777777778,99.2856,-0.3854,,0.25083888888888595,,Kossi
2529,1994,25.866777777777777,77.9928888888889,99.815,1.5253999999999999,,-0.3973740740740759,,Kossi
2529,1995,26.410777777777778,51.092000000000006,99.6458,-0.9522,,0.12974629629629675,,Kossi
2529,1996,26.198444444444444,63.06533333333333,98.7942,-0.25339999999999996,,-0.09946666666666815,,Kossi
2529,1997,26.932222222222222,50.428666666666665,99.4824,-0.9592,,0.6174314814814821,,Kossi
2529,1998,26.297,67.57577777777777,99.82039999999999,0.3572,,-0.03467037037037102,,Kossi
2529,1999,25.458000000000002,69.07877777777779,99.529,0.734,,-0.8905499999999975,,Kossi
2529,2000,26.368444444444446,46.245555555555555,98.74159999999999,-1.4036,,0.0030148148148150256,,Kossi
2529,2001,26.22611111111111,57.01433333333333,99.8062,0.0722,1.6073,-0.15619814814814958,1.4854999999999998,Kossi
2529,2002,27.097333333333335,47.43377777777778,98.8986,-1.5943999999999998,-0.6824,0.6981444444444449,-0.79405,Kossi
2529,2003,25.944111111111113,70.62877777777777,99.33279999999999,1.496,1.3571,-0.4719574074074089,1.2555999999999998,Kossi
2529,2004,26.538,54.053,98.586,-0.5630000000000001,0.5957,0.10505185185185084,0.50435,Kossi
2529,2005,26.700666666666667,52.27055555555555,98.8234,-1.0952,0.1357,0.25083888888888595,0.054499999999999965,Kossi
2529,2006,26.602999999999998,62.053444444444445,99.97200000000001,-0.1078,-0.7136,0.1362925925925893,-0.7846500000000001,Kossi
2529,2007,26.311999999999998,63.13055555555555,99.0308,0.2556,0.10160000000000001,-0.17158703703704248,0.04069999999999999,Kossi
2529,2008,26.195222222222224,57.907000000000004,99.4842,0.07780000000000001,0.0911,-0.305244444444444,0.04034999999999998,Kossi
2529,2009,26.867,62.69355555555555,99.83160000000001,-0.0738,-0.11639999999999999,0.3496537037037015,-0.157,Kossi
2529,2010,26.38977777777778,71.33011111111111,99.89959999999999,0.9114000000000001,0.0506,-0.14444814814814677,0.02014999999999999,Kossi
2529,2011,27.279222222222224,54.33588888888889,99.9642,-0.781,0.0769,0.728116666666665,0.05659999999999999,Kossi
2529,2012,26.07188888888889,74.28055555555555,99.7988,1.8838000000000001,0.9880000000000001,-0.49609629629629737,0.9778500000000001,Kossi
2529,2013,26.537666666666667,58.85044444444444,99.87899999999999,-0.2164,-0.055700000000000006,-0.04719814814814782,-0.055700000000000006,Kossi
2529,2014,26.771555555555555,56.79188888888889,99.49159999999999,-0.1996,-0.16199999999999998,0.16981111111110891,-0.15184999999999998,Kossi
2529,2015,26.547555555555554,86.67133333333332,99.5506,2.116,-0.5136,-0.0710685185185227,-0.49329999999999996,Kossi
2529,2016,26.744777777777777,61.862444444444435,99.6534,0.4042,-0.3554,0.1092740740740723,-0.32494999999999996,Kossi
2529,2017,27.037777777777777,61.03666666666667,99.641,-0.21000000000000002,0.5405,0.3853944444444437,0.5811,Kossi
2529,2018,26.70888888888889,69.131,99.9306,0.49160000000000004,-0.3648,0.03962592592592529,-0.31405,Kossi
2529,2019,26.956666666666663,67.92344444444444,99.9582,0.35,-1.0611000000000002,0.27052407407406776,-1.0002000000000002,Kossi
2529,2020,26.42388888888889,76.47011111111111,99.8998,1.3592,-0.6544000000000001,-0.2791333333333341,-0.58335,Kossi
2529,2021,26.997888888888887,61.19433333333333,99.3552,0.42560000000000003,0.18780000000000002,0.2779870370370361,0.269,Kossi
2529,2022,26.296444444444447,72.56577777777778,99.9526,0.7352000000000001,0.3416,-0.4403370370370361,0.43295000000000006,Kossi
2529,2023,27.14577777777778,63.687,99.86019999999999,0.7282,0.8308,0.39211666666666645,0.9323,Kossi
2529,2024,26.57988888888889,76.95677777777777,99.94460000000001,1.4362,0.19130000000000003,-0.19065185185185385,0.30295000000000005,Kossi
2529,2025,26.078111111111113,71.70255555555555,99.985,0.5035999999999999,1.5958999999999999,-0.7093092592592569,1.7177,Kossi
2529,2026,27.86528571428571,48.09771428571429,98.99300000000001,-2.118,0.39383333333333337,1.0609857142857102,0.5257833333333334,Kossi
2530,1989,25.24122222222222,66.89755555555556,,-0.010199999999999999,,-0.1837079365079326,,Bale
2530,1990,25.471,54.23222222222223,,-1.1512,,0.022936507936513806,,Bale
2530,1991,25.441555555555553,58.93,98.8918,-0.3064,,-0.02964126984126736,,Bale
2530,1992,25.23688888888889,55.99655555555555,99.6114,-0.874,,-0.25744126984126225,,Bale
2530,1993,25.681555555555555,62.816,97.837,-0.6208,,0.1640920634920704,,Bale
2530,1994,25.555,83.2238888888889,98.526,1.3574,,0.014403174603181412,,Bale
2530,1995,25.649,45.876777777777775,99.13,-1.6656,,0.08526984126984871,,Bale
2530,1996,25.571444444444445,74.48733333333332,99.1196,0.23120000000000002,,-0.015419047619040782,,Bale
2530,1997,25.96177777777778,59.30866666666667,99.42699999999999,-0.46679999999999994,,0.35178095238095963,,Bale
2530,1998,25.677777777777777,69.00355555555556,98.5178,-0.3218,,0.044647619047623266,,Bale
2530,1999,25.028888888888886,82.85066666666665,99.251,1.361,,-0.6273746031745979,,Bale
2530,2000,25.691222222222223,53.02444444444444,99.4484,-0.9875999999999999,,0.01182539682540451,,Bale
2530,2001,25.668,67.03288888888889,99.37,0.36,0.6740999999999999,-0.03453015873015275,0.018766666666666598,Bale
2530,2002,26.171666666666667,54.871111111111105,98.4302,-1.1334,0.1101,0.44600317460318095,-0.4906222222222222,Bale
2530,2003,25.509,73.99066666666667,99.7548,0.8385999999999999,1.5598,-0.23979682539681946,1.0136888888888889,Bale
2530,2004,25.719333333333335,52.305,97.0606,-1.2730000000000001,0.8161,-0.05259682539681876,0.32460000000000006,Bale
2530,2005,25.814666666666668,58.91477777777777,98.9106,-0.6998,0.29479999999999995,0.019603174603183504,-0.14208888888888893,Bale
2530,2006,25.779,68.50033333333334,99.37899999999999,-0.2618,-0.11869999999999999,-0.039196825396818014,-0.5009777777777777,Bale
2530,2007,25.790888888888887,66.05866666666667,94.5334,0.1514,-0.2381,-0.05044126984126507,-0.5657666666666666,Bale
2530,2008,25.671444444444447,76.50977777777777,97.09200000000001,0.8855999999999999,-0.277,-0.19301904761903899,-0.5500555555555555,Bale
2530,2009,26.111,69.83766666666666,99.0768,0.3738,0.0703,0.22340317460318104,-0.14814444444444444,Bale
2530,2010,25.943333333333335,82.57544444444444,99.337,0.6026,0.3288,0.03260317460318163,0.16496666666666665,Bale
2530,2011,26.253333333333334,51.708888888888886,99.30199999999999,-0.8152000000000001,0.44730000000000003,0.31946984126984646,0.3380777777777778,Bale
2530,2012,25.699555555555555,79.60766666666666,99.8438,1.473,-0.1586,-0.25744126984126225,-0.2132111111111111,Bale
2530,2013,25.88422222222222,71.71488888888888,98.62859999999999,0.4548,0.2301,-0.09590793650793117,0.2301,Bale
2530,2014,26.020888888888887,70.01455555555555,99.34700000000001,0.5602,-0.1426,0.01762539682540165,-0.0879888888888889,Bale
2530,2015,26.299555555555557,90.42344444444444,95.01520000000001,1.0858,-1.5587,0.2731587301587375,-1.4494777777777776,Bale
2530,2016,26.274444444444445,73.01922222222223,99.23519999999999,0.9016,0.355,0.2249142857142914,0.5188333333333333,Bale
2530,2017,26.41911111111111,54.82844444444444,99.556,-1.0934000000000001,0.1516,0.34644761904762333,0.37004444444444445,Bale
2530,2018,26.157777777777778,80.69188888888888,99.3424,1.0376,-0.19119999999999998,0.06198095238095647,0.08185555555555557,Bale
2530,2019,26.293777777777777,80.45566666666667,99.55499999999999,0.9802,-0.28959999999999997,0.17484761904762536,0.03806666666666669,Bale
2530,2020,26.017777777777777,76.18788888888889,99.414,0.6816,-0.19799999999999998,-0.12428571428570834,0.1842777777777778,Bale
2530,2021,26.197444444444443,73.01877777777777,99.4948,0.79,-0.5117,0.03224761904762374,-0.07481111111111116,Bale
2530,2022,25.706444444444443,86.53977777777777,99.6198,1.5954000000000002,-0.053000000000000005,-0.4818857142857098,0.4385,Bale
2530,2023,26.599555555555558,63.10088888888889,99.57719999999999,-0.0856,-0.8042,0.3880920634920706,-0.2580888888888889,Bale
2530,2024,26.189777777777778,73.75577777777778,97.58579999999999,0.1402,-1.121,-0.04481904761904332,-0.5202777777777778,Bale
2530,2025,25.569111111111113,80.45055555555557,99.8098,0.7744,-0.8864000000000001,-0.6886190476190386,-0.23106666666666675,Bale
2530,2026,26.89428571428571,55.53042857142857,99.47333333333334,-1.2723333333333333,-0.8896666666666666,0.6134222222222263,-0.17972222222222212,Bale
2531,1989,25.398222222222223,63.30844444444444,,0.00020000000000000155,,-0.22452242063491923,,Mouhoun
2531,1990,25.57611111111111,55.87388888888889,,-0.6849999999999999,,-0.06751547619047926,,Mouhoun
2531,1991,25.715777777777777,54.331,99.3962,-0.6706,,0.051269246031743876,,Mouhoun
2531,1992,25.408666666666665,61.09377777777778,99.81660000000001,-0.11080000000000001,,-0.27672380952381204,,Mouhoun
2531,1993,25.914666666666665,57.565111111111115,98.633,-0.7041999999999999,,0.2083942460317445,,Mouhoun
2531,1994,25.617666666666665,83.84588888888888,99.6772,1.6760000000000002,,-0.10948769841269979,,Mouhoun
2531,1995,25.874333333333333,48.17344444444444,98.9596,-1.4742000000000002,,0.12629702380952068,,Mouhoun
2531,1996,25.727777777777778,68.06466666666667,97.5196,-0.1028,,-0.04114047619047767,,Mouhoun
2531,1997,26.27588888888889,52.30133333333333,99.7144,-0.7602,,0.4860886904761905,,Mouhoun
2531,1998,25.793,61.87477777777777,99.6964,-0.44880000000000003,,-0.0176821428571472,,Mouhoun
2531,1999,25.10066666666667,77.8981111111111,98.1326,1.2554,,-0.7308974206349212,,Mouhoun
2531,2000,25.778666666666666,49.582,99.6546,-1.2402000000000002,,-0.07377936507936766,,Mouhoun
2531,2001,25.850555555555555,63.985,99.70439999999999,0.4624,0.7672000000000001,-0.02277242063492224,0.4535875000000001,Mouhoun
2531,2002,26.480333333333334,51.82277777777777,98.9318,-1.3222,0.1424,0.586123412698413,-0.14507812500000003,Mouhoun
2531,2003,25.61622222222222,67.18966666666667,99.7748,0.8416,1.6282999999999999,-0.2988696428571487,1.3669562499999999,Mouhoun
2531,2004,25.967666666666666,51.419333333333334,98.2594,-1.0572,0.35540000000000005,0.03169285714285408,0.12019062500000005,Mouhoun
2531,2005,26.068666666666665,55.126000000000005,99.155,-0.7174,0.1347,0.11181091269840948,-0.07437500000000002,Mouhoun
2531,2006,26.057222222222222,63.743222222222215,99.84200000000001,-0.2734,0.44830000000000003,0.0794845238095192,0.265359375,Mouhoun
2531,2007,25.921222222222223,65.36433333333333,96.9742,0.43739999999999996,-0.7079,-0.07739742063492372,-0.86470625,Mouhoun
2531,2008,25.823,66.7491111111111,97.4462,0.38780000000000003,-0.28580000000000005,-0.19650158730159006,-0.41647187500000005,Mouhoun
2531,2009,26.256222222222224,64.619,99.6856,0.1568,0.2999,0.21583869047618975,0.1953625,Mouhoun
2531,2010,26.028222222222222,73.63411111111111,99.713,0.38780000000000003,-0.2488,-0.03304325396825902,-0.327203125,Mouhoun
2531,2011,26.528777777777776,51.138666666666666,99.691,-0.8984,-0.1311,0.44663035714285115,-0.18336875,Mouhoun
2531,2012,25.75411111111111,79.17422222222223,99.9354,1.8378,0.2725,-0.3489182539682574,0.24636562500000003,Mouhoun
2531,2013,26.041555555555554,66.69211111111112,99.566,0.3948,0.5064,-0.08235575396825823,0.5064,Mouhoun
2531,2014,26.127111111111113,60.141,99.6316,-0.003400000000000003,-0.17020000000000002,-0.0176821428571472,-0.14406562500000003,Mouhoun
2531,2015,26.308,93.44355555555555,96.619,1.7945999999999998,-1.7818,0.14232480158729643,-1.72953125,Mouhoun
2531,2016,26.425555555555558,68.17133333333334,99.311,0.6035999999999999,0.2107,0.23899841269841104,0.289103125,Mouhoun
2531,2017,26.51388888888889,56.44233333333333,99.75460000000001,-0.7598,0.46010000000000006,0.3064498015872985,0.5646375000000001,Mouhoun
2531,2018,26.317666666666668,76.41755555555557,99.6092,0.9366,-0.2771,0.08934563492063319,-0.14642812500000002,Mouhoun
2531,2019,26.42422222222222,76.212,99.7368,0.7724,-0.4446,0.1750192460317379,-0.28779374999999996,Mouhoun
2531,2020,26.070666666666668,74.97844444444445,99.6636,0.7636,-0.24120000000000003,-0.19941825396825763,-0.058259375,Mouhoun
2531,2021,26.351333333333333,65.07533333333333,99.7362,0.4798,-0.09589999999999999,0.060366468253963745,0.11317500000000003,Mouhoun
2531,2022,25.854,79.06422222222221,99.8998,1.3062,0.2675,-0.4578488095238171,0.502709375,Mouhoun
2531,2023,26.725,59.476,99.9034,0.04279999999999999,-0.5509999999999999,0.3922692460317414,-0.28965624999999995,Mouhoun
2531,2024,26.278222222222222,78.59266666666666,98.9482,1.051,-0.5314,-0.07539047619048134,-0.24392187499999995,Mouhoun
2531,2025,25.686,78.17788888888889,99.9438,1.0596,0.6036,-0.6884946428571475,0.9172125,Mouhoun
2531,2026,27.13342857142857,49.66228571428571,99.07266666666665,-1.5763333333333334,-0.8085,0.7380519841269759,-0.468753125,Mouhoun
2532,1989,25.81,64.697,,0.549,,-0.3139400352733652,,Nayala
2532,1990,26.24388888888889,48.12488888888889,,-1.311,,0.10326984126984584,,Nayala
2532,1991,26.46977777777778,50.87877777777778,98.3096,-0.8475999999999999,,0.31247971781305495,,Nayala
2532,1992,25.89622222222222,59.29366666666667,99.4332,-0.06620000000000001,,-0.2777548500881828,,Nayala
2532,1993,26.327777777777776,48.773555555555554,99.0322,-1.3256000000000001,,0.13712169312169564,,Nayala
2532,1994,25.91688888888889,84.37911111111111,99.7524,2.0174,,-0.2904462081128685,,Nayala
2532,1995,26.314888888888888,51.263333333333335,99.3232,-0.7243999999999999,,0.09087477954144774,,Nayala
2532,1996,26.27311111111111,65.75455555555556,96.8592,-0.149,,0.0324179894179899,,Nayala
2532,1997,26.75588888888889,48.64011111111111,98.9794,-1.0682,,0.49851675485009395,,Nayala
2532,1998,26.189888888888888,62.899,99.5666,0.0732,,-0.08416225749558848,,Nayala
2532,1999,25.431666666666665,81.059,99.7582,1.5394,,-0.8590634920634912,,Nayala
2532,2000,26.26088888888889,52.49211111111111,99.5362,-0.7812,,-0.046520282186946815,,Nayala
2532,2001,26.293777777777777,59.33933333333333,99.4134,0.42800000000000005,0.7202999999999999,-0.030310405643739102,0.7712999999999999,Nayala
2532,2002,26.97,50.056333333333335,99.0314,-1.3972,-0.9698,0.6292328042328066,-0.92305,Nayala
2532,2003,26.019444444444446,72.17611111111111,99.71119999999999,1.5131999999999999,1.2356,-0.3380017636684265,1.2781,Nayala
2532,2004,26.394444444444446,51.18822222222222,98.6536,-0.8288,-0.050699999999999995,0.020319223985893586,-0.012450000000000024,Nayala
2532,2005,26.423222222222222,50.84011111111111,99.0744,-0.8886,-0.21580000000000002,0.0324179894179899,-0.18180000000000004,Nayala
2532,2006,26.451555555555554,56.32022222222222,99.7552,-0.5469999999999999,-0.9805999999999999,0.044072310405645965,-0.95085,Nayala
2532,2007,26.34111111111111,64.2911111111111,98.975,0.28159999999999996,-0.4162,-0.08305114638447719,-0.39070000000000005,Nayala
2532,2008,26.231444444444445,58.733222222222224,99.07419999999999,0.20539999999999997,-0.5351000000000001,-0.2093968253968228,-0.5138500000000001,Nayala
2532,2009,26.71311111111111,63.85377777777777,99.9236,0.186,0.6091,0.25559082892416285,0.6261,Nayala
2532,2010,26.46988888888889,65.8608888888889,99.3844,0.139,0.1697,-0.004310405643739301,0.18244999999999997,Nayala
2532,2011,27.246222222222222,50.76133333333334,99.612,-0.62,-0.3709,0.7553439153439179,-0.3624,Nayala
2532,2012,26.188000000000002,78.74055555555555,99.7404,1.9140000000000001,0.6413,-0.319557319223982,0.64555,Nayala
2532,2013,26.461444444444442,61.85033333333334,99.627,0.093,0.6325,-0.06279188712522199,0.6325,Nayala
2532,2014,26.618222222222222,56.62,99.52459999999999,-0.2178,0.5398000000000001,0.07730687830687799,0.5355500000000001,Nayala
2532,2015,26.584555555555553,78.74822222222222,99.3252,1.186,-0.7805,0.02696119929453289,-0.7889999999999999,Nayala
2532,2016,26.703222222222223,68.60333333333332,99.5344,0.9650000000000001,0.38439999999999996,0.12894885361552255,0.37165,Nayala
2532,2017,26.85611111111111,53.85111111111111,99.5178,-0.6112,0.33420000000000005,0.26515873015873126,0.31720000000000004,Nayala
2532,2018,26.675555555555555,66.30922222222222,99.3856,0.262,-0.0701,0.0679241622574942,-0.09134999999999999,Nayala
2532,2019,26.817444444444444,68.34611111111111,99.72619999999999,0.5761999999999999,-0.6042000000000001,0.19313403880070368,-0.6297,Nayala
2532,2020,26.434444444444445,66.30677777777777,99.2114,0.39,-0.4835,-0.2065449735449718,-0.51325,Nayala
2532,2021,26.77433333333333,58.12811111111111,99.4394,-0.0526,0.5691999999999999,0.11666490299823451,0.5351999999999999,Nayala
2532,2022,26.23511111111111,73.76966666666667,99.8952,1.2716,0.5685,-0.439236331569667,0.53025,Nayala
2532,2023,27.131222222222224,58.71966666666666,99.63239999999999,0.3076,0.04390000000000001,0.4401957671957675,0.00140000000000004,Nayala
2532,2024,26.57322222222222,68.37066666666666,99.0442,0.575,-0.7613000000000001,-0.13448324514991228,-0.80805,Nayala
2532,2025,25.985333333333333,69.75155555555556,99.8946,0.6062000000000001,1.7152000000000003,-0.7390511463844796,1.6642000000000003,Nayala
2532,2026,27.51085714285714,51.791999999999994,98.85866666666668,-1.4533333333333331,-0.37283333333333335,0.7697936507936483,-0.4280833333333333,Nayala
2533,1989,26.256666666666668,56.941,,0.1404,,-0.4078253968253982,,Sourou
2533,1990,26.924111111111113,41.22233333333333,,-1.9280000000000002,,0.2475396825396814,,Sourou
2533,1991,26.924777777777777,45.242111111111114,97.607,-0.7638,,0.23612698412697952,,Sourou
2533,1992,26.404555555555554,58.11533333333333,99.1614,0.2306,,-0.296174603174606,,Sourou
2533,1993,26.910777777777778,48.66311111111111,98.54639999999999,-0.8542,,0.19796825396825213,,Sourou
2533,1994,26.229777777777777,76.7128888888889,99.655,1.89,,-0.4951111111111146,,Sourou
2533,1995,26.80655555555556,45.00466666666667,98.16279999999999,-0.9710000000000001,,0.0695873015873012,,Sourou
2533,1996,26.839333333333332,62.86533333333333,96.295,-0.1282,,0.09028571428570942,,Sourou
2533,1997,27.28388888888889,47.57588888888889,98.06379999999999,-0.6888,,0.5227619047619037,,Sourou
2533,1998,26.72688888888889,58.751555555555555,99.2822,0.269,,-0.04631746031746076,,Sourou
2533,1999,25.780555555555555,70.90244444444446,99.686,1.1364,,-1.0047301587301618,,Sourou
2533,2000,26.77411111111111,46.91588888888889,98.6434,-0.9822,,-0.023253968253971635,,Sourou
2533,2001,26.656444444444443,52.32088888888889,98.6978,0.2156,0.13,-0.15300000000000225,0.850439393939394,Sourou
2533,2002,27.562666666666665,45.04044444444444,98.35,-1.4886,-1.3906,0.7411428571428544,-0.7301972222222223,Sourou
2533,2003,26.421888888888887,63.60344444444445,99.4294,1.2182,0.22360000000000002,-0.4117142857142895,0.8239661616161617,Sourou
2533,2004,26.986,44.79288888888889,98.12519999999999,-0.9833999999999999,-0.1478,0.1403174603174584,0.3925295454545455,Sourou
2533,2005,26.894666666666666,45.93877777777778,98.7222,-0.9692000000000001,-0.2054,0.03690476190475778,0.2748929292929293,Sourou
2533,2006,26.978555555555555,51.68844444444445,99.5256,-0.47939999999999994,-1.5564,0.1087142857142851,-1.136143686868687,Sourou
2533,2007,26.709111111111113,61.44244444444444,99.27680000000001,0.5626,0.1333,-0.17280952380952286,0.493519696969697,Sourou
2533,2008,26.74211111111111,54.50899999999999,99.11179999999999,0.31179999999999997,0.1999,-0.15188888888889096,0.5000830808080808,Sourou
2533,2009,27.154333333333334,57.883111111111106,99.57939999999999,0.039400000000000004,-0.1906,0.24825396825396595,0.04954646464646467,Sourou
2533,2010,26.88411111111111,64.65633333333332,99.4396,0.5156000000000001,-0.8171999999999999,-0.0340476190476231,-0.6370901515151515,Sourou
2533,2011,27.74777777777778,49.486000000000004,99.1592,-0.4354,-0.5986,0.8175396825396852,-0.4785267676767677,Sourou
2533,2012,26.584777777777777,69.73788888888889,99.7388,1.6835999999999998,0.9584999999999999,-0.3575396825396844,1.018536616161616,Sourou
2533,2013,26.97388888888889,58.07300000000001,99.66279999999999,0.34740000000000004,0.6278,0.019492063492062783,0.6278,Sourou
2533,2014,27.149555555555555,52.52788888888889,98.8726,-0.2492,0.476,0.18307936507936162,0.4159633838383838,Sourou
2533,2015,26.88611111111111,71.26188888888889,99.4616,1.314,0.1869,-0.09244444444444966,0.06682676767676768,Sourou
2533,2016,27.090777777777777,64.73977777777777,99.14739999999999,1.1262,0.2803,0.1001428571428562,0.10019015151515148,Sourou
2533,2017,27.379222222222225,50.33,99.2636,-0.4746,0.7977,0.376507936507938,0.5575535353535352,Sourou
2533,2018,27.078111111111113,61.91633333333333,99.5728,0.40659999999999996,-0.3469,0.06331746031746022,-0.6470830808080807,Sourou
2533,2019,27.262999999999998,60.635666666666665,99.5484,0.3376,-0.2747,0.23612698412697952,-0.6349196969696971,Sourou
2533,2020,26.76822222222222,63.37633333333334,99.1584,0.6754,-0.1496,-0.27073015873016004,-0.5698563131313132,Sourou
2533,2021,27.365555555555556,54.77922222222222,98.964,0.0324,0.3688,0.3145238095238092,-0.11149292929292931,Sourou
2533,2022,26.63922222222222,66.57311111111112,99.8388,1.1545999999999998,0.859,-0.423888888888893,0.3186704545454545,Sourou
2533,2023,27.55677777777778,59.10988888888889,99.2796,0.9795999999999999,1.4455,0.48158730158730023,0.8451338383838384,Sourou
2533,2024,26.79888888888889,62.210111111111104,98.99719999999999,0.5444,0.4851,-0.2883809523809546,-0.1753027777777778,Sourou
2533,2025,26.337,63.870888888888885,99.7832,0.6652,2.0849,-0.7623492063492066,1.3644606060606062,Sourou
2533,2026,27.96757142857143,47.70171428571429,94.99833333333333,-1.9233333333333331,0.07433333333333333,0.8561428571428564,-0.7061426767676768,Sourou
2534,1989,24.424666666666667,77.28944444444444,,1.159,,-0.12577777777777754,,Comoe
2534,1990,24.543555555555557,72.47611111111111,,0.5442,,-0.03166666666666629,,Comoe
2534,1991,24.538555555555558,67.89277777777778,97.0934,0.09559999999999999,,-0.06144444444444375,,Comoe
2534,1992,24.497777777777777,48.722111111111104,92.62960000000001,-1.7594,,-0.12700000000000244,,Comoe
2534,1993,24.852999999999998,69.29933333333332,88.23140000000001,-0.2222,,0.2034444444444432,,Comoe
2534,1994,24.636444444444447,87.33733333333333,87.3388,0.5456,,-0.03788888888888664,,Comoe
2534,1995,24.62688888888889,69.28277777777778,99.227,-0.0168,,-0.07222222222222285,,Comoe
2534,1996,24.517222222222223,60.08866666666667,96.2486,-0.9246000000000001,,-0.206666666666667,,Comoe
2534,1997,24.98477777777778,60.62811111111111,98.73920000000001,-0.7384000000000001,,0.23611111111111072,,Comoe
2534,1998,24.840555555555554,71.66088888888889,95.7174,-0.19319999999999998,,0.06711111111111023,,Comoe
2534,1999,24.314444444444447,80.94900000000001,94.828,0.9972,,-0.48377777777777453,,Comoe
2534,2000,24.68488888888889,77.327,92.7154,1.0158,,-0.13811111111111174,,Comoe
2534,2001,24.819666666666667,67.78122222222223,90.374,-0.2432,0.025499999999999995,-0.028111111111112308,-0.28398,Comoe
2534,2002,25.289666666666665,64.84322222222222,93.57039999999999,-0.027800000000000002,0.6285000000000001,0.41711111111111165,0.34481000000000006,Comoe
2534,2003,24.776888888888887,85.07311111111112,90.54459999999999,1.9132000000000002,0.062,-0.1204444444444448,-0.19590000000000002,Comoe
2534,2004,24.967111111111112,57.412777777777784,98.5548,-1.0172,1.248,0.045000000000001705,1.01589,Comoe
2534,2005,25.043333333333333,59.537222222222226,86.2346,-1.0778,0.7069000000000001,0.09644444444444389,0.50058,Comoe
2534,2006,25.10088888888889,64.9031111111111,96.9158,-0.6056,0.15940000000000001,0.129222222222225,-0.021129999999999982,Comoe
2534,2007,24.95588888888889,66.05544444444445,90.24300000000001,0.07020000000000001,-0.8363,-0.04055555555555301,-0.99104,Comoe
2534,2008,24.948999999999998,88.83,87.7488,1.224,-0.3832,-0.07222222222222285,-0.51215,Comoe
2534,2009,25.293222222222223,61.03344444444445,85.71860000000001,-0.6682,0.0751,0.24722222222222356,-0.02806,Comoe
2534,2010,25.275222222222222,77.45677777777777,97.265,0.5282,0.9406,0.20444444444444443,0.8632299999999999,Comoe
2534,2011,25.25311111111111,60.57966666666667,95.739,-0.5875999999999999,0.5832999999999999,0.15755555555555745,0.53172,Comoe
2534,2012,24.97522222222222,63.60033333333334,98.53,-0.2904,0.1916,-0.14511111111110964,0.16580999999999999,Comoe
2534,2013,25.212333333333333,65.88155555555555,92.626,-0.404,0.0215,0.06722222222222385,0.0215,Comoe
2534,2014,25.450333333333333,65.31622222222222,96.4108,0.178,-0.2767,0.28044444444444494,-0.25091,Comoe
2534,2015,25.498,83.79711111111111,85.012,0.304,-1.0295,0.3033333333333381,-0.9779200000000001,Comoe
2534,2016,25.364333333333335,75.85822222222221,96.417,0.62,0.025399999999999992,0.14488888888889306,0.10276999999999999,Comoe
2534,2017,25.347666666666665,51.18622222222222,94.44579999999999,-1.3646,-0.18149999999999997,0.10344444444444534,-0.07833999999999997,Comoe
2534,2018,25.153333333333332,84.821,91.312,0.8892,-0.7082999999999999,-0.11566666666666592,-0.5793499999999999,Comoe
2534,2019,25.40566666666667,80.49177777777778,94.1504,0.7192000000000001,-0.19690000000000002,0.11188888888889537,-0.04216000000000003,Comoe
2534,2020,25.05777777777778,74.36655555555555,94.6156,0.187,-0.5116,-0.260777777777772,-0.3310700000000001,Comoe
2534,2021,25.25311111111111,88.45433333333334,89.474,1.5046,-0.23869999999999997,-0.09022222222221998,-0.032379999999999964,Comoe
2534,2022,24.84288888888889,79.12644444444445,94.1304,0.7706,0.1199,-0.5252222222222187,0.35201000000000005,Comoe
2534,2023,25.755777777777777,71.76766666666667,87.71119999999999,0.21480000000000002,0.4137,0.3628888888888895,0.6716,Comoe
2534,2024,25.280555555555555,69.84955555555555,82.7728,0.1518,-0.777,-0.13711111111110696,-0.49331,Comoe
2534,2025,24.927222222222223,70.98533333333333,97.8126,-0.5012000000000001,0.6913,-0.5152222222222171,1.00078,Comoe
2534,2026,25.911714285714286,66.43157142857143,95.81700000000001,-0.07566666666666667,0.6483333333333333,0.44449206349206705,0.9836033333333334,Comoe
2535,1989,24.319111111111113,74.305,,0.3886,,-0.09873439153438923,,Leraba
2535,1990,24.42688888888889,81.18644444444445,,0.9376,,-0.012549206349206088,,Leraba
2535,1991,24.42833333333333,73.93266666666666,96.28479999999999,0.198,,-0.03269735449735833,,Leraba
2535,1992,24.360444444444443,59.839666666666666,94.8738,-1.1480000000000001,,-0.12217883597883628,,Leraba
2535,1993,24.714,74.10133333333334,92.298,-0.3552,,0.2097841269841254,,Leraba
2535,1994,24.41133333333333,85.72455555555555,88.60679999999999,0.7708,,-0.1144751322751354,,Leraba
2535,1995,24.467777777777776,75.39511111111112,99.6246,0.2538,,-0.07962328042328082,,Leraba
2535,1996,24.379666666666665,65.93255555555555,95.1988,-1.0694000000000001,,-0.18932698412698556,,Leraba
2535,1997,24.734222222222222,67.00444444444445,98.58160000000001,-0.6464000000000001,,0.14363597883597734,,Leraba
2535,1998,24.632555555555555,96.72877777777778,96.8716,1.4516,,0.020376719576720603,,Leraba
2535,1999,24.137222222222224,85.98022222222222,94.7258,1.1936,,-0.4965492063492043,,Leraba
2535,2000,24.499222222222222,82.36111111111111,93.6996,0.9156000000000001,,-0.1561417989417997,,Leraba
2535,2001,24.589222222222222,69.97744444444444,96.545,-0.030800000000000004,-0.2578,-0.08773439153439,-0.6716139037433155,Leraba
2535,2002,25.106111111111108,69.41011111111112,94.72139999999999,-0.5307999999999999,0.009000000000000008,0.4075619047619021,-0.3703294117647059,Leraba
2535,2003,24.605666666666664,88.54033333333334,94.8072,1.7446000000000002,0.17020000000000002,-0.1144751322751354,-0.1746449197860963,Leraba
2535,2004,24.808777777777777,64.95088888888888,98.8344,-1.1019999999999999,0.373,0.06704338624338746,0.06263957219251332,Leraba
2535,2005,24.960444444444445,61.035111111111114,90.48,-1.241,-0.1006,0.19711746031746102,-0.37647593582887706,Leraba
2535,2006,24.96488888888889,62.16966666666667,98.4324,-1.3144,0.3618,0.17996931216931245,0.12040855614973262,Leraba
2535,2007,24.781111111111112,77.007,96.2198,0.9544,0.26339999999999997,-0.025401058201055093,0.05649304812834219,Leraba
2535,2008,24.76233333333333,82.18955555555556,90.3652,0.41859999999999997,-0.1334,-0.06577142857143059,-0.3058224598930481,Leraba
2535,2009,25.15222222222222,58.868222222222215,87.4624,-1.1082,-0.14440000000000003,0.3025248677248662,-0.28233796791443855,Leraba
2535,2010,24.977111111111114,75.8668888888889,99.3368,0.3106,0.9495,0.10582116402116881,0.8460465240641711,Leraba
2535,2011,25.064444444444444,61.01111111111111,97.7698,-1.2502,0.5656,0.17156190476190503,0.4966310160427807,Leraba
2535,2012,24.740555555555556,69.57300000000001,98.894,-0.1984,0.7218,-0.1739195767195767,0.6873155080213904,Leraba
2535,2013,24.96211111111111,69.34877777777778,92.8672,-0.3148,-0.1007,0.02604338624338709,-0.1007,Leraba
2535,2014,25.183666666666667,73.15299999999999,96.8782,0.43340000000000006,0.0052,0.22600634920635088,0.039684491978609626,Leraba
2535,2015,25.222333333333335,77.65755555555556,82.1082,-0.37320000000000003,-0.4526,0.2430804232804249,-0.3836310160427807,Leraba
2535,2016,25.159444444444446,81.10088888888889,93.4014,0.712,-0.2662,0.15859894179894596,-0.16274652406417112,Leraba
2535,2017,25.171222222222223,60.44211111111112,95.1884,-1.2026,-0.016,0.14878412698412902,0.12193796791443852,Leraba
2535,2018,24.910555555555554,87.95511111111111,93.155,1.1722,-0.3015,-0.13347513227513375,-0.12907754010695183,Leraba
2535,2019,25.213444444444445,75.86711111111111,95.8126,-0.1622,0.4632,0.14782116402116685,0.6701069518716578,Leraba
2535,2020,24.880000000000003,78.07733333333334,95.56620000000001,0.6238,-0.41350000000000003,-0.20721587301586908,-0.17210855614973264,Leraba
2535,2021,24.999333333333333,84.678,91.0408,0.8506,-0.4706,-0.10947513227513284,-0.19472406417112298,Leraba
2535,2022,24.625222222222224,76.87244444444444,95.27380000000001,0.44939999999999997,-0.6892,-0.5051788359788318,-0.37883957219251335,Leraba
2535,2023,25.576,70.40655555555556,89.2882,-0.403,-0.6351,0.4240063492063513,-0.29025508021390367,Leraba
2535,2024,25.01833333333333,79.34033333333333,85.9246,0.7512000000000001,-1.5948,-0.15525291005291209,-1.215470588235294,Leraba
2535,2025,24.784333333333333,69.40077777777778,97.4982,-0.9418000000000001,-0.1667,-0.41084550264550046,0.24711390374331557,Leraba
2535,2026,25.778,72.15771428571428,94.44233333333334,-0.4666666666666666,-0.696,0.5612285714285719,-0.24770160427807475,Leraba
2536,1989,25.611666666666665,64.72833333333332,,0.5917999999999999,,-0.3413040293040268,,Kadiogo
2536,1990,26.119666666666667,48.343444444444444,,-1.2824,,0.14851648351648805,,Kadiogo
2536,1991,26.091333333333335,47.42722222222223,96.5738,-0.8572,,0.10200366300366781,,Kadiogo
2536,1992,25.727555555555554,62.293111111111116,97.41159999999999,0.36239999999999994,,-0.2799536019535971,,Kadiogo
2536,1993,26.08811111111111,54.65577777777778,98.6006,-0.6843999999999999,,0.062422466422471956,,Kadiogo
2536,1994,25.787555555555556,77.69022222222222,99.30539999999999,1.3532,,-0.25631257631257043,,Kadiogo
2536,1995,26.233888888888888,55.623,99.3254,-0.3032,,0.17184126984127346,,Kadiogo
2536,1996,26.138666666666666,57.68322222222222,97.812,-0.8295999999999999,,0.05843956043956311,,Kadiogo
2536,1997,26.523222222222223,46.36333333333333,97.1682,-1.6865999999999999,,0.42481562881563306,,Kadiogo
2536,1998,26.040444444444447,64.70088888888888,99.1712,-0.09980000000000001,,-0.07614163614163161,,Kadiogo
2536,1999,25.474,69.8518888888889,99.9568,0.5502,,-0.6607655677655622,,Kadiogo
2536,2000,26.215222222222224,41.40933333333333,96.0678,-1.3788,,0.06227716727717336,,Kadiogo
2536,2001,26.203,57.17055555555555,99.24000000000001,-0.37439999999999996,-0.8337,0.03187545787546142,-0.5685725274725275,Kadiogo
2536,2002,26.503777777777778,57.28177777777778,99.0854,-0.9056,-1.5035,0.31447374847375187,-1.2604664835164836,Kadiogo
2536,2003,25.942999999999998,60.04733333333334,99.532,0.2004,1.0332,-0.26448351648351576,1.2541395604395602,Kadiogo
2536,2004,26.23188888888889,60.267,96.8918,-0.38380000000000003,-0.6543000000000001,0.0062258852258878505,-0.4554543956043958,Kadiogo
2536,2005,26.33822222222222,68.79688888888889,98.8924,1.0286,0.1427,0.09437973137973543,0.3194516483516483,Kadiogo
2536,2006,26.248666666666665,54.78066666666667,99.0254,-0.7058,-0.763,-0.01335531135530843,-0.6083423076923078,Kadiogo
2536,2007,26.19911111111111,60.181000000000004,96.49600000000001,-0.4484,-1.0619999999999998,-0.08109035409034959,-0.9294362637362636,Kadiogo
2536,2008,26.113666666666667,62.92988888888889,98.6288,0.5394,0.35019999999999996,-0.18471428571428206,0.4606697802197801,Kadiogo
2536,2009,26.683555555555554,74.40333333333334,99.8102,0.8566,0.10439999999999999,0.3669951159951168,0.19277582417582412,Kadiogo
2536,2010,26.449333333333335,64.319,99.474,0.6536,0.8534999999999999,0.11459340659341066,0.919781868131868,Kadiogo
2536,2011,26.71388888888889,55.08233333333333,98.5698,-0.2862,-0.2764,0.36096947496947607,-0.23221208791208792,Kadiogo
2536,2012,26.17088888888889,80.76255555555555,99.491,1.8166,0.006200000000000001,-0.20021001221000745,0.028293956043956035,Kadiogo
2536,2013,26.22588888888889,63.18066666666667,98.5038,-0.1954,-0.057,-0.16338949938949554,-0.057,Kadiogo
2536,2014,26.439333333333334,65.32544444444444,99.57939999999999,0.1898,0.0738,0.03187545787546142,0.05170604395604397,Kadiogo
2536,2015,26.540666666666667,73.73344444444444,99.76599999999999,1.067,-0.4377,0.11502930402930645,-0.48188791208791204,Kadiogo
2536,2016,26.398222222222223,77.54599999999999,99.5802,1.7462,0.6020000000000001,-0.045594627594624626,0.535718131868132,Kadiogo
2536,2017,26.727999999999998,50.04666666666667,99.2198,-1.0574,1.0086,0.2660036630036622,0.9202241758241758,Kadiogo
2536,2018,26.57,68.95788888888889,99.4692,0.5198,-0.24559999999999998,0.08982417582418023,-0.35606978021978014,Kadiogo
2536,2019,26.692555555555558,63.267222222222216,99.14959999999999,0.4532,-0.0857,0.19420024420024973,-0.2182637362637362,Kadiogo
2536,2020,26.39522222222222,78.08577777777778,98.018,1.184,-0.7756000000000001,-0.12131257631257597,-0.9302576923076923,Kadiogo
2536,2021,26.639444444444443,62.896666666666675,98.7882,0.534,1.0229,0.10473015873015967,0.8461483516483517,Kadiogo
2536,2022,26.159222222222223,73.13422222222222,99.791,1.1244,0.789,-0.3936715506715487,0.5901543956043958,Kadiogo
2536,2023,26.999777777777776,62.96688888888889,98.8364,0.479,0.12840000000000001,0.42870451770451723,-0.09253956043956033,Kadiogo
2536,2024,26.49377777777778,70.596,98.6778,0.324,-0.4092,-0.09547496947496725,-0.6522335164835164,Kadiogo
2536,2025,26.04222222222222,76.54255555555557,99.5288,0.9516,-0.5952999999999999,-0.5652100122100094,-0.8604274725274723,Kadiogo
2536,2026,27.525714285714287,59.89114285714286,96.13100000000001,-0.8806666666666666,-0.7818333333333334,0.9001025641025677,-1.069054761904762,Kadiogo
2537,1989,25.36888888888889,76.64644444444444,,1.6616,,-0.29837142857142496,,Boulgou
2537,1990,25.867444444444445,52.119,,-0.9124000000000001,,0.1800285714285721,,Boulgou
2537,1991,25.76822222222222,53.76833333333333,98.5586,-0.354,,0.060650793650793844,,Boulgou
2537,1992,25.452111111111112,63.524888888888896,98.88820000000001,0.0632,,-0.27561587301586954,,Boulgou
2537,1993,25.87411111111111,58.51288888888889,97.8678,-0.38,,0.12622857142856958,,Boulgou
2537,1994,25.663888888888888,88.38133333333333,98.1966,1.339,,-0.10414920634920577,,Boulgou
2537,1995,25.911555555555555,61.05144444444444,98.013,-0.030600000000000006,,0.12336190476190723,,Boulgou
2537,1996,25.826222222222224,57.387555555555565,98.9358,-0.34199999999999997,,0.01787301587301826,,Boulgou
2537,1997,26.439,43.538777777777774,98.7696,-1.9891999999999999,,0.6104952380952398,,Boulgou
2537,1998,25.890333333333334,70.12888888888888,99.2438,0.011799999999999988,,0.041673015873019637,,Boulgou
2537,1999,25.253777777777778,68.88877777777778,99.0394,0.19740000000000002,,-0.6150380952380949,,Boulgou
2537,2000,25.944000000000003,46.489222222222224,98.6054,-1.1132,,0.055028571428575646,,Boulgou
2537,2001,25.928,55.61188888888889,98.7662,-0.743,-0.21220000000000003,0.018873015873019483,-0.4492,Boulgou
2537,2002,26.16,50.52911111111111,92.1736,-1.7788,-1.2707,0.23071746031746088,-1.4879499999999999,Boulgou
2537,2003,25.79188888888889,74.04355555555556,99.016,0.8674,0.023000000000000007,-0.1575492063492021,-0.17449999999999993,Boulgou
2537,2004,25.919333333333334,62.072333333333326,98.79679999999999,0.011,1.2839,-0.05026031746031734,1.10615,Boulgou
2537,2005,26.036444444444445,65.29844444444444,98.779,0.2258,0.7088,0.04669523809523923,0.5508,Boulgou
2537,2006,25.895666666666667,60.409666666666666,98.08279999999999,-0.42780000000000007,-0.29790000000000005,-0.11423809523809325,-0.43615000000000004,Boulgou
2537,2007,25.855222222222224,76.58244444444443,94.1652,0.975,0.1392,-0.17483809523809413,0.02070000000000001,Boulgou
2537,2008,25.926111111111112,69.08566666666667,93.9712,0.5664,0.2701,-0.12410476190476061,0.17135000000000003,Boulgou
2537,2009,26.296333333333333,70.89955555555555,98.8872,0.8555999999999999,0.7165999999999999,0.22596190476190614,0.6376,Boulgou
2537,2010,26.121111111111112,72.19344444444444,99.7442,1.0006,0.4841,0.03058412698412738,0.42485,Boulgou
2537,2011,26.38188888888889,67.33422222222221,98.8498,0.3486,0.0022000000000000006,0.2712063492063521,-0.03729999999999999,Boulgou
2537,2012,25.817444444444444,69.52,99.2256,0.24180000000000001,-0.07450000000000001,-0.31339365079364967,-0.09425,Boulgou
2537,2013,26.034888888888887,59.81033333333333,95.819,-0.702,0.25980000000000003,-0.11610476190476504,0.25980000000000003,Boulgou
2537,2014,26.339777777777776,60.053444444444445,97.2758,-0.6722,0.1552,0.16862857142857024,0.17495,Boulgou
2537,2015,26.408555555555555,83.569,93.8014,1.225,-1.2513999999999998,0.21725079365079125,-1.2118999999999998,Boulgou
2537,2016,26.272111111111112,70.40533333333333,99.42280000000001,0.6338,0.4247,0.060650793650793844,0.48395,Boulgou
2537,2017,26.47188888888889,45.56133333333334,99.2058,-1.0315999999999999,0.5586,0.24027301587301864,0.6376,Boulgou
2537,2018,26.20988888888889,70.72422222222222,97.8342,0.3632,-0.4156,-0.04188253968253974,-0.3168500000000001,Boulgou
2537,2019,26.394666666666666,66.855,99.5104,0.6982,0.1413,0.12273968253968093,0.2598,Boulgou
2537,2020,26.099666666666664,79.84566666666666,97.86359999999999,0.7966,-0.8226,-0.19241587301587515,-0.68435,Boulgou
2537,2021,26.379,65.55877777777778,98.7252,0.6092000000000001,-0.3692,0.06676190476190413,-0.2112,Boulgou
2537,2022,25.994444444444444,65.54977777777778,99.3956,0.144,-0.5248,-0.337949206349208,-0.3470500000000001,Boulgou
2537,2023,26.701222222222224,73.15744444444445,96.7028,0.728,0.053099999999999994,0.34867301587301824,0.25059999999999993,Boulgou
2537,2024,26.44022222222222,67.60066666666665,99.4574,0.29779999999999995,-0.20379999999999998,0.06751746031745753,0.01344999999999999,Boulgou
2537,2025,25.858555555555554,69.66055555555555,98.0808,0.12520000000000003,-0.19840000000000002,-0.5343047619047638,0.03859999999999994,Boulgou
2537,2026,27.172714285714285,66.57928571428572,98.281,-0.08766666666666667,-0.29566666666666663,0.7596984126984125,-0.038916666666666655,Boulgou
2538,1989,25.37822222222222,76.32255555555555,,0.9972,,-0.2364595238095184,,Koulpelogo
2538,1990,25.83688888888889,52.66466666666666,,-0.9606,,0.20151269841270647,,Koulpelogo
2538,1991,25.68122222222222,54.205444444444446,98.867,-0.25739999999999996,,0.02515158730159328,,Koulpelogo
2538,1992,25.407555555555557,62.534555555555556,98.7542,-0.16699999999999998,,-0.2692095238095149,,Koulpelogo
2538,1993,25.804333333333332,64.92855555555555,93.043,-0.1608,,0.10687380952381531,,Koulpelogo
2538,1994,25.606,83.75611111111111,99.0474,1.2968,,-0.11215396825395985,,Koulpelogo
2538,1995,25.836555555555556,72.92733333333334,94.648,0.7786,,0.09770714285714988,,Koulpelogo
2538,1996,25.741777777777777,60.31866666666667,98.78540000000001,-0.2734,,-0.017765079365073433,,Koulpelogo
2538,1997,26.400666666666666,45.492777777777775,98.9144,-1.9676000000000002,,0.6204293650793709,,Koulpelogo
2538,1998,25.84788888888889,82.68822222222222,99.727,0.7456,,0.04695714285714914,,Koulpelogo
2538,1999,25.215111111111113,82.96155555555555,96.9006,0.9550000000000001,,-0.6065150793650709,,Koulpelogo
2538,2000,25.86077777777778,56.855222222222224,98.6748,-0.4614,,0.01845714285715161,,Koulpelogo
2538,2001,25.91488888888889,60.24066666666666,99.4482,-0.4588,0.12290000000000002,0.051873809523815595,-0.009416483516483429,Koulpelogo
2538,2002,26.147444444444446,52.72866666666667,88.5236,-1.9274,-1.0206,0.26373492063492776,-1.1418901098901098,Koulpelogo
2538,2003,25.723555555555556,77.47566666666667,98.696,0.869,0.13520000000000001,-0.18084841269840624,0.024936263736263786,Koulpelogo
2538,2004,25.951222222222224,67.84811111111111,99.08879999999999,0.1392,0.9221,0.026123809523816988,0.8228626373626374,Koulpelogo
2538,2005,25.892777777777777,69.51522222222222,98.8356,0.3792,1.0866,-0.05301507936507477,0.998389010989011,Koulpelogo
2538,2006,25.894222222222222,61.90288888888889,97.659,-0.7902,-0.2621,-0.07226507936507431,-0.33928461538461535,Koulpelogo
2538,2007,25.888222222222222,78.67555555555556,97.1822,1.1234,-0.2539,-0.09895952380951911,-0.3200582417582417,Koulpelogo
2538,2008,25.78588888888889,71.46211111111111,95.056,0.5568,0.7722,-0.22198730158729418,0.7170681318681319,Koulpelogo
2538,2009,26.25322222222222,74.3971111111111,98.562,1.0952,0.43199999999999994,0.22465158730159018,0.38789450549450544,Koulpelogo
2538,2010,26.053555555555555,69.9538888888889,99.7594,0.34640000000000004,0.3855,0.004290476190480064,0.35242087912087916,Koulpelogo
2538,2011,26.416444444444444,70.84977777777777,98.8208,0.40700000000000003,-0.4936,0.346484920634925,-0.5156527472527472,Koulpelogo
2538,2012,25.749222222222222,63.30366666666666,98.9988,-0.4232,0.30670000000000003,-0.3414317460317413,0.29567362637362643,Koulpelogo
2538,2013,25.999777777777776,60.405666666666676,97.5538,-0.7884,0.2407,-0.11157063492063202,0.2407,Koulpelogo
2538,2014,26.302777777777777,58.788444444444444,96.3314,-1.3198,0.17570000000000002,0.17073492063492424,0.18672637362637365,Koulpelogo
2538,2015,26.35511111111111,82.38644444444445,91.7544,0.8703999999999998,-1.1099999999999999,0.202373809523813,-1.0879472527472527,Koulpelogo
2538,2016,26.380666666666666,66.77233333333334,98.97659999999999,0.011800000000000001,-0.5688,0.20723492063492444,-0.5357208791208791,Koulpelogo
2538,2017,26.35888888888889,52.175222222222224,99.39880000000001,-0.5748,0.9272,0.16476269841270508,0.9713054945054945,Koulpelogo
2538,2018,26.16488888888889,71.10977777777777,97.2906,0.2158,-0.0995,-0.04993174603174211,-0.04436813186813189,Koulpelogo
2538,2019,26.336222222222222,68.37633333333333,99.25160000000001,0.5076,0.061200000000000004,0.10070714285714644,0.12735824175824173,Koulpelogo
2538,2020,26.02911111111111,80.16677777777778,98.15639999999999,0.6514,-0.4065,-0.22709841269841036,-0.3293153846153846,Koulpelogo
2538,2021,26.38377777777778,65.74977777777777,98.6986,0.3938,-0.7333000000000001,0.10687380952381531,-0.6450890109890111,Koulpelogo
2538,2022,25.947666666666667,66.75888888888889,99.1162,-0.1042,-0.45719999999999994,-0.3499317460317428,-0.35796263736263734,Koulpelogo
2538,2023,26.58811111111111,76.86044444444445,94.3634,0.4692,0.3798,0.269818253968257,0.4900637362637362,Koulpelogo
2538,2024,26.436444444444444,61.99444444444445,99.1694,-0.3788,0.49760000000000004,0.09745714285714513,0.6188901098901098,Koulpelogo
2538,2025,25.919666666666664,64.044,93.25999999999999,-0.772,0.8052,-0.4400150793650788,0.9375164835164835,Koulpelogo
2538,2026,26.913999999999998,71.17742857142858,98.779,0.15533333333333335,1.5775000000000001,0.5336238095238102,1.7208428571428571,Koulpelogo
2539,1989,25.853444444444442,73.35933333333334,,1.7207999999999999,,-0.3386074074074088,,Kouritenga
2539,1990,26.36311111111111,46.26777777777778,,-1.153,,0.1551333333333318,,Kouritenga
2539,1991,26.332555555555555,46.21311111111111,97.7702,-0.8018000000000001,,0.10865185185184956,,Kouritenga
2539,1992,25.923333333333332,59.352000000000004,98.9926,0.13140000000000002,,-0.3164962962962967,,Kouritenga
2539,1993,26.319333333333333,54.05255555555556,99.7406,-0.40099999999999997,,0.06357777777777684,,Kouritenga
2539,1994,25.91322222222222,89.6861111111111,99.921,1.9009999999999998,,-0.3584592592592628,,Kouritenga
2539,1995,26.421222222222223,57.73444444444445,99.5736,0.1328,,0.13361481481481619,,Kouritenga
2539,1996,26.415444444444447,54.74911111111111,99.3344,-0.44560000000000005,,0.1119111111111124,,Kouritenga
2539,1997,26.878,39.68566666666666,98.6726,-2.2350000000000003,,0.5585407407407388,,Kouritenga
2539,1998,26.31277777777778,60.06966666666666,99.81700000000001,-0.1508,,-0.0226074074074063,,Kouritenga
2539,1999,25.750444444444444,63.36811111111111,99.9438,0.17980000000000002,,-0.6008666666666684,,Kouritenga
2539,2000,26.417555555555555,41.69088888888889,99.1064,-1.21,,0.05031851851851599,,Kouritenga
2539,2001,26.541222222222224,53.568999999999996,99.8408,-0.5866,-1.0276999999999998,0.1580592592592609,-1.4376954545454543,Kouritenga
2539,2002,26.774555555555555,50.50666666666667,99.62039999999999,-1.1204,-1.2487,0.3754666666666644,-1.6245291666666666,Kouritenga
2539,2003,26.17211111111111,62.83444444444444,99.7166,0.4244,0.40690000000000004,-0.24290370370370695,0.06523712121212122,Kouritenga
2539,2004,26.365555555555556,53.47711111111111,99.1304,-0.62,1.1108,-0.06538518518518543,0.803303409090909,Kouritenga
2539,2005,26.511777777777777,65.07544444444444,99.37,0.6994,0.6211,0.06491111111110826,0.34776969696969695,Kouritenga
2539,2006,26.438222222222223,55.16266666666667,99.75739999999999,-0.4952,-0.5364,-0.02457037037037324,-0.7755640151515151,Kouritenga
2539,2007,26.34911111111111,62.218444444444444,98.1886,0.1634,0.036300000000000006,-0.12960740740740917,-0.16869772727272728,Kouritenga
2539,2008,26.406777777777776,68.40955555555554,98.658,1.0013999999999998,0.5864,-0.08786666666667031,0.4155685606060606,Kouritenga
2539,2009,26.81877777777778,71.12700000000001,99.9108,1.1263999999999998,0.4481,0.30820740740740504,0.3114348484848485,Kouritenga
2539,2010,26.59588888888889,62.37277777777778,99.9448,0.5998,0.4168,0.06939259259259245,0.3143011363636364,Kouritenga
2539,2011,26.77433333333333,59.081444444444436,99.3862,0.1924,-0.1283,0.2319111111111063,-0.19663257575757576,Kouritenga
2539,2012,26.258,67.63677777777778,99.84479999999999,0.6002000000000001,0.1777,-0.3003481481481529,0.14353371212121213,Kouritenga
2539,2013,26.418777777777777,57.60866666666667,99.021,-0.1186,-0.5419,-0.1554962962962989,-0.5419,Kouritenga
2539,2014,26.699666666666666,61.28655555555555,99.743,-0.23700000000000002,-0.3629,0.1094666666666626,-0.3287337121212121,Kouritenga
2539,2015,26.747555555555557,72.04655555555556,99.1242,0.6618,-1.2849,0.14142962962962713,-1.2165674242424243,Kouritenga
2539,2016,26.691444444444446,71.539,99.7556,1.2384,1.0482,0.06939259259259245,1.1506988636363638,Kouritenga
2539,2017,26.90588888888889,42.99111111111111,99.332,-1.0486,0.8327,0.26791111111110766,0.9693651515151516,Kouritenga
2539,2018,26.611555555555555,62.20388888888889,98.5762,-0.10640000000000001,-0.4276,-0.0423481481481538,-0.25676856060606057,Kouritenga
2539,2019,26.880000000000003,65.14888888888889,99.3694,1.0859999999999999,0.261,0.21017037037037056,0.46599772727272726,Kouritenga
2539,2020,26.481444444444445,73.79922222222223,99.7158,0.8772,-0.1691,-0.20431111111111377,0.07006401515151514,Kouritenga
2539,2021,26.772666666666666,66.20533333333333,98.9448,0.9629999999999999,0.03960000000000001,0.07098518518517949,0.31293030303030306,Kouritenga
2539,2022,26.36188888888889,68.34633333333333,99.7774,0.5778000000000001,-1.1144,-0.3557185185185219,-0.8069034090909091,Kouritenga
2539,2023,27.13133333333333,62.58588888888889,98.97560000000001,0.2434,-0.2793,0.39779999999999305,0.06236287878787883,Kouritenga
2539,2024,26.74511111111111,66.90955555555556,99.9204,0.5327999999999999,-0.4609,-0.004348148148153541,-0.08507083333333332,Kouritenga
2539,2025,26.174999999999997,71.13833333333334,99.727,0.43099999999999994,-1.0681,-0.5903851851851911,-0.6581045454545456,Kouritenga
2539,2026,27.347571428571428,56.56914285714286,97.93233333333335,-0.977,-1.1448333333333331,0.566260317460312,-0.7006715909090907,Kouritenga
2540,1989,26.652,50.71622222222223,,-0.24100000000000002,,-0.40754550264550105,,Bam
2540,1990,27.37511111111111,36.906555555555556,,-1.9823999999999997,,0.3058063492063461,,Bam
2540,1991,27.191333333333333,48.361666666666665,97.4376,0.28440000000000004,,0.11226931216931035,,Bam
2540,1992,26.76488888888889,49.33566666666666,98.8262,-0.1638,,-0.3239343915343902,,Bam
2540,1993,27.244444444444444,44.504888888888885,98.5484,-0.9858,,0.14586190476190453,,Bam
2540,1994,26.545555555555556,63.35677777777778,99.7456,1.189,,-0.5627862433862454,,Bam
2540,1995,27.15911111111111,38.90711111111111,98.0026,-1.2376,,0.041010052910049666,,Bam
2540,1996,27.194888888888887,50.57888888888888,98.3928,-0.7174,,0.067028571428569,,Bam
2540,1997,27.602999999999998,43.82544444444444,97.80940000000001,-0.9189999999999999,,0.46538042328042195,,Bam
2540,1998,26.99811111111111,51.00311111111111,99.84100000000001,-0.004200000000000005,,-0.14926772486772322,,Bam
2540,1999,26.235444444444443,58.724333333333334,99.7876,0.6624,,-0.9216936507936531,,Bam
2540,2000,27.34288888888889,42.602555555555554,98.6392,-0.9632,,0.17599153439153525,,Bam
2540,2001,27.119777777777777,48.17966666666666,98.28240000000001,0.0932,0.6039,-0.056878835978835696,1.081275,Bam
2540,2002,27.84711111111111,41.641444444444446,96.98179999999999,-1.252,-0.8184,0.66069523809524,-0.38080625000000007,Bam
2540,2003,26.674555555555557,59.04288888888888,99.72919999999999,0.9064,0.855,-0.5216195767195764,1.2528124999999999,Bam
2540,2004,27.31588888888889,44.12588888888889,98.0204,-1.0390000000000001,-0.1221,0.10995449735449725,0.23593124999999998,Bam
2540,2005,27.251555555555555,52.29855555555556,98.2628,0.5176000000000001,0.7879,0.035861904761905095,1.10615,Bam
2540,2006,27.24088888888889,47.11,99.1674,-0.5658000000000001,-0.8076000000000001,0.015435978835977693,-0.52913125,Bam
2540,2007,27.074555555555555,51.36366666666666,98.95340000000002,-0.06139999999999999,0.048299999999999996,-0.16065661375661477,0.2869875,Bam
2540,2008,27.159222222222223,56.056666666666665,99.1618,0.813,0.5632999999999999,-0.08574920634920602,0.7622062499999999,Bam
2540,2009,27.561555555555557,61.27622222222222,99.8712,0.9186,-0.1981,0.3068248677248704,-0.03897500000000001,Bam
2540,2010,27.248222222222225,56.16822222222223,99.4692,0.659,-0.47740000000000005,-0.016267724867720545,-0.3580562500000001,Bam
2540,2011,27.916,51.04377777777778,99.0648,0.4288,-0.4184,0.6417507936507931,-0.3388375,Bam
2540,2012,26.86866666666667,69.52122222222222,99.79459999999999,2.1998,0.6716,-0.415341798941796,0.71138125,Bam
2540,2013,27.23688888888889,46.37911111111111,99.0316,-0.7034,-0.5025,-0.056878835978835696,-0.5025,Bam
2540,2014,27.686444444444444,48.858,99.1836,-0.4542,0.1311,0.38291746031746143,0.09131875,Bam
2540,2015,27.25788888888889,54.892222222222216,99.6618,0.2532,-0.7787,-0.05539735449735517,-0.8582624999999999,Bam
2540,2016,27.398333333333333,64.137,99.2518,1.5384,-0.0461,0.07528783068783085,-0.16544375,Bam
2540,2017,27.406444444444443,50.114555555555555,99.0506,0.0716,0.1164,0.07363968253968167,-0.042724999999999985,Bam
2540,2018,27.334666666666667,59.845,99.8116,0.7814,-0.02959999999999999,-0.007897354497355735,-0.22850624999999997,Bam
2540,2019,27.676000000000002,53.35333333333333,98.7536,0.2968,-0.8682000000000001,0.32367671957672073,-1.1068875,Bam
2540,2020,27.16288888888889,62.812555555555555,99.37339999999999,1.116,0.1839,-0.19919365079364937,-0.09456874999999998,Bam
2540,2021,27.746444444444442,43.190777777777775,97.8698,-0.8997999999999999,0.6604,0.37460264550264455,0.34215,Bam
2540,2022,26.980555555555554,60.14355555555556,99.8886,1.0086,0.1314,-0.40104550264550554,-0.22663124999999998,Bam
2540,2023,27.97611111111111,51.599000000000004,98.813,0.30619999999999997,1.2026,0.584750793650791,0.8047875,Bam
2540,2024,27.14611111111111,53.712,99.639,-0.0412,1.5884,-0.2550084656084657,1.15080625,Bam
2540,2025,27.007555555555555,60.64,99.2962,0.8413999999999999,2.7459,-0.4033232804232796,2.268525,Bam
2540,2026,28.516285714285715,50.44385714285715,97.67866666666667,-0.9756666666666667,1.2988333333333333,1.0956476190476216,0.7816770833333333,Bam
2541,1989,26.589777777777776,53.97877777777777,,0.179,,-0.5021660894660904,,Namentenga
2541,1990,27.301333333333332,40.75911111111111,,-1.376,,0.19748542568542504,,Namentenga
2541,1991,27.25877777777778,44.99077777777777,95.4644,-0.3142,,0.14302582972583266,,Namentenga
2541,1992,26.751777777777775,50.57,98.02799999999999,-0.0932,,-0.3758782106782128,,Namentenga
2541,1993,27.286555555555555,47.45911111111111,98.46279999999999,-0.7288,,0.14699552669552673,,Namentenga
2541,1994,26.548777777777776,67.00277777777778,99.6832,1.2147999999999999,,-0.6026862914862932,,Namentenga
2541,1995,27.177666666666667,48.10055555555555,98.62100000000001,0.23679999999999998,,0.014298556998557643,,Namentenga
2541,1996,27.342111111111112,47.894222222222226,97.67999999999999,-0.8240000000000001,,0.16683896103896245,,Namentenga
2541,1997,27.625,41.91544444444444,97.20259999999999,-1.7117999999999998,,0.4378238095238096,,Namentenga
2541,1998,27.019666666666666,55.223555555555556,99.4996,0.36419999999999997,,-0.17941356421356502,,Namentenga
2541,1999,26.461555555555556,60.63933333333333,99.6404,0.2904,,-0.7494287157287154,,Namentenga
2541,2000,27.274555555555555,37.99444444444444,96.4768,-1.5208,,0.05166724386724297,,Namentenga
2541,2001,27.363666666666667,47.031888888888886,98.793,-0.4242,-0.30410000000000004,0.12887431457431475,0.19984000000000002,Namentenga
2541,2002,27.809444444444445,46.97288888888889,98.78020000000001,-0.7615999999999999,-1.4603000000000002,0.5627480519480521,-0.9983550000000001,Namentenga
2541,2003,26.804666666666666,60.870888888888885,99.6836,1.3562,1.3552,-0.45393376623376724,1.77515,Namentenga
2541,2004,27.409666666666666,44.863,97.3702,-1.2664,0.0342,0.1391621933621927,0.41215500000000005,Namentenga
2541,2005,27.450555555555557,58.239999999999995,98.84400000000001,1.1452,0.7501,0.16814704184704254,1.08606,Namentenga
2541,2006,27.397555555555556,48.86088888888889,98.9676,-0.3296,-0.6333,0.10324300144300125,-0.33933499999999994,Namentenga
2541,2007,27.192333333333334,52.14111111111111,98.69739999999999,-0.22759999999999997,-0.11910000000000001,-0.1138832611832612,0.13287000000000002,Namentenga
2541,2008,27.262777777777778,52.44177777777778,99.1096,0.4016,0.8371000000000001,-0.05534285714285758,1.047075,Namentenga
2541,2009,27.66177777777778,60.03088888888889,99.2982,0.6116,-0.8916,0.33175310245310285,-0.7236199999999999,Namentenga
2541,2010,27.498333333333335,53.15,99.43820000000001,0.1476,0.38400000000000006,0.15640461760461832,0.5099850000000001,Namentenga
2541,2011,27.74088888888889,52.476444444444446,98.6262,0.49400000000000005,-0.7257,0.3870561327561326,-0.64171,Namentenga
2541,2012,26.933666666666667,62.844,99.45439999999999,1.3462,0.598,-0.43207012987013016,0.639995,Namentenga
2541,2013,27.21588888888889,50.18766666666667,97.765,-0.091,0.1356,-0.16175194805194693,0.1356,Namentenga
2541,2014,27.681444444444445,55.10766666666667,99.2452,-0.278,-0.7315,0.2918995670995663,-0.773495,Namentenga
2541,2015,27.471777777777778,62.593444444444444,99.7376,0.8928,-0.5321,0.07032886002885874,-0.61609,Namentenga
2541,2016,27.414,65.533,99.3846,1.4964,0.0419,0.000647041847042118,-0.08408500000000002,Namentenga
2541,2017,27.508666666666667,41.47677777777778,98.3874,-0.859,0.5882000000000001,0.08340966810966677,0.42022000000000004,Namentenga
2541,2018,27.326666666666668,58.63755555555555,99.62100000000001,0.6534,-0.1407,-0.11049437229437231,-0.350675,Namentenga
2541,2019,27.79211111111111,56.04077777777778,98.0776,0.8374,-0.35429999999999995,0.3430460317460309,-0.60627,Namentenga
2541,2020,27.281555555555556,69.29422222222223,99.2884,1.7022,-0.1002,-0.17941356421356502,-0.39416500000000004,Namentenga
2541,2021,27.662555555555556,57.30811111111112,98.0774,0.7064,0.5267000000000001,0.18968239538239473,0.19074000000000002,Namentenga
2541,2022,27.116777777777777,58.855333333333334,99.76140000000001,0.4614,-0.13,-0.367999422799425,-0.507955,Namentenga
2541,2023,27.983444444444444,53.495,98.4572,0.19340000000000002,0.8858999999999999,0.4867632034632017,0.46594999999999986,Namentenga
2541,2024,27.340222222222224,65.71088888888889,99.495,0.9732,1.3683,-0.1683630591630596,0.906355,Namentenga
2541,2025,27.067333333333334,64.755,99.436,0.7817999999999999,1.2792999999999999,-0.4531559884559897,0.7753599999999998,Namentenga
2541,2026,28.402285714285714,44.425285714285714,92.45366666666666,-1.4803333333333333,0.6639999999999999,0.86989235209235,0.11806499999999986,Namentenga
2542,1989,26.490666666666666,55.538444444444444,,0.3068,,-0.5089792429792439,,Sanmatenga
2542,1990,27.27077777777778,42.169333333333334,,-1.2718,,0.2598241758241784,,Sanmatenga
2542,1991,27.14177777777778,43.43688888888889,95.8202,-0.43439999999999995,,0.11951648351648458,,Sanmatenga
2542,1992,26.703111111111113,49.004222222222225,98.3344,-0.4566,,-0.3304578754578742,,Sanmatenga
2542,1993,27.173444444444446,49.51822222222222,99.0488,-0.41079999999999994,,0.12856776556776595,,Sanmatenga
2542,1994,26.49388888888889,68.00155555555556,99.6562,1.5054,,-0.5622954822954824,,Sanmatenga
2542,1995,27.087777777777777,44.65511111111111,98.8514,-0.396,,0.020285714285712686,,Sanmatenga
2542,1996,27.210333333333335,47.790333333333336,98.32719999999999,-1.076,,0.13153357753357753,,Sanmatenga
2542,1997,27.485444444444443,40.93522222222222,97.0104,-1.7518,,0.3953369963369937,,Sanmatenga
2542,1998,26.924666666666667,52.958222222222226,99.6138,-0.128,,-0.17674847374847502,,Sanmatenga
2542,1999,26.295222222222222,63.33211111111112,99.80539999999999,0.7133999999999999,,-0.8175006105006126,,Sanmatenga
2542,2000,27.168444444444443,45.873111111111115,98.2002,-0.562,,0.04441391941391615,,Sanmatenga
2542,2001,27.173777777777776,46.25111111111111,98.63680000000001,-0.3584,-0.062200000000000005,0.03843956043955643,0.41884999999999994,Sanmatenga
2542,2002,27.686777777777777,46.058,98.5026,-0.7294,-0.6936,0.5401318681318692,-0.2526375,Sanmatenga
2542,2003,26.709222222222223,61.50566666666667,99.718,1.4278,1.4005,-0.44873137973137744,1.8013750000000002,Sanmatenga
2542,2004,27.395444444444443,44.851,97.8202,-1.2142,-0.2152,0.22618315018315016,0.14558749999999998,Sanmatenga
2542,2005,27.374,58.68111111111111,98.5942,0.9718,0.33540000000000003,0.1934310134310131,0.6561,Sanmatenga
2542,2006,27.26511111111111,49.04388888888889,98.973,-0.43899999999999995,-0.7645,0.07323443223443249,-0.48388749999999997,Sanmatenga
2542,2007,27.11077777777778,49.75444444444444,98.5728,-0.6046,-0.2686,-0.09240659340659008,-0.028075000000000017,Sanmatenga
2542,2008,27.127111111111113,54.745444444444445,99.3218,0.47620000000000007,0.5532,-0.08738095238095056,0.7536375,Sanmatenga
2542,2009,27.560444444444443,63.112,99.76520000000001,0.7346,-0.7699,0.334644688644687,-0.60955,Sanmatenga
2542,2010,27.372777777777777,56.825,99.596,0.621,0.3205,0.13567032967032944,0.4407625,Sanmatenga
2542,2011,27.71411111111111,53.167,99.00019999999999,0.5801999999999999,-0.8478,0.46569597069596824,-0.767625,Sanmatenga
2542,2012,26.880222222222223,66.84,99.663,1.7323999999999997,0.5393,-0.37950061050061024,0.5793874999999999,Sanmatenga
2542,2013,27.111444444444444,47.46933333333333,98.5074,-0.7044,0.0547,-0.15958608058608093,0.0547,Sanmatenga
2542,2014,27.678222222222225,52.65511111111111,99.34360000000001,-0.4284,-0.2768,0.39588400488400666,-0.3168875,Sanmatenga
2542,2015,27.283666666666665,61.02411111111111,99.6286,0.648,-0.529,-0.009979242979241576,-0.609175,Sanmatenga
2542,2016,27.259444444444444,66.76666666666667,99.54159999999999,1.5168,-0.0173,-0.045509157509155074,-0.1375625,Sanmatenga
2542,2017,27.351444444444446,42.89488888888889,98.73740000000001,-0.8892,0.2148,0.035183150183154766,0.05445,Sanmatenga
2542,2018,27.26311111111111,59.64766666666666,99.6876,0.6266,-0.3756999999999999,-0.0644578754578724,-0.5761375,Sanmatenga
2542,2019,27.696,57.031666666666666,98.5324,0.6477999999999999,-0.5769,0.3571233211233249,-0.817425,Sanmatenga
2542,2020,27.179111111111112,66.72511111111112,99.3462,1.347,-0.09670000000000001,-0.17107326007325696,-0.3773125,Sanmatenga
2542,2021,27.608666666666668,52.432,98.4842,0.0934,1.0178,0.2471746031746065,0.6971,Sanmatenga
2542,2022,26.946,59.76877777777778,99.8542,0.6900000000000001,0.2575,-0.4267997557997525,-0.10328749999999998,Sanmatenga
2542,2023,27.86188888888889,51.787333333333336,98.62219999999999,-0.004599999999999993,0.9712999999999999,0.4777814407814418,0.570425,Sanmatenga
2542,2024,27.18711111111111,61.97566666666666,99.4726,0.5142,1.1824,-0.2083040293040277,0.7414375,Sanmatenga
2542,2025,27.02722222222222,62.90466666666667,99.4106,0.6676,1.4121,-0.37950061050061024,0.9310499999999999,Sanmatenga
2542,2026,28.418857142857142,47.22642857142857,95.43366666666667,-1.2833333333333332,0.1728333333333333,1.0008266178266183,-0.34830416666666675,Sanmatenga
2543,1989,25.477333333333334,63.28022222222223,,0.2278,,-0.28871975308642206,,Boulkiemde
2543,1990,25.954,50.92966666666667,,-1.3034,,0.16875555555555266,,Boulkiemde
2543,1991,25.904999999999998,54.669444444444444,97.8264,-0.34219999999999995,,0.10056419753085777,,Boulkiemde
2543,1992,25.573666666666668,64.64633333333333,98.8418,0.6712,,-0.2499604938271638,,Boulkiemde
2543,1993,25.930555555555557,57.61966666666667,99.2302,-0.6688,,0.08773703703703717,,Boulkiemde
2543,1994,25.61888888888889,80.89388888888888,99.6948,1.7286000000000001,,-0.2431209876543221,,Boulkiemde
2543,1995,25.971555555555554,56.48244444444444,99.3786,-0.1626,,0.09035432098765028,,Boulkiemde
2543,1996,25.944888888888887,57.720444444444446,98.6982,-0.9339999999999999,,0.04449629629629115,,Boulkiemde
2543,1997,26.337777777777777,48.51277777777778,98.7086,-1.4620000000000002,,0.4181938271604899,,Boulkiemde
2543,1998,25.843333333333334,60.78477777777778,99.54679999999999,-0.5602,,-0.09544197530864551,,Boulkiemde
2543,1999,25.269333333333336,78.12622222222222,99.85600000000001,1.1818,,-0.6886333333333354,,Boulkiemde
2543,2000,26.052333333333333,50.15844444444444,97.9926,-0.7062,,0.07517530864197397,,Boulkiemde
2543,2001,26.022555555555556,57.20011111111111,99.6312,-0.362,-0.4287,0.02620617283950466,-0.10280000000000006,Boulkiemde
2543,2002,26.380777777777777,53.483333333333334,99.4456,-1.397,-0.9802,0.3652370370370335,-0.6814583333333333,Boulkiemde
2543,2003,25.779666666666667,66.67522222222222,99.7252,0.8859999999999999,1.2032,-0.25506543209876753,1.4747833333333333,Boulkiemde
2543,2004,26.002111111111113,55.193666666666665,98.1502,-0.51,-0.6411,-0.05181234567901427,-0.396675,Boulkiemde
2543,2005,26.06688888888889,62.01855555555556,98.9342,0.324,0.22460000000000002,-0.006225925925924969,0.4418666666666667,Boulkiemde
2543,2006,26.03511111111111,55.23144444444444,99.5844,-0.8544,-0.5425,-0.05719506172839672,-0.35239166666666666,Boulkiemde
2543,2007,26.089444444444446,60.313,98.714,-0.32599999999999996,-1.5762999999999998,-0.022053086419752788,-1.4133499999999999,Boulkiemde
2543,2008,25.965333333333334,62.153999999999996,99.22819999999999,0.35419999999999996,0.0915,-0.16535555555555703,0.22729166666666667,Boulkiemde
2543,2009,26.481444444444445,77.36744444444444,99.91479999999999,1.0370000000000001,0.2384,0.33156419753086297,0.3470333333333333,Boulkiemde
2543,2010,26.26511111111111,62.987444444444435,99.4704,0.1606,-0.4278,0.0960395061728363,-0.346325,Boulkiemde
2543,2011,26.661555555555555,51.924,98.949,-0.6007999999999999,0.058300000000000005,0.4732925925925926,0.11261666666666667,Boulkiemde
2543,2012,26.017555555555557,80.18344444444443,99.6234,1.8960000000000001,-0.26549999999999996,-0.1898987654320976,-0.23834166666666662,Boulkiemde
2543,2013,26.093777777777778,65.65922222222223,99.4342,-0.1056,0.36219999999999997,-0.13286790123456882,0.36219999999999997,Boulkiemde
2543,2014,26.268777777777775,63.80644444444445,99.8296,0.022,0.18880000000000002,0.022940740740736487,0.16164166666666668,Boulkiemde
2543,2015,26.389,67.97877777777778,99.765,0.5912,-0.31999999999999995,0.12397160493826931,-0.37431666666666663,Boulkiemde
2543,2016,26.325000000000003,76.43622222222223,99.76219999999999,1.6712,1.1120999999999999,0.04078024691358095,1.030625,Boulkiemde
2543,2017,26.642555555555553,54.45411111111111,99.5548,-0.78,0.1059,0.33914444444444314,-0.0027333333333333376,Boulkiemde
2543,2018,26.397777777777776,67.83522222222223,99.8244,0.296,0.3294,0.07517530864197397,0.19360833333333335,Boulkiemde
2543,2019,26.543111111111113,63.26133333333333,99.5526,0.3014,-0.1097,0.20131728395061899,-0.27265,Boulkiemde
2543,2020,26.23911111111111,70.97555555555556,98.9038,0.7121999999999999,-0.1923,-0.12187407407407491,-0.38240833333333335,Boulkiemde
2543,2021,26.442999999999998,63.37622222222222,99.13340000000001,0.5484,0.5005999999999999,0.06282345679012025,0.28333333333333327,Boulkiemde
2543,2022,25.991333333333333,76.98177777777778,99.9088,1.5744,0.8442000000000001,-0.40803456790123604,0.5997750000000001,Boulkiemde
2543,2023,26.86188888888889,61.17277777777778,99.5638,0.2098,0.2635,0.4433296296296305,-0.008083333333333331,Boulkiemde
2543,2024,26.329555555555554,66.08466666666666,99.5484,-0.11080000000000001,-0.9267000000000001,-0.1081950617283951,-1.2254416666666668,Boulkiemde
2543,2025,25.834333333333333,72.54733333333333,99.94239999999999,0.5818,0.015700000000000002,-0.6226086419753081,-0.3102,Boulkiemde
2543,2026,27.375,59.66357142857142,99.597,-0.7273333333333333,-0.7098333333333333,0.8988666666666667,-1.0628916666666666,Boulkiemde
2544,1989,25.477333333333334,66.08377777777778,,0.4648,,-0.2898599647266238,,Sanguie
2544,1990,25.931666666666665,53.13922222222222,,-1.1001999999999998,,0.14393015873016424,,Sanguie
2544,1991,25.922777777777778,58.19533333333334,98.5616,-0.2056,,0.11449805996473472,,Sanguie
2544,1992,25.589333333333332,61.38211111111111,99.4174,0.2338,,-0.23948959435625383,,Sanguie
2544,1993,25.966333333333335,53.89055555555555,98.7136,-1.1905999999999999,,0.11696719576720227,,Sanguie
2544,1994,25.723333333333333,81.60133333333334,99.2948,1.6933999999999998,,-0.14657601410934262,,Sanguie
2544,1995,25.973,54.59366666666667,99.308,-0.48119999999999996,,0.08254744268078085,,Sanguie
2544,1996,25.91922222222222,63.53888888888889,98.773,-0.4024,,0.00822645502645969,,Sanguie
2544,1997,26.319111111111113,50.44288888888889,99.05940000000001,-1.1518000000000002,,0.3875721340388054,,Sanguie
2544,1998,25.89888888888889,62.223111111111116,98.8892,-0.4204,,-0.053193298059959204,,Sanguie
2544,1999,25.262,82.97800000000001,99.70360000000001,1.6976,,-0.7106253968253924,,Sanguie
2544,2000,26.03811111111111,50.767,99.22,-0.8778,,0.04494250440917469,,Sanguie
2544,2001,26.045333333333332,58.477666666666664,99.5678,-0.1508,0.28750000000000003,0.031621516754853474,0.35078531468531465,Sanguie
2544,2002,26.442666666666668,50.32722222222222,99.029,-1.5568,-1.0631,0.4084116402116429,-1.0050884615384614,Sanguie
2544,2003,25.799777777777777,69.89777777777778,99.777,0.9818,1.3065000000000002,-0.2550204585537905,1.3592377622377625,Sanguie
2544,2004,26.035222222222224,53.55866666666667,98.1702,-0.7466,-0.6745,-0.04011922398588652,-0.627036013986014,Sanguie
2544,2005,26.104111111111113,58.52611111111111,98.8874,-0.2254,0.3333,0.00822645502645969,0.37549020979020975,Sanguie
2544,2006,26.054111111111112,57.98311111111111,99.3194,-0.682,-0.4153,-0.062316754850087364,-0.37838356643356647,Sanguie
2544,2007,26.094555555555555,61.33255555555555,97.476,-0.1986,-1.0658,-0.0424155202821872,-1.0341573426573427,Sanguie
2544,2008,25.959777777777777,66.0698888888889,98.4494,0.702,-0.1696,-0.19773650793650788,-0.1432311188811189,Sanguie
2544,2009,26.45588888888889,71.85833333333333,99.72240000000001,0.645,0.3128,0.2778313932980616,0.3338951048951049,Sanguie
2544,2010,26.259444444444444,65.64555555555555,98.9384,-0.0452,-0.1866,0.060843738977073514,-0.17077867132867133,Sanguie
2544,2011,26.700333333333333,50.228,99.112,-0.6838,0.45980000000000004,0.48118941798941606,0.4703475524475525,Sanguie
2544,2012,26.015444444444444,81.07177777777777,99.6202,1.9556,0.0853,-0.2242426807760154,0.09057377622377621,Sanguie
2544,2013,26.167777777777776,66.09977777777777,99.091,0.014400000000000001,0.20290000000000002,-0.09245255731922697,0.20290000000000002,Sanguie
2544,2014,26.29988888888889,64.41577777777778,99.6138,0.11579999999999999,0.18919999999999998,0.019115343915345306,0.18392622377622375,Sanguie
2544,2015,26.471333333333334,74.55744444444444,98.8874,0.7081999999999999,-0.9872000000000001,0.17001657848324214,-0.9977475524475525,Sanguie
2544,2016,26.423000000000002,73.54377777777778,99.556,1.2231999999999998,1.0514000000000001,0.10114003527336735,1.0355786713286714,Sanguie
2544,2017,26.676444444444442,55.358333333333334,99.5294,-0.7256,-0.1364,0.3340412698412649,-0.15749510489510488,Sanguie
2544,2018,26.394,69.568,99.5158,0.3438,0.0338,0.0310536155202783,0.0074311188811189005,Sanguie
2544,2019,26.58077777777778,68.05333333333334,99.5356,0.5348,0.0627,0.19728818342151655,0.031057342657342696,Sanguie
2544,2020,26.278222222222222,68.76266666666668,98.88480000000001,0.4236000000000001,0.1397,-0.1258105820105868,0.10278356643356645,Sanguie
2544,2021,26.50111111111111,62.579888888888895,99.2988,0.2596,0.4374,0.07653509700175931,0.39520979020979025,Sanguie
2544,2022,26.017333333333333,78.65622222222221,99.9176,1.592,0.5116,-0.42778589065256156,0.46413601398601406,Sanguie
2544,2023,26.90088888888889,60.90299999999999,99.6856,0.0816,-0.24470000000000003,0.4352264550264522,-0.2974377622377622,Sanguie
2544,2024,26.416666666666668,65.73255555555555,98.51259999999999,-0.10100000000000002,-1.133,-0.06953897707231604,-1.1910115384615385,Sanguie
2544,2025,25.80677777777778,73.33244444444443,99.7972,0.5852,0.007400000000000004,-0.6999710758377482,-0.055885314685314616,Sanguie
2544,2026,27.272,57.444857142857146,99.62066666666668,-0.9533333333333335,-0.6943333333333332,0.744707936507929,-0.7628924242424241,Sanguie
2545,1989,24.717444444444443,75.35133333333334,,0.993,,-0.23408571428572245,,Sissili
2545,1990,24.993777777777776,52.91588888888889,,-1.5324,,0.019269841269835553,,Sissili
2545,1991,24.975,64.8438888888889,99.3022,0.18319999999999997,,-0.022485714285718217,,Sissili
2545,1992,24.802333333333333,51.20188888888889,98.2932,-1.8378,,-0.21813015873016184,,Sissili
2545,1993,25.206666666666667,65.04155555555556,95.618,-0.46580000000000005,,0.16322539682539272,,Sissili
2545,1994,25.125,86.64366666666666,96.15520000000001,1.0788,,0.05858095238094663,,Sissili
2545,1995,25.126,63.21111111111111,98.9754,0.2624,,0.036603174603172306,,Sissili
2545,1996,25.221333333333334,70.45400000000001,98.3844,-0.2338,,0.10895873015872581,,Sissili
2545,1997,25.484333333333336,59.32922222222222,98.4354,-0.8526,,0.34898095238095195,,Sissili
2545,1998,25.248,68.58733333333333,99.55080000000001,-0.3086,,0.08966984126983846,,Sissili
2545,1999,24.590444444444444,84.81255555555555,99.3102,1.4216,,-0.5908634920634981,,Sissili
2545,2000,25.218555555555557,52.067,97.303,-0.8798,,0.0142698412698401,,Sissili
2545,2001,25.250777777777778,66.15444444444444,98.0466,0.06939999999999999,-0.07220000000000001,0.023514285714281158,-0.9372945054945057,Sissili
2545,2002,25.634444444444444,62.66544444444445,91.6596,-0.9216,-0.3276,0.3842031746031722,-1.1206032967032966,Sissili
2545,2003,25.030444444444445,77.80055555555556,97.2026,0.9029999999999999,0.8322,-0.24277460317460609,0.11128791208791211,Sissili
2545,2004,25.198888888888888,61.62177777777778,99.1986,-0.2428,1.6863000000000001,-0.09730793650794212,1.037479120879121,Sissili
2545,2005,25.242555555555555,62.08433333333333,97.54220000000001,-0.6218,0.7415,-0.07661904761905092,0.16477032967032967,Sissili
2545,2006,25.287111111111113,65.61744444444444,93.76559999999999,-0.46799999999999997,-0.059099999999999986,-0.05504126984127211,-0.5637384615384615,Sissili
2545,2007,25.273,73.95355555555555,84.4706,0.2444,0.4325,-0.09213015873016062,-4.725274725281281e-05,Sissili
2545,2008,25.24966666666667,77.54811111111111,87.6584,1.0672000000000001,-0.2485,-0.1384412698412696,-0.608956043956044,Sissili
2545,2009,25.625777777777778,71.10755555555555,94.9078,0.157,0.3499,0.21469206349205905,0.0615351648351648,Sissili
2545,2010,25.55377777777778,74.733,99.2598,0.285,0.8338,0.11971428571428433,0.6175263736263736,Sissili
2545,2011,25.548111111111112,57.76844444444444,97.3084,-0.715,0.0859,0.09106984126983875,-0.05828241758241759,Sissili
2545,2012,25.266222222222222,80.48255555555556,98.73920000000001,1.1478,0.3752,-0.21379682539682676,0.3031087912087912,Sissili
2545,2013,25.422222222222224,69.45244444444444,87.10679999999999,-0.31500000000000006,-0.3202,-0.0807746031746035,-0.3202,Sissili
2545,2014,25.552222222222223,72.51155555555556,96.08720000000001,0.3102,0.2801,0.02624761904761641,0.3521912087912088,Sissili
2545,2015,25.811888888888888,87.46122222222222,87.0328,0.8016,-0.8737,0.26293650793650514,-0.7295175824175825,Sissili
2545,2016,25.680888888888887,78.38166666666666,98.12899999999999,1.0416,0.29500000000000004,0.10895873015872581,0.5112736263736264,Sissili
2545,2017,25.851222222222223,50.72233333333333,99.58840000000001,-1.4774,0.1684,0.2563142857142857,0.4567648351648352,Sissili
2545,2018,25.708555555555556,79.77755555555557,96.62960000000001,0.9192,-0.8968,0.09066984126983968,-0.536343956043956,Sissili
2545,2019,25.827555555555556,75.86233333333332,99.15119999999999,0.7535999999999999,-0.5989,0.18669206349206036,-0.16635274725274718,Sissili
2545,2020,25.54988888888889,78.3411111111111,97.482,0.614,-1.0843,-0.11395238095238014,-0.5796615384615385,Sissili
2545,2021,25.647666666666666,73.24722222222222,99.15060000000001,0.874,-0.361,-0.039152380952383936,0.2157296703296704,Sissili
2545,2022,25.258111111111113,82.66255555555556,98.48519999999999,1.3961999999999999,-0.5725,-0.4516857142857127,0.07632087912087915,Sissili
2545,2023,26.12788888888889,69.1658888888889,96.7944,0.248,-0.8375999999999999,0.39511428571428553,-0.11668791208791196,Sissili
2545,2024,25.82988888888889,73.47766666666666,95.8102,-0.009000000000000008,-1.0967000000000002,0.07413650793650461,-0.3036967032967035,Sissili
2545,2025,25.157333333333334,75.05488888888888,97.89739999999999,0.4768,-1.2255000000000003,-0.6213968253968254,-0.36040549450549464,Sissili
2545,2026,26.428571428571427,58.230714285714285,98.02566666666667,-1.1793333333333333,-1.0310000000000001,0.6268634920634888,-0.09381428571428574,Sissili
2546,1989,24.776666666666667,69.44722222222222,,0.43620000000000003,,-0.3152761904761938,,Ziro
2546,1990,25.20422222222222,49.318666666666665,,-1.9014,,0.0916126984126926,,Ziro
2546,1991,25.17966666666667,61.379888888888885,98.5652,-0.03619999999999999,,0.04639047619047432,,Ziro
2546,1992,24.95577777777778,59.23733333333333,98.0094,-0.9057999999999999,,-0.19816507936508287,,Ziro
2546,1993,25.258111111111113,65.33044444444445,95.99980000000001,-0.3182,,0.08350158730158697,,Ziro
2546,1994,25.11711111111111,88.99455555555556,97.2962,1.3836,,-0.07816507936508188,,Ziro
2546,1995,25.27877777777778,66.25822222222222,99.358,0.4484,,0.06283492063491991,,Ziro
2546,1996,25.345444444444443,66.72733333333333,98.2142,-0.5636,,0.10883492063491573,,Ziro
2546,1997,25.634,54.58422222222222,98.4478,-1.3012000000000001,,0.37672380952380635,,Ziro
2546,1998,25.36266666666667,70.97488888888888,99.1308,-0.0856,,0.08472380952380831,,Ziro
2546,1999,24.698888888888888,83.46544444444444,98.76759999999999,1.2284000000000002,,-0.5997206349206401,,Ziro
2546,2000,25.35088888888889,50.76411111111111,98.7002,-1.0516,,0.031612698412693874,,Ziro
2546,2001,25.351777777777777,68.82866666666666,97.7196,0.2254,0.45959999999999995,0.011834920634914425,-0.3027666666666668,Ziro
2546,2002,25.738,60.11655555555555,90.74719999999999,-1.397,-0.6658,0.3773904761904703,-1.3646361111111112,Ziro
2546,2003,25.12177777777778,69.42322222222222,98.59200000000001,0.2358,0.8828,-0.25949841269841656,0.24749444444444446,Ziro
2546,2004,25.342222222222222,62.846111111111114,97.7602,-0.13640000000000002,1.2713999999999999,-0.059720634920637394,0.6996249999999998,Ziro
2546,2005,25.37222222222222,65.96388888888889,97.023,-0.0958,0.6911,-0.050387301587306865,0.18285555555555555,Ziro
2546,2006,25.358,62.43255555555556,91.43039999999999,-0.8638,0.038099999999999995,-0.08527619047619339,-0.40661388888888894,Ziro
2546,2007,25.364555555555555,74.04511111111111,86.06179999999999,0.2874,0.18619999999999998,-0.09938730158730635,-0.1949833333333334,Ziro
2546,2008,25.326777777777778,72.83466666666666,89.17060000000001,0.7048,0.05740000000000001,-0.15783174603175,-0.2602527777777778,Ziro
2546,2009,25.802000000000003,82.01233333333333,95.439,0.8503999999999999,0.5801000000000001,0.29672380952380806,0.3259777777777778,Ziro
2546,2010,25.629,69.86922222222222,99.24,0.1258,1.0914,0.10305714285713918,0.9008083333333332,Ziro
2546,2011,25.735555555555557,58.81866666666666,97.2562,-0.6372,-0.1279,0.18894603174602764,-0.25496111111111114,Ziro
2546,2012,25.336888888888886,83.75266666666667,96.9624,1.2274,0.104,-0.23038730158731013,0.04046944444444443,Ziro
2546,2013,25.482555555555553,69.003,89.1816,-0.4022,-0.3843,-0.10538730158731013,-0.3843,Ziro
2546,2014,25.586111111111112,76.14422222222223,96.5838,0.6784,-0.2799,-0.022498412698414683,-0.21636944444444442,Ziro
2546,2015,25.80977777777778,82.78511111111112,93.1138,0.9494,-0.5182,0.18050158730158472,-0.39113888888888887,Ziro
2546,2016,25.687555555555555,83.32255555555555,97.88199999999999,1.5518,0.6262,0.0376126984126941,0.8167916666666667,Ziro
2546,2017,25.96388888888889,53.88066666666666,99.7372,-1.1916,0.24020000000000002,0.2932793650793606,0.4943222222222223,Ziro
2546,2018,25.813000000000002,76.28966666666666,98.3576,0.5808,-0.8191999999999999,0.12172380952380735,-0.5015472222222221,Ziro
2546,2019,25.90277777777778,71.676,99.41040000000001,0.5222,-0.5396000000000001,0.19083492063491647,-0.1584166666666667,Ziro
2546,2020,25.65411111111111,77.72477777777777,97.09540000000001,0.576,-1.0459999999999998,-0.07849841269841917,-0.6012861111111109,Ziro
2546,2021,25.76511111111111,70.94366666666667,99.2412,0.8119999999999999,-0.20289999999999997,0.011834920634914425,0.30534444444444453,Ziro
2546,2022,25.375555555555554,80.553,98.78880000000001,1.2526,-0.5733,-0.3983873015873094,-0.0015249999999999986,Ziro
2546,2023,26.197444444444443,69.905,97.97,0.33340000000000003,-0.9769,0.40283492063491266,-0.3415944444444444,Ziro
2546,2024,25.85,74.67699999999999,95.8684,0.22679999999999997,-0.5732999999999999,0.0347238095238076,0.1255361111111113,Ziro
2546,2025,25.213333333333335,71.71177777777777,97.94800000000001,0.13,-0.908,-0.6226095238095262,-0.14563333333333328,Ziro
2546,2026,26.55842857142857,62.428428571428576,97.883,-0.8076666666666666,-0.8341666666666667,0.7018190476190433,-0.00826944444444444,Ziro
2547,1989,25.29188888888889,69.19466666666668,,0.8308,,-0.35237448107447733,,Bazega
2547,1990,25.761333333333333,45.33133333333333,,-1.6207999999999998,,0.09859560439560511,,Bazega
2547,1991,25.755333333333333,52.251555555555555,96.75840000000001,-0.44399999999999995,,0.07412124542124587,,Bazega
2547,1992,25.458444444444446,62.96622222222223,98.0022,-0.0658,,-0.24124200244200011,,Bazega
2547,1993,25.740666666666666,58.99555555555556,98.9534,-0.317,,0.022505860805861033,,Bazega
2547,1994,25.528888888888886,88.55266666666667,99.3896,1.7444,,-0.2077462759462776,,Bazega
2547,1995,25.891222222222225,62.974444444444444,99.1392,0.2762,,0.13611269841270612,,Bazega
2547,1996,25.83,62.76122222222222,97.296,-0.47139999999999993,,0.05641611721611994,,Bazega
2547,1997,26.231,48.91122222222222,97.9928,-1.5362,,0.4389417582417643,,Bazega
2547,1998,25.870333333333335,63.358333333333334,98.93679999999999,-0.2822,,0.05980073260073837,,Bazega
2547,1999,25.176444444444442,71.62822222222222,99.318,0.4486,,-0.6525625152625132,,Bazega
2547,2000,25.909444444444446,41.964444444444446,97.6584,-1.4758,,0.0619631257631319,,Bazega
2547,2001,25.877222222222223,60.98444444444445,98.3468,-0.3082,-0.07059999999999998,0.011266544566549186,0.05601025641025641,Bazega
2547,2002,26.142333333333333,57.53022222222223,97.037,-1.23,-1.3985,0.2579032967033008,-1.2824405982905984,Bazega
2547,2003,25.68433333333333,61.98788888888888,99.5616,-0.0958,0.0934,-0.21857106227106016,0.198908547008547,Bazega
2547,2004,25.88422222222222,60.39566666666667,96.0684,-0.4662,0.16110000000000002,-0.03715653235652994,0.2560576923076923,Bazega
2547,2005,25.951999999999998,67.04488888888889,98.5614,0.539,0.3733,0.012146886446888772,0.4577068376068376,Bazega
2547,2006,25.92522222222222,56.644444444444446,97.539,-0.8112,-0.3208,-0.03310525030524758,-0.2469440170940171,Bazega
2547,2007,25.847666666666665,66.25133333333333,92.2266,-0.1364,-1.0459999999999998,-0.1291351648351622,-0.9826948717948716,Bazega
2547,2008,25.864555555555555,65.83822222222221,95.94460000000001,0.561,0.5433000000000001,-0.1307206349206318,0.5960542735042736,Bazega
2547,2009,26.358,80.31655555555555,99.425,1.0092,0.2969,0.3442494505494551,0.33910341880341877,Bazega
2547,2010,26.145888888888887,69.23122222222223,99.6888,0.806,1.2061,0.11366398046398274,1.237752564102564,Bazega
2547,2011,26.40722222222222,59.600111111111104,98.9902,-0.175,-0.3315,0.3565229548229567,-0.3103982905982906,Bazega
2547,2012,25.831888888888887,80.88444444444445,99.4066,1.4056000000000002,0.0324,-0.23728473748473533,0.0429508547008547,Bazega
2547,2013,25.948,64.12566666666666,96.049,-0.2742,-0.4590000000000001,-0.13964798534798106,-0.4590000000000001,Bazega
2547,2014,26.09511111111111,70.28388888888888,99.6716,0.5254,-0.22510000000000002,-0.011011233211231541,-0.23565085470085473,Bazega
2547,2015,26.269,76.8921111111111,99.3336,1.1236000000000002,-0.226,0.14440329670329888,-0.2471017094017094,Bazega
2547,2016,26.09788888888889,77.65733333333334,99.3668,1.4392,0.49970000000000003,-0.045182173382169566,0.4680474358974359,Bazega
2547,2017,26.444,48.55688888888889,98.94480000000001,-1.3154,0.9718,0.2824545787545816,0.9295965811965812,Bazega
2547,2018,26.245,69.001,99.539,0.327,-0.5483,0.0649802197802245,-0.6010542735042735,Bazega
2547,2019,26.417444444444445,63.33377777777778,99.144,0.2592,0.028500000000000004,0.2189503052503099,-0.03480512820512819,Bazega
2547,2020,26.095777777777776,76.92477777777778,98.561,0.9028,-0.9088999999999999,-0.1211907203907181,-0.9827559829059829,Bazega
2547,2021,26.29988888888889,64.55288888888889,98.31500000000001,0.5549999999999999,1.107,0.06444603174603714,1.0225931623931623,Bazega
2547,2022,25.87811111111111,74.15555555555555,99.7602,0.9039999999999999,0.19020000000000004,-0.3758061050060988,0.09524230769230774,Bazega
2547,2023,26.711333333333332,63.581,98.7228,0.3702,-0.1301,0.4389417582417643,-0.235608547008547,Bazega
2547,2024,26.301666666666666,72.98711111111112,98.07939999999999,0.5986,0.09539999999999998,0.010800732600738883,-0.020659401709401698,Bazega
2547,2025,25.719111111111108,74.36277777777778,99.21340000000001,0.6554,0.038500000000000006,-0.5902291819291783,-0.08811025641025638,Bazega
2547,2026,27.150142857142857,59.54014285714286,96.49233333333332,-0.882,-0.3888333333333333,0.8223282051282119,-0.5259944444444444,Bazega
2548,1989,24.836222222222222,85.01388888888889,,1.6336,,-0.24461746031746046,,Nahouri
2548,1990,25.13711111111111,57.51822222222222,,-1.16,,0.0324380952380956,,Nahouri
2548,1991,25.110555555555557,65.54955555555556,98.55499999999999,0.12179999999999999,,-0.01795079365079033,,Nahouri
2548,1992,24.91322222222222,61.17688888888889,98.1274,-0.8116,,-0.23911746031746262,,Nahouri
2548,1993,25.28011111111111,66.56555555555556,94.441,0.009799999999999986,,0.10393809523809594,,Nahouri
2548,1994,25.256222222222224,90.62855555555556,94.0604,1.15,,0.05621587301587638,,Nahouri
2548,1995,25.29111111111111,63.44033333333333,96.3966,-0.06000000000000001,,0.0672714285714271,,Nahouri
2548,1996,25.311555555555557,68.11177777777777,98.25359999999999,0.154,,0.06388253968254176,,Nahouri
2548,1997,25.775444444444442,52.73688888888889,98.63199999999999,-1.7082000000000002,,0.5039380952380945,,Nahouri
2548,1998,25.344444444444445,72.99588888888889,97.751,0.00020000000000001129,,0.04910476190476132,,Nahouri
2548,1999,24.670444444444442,80.36288888888889,98.98519999999999,0.7784,,-0.648728571428574,,Nahouri
2548,2000,25.373222222222225,51.933,97.7994,-0.8788,,0.030215873015876582,,Nahouri
2548,2001,25.37511111111111,64.11155555555555,96.083,-0.5307999999999999,-0.4422,0.008271428571426043,-0.6973568181818182,Nahouri
2548,2002,25.659555555555556,63.45188888888889,91.3724,-0.945,-1.2915999999999999,0.26888253968254006,-1.5254937499999999,Nahouri
2548,2003,25.234444444444446,83.00333333333333,97.325,1.263,0.2769,-0.18006190476190298,0.06426931818181819,Nahouri
2548,2004,25.257,63.708888888888886,98.7368,-0.184,1.4289,-0.1813396825396829,1.2375323863636365,Nahouri
2548,2005,25.435222222222222,65.01611111111112,96.203,-0.2642,0.871,-0.026950793650794225,0.7008954545454545,Nahouri
2548,2006,25.403000000000002,64.98022222222222,93.951,-0.7933999999999999,-0.32400000000000007,-0.08300634920634664,-0.4728414772727273,Nahouri
2548,2007,25.312444444444445,84.58588888888889,84.9318,1.0514,0.3357,-0.19739523809523973,0.20812159090909094,Nahouri
2548,2008,25.430666666666667,70.84988888888888,88.76320000000001,0.38020000000000004,-0.6108,-0.10300634920634977,-0.7171153409090909,Nahouri
2548,2009,25.831111111111113,75.9511111111111,95.3688,0.5814,0.8544,0.2736047619047639,0.7693477272727274,Nahouri
2548,2010,25.710444444444445,76.44011111111111,99.53659999999999,0.8800000000000001,0.6708000000000001,0.1291047619047596,0.6070107954545455,Nahouri
2548,2011,25.83555555555556,69.969,97.498,0.0954,-0.18839999999999998,0.23038253968254097,-0.23092613636363635,Nahouri
2548,2012,25.349777777777778,82.635,95.93440000000001,0.6034,-0.0726,-0.2792285714285718,-0.09386306818181818,Nahouri
2548,2013,25.539555555555555,60.70455555555556,86.011,-1.3878,-0.019200000000000023,-0.11328412698413004,-0.019200000000000023,Nahouri
2548,2014,25.75011111111111,67.34433333333334,92.95320000000001,-0.6574,-0.22909999999999997,0.07343809523809242,-0.2078369318181818,Nahouri
2548,2015,25.944666666666667,79.40077777777778,89.6612,0.5388,-1.3977,0.24416031746031663,-1.3551738636363635,Nahouri
2548,2016,25.773444444444447,81.443,98.634,1.0742,0.6602,0.04910476190476132,0.7239892045454546,Nahouri
2548,2017,26.010555555555555,48.71677777777778,99.0718,-1.4006,0.2781,0.26238253968253744,0.36315227272727274,Nahouri
2548,2018,25.764,77.22477777777777,98.37219999999999,0.5344,0.3068,-0.008006349206350905,0.4131153409090909,Nahouri
2548,2019,25.945777777777778,68.158,99.3356,0.089,-0.07450000000000001,0.14993809523809176,0.05307840909090905,Nahouri
2548,2020,25.701777777777778,82.83977777777778,96.7188,0.5818,-0.6778,-0.11789523809524027,-0.5289585227272727,Nahouri
2548,2021,25.88288888888889,66.822,99.213,0.26339999999999997,-0.2397,0.039382539682538464,-0.06959545454545457,Nahouri
2548,2022,25.42511111111111,67.476,99.721,-0.11579999999999999,-0.31920000000000004,-0.44222857142857563,-0.12783238636363645,Nahouri
2548,2023,26.322999999999997,74.30355555555555,96.685,0.5486,-0.36260000000000003,0.4318269841269782,-0.14996931818181825,Nahouri
2548,2024,26.092333333333336,75.26788888888888,98.489,0.2704,-0.24539999999999995,0.1773269841269851,-0.011506249999999996,Nahouri
2548,2025,25.36466666666667,72.40866666666666,97.9702,0.0974,-0.24170000000000003,-0.5741730158730185,0.013456818181818098,Nahouri
2548,2026,26.682285714285715,73.78142857142858,98.19833333333334,0.10033333333333333,0.14699999999999996,0.7196126984126963,0.42341988636363626,Nahouri
2549,1989,25.209444444444443,78.57755555555555,,1.7782,,-0.3158630036630008,,Zoundweogo
2549,1990,25.674777777777777,50.08155555555556,,-1.2997999999999998,,0.1289062271062278,,Zoundweogo
2549,1991,25.64311111111111,59.992444444444445,97.7836,0.15739999999999998,,0.07667545787546004,,Zoundweogo
2549,1992,25.317,62.85411111111111,98.48060000000001,-0.2778,,-0.269999755799752,,Zoundweogo
2549,1993,25.669888888888888,59.835111111111104,98.63300000000001,-0.2836,,0.06232503052503091,,Zoundweogo
2549,1994,25.53066666666667,91.19544444444445,96.4236,1.3980000000000001,,-0.09746129426129002,,Zoundweogo
2549,1995,25.734222222222222,62.39211111111111,98.4,0.031599999999999996,,0.08553015873015823,,Zoundweogo
2549,1996,25.701222222222224,58.95099999999999,98.32419999999999,-0.3652,,0.031966056166059076,,Zoundweogo
2549,1997,26.24233333333333,49.45633333333333,98.5,-1.535,,0.5525130647130645,,Zoundweogo
2549,1998,25.804,67.78622222222222,99.1818,0.022000000000000002,,0.0936156288156269,,Zoundweogo
2549,1999,25.052333333333333,71.99266666666666,97.913,0.2052,,-0.6786151404151397,,Zoundweogo
2549,2000,25.819333333333333,46.21344444444444,98.537,-1.2764,,0.0678207570207583,,Zoundweogo
2549,2001,25.781777777777776,59.13066666666667,97.1756,-0.6738,-0.42600000000000005,0.009701098901096827,-0.49614,Zoundweogo
2549,2002,25.99211111111111,57.028999999999996,93.3232,-1.3916,-1.5059,0.19947032967032996,-1.570195,Zoundweogo
2549,2003,25.671,76.158,99.205,0.8046,-0.41000000000000003,-0.14220488400488307,-0.46845000000000003,Zoundweogo
2549,2004,25.739333333333335,61.64455555555556,98.78479999999999,-0.21080000000000002,1.3189,-0.09443565323565295,1.266295,Zoundweogo
2549,2005,25.950000000000003,63.15544444444444,98.04400000000001,-0.04539999999999998,0.7373000000000001,0.09566691086691392,0.69054,Zoundweogo
2549,2006,25.751555555555555,60.62844444444444,97.5994,-0.6596,-0.9002,-0.12334163614163529,-0.941115,Zoundweogo
2549,2007,25.697333333333333,75.6468888888889,89.4026,0.6756,0.3326,-0.19812796092796248,0.29753,Zoundweogo
2549,2008,25.862777777777776,67.87899999999999,92.66720000000001,0.4673999999999999,0.13119999999999998,-0.053247619047620987,0.10197499999999998,Zoundweogo
2549,2009,26.236444444444444,76.73833333333333,98.295,0.8368,1.0287000000000002,0.29985494505494614,1.0053200000000002,Zoundweogo
2549,2010,26.00911111111111,72.36588888888889,99.80160000000001,0.9912000000000001,0.934,0.051957509157507076,0.9164650000000001,Zoundweogo
2549,2011,26.301666666666666,65.23388888888888,98.5866,0.05700000000000001,-0.18960000000000002,0.3239489621489611,-0.20129000000000002,Zoundweogo
2549,2012,25.706666666666667,77.25922222222222,98.438,0.6778,-0.002700000000000001,-0.29161514041513925,-0.008545000000000002,Zoundweogo
2549,2013,25.885333333333335,60.62566666666666,92.931,-0.9144,-0.07690000000000001,-0.13351257631257596,-0.07690000000000001,Zoundweogo
2549,2014,26.110555555555557,65.433,97.5134,-0.2372,-0.0943,0.07114554334554413,-0.08845499999999999,Zoundweogo
2549,2015,26.256222222222224,81.98477777777778,95.4654,1.1352,-1.0222,0.19624810744810972,-1.01051,Zoundweogo
2549,2016,26.08555555555556,75.61211111111112,99.3364,1.0008,0.7483,0.0050173382173390735,0.7658349999999999,Zoundweogo
2549,2017,26.36555555555556,44.782,98.7754,-1.6225999999999998,0.27049999999999996,0.26445323565323875,0.29388,Zoundweogo
2549,2018,26.099777777777778,73.4841111111111,99.02080000000001,0.5596,-0.015499999999999993,-0.021888644688644376,0.013725000000000015,Zoundweogo
2549,2019,26.293777777777777,64.74388888888888,99.53819999999999,0.3194,-0.027600000000000003,0.15154725274724967,0.007470000000000001,Zoundweogo
2549,2020,25.995555555555555,78.13766666666668,97.25800000000001,0.6439999999999999,-1.1360000000000001,-0.16723907203907373,-1.095085,Zoundweogo
2549,2021,26.248222222222225,62.77655555555556,98.3082,0.25220000000000004,0.0998,0.06486349206349473,0.14656000000000002,Zoundweogo
2549,2022,25.82011111111111,68.12622222222222,99.6,0.2374,-0.3557,-0.3838117216117247,-0.303095,Zoundweogo
2549,2023,26.666999999999998,69.44788888888888,97.231,0.5158,0.049,0.4425130647130615,0.10745000000000002,Zoundweogo
2549,2024,26.33866666666667,72.97555555555556,98.7806,0.5322,0.4991,0.0936156288156269,0.563395,Zoundweogo
2549,2025,25.680666666666667,72.85222222222222,98.69,0.4234,-0.32510000000000006,-0.5849484737484758,-0.2549600000000001,Zoundweogo
2549,2026,27.13228571428571,65.27442857142857,96.11200000000001,-0.451,-0.28150000000000003,0.8461064713064665,-0.205515,Zoundweogo
2550,1989,26.727666666666664,56.974,,0.2722,,-0.4605294853294879,,Gnagna
2550,1990,27.365,42.25955555555556,,-1.6684,,0.16677691197691047,,Gnagna
2550,1991,27.309555555555555,44.760555555555555,94.45439999999999,-0.626,,0.10130553150553112,,Gnagna
2550,1992,26.80655555555556,50.67922222222222,97.7582,-0.2024,,-0.4117214045214048,,Gnagna
2550,1993,27.358,48.34511111111111,98.539,-0.9426,,0.12969610389610153,,Gnagna
2550,1994,26.575000000000003,67.63233333333334,99.7242,1.2898,,-0.663330832130832,,Gnagna
2550,1995,27.319777777777777,51.473222222222226,98.14680000000001,0.48339999999999994,,0.07142000962000594,,Gnagna
2550,1996,27.351555555555553,52.35622222222222,98.52619999999999,-0.34940000000000004,,0.09317085137084646,,Gnagna
2550,1997,27.79011111111111,44.68477777777778,97.6798,-1.7248,,0.5216994708994669,,Gnagna
2550,1998,27.153555555555556,60.284111111111116,99.3776,0.7891999999999999,,-0.12488302068302204,,Gnagna
2550,1999,26.537,63.772222222222226,99.7444,0.5124000000000001,,-0.751465512265515,,Gnagna
2550,2000,27.294333333333334,41.87288888888889,95.97,-1.169,,-0.004159114959115584,,Gnagna
2550,2001,27.472333333333335,48.78,99.0146,-0.4168,-0.10419999999999999,0.1638139490139494,-0.057094642857142816,Gnagna
2550,2002,27.87188888888889,51.58588888888889,99.0572,-0.382,-0.8774,0.5533425685425684,-0.8342200892857142,Gnagna
2550,2003,26.920555555555556,60.729000000000006,99.5686,1.3256000000000001,1.4411,-0.4080177008177017,1.4803544642857143,Gnagna
2550,2004,27.34722222222222,47.56322222222222,97.5922,-1.0757999999999999,0.8624999999999999,0.00862202982202831,0.8978290178571429,Gnagna
2550,2005,27.46966666666667,58.86366666666667,99.0506,1.048,1.2979,0.12103953823953972,1.3293035714285715,Gnagna
2550,2006,27.417333333333332,48.738,99.064,-0.6118,-0.7146,0.058679268879267,-0.687121875,Gnagna
2550,2007,27.330555555555556,53.67355555555556,98.2742,-0.06899999999999999,0.27759999999999996,-0.038125444925444896,0.3011526785714285,Gnagna
2550,2008,27.321777777777775,53.778555555555556,98.96340000000001,0.6822,0.5871000000000001,-0.05693015873016094,0.6067272321428572,Gnagna
2550,2009,27.739555555555555,57.20766666666667,99.035,0.4404,-0.8454999999999999,0.35082068302068237,-0.8297982142857142,Gnagna
2550,2010,27.476555555555553,52.44677777777778,99.589,-0.31880000000000003,0.0683,0.07779374699374486,0.0800763392857143,Gnagna
2550,2011,27.871222222222222,52.212555555555554,98.079,0.023,-0.5493,0.4624334776334784,-0.5414491071428571,Gnagna
2550,2012,27.040000000000003,59.07822222222223,99.3104,0.7698,0.5748,-0.37881568061567705,0.5787254464285714,Gnagna
2550,2013,27.264333333333333,53.51244444444444,97.0754,0.377,0.1119,-0.1645092833092825,0.1119,Gnagna
2550,2014,27.66111111111111,56.46788888888889,99.3232,-0.4396,-0.5909,0.22224155844156002,-0.5948254464285714,Gnagna
2550,2015,27.576222222222224,65.87455555555556,99.489,1.2296,-0.7472000000000001,0.12732573352573695,-0.755050892857143,Gnagna
2550,2016,27.47788888888889,62.25877777777777,99.39059999999999,1.2468,0.36350000000000005,0.018965464165468404,0.35172366071428574,Gnagna
2550,2017,27.54611111111111,43.73544444444444,98.2388,-0.7102,0.3103,0.07716075036075054,0.2945982142857143,Gnagna
2550,2018,27.301000000000002,56.915333333333336,99.144,0.2846,-0.8247,-0.1779772967772928,-0.8443272321428571,Gnagna
2550,2019,27.78933333333333,60.42688888888889,97.9558,1.2908,-0.5086999999999999,0.3003291005291011,-0.5322526785714286,Gnagna
2550,2020,27.327222222222222,73.48766666666667,98.97659999999999,1.9654,-0.3306,-0.17180894660894452,-0.358078125,Gnagna
2550,2021,27.686666666666667,61.35088888888889,97.7758,0.9523999999999999,0.2625,0.1776085618085652,0.23109642857142856,Gnagna
2550,2022,27.19622222222222,60.109111111111105,99.1852,0.3628,-0.3799,-0.3228628186628164,-0.4152290178571429,Gnagna
2550,2023,28.114555555555555,51.62822222222222,97.9558,-0.3798,0.3762,0.5854435786435808,0.33694553571428565,Gnagna
2550,2024,27.402555555555555,69.15377777777778,99.785,1.2437999999999998,0.5678000000000001,-0.1365833573833548,0.5246200892857144,Gnagna
2550,2025,27.137444444444444,68.11922222222222,99.28099999999999,0.8465999999999999,0.7612,-0.4117214045214048,0.7140946428571429,Gnagna
2550,2026,28.366714285714288,44.89785714285715,94.43400000000001,-1.4293333333333333,0.5436666666666666,0.8075215007215029,0.49263586309523805,Gnagna
2551,1989,25.89333333333333,70.51933333333334,,1.3854,,-0.36189206349207126,,Gourma
2551,1990,26.536777777777775,52.183888888888895,,-1.0204,,0.2674412698412638,,Gourma
2551,1991,26.264444444444443,46.80266666666667,97.5454,-0.9385999999999999,,-0.01900317460318135,,Gourma
2551,1992,26.008555555555557,60.50944444444445,98.2252,-0.0444,,-0.28900317460317737,,Gourma
2551,1993,26.461,63.76488888888889,98.15619999999998,0.45020000000000004,,0.1493301587301552,,Gourma
2551,1994,25.863555555555553,77.88977777777778,99.5768,1.4334,,-0.46222539682540287,,Gourma
2551,1995,26.494222222222223,62.211,94.876,0.3724,,0.15433015873015776,,Gourma
2551,1996,26.415555555555557,55.93288888888889,98.26820000000001,-0.49779999999999996,,0.061552380952377916,,Gourma
2551,1997,27.043333333333333,43.91466666666667,98.1058,-2.2954,,0.6752190476190449,,Gourma
2551,1998,26.317555555555558,68.525,99.3492,0.46699999999999997,,-0.06466984126984343,,Gourma
2551,1999,25.804555555555556,74.55111111111111,98.06739999999999,0.6487999999999999,,-0.5917809523809545,,Gourma
2551,2000,26.409666666666666,51.48855555555556,98.861,-0.5288,,-0.0007809523809534369,,Gourma
2551,2001,26.584444444444443,55.29577777777777,99.6412,-0.49400000000000005,0.11449999999999999,0.15988571428571063,-0.3526589743589743,Gourma
2551,2002,26.822222222222223,54.67388888888889,93.7778,-1.1965999999999999,-1.0739,0.38355238095238064,-1.50212905982906,Gourma
2551,2003,26.206222222222223,68.29722222222222,99.3012,0.6912,0.8677999999999999,-0.24655873015873198,0.4785008547008547,Gourma
2551,2004,26.403222222222222,60.969888888888896,99.0714,0.032999999999999995,1.4425,-0.06366984126984221,1.0921307692307691,Gourma
2551,2005,26.458555555555556,65.42055555555555,99.0838,0.4984,1.1823000000000001,-0.022447619047621714,0.8708606837606839,Gourma
2551,2006,26.49822222222222,60.147111111111116,97.3798,-0.355,0.07860000000000002,0.0031079365079342836,-0.19390940170940169,Gourma
2551,2007,26.421444444444447,63.141,98.2446,0.388,0.26,-0.08778095238095318,0.02642051282051286,Gourma
2551,2008,26.29588888888889,67.54755555555556,97.4348,0.93,0.5934,-0.22744761904762,0.3987504273504274,Gourma
2551,2009,26.816111111111113,66.26244444444444,98.99980000000001,0.7336,0.591,0.27866349206349383,0.43528034188034187,Gourma
2551,2010,26.544333333333334,59.84155555555555,99.6634,-0.3674,0.2587,-0.007225396825397468,0.1419102564102564,Gourma
2551,2011,27.049444444444443,62.62811111111111,98.3068,0.23600000000000004,-0.019700000000000002,0.4837746031746022,-0.09755982905982905,Gourma
2551,2012,26.22511111111111,62.44888888888889,98.8654,-0.16119999999999998,-0.1467,-0.3546698412698426,-0.1856299145299145,Gourma
2551,2013,26.477999999999998,58.330666666666666,98.1468,-0.1092,-0.3205,-0.11589206349206549,-0.3205,Gourma
2551,2014,26.863333333333333,61.56055555555555,98.08840000000001,-0.453,-0.4018,0.25533015873015685,-0.3628700854700855,Gourma
2551,2015,26.772888888888886,75.01044444444443,93.751,0.7144,-1.3679000000000001,0.15077460317460023,-1.290040170940171,Gourma
2551,2016,26.759777777777778,65.67811111111111,99.12559999999999,0.6266,-0.0833,0.12355238095237908,0.033489743589743576,Gourma
2551,2017,26.951444444444444,50.400444444444446,99.0664,-0.37,0.8785,0.3011079365079361,1.034219658119658,Gourma
2551,2018,26.632555555555555,62.060111111111105,93.14059999999999,-0.5518,-0.7298,-0.031892063492062306,-0.5351504273504274,Gourma
2551,2019,26.89811111111111,68.44911111111111,99.18879999999999,1.3134000000000001,-0.6054,0.21955238095237917,-0.37182051282051287,Gourma
2551,2020,26.38211111111111,75.24088888888889,98.9784,1.0118,-0.3368,-0.3105587301587285,-0.0642905982905983,Gourma
2551,2021,26.76833333333333,69.15177777777778,98.498,1.2718,-0.3602,0.061552380952377916,-0.04876068376068382,Gourma
2551,2022,26.299444444444443,72.0308888888889,97.9302,0.5894,-0.6845,-0.42144761904761907,-0.3341307692307693,Gourma
2551,2023,27.129555555555555,59.72355555555555,95.225,-0.49420000000000003,-0.2216,0.3945523809523799,0.16769914529914523,Gourma
2551,2024,26.706222222222223,64.19111111111111,99.4508,0.2166,0.3546,-0.04289206349206154,0.7828290598290598,Gourma
2551,2025,26.267333333333333,67.69622222222222,96.1558,0.0712,0.48510000000000003,-0.49589206349206094,0.9522589743589743,Gourma
2551,2026,27.28242857142857,59.880428571428574,97.76400000000001,-0.599,1.0118333333333334,0.5050920634920644,1.5179222222222222,Gourma
2590,1989,24.346999999999998,88.418,,2.144,,-0.19976225749559617,,Noumbiel
2590,1990,24.66311111111111,68.23755555555556,,0.381,,0.08822539682539343,,Noumbiel
2590,1991,24.530777777777775,69.25888888888889,97.9246,0.6746,,-0.07223139329806472,,Noumbiel
2590,1992,24.41766666666667,49.57822222222222,92.6816,-1.0762,,-0.21346596119929373,,Noumbiel
2590,1993,24.88522222222222,68.63888888888889,95.0522,0.3898,,0.22596613756613593,,Noumbiel
2590,1994,24.764111111111113,59.687444444444445,88.8152,-1.2138,,0.07673156966490424,,Noumbiel
2590,1995,24.624333333333333,67.003,98.92519999999999,0.49399999999999994,,-0.09116966490300271,,Noumbiel
2590,1996,24.576222222222224,69.84677777777777,96.2236,0.11240000000000001,,-0.167404232804234,,Noumbiel
2590,1997,25.092555555555556,51.22677777777778,96.7662,-0.8379999999999999,,0.320805643738975,,Noumbiel
2590,1998,24.894,60.47655555555556,95.46799999999999,-0.08499999999999999,,0.09412663139329425,,Noumbiel
2590,1999,24.32577777777778,69.63966666666666,97.4192,0.5302,,-0.5022190476190467,,Noumbiel
2590,2000,24.78688888888889,59.745888888888885,94.9614,0.11299999999999999,,-0.06923139329806105,,Noumbiel
2590,2001,25.014555555555557,54.57655555555556,92.7722,-0.6794,-0.4121,0.13031181657848379,-0.31137666666666663,Noumbiel
2590,2002,25.236222222222224,64.18633333333334,95.16720000000001,0.136,0.6440999999999999,0.3238550264550284,0.7364297222222221,Noumbiel
2590,2003,24.78588888888889,83.14655555555555,88.9386,1.6858,-0.3085,-0.1546017636684276,-0.22456388888888884,Noumbiel
2590,2004,24.945444444444444,64.694,98.232,0.48040000000000005,1.0707,-0.02316966490300132,1.1462425,Noumbiel
2590,2005,24.990333333333336,60.64011111111111,95.3424,-0.5810000000000001,0.5428,-0.006404232804232635,0.6099488888888889,Noumbiel
2590,2006,25.13588888888889,61.36466666666667,94.9672,-0.17639999999999997,-0.7469,0.11102786596119785,-0.6881447222222222,Noumbiel
2590,2007,25.052555555555557,55.91366666666667,88.91799999999999,-1.0093999999999999,-0.0852,-0.0004289241622572604,-0.03483833333333332,Noumbiel
2590,2008,25.13688888888889,83.44544444444445,79.2468,1.6320000000000001,-0.8213,0.05578095238095315,-0.7793319444444444,Noumbiel
2590,2009,25.330222222222222,66.61488888888888,90.33579999999999,0.1444,0.7731999999999999,0.22099082892416178,0.8067744444444443,Noumbiel
2590,2010,25.278111111111112,70.30977777777778,92.699,0.3184,-0.37079999999999996,0.14075626102292915,-0.34561916666666664,Noumbiel
2590,2011,25.290888888888887,64.20866666666667,93.397,0.2318,0.0571,0.12541058201058064,0.07388722222222223,Noumbiel
2590,2012,24.99088888888889,65.95977777777779,97.535,0.1578,-0.2445,-0.20271287477953948,-0.23610638888888888,Noumbiel
2590,2013,25.054,51.665,80.81559999999999,-1.7635999999999998,0.4812,-0.1677252204585571,0.4812,Noumbiel
2590,2014,25.475444444444445,49.43644444444445,96.7826,-1.335,0.1964,0.22559576719576668,0.18800638888888888,Noumbiel
2590,2015,25.697,67.34800000000001,82.9024,-0.13440000000000002,-1.5764999999999998,0.4190278659611977,-1.593287222222222,Noumbiel
2590,2016,25.414333333333335,67.76666666666667,93.7224,0.33659999999999995,-0.8521000000000001,0.10823774250441076,-0.8772808333333334,Noumbiel
2590,2017,25.41611111111111,38.16522222222222,94.159,-1.6846,0.22920000000000001,0.08189206349206302,0.19562555555555555,Noumbiel
2590,2018,25.26877777777778,79.52811111111112,93.943,0.6392,0.0996,-0.09356472663139215,0.05763194444444442,Noumbiel
2590,2019,25.531222222222222,72.89944444444444,94.332,0.6886,-0.21559999999999999,0.14075626102292915,-0.26596166666666665,Noumbiel
2590,2020,25.223444444444443,59.088,94.696,-0.596,0.5683,-0.1951449735449735,0.5095447222222222,Noumbiel
2590,2021,25.306444444444445,87.13022222222223,93.0452,1.9696000000000002,-0.116,-0.1402684303350945,-0.18314888888888892,Noumbiel
2590,2022,24.925555555555558,69.74466666666666,98.157,0.2364,0.7964,-0.5492807760141076,0.7208574999999999,Noumbiel
2590,2023,25.770888888888887,65.53655555555555,91.1964,-0.0974,1.0647,0.26792910052909846,0.9807638888888889,Noumbiel
2590,2024,25.61266666666667,55.25788888888889,80.809,-0.6839999999999999,-0.6266,0.08158342151675768,-0.7189297222222223,Noumbiel
2590,2025,25.057444444444442,59.97211111111111,98.7894,-0.28040000000000004,0.0799,-0.5017622574955922,-0.02082333333333336,Noumbiel
2590,2026,26.019571428571428,54.111285714285714,92.91000000000001,-0.977,0.07016666666666667,0.43224126984127054,-0.038950277777777806,Noumbiel
2591,1989,24.28622222222222,84.45988888888888,,1.7784,,-0.14309523809524194,,Poni
2591,1990,24.50188888888889,68.95722222222223,,0.21000000000000002,,0.0455238095238073,,Poni
2591,1991,24.434222222222225,73.12133333333333,97.9032,0.6336,,-0.0491904761904749,,Poni
2591,1992,24.345555555555556,50.559222222222225,91.75919999999999,-1.5882,,-0.164904761904765,,Poni
2591,1993,24.781444444444443,66.05288888888889,90.0282,-0.4636,,0.24393650793650323,,Poni
2591,1994,24.63988888888889,70.69744444444444,84.61580000000001,-0.8144,,0.07533333333333303,,Poni
2591,1995,24.54788888888889,66.92611111111111,98.47959999999999,0.323,,-0.04371428571428382,,Poni
2591,1996,24.498222222222225,72.65577777777779,96.7076,-0.005200000000000005,,-0.12042857142856889,,Poni
2591,1997,24.937333333333335,57.31233333333333,96.3564,-0.7576,,0.2916349206349196,,Poni
2591,1998,24.752555555555556,65.89455555555556,96.07059999999998,-0.2824,,0.07980952380952289,,Poni
2591,1999,24.15211111111111,81.35511111111111,96.1142,0.9272,,-0.5476825396825404,,Poni
2591,2000,24.64288888888889,66.65066666666667,93.215,0.1286,,-0.083952380952379,,Poni
2591,2001,24.821,63.626000000000005,92.0386,-0.30979999999999996,-0.46729999999999994,0.06711111111111379,-0.3987588235294118,Poni
2591,2002,25.152666666666665,66.06622222222222,91.152,0.0738,0.0917,0.3717301587301556,0.15452941176470583,Poni
2591,2003,24.650777777777776,84.12322222222222,90.4896,1.9978000000000002,-0.24259999999999998,-0.15720634920635135,-0.18548235294117651,Poni
2591,2004,24.791222222222224,58.66433333333334,98.3744,-0.5556,1.2224,-0.04380952380952152,1.273805882352941,Poni
2591,2005,24.836222222222222,60.56311111111111,91.9648,-0.9914,0.3733,-0.02585714285714147,0.4189941176470588,Poni
2591,2006,24.970555555555553,67.317,94.9036,-0.1978,-0.10919999999999999,0.08142857142856741,-0.06921764705882355,Poni
2591,2007,24.88511111111111,59.87822222222222,86.65520000000001,-0.9286,-0.6329,-0.031063492063491793,-0.598629411764706,Poni
2591,2008,24.958444444444446,80.41055555555556,79.9374,1.0586,-0.8499,0.015222222222224246,-0.8213411764705882,Poni
2591,2009,25.151444444444444,67.7668888888889,86.7536,-0.0784,0.3989,0.181174603174604,0.42174705882352936,Poni
2591,2010,25.130777777777777,77.87644444444445,93.42,0.5804,0.48210000000000003,0.13346031746031883,0.49923529411764705,Poni
2591,2011,25.190777777777775,61.82688888888889,92.205,-0.5266,0.23909999999999998,0.1664126984126959,0.2505235294117647,Poni
2591,2012,24.857,68.72044444444445,97.4702,0.3536,0.2993,-0.19441269841269815,0.30501176470588237,Poni
2591,2013,24.98988888888889,63.74688888888889,88.2822,-0.7352000000000001,0.21860000000000002,-0.08857142857142719,0.21860000000000002,Poni
2591,2014,25.342666666666666,62.226,97.1636,-0.40259999999999996,-0.1471,0.23715873015873257,-0.15281176470588237,Poni
2591,2015,25.50088888888889,84.60688888888889,84.328,0.46980000000000005,-1.3399,0.36833333333333584,-1.3513235294117647,Poni
2591,2016,25.279,72.27666666666667,95.1536,0.6275999999999999,-0.012400000000000001,0.1193968253968265,-0.029535294117647045,Poni
2591,2017,25.30777777777778,47.42933333333333,94.96600000000001,-1.5150000000000001,0.3527,0.12112698412698819,0.3298529411764706,Poni
2591,2018,25.169888888888888,83.50833333333334,89.525,0.9002000000000001,-0.4609,-0.04380952380952152,-0.4894588235294117,Poni
2591,2019,25.379,83.99411111111111,94.4744,1.3326,0.1771,0.13825396825397362,0.14282941176470593,Poni
2591,2020,25.01822222222222,69.56422222222221,91.27340000000001,-0.255,0.005799999999999986,-0.24957142857142856,-0.03418235294117645,Poni
2591,2021,25.145333333333333,89.04388888888889,91.02459999999999,2.0222,-0.3901,-0.14950793650793415,-0.4357941176470588,Poni
2591,2022,24.810333333333332,74.458,96.475,0.3362,0.5327,-0.5115555555555531,0.4812941176470588,Poni
2591,2023,25.697777777777777,73.14244444444445,89.2688,0.292,1.0402,0.34884126984127306,0.9830823529411765,Poni
2591,2024,25.368777777777776,64.53322222222222,82.88820000000001,-0.5075999999999999,-0.8574999999999999,-0.0072063492063456636,-0.9203294117647057,Poni
2591,2025,24.87511111111111,69.78422222222223,97.216,0.033,0.4576,-0.5279206349206333,0.38905882352941185,Poni
2591,2026,25.885285714285715,62.399142857142856,96.48433333333332,-0.22999999999999998,0.538,0.45520634920635317,0.4637470588235295,Poni
2608,1989,25.993777777777776,59.666000000000004,,0.4366,,-0.35464761904763975,,Passore
2608,1990,26.60977777777778,43.19277777777778,,-1.6972,,0.24768571428569786,,Passore
2608,1991,26.592555555555556,51.36011111111111,96.613,-0.1096,,0.2167968253968091,,Passore
2608,1992,26.046,58.67033333333333,98.536,0.2502,,-0.3434253968254133,,Passore
2608,1993,26.53222222222222,47.34555555555555,98.228,-1.1565999999999999,,0.1291301587301419,,Passore
2608,1994,26.067777777777778,75.39022222222222,99.1858,1.7744,,-0.34898095238096616,,Passore
2608,1995,26.497888888888887,44.632333333333335,98.59819999999999,-1.0943999999999998,,0.06746349206347801,,Passore
2608,1996,26.45577777777778,57.28933333333334,98.0098,-0.6557999999999999,,0.011685714285704307,,Passore
2608,1997,26.843555555555557,49.248111111111115,98.0572,-0.7819999999999999,,0.3857968253968167,,Passore
2608,1998,26.340444444444444,53.388999999999996,99.4084,-0.40700000000000003,,-0.13098095238096263,,Passore
2608,1999,25.638222222222222,69.93022222222221,99.9246,0.7866,,-0.8468698412698501,,Passore
2608,2000,26.556444444444445,46.70166666666667,98.28099999999999,-1.0672000000000001,,0.057685714285707235,,Passore
2608,2001,26.442444444444444,54.855333333333334,98.7124,0.2766,0.37470000000000003,-0.06998095238095914,0.5019,Passore
2608,2002,27.047222222222224,47.13644444444444,98.572,-1.3564,-1.6103,0.5211301587301556,-1.4937,Passore
2608,2003,26.182777777777776,65.0808888888889,99.39840000000001,1.1042,0.7698,-0.35698095238095817,0.8758,Passore
2608,2004,26.631444444444444,49.27,97.6736,-0.7702,-0.8163,0.0780190476190441,-0.7209000000000001,Passore
2608,2005,26.587333333333333,53.90877777777777,98.465,0.0038000000000000035,0.6385,0.02024126984126795,0.7232999999999999,Passore
2608,2006,26.53222222222222,50.86388888888889,99.3736,-0.6965999999999999,-0.9205999999999999,-0.048536507936510986,-0.8463999999999999,Passore
2608,2007,26.586555555555556,57.954,98.48679999999999,-0.07619999999999998,-0.49860000000000004,-0.007869841269840805,-0.43500000000000005,Passore
2608,2008,26.509555555555554,57.44777777777777,99.00460000000001,0.3556,0.5468,-0.09853650793650814,0.5997999999999999,Passore
2608,2009,26.91188888888889,64.78911111111111,99.60679999999999,0.586,0.4282,0.290130158730161,0.4706,Passore
2608,2010,26.676444444444442,60.574222222222225,99.4614,0.3382,-0.3375,0.04101904761904862,-0.3057,Passore
2608,2011,27.307222222222222,50.40244444444445,98.6016,-0.2778,-0.6064,0.6581301587301631,-0.5852,Passore
2608,2012,26.451666666666668,75.42577777777778,99.587,2.02,0.5278,-0.21109206349205678,0.5384,Passore
2608,2013,26.578222222222223,56.89922222222222,99.3818,-0.3194,-0.6034999999999999,-0.0982031746031673,-0.6034999999999999,Passore
2608,2014,26.875777777777778,55.94644444444444,99.099,-0.173,0.8184,0.18568571428572156,0.8078000000000001,Passore
2608,2015,26.748444444444445,66.39255555555556,99.62219999999999,0.7948000000000001,0.06570000000000001,0.04468571428572332,0.04450000000000002,Passore
2608,2016,26.77722222222222,72.45711111111112,98.898,1.8426000000000002,0.5859000000000001,0.05979682539683395,0.5541000000000001,Passore
2608,2017,26.967666666666666,51.905,99.25280000000001,-0.44939999999999997,0.702,0.23657460317461343,0.6596,Passore
2608,2018,26.78944444444444,64.312,99.5558,0.5002,0.27190000000000003,0.04468571428572332,0.21890000000000004,Passore
2608,2019,26.95422222222222,58.87244444444444,98.939,0.2494,-0.5593,0.19579682539683674,-0.6229,Passore
2608,2020,26.633111111111113,66.72055555555556,98.8124,0.8576,-0.3085,-0.13898095238093688,-0.38269999999999993,Passore
2608,2021,26.936666666666667,54.632111111111115,98.90419999999999,-0.0506,0.8169,0.1509079365079522,0.7321,Passore
2608,2022,26.421444444444447,72.31044444444444,99.801,1.6181999999999999,0.3121,-0.3779809523809341,0.21670000000000003,Passore
2608,2023,27.305222222222223,56.746,98.6786,0.3702,0.03950000000000001,0.49213015873017696,-0.06649999999999995,Passore
2608,2024,26.62911111111111,60.406,99.4332,-0.015199999999999991,-0.8956999999999999,-0.19764761904760064,-1.0123,Passore
2608,2025,26.229,67.43055555555556,99.5774,0.7866,0.4883,-0.6114253968253784,0.3611000000000001,Passore
2608,2026,27.747714285714288,58.392428571428574,99.07666666666667,-0.701,-0.6,0.8936222222222447,-0.7377999999999999,Passore
2609,1989,26.52722222222222,53.48977777777778,,-0.0386,,-0.4132402116402112,,Yatenga
2609,1990,27.29011111111111,39.82922222222223,,-2.0195999999999996,,0.33993968253968276,,Yatenga
2609,1991,27.172222222222224,51.18011111111112,98.33840000000001,0.017999999999999995,,0.21234179894180016,,Yatenga
2609,1992,26.597444444444445,55.57177777777778,98.9752,0.10740000000000001,,-0.3721449735449731,,Yatenga
2609,1993,27.13811111111111,48.836777777777776,98.1294,-0.7622,,0.1588126984126994,,Yatenga
2609,1994,26.424555555555557,65.59466666666667,99.3632,0.9772000000000001,,-0.5644518518518495,,Yatenga
2609,1995,27.11188888888889,43.435,97.372,-1.0152,,0.1131724867724877,,Yatenga
2609,1996,27.073999999999998,57.48811111111112,98.2998,-0.363,,0.0655746031746034,,Yatenga
2609,1997,27.523666666666667,46.83611111111111,97.6304,-0.923,,0.5055322751322784,,Yatenga
2609,1998,26.985888888888887,53.48722222222222,99.3308,-0.077,,-0.04195449735449941,,Yatenga
2609,1999,26.026777777777777,60.873333333333335,99.64320000000001,0.3322,,-1.0107746031746032,,Yatenga
2609,2000,27.22288888888889,43.67955555555555,98.2726,-1.2558,,0.17562751322751424,,Yatenga
2609,2001,26.979,50.13944444444444,97.64840000000001,-0.11720000000000001,0.6443000000000001,-0.07797037037036958,1.1314999999999997,Yatenga
2609,2002,27.721444444444444,45.32977777777778,98.1106,-1.366,-1.3984,0.654765079365081,-0.9518000000000004,Yatenga
2609,2003,26.673777777777776,58.12622222222222,99.2864,0.6106,0.41459999999999997,-0.4026105820105812,0.8205999999999997,Yatenga
2609,2004,27.218222222222224,46.85088888888889,97.84639999999999,-0.9236000000000001,-0.4637,0.13212486772487253,-0.09830000000000028,Yatenga
2609,2005,27.037666666666667,48.591,98.6606,-0.3832,0.5821,-0.05813968253968227,0.9068999999999997,Yatenga
2609,2006,27.200666666666667,49.58788888888889,99.12,-0.5641999999999999,-0.9644999999999999,0.09515132275132387,-0.6803000000000001,Yatenga
2609,2007,26.948666666666668,60.80611111111111,98.783,0.7964,0.49750000000000005,-0.16655767195766913,0.7410999999999999,Yatenga
2609,2008,27.099222222222224,57.30211111111112,98.8104,0.7525999999999999,0.6266999999999999,-0.025711111111107243,0.8296999999999998,Yatenga
2609,2009,27.389666666666667,62.721777777777774,99.6192,0.6124,0.029899999999999996,0.2550243386243416,0.19229999999999986,Yatenga
2609,2010,27.08711111111111,61.74666666666667,99.5598,0.6552,-0.6223000000000001,-0.05724021164020954,-0.5005000000000002,Yatenga
2609,2011,27.67811111111111,51.87822222222222,99.22240000000001,-0.026600000000000002,-0.5962,0.5240507936507974,-0.515,Yatenga
2609,2012,26.712666666666664,71.70733333333334,99.7028,1.9894000000000003,0.8963000000000001,-0.45110264550264745,0.9369000000000001,Yatenga
2609,2013,27.142444444444443,51.775444444444446,99.46860000000001,-0.48979999999999996,-0.1831,-0.03103386243386197,-0.1831,Yatenga
2609,2014,27.515666666666664,53.06011111111111,98.7298,-0.2834,-0.20140000000000002,0.33247936507936515,-0.242,Yatenga
2609,2015,27.078,64.38644444444445,99.5402,0.9666,-0.08199999999999999,-0.11489629629629405,-0.16319999999999993,Yatenga
2609,2016,27.315777777777775,68.58244444444443,98.4562,1.7887999999999997,0.4414,0.1131724867724877,0.3196000000000001,Yatenga
2609,2017,27.48766666666667,52.653222222222226,99.2716,0.0043999999999999985,0.48239999999999994,0.2753523809523877,0.32000000000000006,Yatenga
2609,2018,27.279444444444444,66.8608888888889,99.7742,1.003,0.223,0.057421164021167925,0.020000000000000157,Yatenga
2609,2019,27.546555555555553,55.96633333333333,99.05120000000001,0.14020000000000002,-0.3661,0.3148232804232798,-0.6096999999999998,Yatenga
2609,2020,27.011333333333333,63.10922222222223,99.3764,0.7598,-0.2253,-0.2301079365079346,-0.5094999999999998,Yatenga
2609,2021,27.664,47.507444444444445,98.418,-0.6708000000000001,0.1472,0.4128497354497398,-0.17759999999999976,Yatenga
2609,2022,26.942555555555558,63.37488888888889,99.8152,0.9512,0.1874,-0.3183037037036982,-0.17799999999999971,Yatenga
2609,2023,27.817555555555558,59.58877777777778,99.01259999999999,1.0948,0.9426,0.5469873015873077,0.5366000000000003,Yatenga
2609,2024,26.928888888888892,57.94711111111111,99.6052,0.1602,0.9084999999999999,-0.35138835978835203,0.4619000000000002,Yatenga
2609,2025,26.61911111111111,62.53211111111111,99.5768,0.6252,1.9589,-0.6708751322751283,1.4717000000000005,Yatenga
2609,2026,28.330285714285715,51.72414285714286,95.92200000000001,-1.5726666666666667,0.39949999999999997,1.0305904761904792,-0.12829999999999964,Yatenga
2610,1989,25.80611111111111,69.21922222222221,,1.369,,-0.389561904761905,,Ganzourgou
2610,1990,26.361222222222224,44.562444444444445,,-1.116,,0.15029523809523937,,Ganzourgou
2610,1991,26.323,45.49744444444444,98.65520000000001,-0.8324,,0.09681904761904647,,Ganzourgou
2610,1992,25.950222222222223,59.21422222222222,99.28,0.20139999999999997,,-0.29121269841269637,,Ganzourgou
2610,1993,26.324444444444445,55.723666666666674,99.889,-0.189,,0.06775555555555712,,Ganzourgou
2610,1994,25.967555555555556,88.1648888888889,99.8536,1.7955999999999999,,-0.3043873015873011,,Ganzourgou
2610,1995,26.379,56.14733333333333,99.77340000000001,0.0746,,0.09180317460317511,,Ganzourgou
2610,1996,26.37788888888889,54.14688888888889,99.2286,-0.5582,,0.07543809523809486,,Ganzourgou
2610,1997,26.75122222222222,38.934333333333335,97.9642,-2.1784,,0.43351746031746075,,Ganzourgou
2610,1998,26.31222222222222,58.53566666666667,99.8952,0.026600000000000002,,-0.020736507936508275,,Ganzourgou
2610,1999,25.735333333333333,65.81477777777778,99.84819999999999,0.364,,-0.6128793650793654,,Ganzourgou
2610,2000,26.396333333333335,37.13711111111111,99.2164,-1.6218,,0.032866666666667044,,Ganzourgou
2610,2001,26.461666666666666,52.27311111111111,99.5918,-0.6644,-0.7713,0.0829460317460331,-1.1379749999999997,Ganzourgou
2610,2002,26.721111111111114,52.03433333333333,99.4022,-0.9879999999999999,-1.2723,0.32713650793651183,-1.6084187499999998,Ganzourgou
2610,2003,26.192777777777778,60.02522222222222,99.914,0.2648,0.6898,-0.21645079365079312,0.3842375000000001,Ganzourgou
2610,2004,26.378888888888888,51.26177777777778,99.4126,-0.7536,0.9005999999999998,-0.045593650793652074,0.62559375,Ganzourgou
2610,2005,26.506444444444448,65.12344444444444,99.6422,0.8210000000000001,0.028400000000000005,0.06670793650793883,-0.21604999999999985,Ganzourgou
2610,2006,26.415888888888887,51.96644444444444,99.5684,-0.6002,-0.5009,-0.039101587301587415,-0.7147937499999999,Ganzourgou
2610,2007,26.327444444444446,60.516333333333336,96.8456,-0.13899999999999998,0.1686,-0.1427999999999976,-0.014737499999999903,Ganzourgou
2610,2008,26.477444444444444,64.82222222222222,98.8774,0.7498,1.0782,-0.00805396825396798,0.9254187500000002,Ganzourgou
2610,2009,26.86188888888889,73.70422222222221,99.885,1.0876000000000001,0.2773,0.3611365079365072,0.15507500000000007,Ganzourgou
2610,2010,26.620333333333335,64.99322222222222,99.94500000000001,0.7962,1.0352999999999999,0.10432698412698471,0.9436312499999999,Ganzourgou
2610,2011,26.79222222222222,56.93955555555556,99.63640000000001,0.09720000000000001,-0.2564,0.2609619047619063,-0.3175125,Ganzourgou
2610,2012,26.304444444444446,72.28511111111112,99.8226,0.975,0.044399999999999995,-0.24206984126983855,0.013843750000000012,Ganzourgou
2610,2013,26.443666666666665,58.29344444444444,99.1224,-0.18980000000000002,-0.29679999999999995,-0.11810158730158804,-0.29679999999999995,Ganzourgou
2610,2014,26.59122222222222,63.727444444444444,99.9228,0.1182,-0.27290000000000003,0.01419999999999888,-0.24234375000000005,Ganzourgou
2610,2015,26.717,72.66933333333333,99.684,0.9179999999999999,-0.8431,0.12472380952380746,-0.7819875,Ganzourgou
2610,2016,26.622888888888887,74.32844444444444,99.92519999999999,1.364,0.7190000000000001,0.015358730158730793,0.81066875,Ganzourgou
2610,2017,26.895888888888887,41.36288888888889,99.6654,-1.2776,0.656,0.2731047619047615,0.778225,Ganzourgou
2610,2018,26.656222222222222,62.14944444444445,99.8816,0.1142,-0.9524,0.018184126984127857,-0.79961875,Ganzourgou
2610,2019,26.855555555555554,61.65255555555556,99.5672,0.6784,-0.4743,0.2022634920634907,-0.2909625000000001,Ganzourgou
2610,2020,26.537333333333336,75.72622222222223,99.7028,1.024,-1.0145,-0.13121269841269267,-0.8006062500000001,Ganzourgou
2610,2021,26.751555555555555,62.5,99.614,0.619,0.5189,0.06775555555555712,0.7633499999999999,Ganzourgou
2610,2022,26.327333333333332,71.08055555555556,99.9582,0.8640000000000001,-0.0805,-0.371720634920635,0.19450624999999983,Ganzourgou
2610,2023,27.13611111111111,61.23177777777778,99.4606,0.45999999999999996,-0.3124,0.4218031746031734,-0.006837500000000163,Ganzourgou
2610,2024,26.735,68.3968888888889,99.7678,0.4968,-0.39080000000000004,0.005438095238094576,-0.05468125000000024,Ganzourgou
2610,2025,26.14488888888889,74.00788888888889,99.789,0.8128,-0.9275,-0.5999269841269808,-0.5608250000000001,Ganzourgou
2610,2026,27.586000000000002,54.25071428571429,97.68166666666667,-1.1103333333333334,-1.3606666666666667,0.8259301587301628,-0.963435416666667,Ganzourgou
3741,1989,26.712222222222223,62.45211111111111,,0.9116,,-0.405683597883602,,Komonjdjari
3741,1990,27.345444444444446,45.82344444444445,,-1.6114000000000002,,0.2170412698412676,,Komonjdjari
3741,1991,27.141555555555556,41.875,93.23060000000001,-1.2628,,0.002655026455023801,,Komonjdjari
3741,1992,26.79733333333333,55.294000000000004,95.8948,0.17560000000000003,,-0.35206455026455785,,Komonjdjari
3741,1993,27.379,58.36655555555555,98.277,0.2908,,0.21910476190475947,,Komonjdjari
3741,1994,26.446444444444445,73.75388888888888,99.3516,1.7982,,-0.7239481481481498,,Komonjdjari
3741,1995,27.302666666666667,53.26255555555556,95.69500000000001,0.0262,,0.12177671957671521,,Komonjdjari
3741,1996,27.27466666666667,48.71,96.5402,-0.706,,0.08327936507936329,,Komonjdjari
3741,1997,27.796444444444447,43.60888888888889,94.6174,-2.0872,,0.5945597883597884,,Komonjdjari
3741,1998,27.054222222222222,60.42133333333334,99.2664,0.4746,,-0.15815978835979294,,Komonjdjari
3741,1999,26.54266666666667,66.27822222222223,98.9316,0.8,,-0.6802126984126993,,Komonjdjari
3741,2000,27.20011111111111,47.55777777777777,96.69579999999999,-0.5122,,-0.03326560846561222,,Komonjdjari
3741,2001,27.387999999999998,48.84977777777778,98.957,-0.6638,-0.496,0.14412592592591977,-0.8937212121212121,Komonjdjari
3741,2002,27.729555555555557,53.13933333333333,96.5734,-0.5128,-1.1412,0.47518412698412504,-1.5057777777777779,Komonjdjari
3741,2003,26.94511111111111,60.577444444444446,99.1798,0.7598,1.3935,-0.31975767195767446,1.0620656565656565,Komonjdjari
3741,2004,27.240222222222222,49.42144444444445,96.89840000000001,-0.7594,1.1966,-0.035143915343919474,0.898309090909091,Komonjdjari
3741,2005,27.425333333333334,60.955888888888886,98.91760000000001,0.9648,1.6124,0.13946984126983963,1.3472525252525251,Komonjdjari
3741,2006,27.331666666666667,49.400333333333336,98.3442,-0.857,-0.357,0.03530582010581895,-0.5890040404040404,Komonjdjari
3741,2007,27.303,54.249111111111105,97.3168,-0.0396,0.6289,-0.0038582010582040027,0.43003939393939394,Komonjdjari
3741,2008,27.13733333333333,54.554,98.45660000000001,0.6923999999999999,0.5236000000000001,-0.1800222222222274,0.3578828282828283,Komonjdjari
3741,2009,27.80366666666667,54.770111111111106,97.9222,0.18080000000000002,-0.005900000000000001,0.475813756613757,-0.1384737373737374,Komonjdjari
3741,2010,27.371888888888886,55.08244444444445,99.0722,-0.26799999999999996,-0.3911,0.033538624338618206,-0.49053030303030304,Komonjdjari
3741,2011,28.002666666666666,55.19855555555555,95.328,-0.009,-0.16809999999999997,0.6538190476190451,-0.23438686868686867,Komonjdjari
3741,2012,26.92833333333333,59.70266666666666,98.6864,0.429,0.5039,-0.4310116402116435,0.47075656565656565,Komonjdjari
3741,2013,27.259777777777778,57.29455555555555,96.2538,0.582,-0.22970000000000002,-0.11006455026455342,-0.22970000000000002,Komonjdjari
3741,2014,27.604444444444443,58.31722222222223,98.428,-0.2738,-0.1754,0.22410476190475848,-0.14225656565656564,Komonjdjari
3741,2015,27.526666666666667,70.1331111111111,97.46880000000002,1.363,-0.8613000000000001,0.13582962962962952,-0.7950131313131313,Komonjdjari
3741,2016,27.435222222222222,60.199888888888886,99.2662,0.7272000000000001,0.1485,0.03388783068782786,0.24793030303030306,Komonjdjari
3741,2017,27.49511111111111,49.01744444444444,98.217,-0.1568,0.5072,0.08327936507936329,0.6397737373737373,Komonjdjari
3741,2018,27.28622222222222,56.254777777777775,95.83879999999999,-0.32839999999999997,-1.1518000000000002,-0.1361068783068795,-0.9860828282828284,Komonjdjari
3741,2019,27.67388888888889,60.71522222222222,98.0368,1.1796,-1.2792000000000001,0.24106243386243165,-1.080339393939394,Komonjdjari
3741,2020,27.19633333333333,74.27144444444444,98.271,1.8544,-0.40950000000000003,-0.2469904761904793,-0.1774959595959596,Komonjdjari
3741,2021,27.66688888888889,63.75377777777778,97.699,0.9658,0.13899999999999998,0.2130677248677273,0.4041474747474748,Komonjdjari
3741,2022,27.070555555555554,70.26066666666667,95.3462,1.1212,-0.5301,-0.39376296296296687,-0.23180909090909085,Komonjdjari
3741,2023,28.08077777777778,49.50955555555556,96.0706,-0.9570000000000001,-0.08639999999999999,0.6059619047619051,0.24503434343434355,Komonjdjari
3741,2024,27.23833333333333,67.22277777777778,99.6738,1.1667999999999998,-0.06679999999999998,-0.24697989417989774,0.29777777777777786,Komonjdjari
3741,2025,27.031333333333336,71.43044444444445,97.62859999999999,0.9972,0.1509,-0.46447724867724816,0.5486212121212122,Komonjdjari
3741,2026,28.062571428571427,50.85657142857143,97.67966666666666,-0.5476666666666666,0.6981666666666666,0.5562634920634899,1.1290313131313132,Komonjdjari
3742,1989,25.72888888888889,65.23188888888889,,0.04900000000000001,,-0.2327238095238151,,Kompienga
3742,1990,26.07711111111111,53.61844444444444,,-0.8242,,0.09429841269840367,,Kompienga
3742,1991,25.94211111111111,60.696555555555555,99.3376,0.19119999999999998,,-0.06190158730159112,,Kompienga
3742,1992,25.75511111111111,54.45099999999999,99.13640000000001,-1.0158,,-0.2701015873015926,,Kompienga
3742,1993,26.037555555555556,66.06344444444444,89.81219999999999,-0.13840000000000002,,-0.008857142857145561,,Kompienga
3742,1994,25.951,85.19611111111111,98.4744,1.645,,-0.11661269841270183,,Kompienga
3742,1995,26.215666666666667,69.84566666666666,93.7834,0.2794,,0.12685396825396467,,Kompienga
3742,1996,26.162444444444443,66.90388888888889,99.05319999999999,0.487,,0.05243174603174339,,Kompienga
3742,1997,26.902444444444445,49.44466666666667,99.28,-1.5518,,0.771231746031745,,Kompienga
3742,1998,26.288777777777778,82.99477777777778,99.7184,0.9663999999999999,,0.1363650793650777,,Kompienga
3742,1999,25.541333333333334,86.38866666666667,94.529,1.0234,,-0.6322793650793663,,Kompienga
3742,2000,26.325000000000003,62.19211111111112,99.119,-0.058199999999999995,,0.13018730158730207,,Kompienga
3742,2001,26.30022222222222,67.01644444444445,99.28020000000001,0.0934,0.061399999999999996,0.08420952380952329,-0.1337615384615385,Kompienga
3742,2002,26.492444444444445,58.093555555555554,91.03920000000001,-1.205,-1.1975,0.2552317460317468,-1.376398076923077,Kompienga
3742,2003,26.113333333333333,80.03433333333334,98.8694,1.0992000000000002,0.489,-0.14507936507936492,0.3263653846153846,Kompienga
3742,2004,26.216,65.22711111111111,99.5356,-0.16160000000000002,0.7612000000000001,-0.06361269841269745,0.6148288461538463,Kompienga
3742,2005,26.232,68.13766666666668,98.908,0.4928,0.7209,-0.06881269841269955,0.5907923076923076,Kompienga
3742,2006,26.32477777777778,57.243,96.3808,-1.6094000000000002,-0.32920000000000005,0.0027650793650835226,-0.44304423076923083,Kompienga
3742,2007,26.26788888888889,74.42477777777778,98.8012,0.8074,0.6379999999999999,-0.07532380952380535,0.5404192307692307,Kompienga
3742,2008,26.076777777777778,71.94477777777779,96.0994,0.717,0.7232000000000001,-0.28763492063491825,0.6418826923076923,Kompienga
3742,2009,26.668,73.57733333333334,98.4022,1.1644,0.24829999999999997,0.28238730158730263,0.1832461538461538,Kompienga
3742,2010,26.438555555555556,70.473,99.7532,0.23500000000000001,0.3024,0.03174285714285929,0.2536096153846154,Kompienga
3742,2011,26.89622222222222,68.85611111111112,98.70700000000001,0.1086,-0.9871999999999999,0.4682095238095272,-1.019726923076923,Kompienga
3742,2012,26.046,59.40688888888889,99.3056,-0.5782,0.10539999999999998,-0.4032126984126947,0.08913653846153843,Kompienga
3742,2013,26.49122222222222,56.654666666666664,97.3884,-1.2664000000000002,-0.1336,0.020809523809525388,-0.1336,Kompienga
3742,2014,26.605777777777778,62.029111111111106,95.037,-1.4247999999999998,-0.014600000000000002,0.11416507936508324,0.0016634615384615373,Kompienga
3742,2015,26.662555555555556,78.77688888888889,90.6716,0.8310000000000001,-1.3062999999999998,0.1497428571428614,-1.2737730769230766,Kompienga
3742,2016,26.677,69.25677777777778,98.04339999999999,0.09559999999999999,0.527,0.14298730158730777,0.5757903846153847,Kompienga
3742,2017,26.625666666666667,56.739000000000004,99.3566,-0.3792,0.9384000000000001,0.07045396825397532,1.0034538461538463,Kompienga
3742,2018,26.451555555555554,66.88477777777777,98.154,-0.13879999999999998,0.08940000000000001,-0.12485714285713811,0.1707173076923077,Kompienga
3742,2019,26.704777777777778,71.34844444444444,98.297,0.5843999999999999,0.21669999999999998,0.10716507936508535,0.3142807692307692,Kompienga
3742,2020,26.297444444444444,74.92155555555556,98.52459999999999,0.5586,-0.5403999999999999,-0.32136825396824875,-0.4265557692307691,Kompienga
3742,2021,26.723333333333333,66.68588888888888,98.28479999999999,0.278,-1.0593,0.08332063492064279,-0.9291923076923077,Kompienga
3742,2022,26.28188888888889,67.79866666666666,98.7308,-0.0698,-0.28370000000000006,-0.3793238095238003,-0.13732884615384622,Kompienga
3742,2023,26.968777777777778,78.3908888888889,97.1832,0.5042,0.30850000000000005,0.2863650793650869,0.47113461538461543,Kompienga
3742,2024,26.810777777777776,61.381,99.1854,-0.8388,0.6143,0.10716507936508535,0.7931980769230769,Kompienga
3742,2025,26.26,59.57055555555556,86.994,-1.5284,-0.10620000000000002,-0.4648126984126897,0.08896153846153845,Kompienga
3742,2026,27.116000000000003,75.95057142857142,99.02733333333333,0.7106666666666667,0.7983333333333333,0.3699873015873152,1.0097583333333333,Kompienga
3743,1989,26.01711111111111,62.24088888888889,,0.11539999999999999,,-0.3943012987013006,,Tapoa
3743,1990,26.75188888888889,60.028333333333336,,-0.4182,,0.3263855699855718,,Tapoa
3743,1991,26.282555555555557,42.26311111111111,97.473,-1.6068000000000002,,-0.1570386724386701,,Tapoa
3743,1992,26.15722222222222,55.71655555555556,98.9966,-0.5231999999999999,,-0.29646291486291787,,Tapoa
3743,1993,26.58088888888889,54.338,97.6242,-0.6386000000000001,,0.1131128427128445,,Tapoa
3743,1994,25.96911111111111,88.09222222222223,99.65740000000001,2.4213999999999998,,-0.5127558441558442,,Tapoa
3743,1995,26.61788888888889,59.67822222222222,93.78620000000001,-0.18319999999999997,,0.12193102453102611,,Tapoa
3743,1996,26.54222222222222,57.66288888888889,98.64739999999999,-0.2502,,0.032173448773448854,,Tapoa
3743,1997,27.412444444444443,45.190111111111115,98.5868,-1.9462,,0.8883047619047595,,Tapoa
3743,1998,26.63288888888889,63.58044444444445,99.098,0.1338,,0.09465829725829877,,Tapoa
3743,1999,25.99277777777778,90.95577777777777,96.60600000000001,2.0174,,-0.5595437229437223,,Tapoa
3743,2000,26.575888888888887,57.56311111111111,98.6902,-0.1066,,0.009476479076479194,,Tapoa
3743,2001,26.740666666666666,57.47911111111111,99.397,0.05099999999999999,0.046999999999999986,0.16016334776334773,-0.6597792207792208,Tapoa
3743,2002,26.912666666666667,59.703222222222216,94.56859999999999,-0.5598,-0.1347,0.3180724386724414,-0.7825809523809524,Tapoa
3743,2003,26.35677777777778,68.63155555555555,99.63019999999999,0.7013999999999999,0.955,-0.2519073593073564,0.366017316017316,Tapoa
3743,2004,26.592,58.54355555555555,99.4138,-0.20860000000000004,1.1944,-0.030776046176047345,0.6643155844155844,Tapoa
3743,2005,26.712666666666664,69.26211111111111,99.4342,1.1138,1.1923,0.07579971139971065,0.7211138528138528,Tapoa
3743,2006,26.715333333333334,61.660222222222224,96.309,-0.314,-0.04780000000000001,0.06437546897547008,-0.46008787878787877,Tapoa
3743,2007,26.648555555555554,67.8338888888889,98.4482,0.8942,0.7263999999999999,-0.016493217893216894,0.37301038961038957,Tapoa
3743,2008,26.298777777777776,64.93411111111112,98.1576,0.42140000000000005,0.5913999999999999,-0.3803619047619051,0.29690865800865796,Tapoa
3743,2009,26.97188888888889,62.79855555555556,98.435,0.10980000000000001,0.2902,0.2786582972582998,0.05460692640692644,Tapoa
3743,2010,26.726333333333333,58.205000000000005,99.8228,-0.5764,0.4807,0.019011832611834478,0.30400519480519483,Tapoa
3743,2011,27.542666666666666,59.454,96.7056,-0.371,-1.0268,0.8212542568542567,-1.1445965367965367,Tapoa
3743,2012,26.275,62.045666666666676,98.62219999999999,-0.05299999999999999,-0.309,-0.4605033189033172,-0.3678982683982684,Tapoa
3743,2013,26.652555555555555,55.91588888888889,98.3284,-0.1578,-0.18730000000000002,-0.09703867243867137,-0.18730000000000002,Tapoa
3743,2014,26.866444444444443,60.190888888888885,97.633,-0.6073999999999999,-0.788,0.10275930735930672,-0.7291017316017316,Tapoa
3743,2015,26.890888888888888,72.36022222222222,94.70599999999999,0.7091999999999999,-1.4876999999999998,0.1131128427128445,-1.369903463203463,Tapoa
3743,2016,26.999222222222222,63.226444444444446,98.962,-0.2,-0.10599999999999998,0.2073552669552683,0.0706948051948052,Tapoa
3743,2017,26.978666666666665,54.007,99.61420000000001,-0.24619999999999997,0.48100000000000004,0.17270880230880437,0.7165930735930737,Tapoa
3743,2018,26.802444444444447,64.86577777777778,96.898,-0.051000000000000004,-0.14020000000000002,-0.017604329004324626,0.15429134199134195,Tapoa
3743,2019,27.005444444444446,66.58177777777777,99.697,0.5107999999999999,-0.052900000000000016,0.17130476190476784,0.30048961038961036,Tapoa
3743,2020,26.436666666666667,79.02377777777777,99.1686,1.4632,-0.0845,-0.4115639249639216,0.32778787878787874,Tapoa
3743,2021,26.94344444444444,69.244,97.5602,0.7070000000000001,-0.6275,0.08112294372294215,-0.1563138528138528,Tapoa
3743,2022,26.430777777777777,73.87833333333333,98.3726,0.8295999999999999,-0.7211000000000001,-0.44563463203462916,-0.19101558441558453,Tapoa
3743,2023,27.331888888888887,59.3928888888889,98.39840000000001,-0.3456,-0.37739999999999996,0.4413855699855702,0.21158268398268398,Tapoa
3743,2024,26.810111111111112,65.36444444444444,99.07939999999999,0.44719999999999993,-0.2887,-0.0944831168831115,0.3591809523809523,Tapoa
3743,2025,26.36411111111111,64.216,95.02799999999999,-0.06839999999999999,-1.0288,-0.5545740259740235,-0.3220207792207792,Tapoa
3743,2026,27.43257142857143,64.25557142857143,98.144,-0.211,-0.2305,0.49979538239538357,0.5351774891774891,Tapoa
3744,1989,24.703111111111113,68.33977777777778,,0.0718,,-0.15735753968253263,,Houet
3744,1990,24.813000000000002,68.38133333333333,,0.1406,,-0.07195476190475603,,Houet
3744,1991,24.876444444444445,68.74933333333334,99.49719999999999,0.1848,,-0.0329964285714226,,Houet
3744,1992,24.77411111111111,65.54044444444445,98.72139999999999,-0.2184,,-0.15981587301586941,,Houet
3744,1993,25.16288888888889,67.88377777777777,93.91380000000001,-0.3934,,0.2044757936508006,,Houet
3744,1994,24.94033333333333,83.9388888888889,95.6712,0.52,,-0.04256587301587089,,Houet
3744,1995,25.008555555555557,60.245222222222225,99.73440000000001,-0.5824,,0.0011702380952449687,,Houet
3744,1996,24.947333333333333,64.19477777777779,98.2218,-0.6890000000000001,,-0.08453809523809142,,Houet
3744,1997,25.31211111111111,57.888,99.689,-1.073,,0.25575357142857413,,Houet
3744,1998,25.137555555555554,71.31877777777778,99.1624,-0.1552,,0.056711904761908016,,Houet
3744,1999,24.558,84.13222222222223,96.7072,1.0916000000000001,,-0.5473297619047592,,Houet
3744,2000,25.025777777777776,72.37055555555555,97.704,0.33740000000000003,,-0.10403809523809215,,Houet
3744,2001,25.141000000000002,64.6,95.762,-0.4438000000000001,-0.01679999999999998,-0.01330198412697925,-0.018019780219780197,Houet
3744,2002,25.624777777777776,60.391666666666666,95.42339999999999,-0.8382,0.0032999999999999974,0.4459896825396825,0.0021818681318681336,Houet
3744,2003,24.962222222222223,81.55133333333333,98.529,1.259,0.6891,-0.2410519841269796,0.6880835164835165,Houet
3744,2004,25.329555555555558,50.928666666666665,97.54560000000001,-1.7298000000000002,0.5085999999999999,0.10179523809524227,0.5076851648351648,Houet
3744,2005,25.33677777777778,57.71711111111111,95.8506,-1.3248000000000002,-0.26830000000000004,0.08453134920635463,-0.26911318681318686,Houet
3744,2006,25.34155555555556,71.07322222222223,99.2656,-0.32999999999999996,0.2709,0.06482301587302075,0.2701884615384615,Houet
3744,2007,25.29588888888889,70.99,91.0426,0.518,-0.6182,-0.005329761904757646,-0.6188098901098901,Houet
3744,2008,25.209,85.32033333333334,94.6246,0.7322,-0.4282,-0.11670476190476009,-0.4287082417582418,Houet
3744,2009,25.563444444444443,67.30611111111111,94.9758,-0.010799999999999999,-0.5938,0.21325357142857015,-0.5942065934065934,Houet
3744,2010,25.41922222222222,83.85966666666667,99.7056,0.6744,0.5655,0.044545238095238915,0.565195054945055,Houet
3744,2011,25.580222222222222,52.501444444444445,98.6164,-1.4954,0.7571,0.18105912698412752,0.7568967032967033,Houet
3744,2012,25.19188888888889,78.68822222222222,99.5266,1.075,0.2983,-0.23176031746031356,0.2981983516483517,Houet
3744,2013,25.450333333333333,71.69311111111112,97.741,0.2798,0.28400000000000003,0.002198015873016601,0.28400000000000003,Houet
3744,2014,25.680111111111113,70.91111111111111,98.07079999999999,0.6408,-0.2157,0.2074896825396877,-0.21559835164835164,Houet
3744,2015,25.703777777777777,102.38277777777778,94.7148,1.4164,-1.5917,0.20667023809523855,-1.5914967032967031,Houet
3744,2016,25.71966666666667,77.74511111111111,98.9508,0.7756000000000001,0.0612,0.1980730158730175,0.061504945054945054,Houet
3744,2017,25.734333333333336,55.650333333333336,99.1012,-1.4044,0.5105999999999999,0.18825357142857513,0.5110065934065934,Houet
3744,2018,25.528000000000002,86.78455555555554,95.4232,0.9608000000000001,-0.4143,-0.04256587301587089,-0.41379175824175823,Houet
3744,2019,25.766111111111112,85.93355555555556,99.166,1.0472,0.36819999999999997,0.1710591269841295,0.36880989010989007,Houet
3744,2020,25.379666666666665,82.78288888888889,98.486,0.6644,-0.0787,-0.23987142857142985,-0.07798846153846155,Houet
3744,2021,25.683777777777777,78.92833333333334,98.1712,0.8596,-0.007800000000000001,0.0397535714285695,-0.006986813186813191,Houet
3744,2022,25.150666666666666,83.43344444444443,97.924,0.9986,0.09630000000000001,-0.517843650793651,0.09721483516483517,Houet
3744,2023,26.048333333333332,72.53977777777777,96.3468,0.028000000000000004,0.0587,0.35533690476190216,0.059716483516483516,Houet
3744,2024,25.62811111111111,81.1081111111111,92.2798,0.532,-0.5498000000000001,-0.08937142857142888,-0.5486818681318683,Houet
3744,2025,25.18811111111111,83.27955555555555,99.736,0.6768,0.7762,-0.5538575396825429,0.7774197802197802,Houet
3744,2026,26.372999999999998,63.64828571428571,98.89533333333333,-0.741,0.026833333333333327,0.6065452380952365,0.028154761904761894,Houet
3745,1989,24.762555555555554,69.10222222222222,,-0.24299999999999997,,-0.08433665223665443,,Kenedougou
3745,1990,24.822666666666667,68.87477777777777,,-0.4306,,-0.04684675324675425,,Kenedougou
3745,1991,24.90588888888889,81.87022222222222,98.9602,0.8484,,0.013754256854255686,,Kenedougou
3745,1992,24.773222222222223,68.23177777777778,98.1622,-0.21000000000000002,,-0.14153362193362184,,Kenedougou
3745,1993,25.177888888888887,72.00522222222223,96.23440000000001,-0.242,,0.24051183261182985,,Kenedougou
3745,1994,24.828777777777777,83.07855555555555,97.9056,0.4566,,-0.13122049062049257,,Kenedougou
3745,1995,24.97811111111111,68.41555555555556,99.5348,-0.34219999999999995,,-0.004508369408370072,,Kenedougou
3745,1996,24.90377777777778,64.63744444444444,97.066,-0.9902000000000001,,-0.10146291486291403,,Kenedougou
3745,1997,25.20488888888889,62.95588888888889,99.6932,-0.9997999999999999,,0.17702698412698226,,Kenedougou
3745,1998,25.154222222222224,76.07777777777778,99.142,-0.0966,,0.10373910533910546,,Kenedougou
3745,1999,24.53633333333333,89.35733333333333,97.0074,1.4866,,-0.5367709956709987,,Kenedougou
3745,2000,24.957444444444448,73.66,98.2448,0.17279999999999998,,-0.13828109668109434,,Kenedougou
3745,2001,25.042555555555555,66.76533333333333,96.01259999999999,-0.4274,0.5586,-0.07579119769119913,0.3070392857142857,Kenedougou
3745,2002,25.612111111111112,68.19977777777778,97.7572,-0.2974,0.047000000000000014,0.4711431457431452,-0.1835973214285714,Kenedougou
3745,2003,24.930222222222223,77.7761111111111,98.4686,0.5108,0.7764,-0.2333669552669555,0.5667660714285714,Kenedougou
3745,2004,25.327555555555556,53.52655555555556,97.664,-2.0334,-0.2656,0.14134516594516455,-0.4542705357142857,Kenedougou
3745,2005,25.461333333333332,62.78066666666666,96.546,-1.1266,-0.09740000000000001,0.25250173160172906,-0.2651071428571429,Kenedougou
3745,2006,25.392444444444443,71.93655555555556,99.3408,-0.6923999999999999,0.47020000000000006,0.1609916305916279,0.32345625000000006,Kenedougou
3745,2007,25.220333333333333,80.31033333333333,95.2714,1.1094,-0.0727,-0.0337406926406949,-0.19848035714285717,Kenedougou
3745,2008,25.139111111111113,81.20222222222222,95.441,0.3024,0.2516,-0.1375841269841267,0.1467830357142857,Kenedougou
3745,2009,25.543888888888887,68.08711111111111,96.6734,-0.1348,-0.7792,0.24457243867243506,-0.8630535714285714,Kenedougou
3745,2010,25.32477777777778,89.2911111111111,99.8034,1.2132,0.644,0.0028401154401151985,0.5811098214285715,Kenedougou
3745,2011,25.473888888888887,58.403888888888886,99.1292,-1.5862,0.5525,0.12933001443001046,0.5105732142857142,Kenedougou
3745,2012,25.072,80.23255555555555,99.1242,0.8792,0.1521,-0.2951800865800891,0.13113660714285716,Kenedougou
3745,2013,25.355777777777778,75.76255555555555,97.26259999999999,0.2068,0.2202,-0.034023520923522454,0.2202,Kenedougou
3745,2014,25.523333333333333,75.94988888888889,98.49600000000001,0.5764,-0.3517,0.11091082251082085,-0.33073660714285713,Kenedougou
3745,2015,25.64211111111111,105.89933333333333,94.46860000000001,1.4546,-1.2269,0.2070673881673848,-1.1849732142857143,Kenedougou
3745,2016,25.61288888888889,77.59955555555557,98.1116,0.4282,-0.04240000000000001,0.1552239538239526,0.02049017857142857,Kenedougou
3745,2017,25.713444444444445,65.98888888888888,97.949,-1.0606,0.4209,0.23315829725829573,0.5047535714285715,Kenedougou
3745,2018,25.42866666666667,93.69111111111111,97.06620000000001,1.276,-0.2484,-0.07424069264069288,-0.1435830357142857,Kenedougou
3745,2019,25.702555555555556,85.48177777777778,98.3128,0.5913999999999999,0.5819000000000001,0.17702698412698226,0.7076803571428573,Kenedougou
3745,2020,25.308444444444447,85.63722222222222,97.74539999999999,0.7226,-0.272,-0.2397053391053383,-0.12525625,Kenedougou
3745,2021,25.601,80.34911111111111,98.0386,0.7666000000000001,-0.432,0.03022900432900144,-0.2642928571428571,Kenedougou
3745,2022,25.093777777777778,87.30000000000001,97.7294,0.8725999999999999,-0.0426,-0.4996144300144323,0.14607053571428572,Kenedougou
3745,2023,26.016333333333332,74.47788888888888,97.9478,-0.055600000000000004,-0.2006,0.40031991341991,0.009033928571428568,Kenedougou
3745,2024,25.55488888888889,91.54066666666667,95.4742,1.0468,-0.6869000000000001,-0.08374574314574446,-0.45630267857142864,Kenedougou
3745,2025,25.170333333333332,82.01677777777778,99.741,0.013200000000000012,1.0366,-0.49092251082251437,1.2881607142857143,Kenedougou
3745,2026,26.298285714285715,63.86,98.892,-1.2416666666666667,-0.8743333333333334,0.6144086580086565,-0.6018092261904763,Kenedougou
3746,1989,24.907777777777778,69.75788888888889,,0.093,,-0.1655139971139974,,Tuy
3746,1990,25.022888888888886,59.586555555555556,,-0.752,,-0.07516046176046487,,Tuy
3746,1991,25.063888888888886,59.48544444444445,99.2102,-0.43899999999999995,,-0.05891803751804048,,Tuy
3746,1992,24.932555555555556,59.26755555555556,99.119,-0.7866,,-0.21500894660894332,,Tuy
3746,1993,25.349555555555558,64.45400000000001,95.0964,-0.6058,,0.1772334776334823,,Tuy
3746,1994,25.246,79.08811111111112,97.82339999999999,0.9004,,0.04892034632034736,,Tuy
3746,1995,25.244777777777777,46.65988888888889,99.2396,-1.4436,,0.022940548340550038,,Tuy
3746,1996,25.24088888888889,68.44833333333332,98.48780000000001,-0.28979999999999995,,-0.005705916305913661,,Tuy
3746,1997,25.580666666666666,63.02422222222223,99.0642,-0.2758,,0.30931428571428654,,Tuy
3746,1998,25.379666666666665,68.107,98.4546,-0.38380000000000003,,0.08355670995671005,,Tuy
3746,1999,24.760444444444445,91.09166666666667,96.85740000000001,1.7332,,-0.5604230880230858,,Tuy
3746,2000,25.317555555555558,59.59288888888889,98.8642,-0.5582,,-0.02806955266954958,,Tuy
3746,2001,25.36477777777778,68.2138888888889,98.414,0.3408,0.3158,-0.005604906204904836,-0.021199999999999997,Tuy
3746,2002,25.826888888888888,57.85988888888889,97.2018,-0.7054,0.4418000000000001,0.431748629148629,0.1328833333333334,Tuy
3746,2003,25.171333333333333,74.76299999999999,99.0294,0.7642,0.9163000000000001,-0.248564502164502,0.6354666666666667,Tuy
3746,2004,25.445888888888888,50.60344444444444,96.09360000000001,-1.4908,0.917,0.0012334776334768094,0.66425,Tuy
3746,2005,25.48211111111111,56.013222222222225,97.7048,-1.174,0.391,0.012698124098122321,0.16633333333333333,Tuy
3746,2006,25.49288888888889,69.213,99.014,-0.3028,-0.218,-0.0012816738816745499,-0.4145833333333333,Tuy
3746,2007,25.475777777777775,64.94999999999999,90.5762,0.0398,-0.3771,-0.0431503607503636,-0.5456,Tuy
3746,2008,25.408,82.16588888888889,95.48920000000001,0.8907999999999999,-0.7691999999999999,-0.13568571428571374,-0.9096166666666665,Tuy
3746,2009,25.764,68.27422222222222,97.2748,0.16820000000000002,-0.3608,0.19555670995670837,-0.47313333333333335,Tuy
3746,2010,25.61788888888889,87.38255555555556,99.3168,0.8026,0.1706,0.024688023088021538,0.08635,Tuy
3746,2011,25.817888888888888,52.64588888888889,98.7092,-1.0534000000000001,1.0364,0.19993044733044485,0.9802333333333333,Tuy
3746,2012,25.42711111111111,77.74988888888889,99.52459999999999,1.2014,-0.3932,-0.21560490620490924,-0.42128333333333334,Tuy
3746,2013,25.589333333333332,71.52111111111111,98.2132,0.4354,0.3267,-0.07814025974026251,0.3267,Tuy
3746,2014,25.811444444444444,74.2268888888889,98.523,0.8526,0.14830000000000002,0.11921327561327288,0.17638333333333334,Tuy
3746,2015,25.97011111111111,97.89777777777778,92.01079999999999,1.1368,-1.7085000000000001,0.2531223665223621,-1.6523333333333334,Tuy
3746,2016,26.002222222222223,75.59855555555555,99.1028,0.9879999999999999,0.39149999999999996,0.26047590187589975,0.47574999999999995,Tuy
3746,2017,26.06222222222222,54.373,99.4468,-1.3454000000000002,0.3568,0.2957183261183225,0.46913333333333335,Tuy
3746,2018,25.80977777777778,86.58422222222222,97.8268,1.2548,-0.3895,0.01851630591630382,-0.24908333333333332,Tuy
3746,2019,25.986222222222224,84.17011111111111,99.0282,1.1454,-0.0606,0.17020317460317358,0.10790000000000001,Tuy
3746,2020,25.691777777777776,80.61122222222222,98.89320000000001,0.8118000000000001,-0.09070000000000002,-0.14899884559885024,0.10588333333333332,Tuy
3746,2021,25.851222222222223,78.23988888888888,98.5188,0.9612,-0.3513,-0.01431197691197994,-0.12663333333333332,Tuy
3746,2022,25.36877777777778,86.55066666666667,98.729,1.384,-0.005900000000000016,-0.521513997113999,0.24685,Tuy
3746,2023,26.266333333333332,67.64133333333332,98.64840000000001,-0.06999999999999999,-0.00520000000000001,0.3512839826839773,0.2756333333333334,Tuy
3746,2024,25.88088888888889,76.41433333333333,94.9282,0.089,-0.9291,-0.05891803751804048,-0.6201833333333333,Tuy
3746,2025,25.328111111111113,81.11822222222222,99.6932,0.8478,-0.1022,-0.63645339105339,0.2348,Tuy
3746,2026,26.577428571428573,59.41042857142857,99.127,-0.9153333333333333,-0.6245,0.5881064935064941,-0.2594166666666667,Tuy
3820,1989,27.018888888888892,43.770111111111106,,-0.42300000000000004,,-0.4214323232323238,,Loroum
3820,1990,27.935111111111112,32.83122222222222,,-2.1324,,0.4847494949494937,,Loroum
3820,1991,27.578555555555553,45.72,98.0444,0.022200000000000008,,0.11815353535353168,,Loroum
3820,1992,27.197777777777777,48.12533333333333,98.4256,0.054000000000000006,,-0.2726646464646514,,Loroum
3820,1993,27.688555555555556,41.00344444444445,97.1184,-0.8321999999999999,,0.2080727272727252,,Loroum
3820,1994,26.77777777777778,55.645111111111106,99.6976,0.7496,,-0.7127454545454555,,Loroum
3820,1995,27.674,39.20222222222222,94.068,-0.6724,,0.1734363636363625,,Loroum
3820,1996,27.62066666666667,47.166444444444444,95.5034,-0.8104000000000001,,0.11006262626262497,,Loroum
3820,1997,28.114,41.44388888888889,94.7638,-0.7108000000000001,,0.5933555555555543,,Loroum
3820,1998,27.499222222222222,46.94822222222222,99.35260000000001,-0.3402,,-0.03146262626262697,,Loroum
3820,1999,26.416777777777778,53.443999999999996,99.5078,0.43900000000000006,,-1.123947474747478,,Loroum
3820,2000,27.816777777777776,41.31066666666666,95.9764,-0.7596,,0.2660121212121176,,Loroum
3820,2001,27.53388888888889,41.19822222222222,94.1926,-0.17679999999999998,0.505,-0.026917171717173005,1.1312738636363635,Loroum
3820,2002,28.39611111111111,37.77688888888889,94.0118,-1.5816,-1.5011999999999999,0.825264646464646,-0.9271156249999999,Loroum
3820,2003,27.090444444444447,48.093111111111114,99.4094,0.2842,0.32180000000000003,-0.4904424242424241,0.8436948863636364,Loroum
3820,2004,27.799,39.686777777777785,96.6302,-1.0798,-0.6802999999999999,0.2080727272727252,-0.2105946022727272,Loroum
3820,2005,27.480333333333334,43.55566666666667,97.2798,-0.21139999999999998,0.25429999999999997,-0.1206343434343431,0.671815909090909,Loroum
3820,2006,27.805444444444444,45.72911111111111,98.3698,-0.2576,-0.7478,0.1944363636363633,-0.3824735795454546,Loroum
3820,2007,27.430444444444444,53.693444444444445,98.0856,0.9369999999999999,0.6319999999999999,-0.19060404040404322,0.9451369318181817,Loroum
3820,2008,27.704444444444444,48.07966666666667,97.9518,0.38380000000000003,0.3558,0.07335555555555473,0.6167474431818182,Loroum
3820,2009,27.923333333333332,58.62277777777778,99.76219999999999,1.0897999999999999,-0.0068000000000000005,0.28220404040403935,0.20195795454545454,Loroum
3820,2010,27.489333333333335,50.340333333333334,98.8018,0.1204,-0.279,-0.16183636363636467,-0.12243153409090912,Loroum
3820,2011,28.135777777777776,46.989222222222224,99.1654,0.1018,-0.3207,0.4745676767676734,-0.21632102272727272,Loroum
3820,2012,26.969,64.89844444444445,99.8802,2.0862,0.6940999999999999,-0.7022505050505039,0.7462894886363636,Loroum
3820,2013,27.679111111111112,43.553111111111114,98.88719999999999,-0.572,-0.1331,-0.00217979797979595,-0.1331,Loroum
3820,2014,27.996444444444442,49.82955555555556,98.65060000000001,0.1352,-0.47590000000000005,0.3051131313131279,-0.5280894886363636,Loroum
3820,2015,27.428444444444445,58.26833333333333,99.5972,1.1663999999999999,-0.1694,-0.2729272727272729,-0.27377897727272726,Loroum
3820,2016,27.861555555555555,56.63666666666667,97.0346,1.441,-0.35919999999999996,0.15014343434343402,-0.5157684659090909,Loroum
3820,2017,27.989111111111114,47.745,98.5808,0.4492,0.2781,0.2676585858585909,0.06934204545454548,Loroum
3820,2018,27.775111111111112,61.14655555555555,99.9124,1.1884000000000001,-0.25680000000000003,0.04361818181818222,-0.5177474431818182,Loroum
3820,2019,28.19388888888889,45.61344444444444,98.2414,-0.2412,-0.3288,0.45235555555555607,-0.6419369318181818,Loroum
3820,2020,27.407666666666668,55.35677777777778,99.413,0.7272000000000001,0.1518,-0.3439070707070684,-0.21352642045454545,Loroum
3820,2021,28.303444444444445,40.07666666666667,96.28299999999999,-0.7762,0.1607,0.5418303030303022,-0.25681590909090907,Loroum
3820,2022,27.509555555555558,53.79666666666667,99.8626,0.6222,1.1749,-0.2620989898989876,0.7051946022727273,Loroum
3820,2023,28.358666666666668,52.291,99.0764,1.0257999999999998,1.6572,0.5769717171717197,1.1353051136363637,Loroum
3820,2024,27.378,49.92777777777778,99.4278,0.15599999999999997,1.6257000000000001,-0.4137353535353512,1.0516156250000002,Loroum
3820,2025,27.065444444444445,54.876666666666665,99.65,0.6444,2.0059,-0.7363313131313127,1.3796261363636364,Loroum
3820,2026,29.091714285714286,39.337428571428575,89.85766666666666,-2.021,1.7618333333333331,1.2798981240981249,1.083369981060606,Loroum
3821,1989,26.135555555555555,60.94777777777777,,0.5528000000000001,,-0.4175574074074113,,Zondoma
3821,1990,26.76,41.903888888888886,,-1.8809999999999998,,0.1967666666666652,,Zondoma
3821,1991,26.791666666666668,49.47588888888889,97.57000000000001,-0.33340000000000003,,0.21831296296296188,,Zondoma
3821,1992,26.183444444444444,57.8481111111111,98.8532,0.0846,,-0.40002962962963196,,Zondoma
3821,1993,26.741,49.14566666666666,98.5488,-1.0384,,0.14740555555555446,,Zondoma
3821,1994,26.170555555555556,74.18211111111111,99.2678,1.6687999999999998,,-0.4331592592592628,,Zondoma
3821,1995,26.75122222222222,42.760444444444445,98.71520000000001,-1.536,,0.13738703703703337,,Zondoma
3821,1996,26.69322222222222,59.41433333333334,97.3138,-0.3616,,0.06926666666666392,,Zondoma
3821,1997,27.063000000000002,50.406777777777776,98.2734,-0.5696,,0.4289240740740752,,Zondoma
3821,1998,26.58911111111111,54.035333333333334,99.5088,-0.09220000000000002,,-0.055085185185188124,,Zondoma
3821,1999,25.74077777777778,68.07577777777777,99.7274,0.7106,,-0.9135388888888905,,Zondoma
3821,2000,26.691222222222223,46.44644444444444,98.852,-1.335,,0.026785185185183025,,Zondoma
3821,2001,26.532666666666668,56.94200000000001,98.6322,0.5187999999999999,0.6134,-0.1418907407407417,0.76284,Zondoma
3821,2002,27.28933333333333,45.640888888888895,98.064,-1.6085999999999998,-1.2173,0.6046555555555528,-1.0803133333333335,Zondoma
3821,2003,26.294555555555558,62.799888888888894,99.467,0.8972,0.3903,-0.40024259259259054,0.5148333333333333,Zondoma
3821,2004,26.802777777777777,50.623444444444445,97.9186,-0.479,-0.4672,0.09785925925925909,-0.35512,Zondoma
3821,2005,26.659666666666666,48.391,98.59100000000001,-0.5532,0.5025000000000001,-0.05537222222222127,0.6021266666666667,Zondoma
3821,2006,26.73577777777778,50.91622222222222,99.422,-0.6314,-1.1507,0.010618518518519693,-1.0635266666666667,Zondoma
3821,2007,26.632777777777775,60.394777777777776,99.0016,0.3478,0.0279,-0.10250185185185501,0.10262000000000002,Zondoma
3821,2008,26.65222222222222,58.647555555555556,98.91499999999999,0.5514,0.8411,-0.09317777777777891,0.9033666666666667,Zondoma
3821,2009,27.040444444444447,62.59977777777778,99.5128,0.4,0.5103,0.2849240740740768,0.5601133333333334,Zondoma
3821,2010,26.780444444444445,62.699111111111115,99.5134,0.5189999999999999,0.354,0.01480370370370565,0.39136,Zondoma
3821,2011,27.363666666666667,51.44533333333333,98.8232,-0.25579999999999997,-0.8999,0.5879055555555546,-0.8749933333333334,Zondoma
3821,2012,26.52711111111111,74.17411111111112,99.7026,1.8940000000000001,0.4956,-0.258770370370371,0.5080533333333334,Zondoma
3821,2013,26.70711111111111,58.28477777777778,99.4376,-0.0314,-0.2305,-0.08889074074074088,-0.2305,Zondoma
3821,2014,27.092555555555556,54.11377777777778,98.8264,-0.3142,0.825,0.28643333333333487,0.8125466666666666,Zondoma
3821,2015,26.822111111111113,67.77655555555556,99.48920000000001,0.9730000000000001,-0.1358,0.005868518518521881,-0.16070666666666666,Zondoma
3821,2016,26.965333333333334,69.55177777777777,98.7234,1.5582,0.1572,0.13897037037037308,0.11984,Zondoma
3821,2017,27.098444444444443,52.073,99.3178,-0.38239999999999996,0.9667,0.2619611111111091,0.9168866666666666,Zondoma
3821,2018,26.883666666666667,65.90066666666667,99.626,0.7256,0.0397,0.0370629629629633,-0.022566666666666665,Zondoma
3821,2019,27.06188888888889,59.011444444444436,99.0714,0.23959999999999998,-1.1082999999999998,0.20516481481481819,-1.18302,Zondoma
3821,2020,26.73477777777778,65.23677777777777,99.1042,0.7718,-0.18180000000000002,-0.13206666666666322,-0.26897333333333334,Zondoma
3821,2021,27.096555555555554,50.24144444444445,98.69839999999999,-0.6042,0.0759,0.2195907407407418,-0.023726666666666674,Zondoma
3821,2022,26.573999999999998,72.01211111111111,99.7888,1.6898,0.05739999999999999,-0.3130851851851837,-0.054680000000000006,Zondoma
3821,2023,27.392555555555557,61.47477777777778,98.9416,1.0158,0.6471,0.4953500000000055,0.5225666666666666,Zondoma
3821,2024,26.648555555555554,62.62955555555555,99.2654,0.3418,0.057499999999999996,-0.258770370370371,-0.07948666666666668,Zondoma
3821,2025,26.284777777777776,65.05577777777778,99.4798,0.6182000000000001,0.9891000000000001,-0.6326685185185177,0.8396600000000001,Zondoma
3821,2026,27.728,57.33471428571429,98.42933333333333,-1.1263333333333334,-1.2794999999999999,0.8004333333333378,-1.441393333333333,Zondoma
3822,1989,25.855333333333334,59.99711111111112,,0.2274,,-0.2977820105820079,,Kourweogo
3822,1990,26.380444444444446,48.52044444444445,,-1.3762,,0.20973650793651188,,Kourweogo
3822,1991,26.292777777777776,50.17622222222222,97.2376,-0.421,,0.10447724867724872,,Kourweogo
3822,1992,25.903555555555556,59.965444444444444,98.2946,0.307,,-0.30233756613756313,,Kourweogo
3822,1993,26.304777777777776,54.40866666666667,98.7714,-0.6088,,0.08129206349206441,,Kourweogo
3822,1994,25.949333333333332,74.368,99.33619999999999,1.5390000000000001,,-0.2917449735449722,,Kourweogo
3822,1995,26.370333333333335,50.55788888888889,99.3084,-0.628,,0.11166243386243835,,Kourweogo
3822,1996,26.328666666666667,53.294222222222224,98.32820000000001,-1.2418,,0.052403174603178115,,Kourweogo
3822,1997,26.679111111111112,48.135777777777776,98.4354,-1.3364,,0.38525502645503096,,Kourweogo
3822,1998,26.144,59.44800000000001,99.337,-0.3882,,-0.16744867724867518,,Kourweogo
3822,1999,25.593222222222224,70.65966666666667,99.9802,0.735,,-0.7358190476190423,,Kourweogo
3822,2000,26.423777777777776,44.85955555555555,96.7936,-1.1368,,0.07714391534391751,,Kourweogo
3822,2001,26.364,54.891555555555556,99.1078,-0.1242,-1.112,-0.00022645502645346482,-0.5940153846153846,Kourweogo
3822,2002,26.817444444444444,55.114777777777775,99.2712,-0.7243999999999999,-0.9614,0.43562539682539736,-0.4865807692307692,Kourweogo
3822,2003,26.110666666666667,65.26177777777778,99.4804,0.9642,1.2713,-0.2887449735449721,1.7029538461538463,Kourweogo
3822,2004,26.46055555555556,52.24,98.0784,-0.8346,-1.3388,0.04355132275132689,-0.9503115384615384,Kourweogo
3822,2005,26.51,63.45944444444444,98.7492,0.7564,0.1242,0.0754031746031778,0.46952307692307693,Kourweogo
3822,2006,26.41922222222222,54.15277777777778,99.3818,-0.6422000000000001,-0.7786,-0.032967195767195534,-0.4764423076923076,Kourweogo
3822,2007,26.50911111111111,56.890888888888895,98.088,-0.5814,-1.1012,0.03932910052910188,-0.8422076923076922,Kourweogo
3822,2008,26.371222222222222,59.51366666666667,99.2766,0.303,0.38270000000000004,-0.11615238095237856,0.5985269230769231,Kourweogo
3822,2009,26.883,72.63444444444445,99.90360000000001,0.9501999999999999,-0.0018000000000000013,0.37803280423280583,0.17086153846153848,Kourweogo
3822,2010,26.578444444444447,62.39711111111111,99.4864,0.5008,-0.3298,0.05588465608466109,-0.2003038461538461,Kourweogo
3822,2011,26.99688888888889,54.15111111111111,98.918,-0.04439999999999998,-0.1421,0.45673650793651177,-0.055769230769230765,Kourweogo
3822,2012,26.368222222222222,79.24511111111111,99.6344,2.0789999999999997,0.024999999999999998,-0.1895227513227482,0.06816538461538461,Kourweogo
3822,2013,26.406666666666666,59.20955555555555,99.336,-0.43200000000000005,0.011899999999999999,-0.16867089947089653,0.011899999999999999,Kourweogo
3822,2014,26.736222222222224,58.635777777777776,99.6008,-0.33740000000000003,-0.22809999999999997,0.14329206349206913,-0.2712653846153846,Kourweogo
3822,2015,26.687666666666665,67.87444444444445,99.6352,0.8109999999999999,0.0473,0.07714391534391751,-0.03903076923076924,Kourweogo
3822,2016,26.60788888888889,76.9058888888889,99.59360000000001,1.9238,0.756,-0.02022645502645304,0.6265038461538461,Kourweogo
3822,2017,26.875444444444444,52.4,99.3998,-0.6724,0.7290000000000001,0.2297365079365079,0.5563384615384617,Kourweogo
3822,2018,26.709666666666667,66.71455555555556,99.5972,0.418,0.44539999999999996,0.04636613756613883,0.22957307692307688,Kourweogo
3822,2019,26.82422222222222,60.080888888888886,99.1944,0.254,-0.24420000000000003,0.14332910052910108,-0.5031923076923077,Kourweogo
3822,2020,26.557444444444442,73.34755555555556,98.38199999999999,1.0376,-0.5475,-0.14104126984127063,-0.8496576923076924,Kourweogo
3822,2021,26.840222222222224,60.12800000000001,99.2002,0.3736,1.1343,0.12414391534391811,0.7889769230769231,Kourweogo
3822,2022,26.34111111111111,71.96566666666666,99.813,1.3148,0.8925999999999998,-0.39255978835978667,0.5041115384615382,Kourweogo
3822,2023,27.247888888888887,59.281666666666666,99.1712,0.32,0.2388,0.4966253968253973,-0.19285384615384615,Kourweogo
3822,2024,26.59588888888889,67.13322222222223,99.39020000000001,0.1964,-0.5786,-0.17296719576719255,-1.0534192307692307,Kourweogo
3822,2025,26.249444444444446,73.44033333333333,99.6478,0.9654,-0.153,-0.5370042328042288,-0.6709846153846155,Kourweogo
3822,2026,27.622714285714288,58.979285714285716,98.42200000000001,-0.8423333333333334,-0.8234999999999999,0.8186730158730207,-1.38465,Kourweogo
3823,1989,26.127555555555556,61.50777777777777,,0.6048,,-0.3701333333333281,,Oubritenga
3823,1990,26.729444444444443,47.46688888888889,,-1.1488,,0.21573333333333622,,Oubritenga
3823,1991,26.689888888888888,47.205555555555556,95.503,-0.5542,,0.1601555555555585,,Oubritenga
3823,1992,26.26088888888889,59.641444444444446,97.3572,0.4282,,-0.2848666666666624,,Oubritenga
3823,1993,26.666333333333334,50.708888888888886,98.6948,-0.7258,,0.10455555555556018,,Oubritenga
3823,1994,26.211111111111112,68.67488888888889,99.32520000000001,0.9372,,-0.3666888888888842,,Oubritenga
3823,1995,26.72288888888889,47.66011111111111,99.08439999999999,-0.6256,,0.12906666666667022,,Oubritenga
3823,1996,26.692,52.01177777777778,98.1964,-1.1598,,0.08215555555555909,,Oubritenga
3823,1997,27.01233333333333,45.348666666666674,96.79339999999999,-1.6072,,0.3864666666666672,,Oubritenga
3823,1998,26.503888888888888,59.82766666666666,99.51939999999999,-0.06239999999999999,,-0.13799999999999812,,Oubritenga
3823,1999,25.965222222222224,69.94155555555557,99.9526,0.9273999999999999,,-0.6926888888888847,,Oubritenga
3823,2000,26.673555555555556,45.43933333333334,97.1944,-0.8178000000000001,,-0.0003777777777749236,,Oubritenga
3823,2001,26.70211111111111,53.48833333333333,98.9906,-0.192,-0.5127,0.012155555555555253,-0.4313717948717949,Oubritenga
3823,2002,27.09588888888889,51.961222222222226,99.0498,-0.8620000000000001,-1.4205999999999999,0.38991111111111465,-1.3460491452991452,Oubritenga
3823,2003,26.418444444444443,61.66133333333333,99.449,0.9802,1.5686999999999998,-0.3035555555555547,1.6364735042735041,Oubritenga
3823,2004,26.822333333333333,50.406888888888886,97.2444,-0.958,-0.8461000000000001,0.08431111111111278,-0.7851038461538462,Oubritenga
3823,2005,26.869333333333334,64.62277777777778,98.041,1.0032,0.3388,0.115288888888891,0.3930188034188034,Oubritenga
3823,2006,26.811444444444444,52.34077777777778,99.0538,-0.5692,-0.9158999999999999,0.041377777777778846,-0.868458547008547,Oubritenga
3823,2007,26.733888888888888,55.83177777777777,97.2172,-0.5638,-0.6967,-0.052199999999999136,-0.6560358974358974,Oubritenga
3823,2008,26.654333333333334,58.656444444444446,98.819,0.45899999999999996,0.8855,-0.147777777777776,0.9193867521367521,Oubritenga
3823,2009,27.185,68.20433333333332,99.8336,0.6866,-0.07319999999999999,0.3668666666666667,-0.04609059829059827,Oubritenga
3823,2010,26.930444444444444,64.07455555555555,99.5996,0.952,0.6624,0.09628888888888909,0.6827320512820513,Oubritenga
3823,2011,27.216666666666665,53.772,98.4768,0.04079999999999999,-0.0859,0.3664888888888882,-0.07234529914529915,Oubritenga
3823,2012,26.61988888888889,76.442,99.51320000000001,1.9956,0.14250000000000002,-0.24631111111110826,0.14927735042735044,Oubritenga
3823,2013,26.702777777777776,55.93088888888889,98.74359999999999,-0.5052000000000001,0.056400000000000006,-0.17944444444444585,0.056400000000000006,Oubritenga
3823,2014,27.08211111111111,59.05855555555556,99.51520000000001,-0.2424,-0.5876999999999999,0.18386666666666684,-0.5944773504273503,Oubritenga
3823,2015,27.010555555555555,68.203,99.6404,0.7646,-0.5175,0.09628888888888909,-0.5310547008547009,Oubritenga
3823,2016,26.893666666666668,73.08988888888888,99.39439999999999,1.6321999999999999,0.371,-0.03662222222222056,0.3506679487179487,Oubritenga
3823,2017,27.13211111111111,45.63944444444444,99.0556,-1.2654,0.8101,0.1858000000000004,0.7829905982905984,Oubritenga
3823,2018,26.98911111111111,65.34077777777777,99.5296,0.44480000000000003,0.1696,0.026777777777777345,0.13571324786324784,Oubritenga
3823,2019,27.13977777777778,59.859,98.622,0.4276,-0.3871,0.16142222222222458,-0.4277641025641026,Oubritenga
3823,2020,26.901,71.46122222222223,98.4282,1.0558,-0.6112,-0.09337777777777845,-0.6586414529914529,Oubritenga
3823,2021,27.172666666666668,59.330777777777776,98.7782,0.3786,1.1204,0.16226666666666745,1.0661811965811967,Oubritenga
3823,2022,26.641000000000002,68.71344444444445,99.7834,1.0186,0.2233,-0.3854222222222212,0.16230384615384613,Oubritenga
3823,2023,27.493777777777776,58.73822222222222,98.2388,0.4154,-0.039599999999999996,0.4513333333333307,-0.10737350427350428,Oubritenga
3823,2024,26.936999999999998,68.15288888888888,99.0242,0.41879999999999995,-0.6496999999999999,-0.12146666666667016,-0.7242508547008547,Oubritenga
3823,2025,26.520444444444443,72.176,99.384,0.9426,-0.6007,-0.5540444444444468,-0.6820282051282052,Oubritenga
3823,2026,27.933857142857143,53.21457142857143,96.553,-1.3306666666666667,-1.4748333333333332,0.8433460317460302,-1.5629388888888889,Oubritenga
3824,1989,28.691777777777776,39.43911111111111,,0.4356,,-0.287523015873024,,Oudalan
3824,1990,29.53933333333333,27.611666666666665,,-0.9634,,0.5508936507936397,,Oudalan
3824,1991,29.17133333333333,36.421,90.636,0.7344,,0.1737547619047497,,Oudalan
3824,1992,28.627111111111113,35.13422222222222,85.5744,-0.04119999999999999,,-0.3796063492063553,,Oudalan
3824,1993,29.28822222222222,27.849222222222224,69.3866,-1.3763999999999998,,0.2723658730158647,,Oudalan
3824,1994,28.078111111111113,42.68211111111111,96.7896,0.7786,,-0.9468841269841306,,Oudalan
3824,1995,29.077333333333335,30.72522222222222,78.54159999999999,-0.7476,,0.04319920634920038,,Oudalan
3824,1996,29.375777777777778,29.660777777777778,66.20599999999999,-1.4236,,0.33250476190475453,,Oudalan
3824,1997,29.568666666666665,34.68333333333333,84.381,-0.0948,,0.5162547619047544,,Oudalan
3824,1998,28.883888888888887,44.46288888888889,93.4148,0.5892,,-0.17766190476191213,,Oudalan
3824,1999,27.743777777777776,43.56466666666667,96.57039999999999,0.6406000000000001,,-1.3269119047619107,,Oudalan
3824,2000,29.47377777777778,30.396777777777782,79.7252,-0.657,,0.39394920634920183,,Oudalan
3824,2001,29.145555555555557,35.842999999999996,90.0356,0.1992,0.3692,0.05658809523809083,0.63075,Oudalan
3824,2002,29.91433333333333,29.313555555555556,74.7144,-0.9994,-1.3113000000000001,0.8162269841269776,-1.0715458333333334,Oudalan
3824,2003,28.531444444444446,49.13911111111111,98.03920000000001,2.017,0.4167,-0.5758007936507958,0.6346583333333334,Oudalan
3824,2004,29.638222222222225,25.377555555555556,65.1096,-1.8054000000000001,-1.6532,0.5218380952380954,-1.4570375,Oudalan
3824,2005,29.008888888888887,38.36833333333333,93.4452,0.9481999999999999,0.9625999999999999,-0.11663412698413111,1.1369666666666667,Oudalan
3824,2006,29.322777777777773,31.867111111111107,78.4604,-0.7188,-0.1028,0.18811587301586385,0.049770833333333375,Oudalan
3824,2007,28.856222222222225,36.08611111111111,92.6504,-0.057999999999999996,0.6971999999999999,-0.2875785714285719,0.8279749999999999,Oudalan
3824,2008,29.24522222222222,24.614444444444445,71.1238,-1.1164,0.3721,0.09228253968253597,0.4810791666666667,Oudalan
3824,2009,29.694333333333336,31.566555555555553,76.4832,-0.5818,-0.1776,0.5322547619047633,-0.09041666666666665,Oudalan
3824,2010,28.996888888888886,35.98866666666667,88.96340000000001,-0.36360000000000003,0.13060000000000005,-0.17432857142857472,0.19598750000000006,Oudalan
3824,2011,29.611444444444444,42.164888888888896,93.5552,0.627,0.16319999999999998,0.431088095238092,0.20679166666666665,Oudalan
3824,2012,28.483666666666668,50.435,98.45,1.8884,0.5728,-0.7058285714285724,0.5945958333333333,Oudalan
3824,2013,29.222444444444445,33.68244444444444,88.5382,-0.11120000000000001,0.6013,0.02381031746031681,0.6013,Oudalan
3824,2014,29.54411111111111,35.41077777777778,83.16420000000001,-0.37,-0.7009,0.3363380952380943,-0.7226958333333333,Oudalan
3824,2015,28.887222222222224,44.32922222222223,95.6508,1.1938,-0.1,-0.32968968253968,-0.14359166666666667,Oudalan
3824,2016,29.390111111111107,37.87511111111112,88.4546,0.279,-0.5957,0.16406031746031502,-0.6610875,Oudalan
3824,2017,29.291777777777774,36.69233333333333,92.4628,0.33799999999999997,-0.1443,0.05658809523809083,-0.23148333333333337,Oudalan
3824,2018,29.093222222222224,43.315444444444445,96.27340000000001,0.7444,0.21839999999999998,-0.1511063492063478,0.10942083333333327,Oudalan
3824,2019,29.633555555555557,38.59722222222222,88.65,0.734,-0.4881,0.38008809523809717,-0.6188750000000001,Oudalan
3824,2020,29.030888888888892,50.47511111111111,93.6738,1.6764,-0.06340000000000001,-0.231717460317455,-0.2159708333333334,Oudalan
3824,2021,29.817333333333334,33.09466666666666,82.1928,-0.28040000000000004,0.33240000000000003,0.5455880952380987,0.1580333333333333,Oudalan
3824,2022,29.108555555555554,37.71788888888889,89.4076,0.0662,0.36869999999999997,-0.17232857142857227,0.1725374999999999,Oudalan
3824,2023,29.95366666666667,34.46933333333333,82.42819999999999,-0.3214,0.2298,0.6636436507936558,0.011841666666666584,Oudalan
3824,2024,28.78977777777778,46.40977777777778,94.2118,1.3768,1.2957,-0.5093841269841235,1.0559458333333334,Oudalan
3824,2025,28.853222222222218,45.10711111111111,95.0734,0.9986,2.1441,-0.45507857142857233,1.8825499999999997,Oudalan
3824,2026,30.425,32.40828571428572,73.76266666666666,-0.666,0.5243333333333333,1.1075603174603224,0.2409874999999999,Oudalan
3825,1989,28.01288888888889,45.98288888888889,,0.618,,-0.4722074696545242,,Seno
3825,1990,28.858444444444444,35.92055555555555,,-0.641,,0.3680343604108316,,Seno
3825,1991,28.638333333333335,37.61944444444444,93.8498,0.13979999999999998,,0.14260952380952574,,Seno
3825,1992,28.065,38.98544444444445,91.5272,-0.0862,,-0.43603753501400533,,Seno
3825,1993,28.700000000000003,31.990666666666666,77.9306,-1.552,,0.1936487394957993,,Seno
3825,1994,27.60688888888889,48.848555555555556,98.8934,0.8994,,-0.9047760971055077,,Seno
3825,1995,28.47344444444444,37.42888888888889,91.29580000000001,-0.195,,-0.04353426704015462,,Seno
3825,1996,28.707666666666668,35.88622222222222,79.44120000000001,-1.2289999999999999,,0.18537422969187745,,Seno
3825,1997,29.051000000000002,37.84077777777778,88.28920000000001,-0.742,,0.5233938375350142,,Seno
3825,1998,28.320222222222224,47.663,97.907,0.5442,,-0.21269766573295712,,Seno
3825,1999,27.324444444444442,46.88366666666666,98.0814,0.45600000000000007,,-1.2137891690009361,,Seno
3825,2000,28.770333333333333,32.318333333333335,86.4644,-1.1022,,0.22678599439775837,,Seno
3825,2001,28.621222222222222,36.922222222222224,92.8644,-0.5599999999999999,-0.6088,0.07236115779645047,0.19279318181818184,Seno
3825,2002,29.156444444444446,33.85677777777778,85.6884,-0.9208000000000001,-1.1998000000000002,0.6022696545284809,-0.4650062500000002,Seno
3825,2003,27.954777777777778,56.99744444444444,99.035,2.2245999999999997,0.238,-0.604710737628384,0.9059943181818182,Seno
3825,2004,28.958999999999996,31.21355555555556,78.5242,-1.7204000000000002,-0.3379,0.39419775910363697,0.2632948863636364,Seno
3825,2005,28.590888888888887,41.558,97.07000000000001,0.9286,0.7060000000000001,0.020772922502331426,1.2403954545454545,Seno
3825,2006,28.679222222222222,33.57088888888889,86.73299999999999,-1.0138,-0.6713,0.10379253034547276,-0.20370397727272727,Seno
3825,2007,28.340333333333334,43.29211111111111,96.5066,0.1824,0.22149999999999997,-0.24041008403361275,0.622296590909091,Seno
3825,2008,28.567555555555558,35.13411111111111,93.887,0.002200000000000002,0.5889,-0.018501587301585687,0.9228971590909091,Seno
3825,2009,29.09222222222222,36.46111111111111,85.6154,-0.5894,-1.1386,0.5008513538748787,-0.8714022727272728,Seno
3825,2010,28.52477777777778,39.85088888888889,96.332,-0.34419999999999995,-0.8603,-0.07190681605975868,-0.6599017045454545,Seno
3825,2011,29.122333333333334,44.349333333333334,94.377,0.2182,-0.8864,0.5203350140056031,-0.7528011363636363,Seno
3825,2012,27.96655555555556,53.24311111111111,99.2098,1.6576,0.0804,-0.640756489262369,0.14719943181818182,Seno
3825,2013,28.53922222222222,41.82611111111111,95.015,0.3432,0.2905,-0.07340354808590277,0.2905,Seno
3825,2014,28.929888888888893,41.655,92.3062,-0.32480000000000003,-0.267,0.3119493930905719,-0.33379943181818184,Seno
3825,2015,28.529444444444444,52.006,98.0476,1.4682,0.25680000000000003,-0.09380877684407096,0.12320113636363639,Seno
3825,2016,28.68433333333333,43.51777777777777,95.44919999999999,0.3936,-0.0535,0.05576638655461963,-0.25389829545454545,Seno
3825,2017,28.681333333333335,39.36088888888889,96.1704,0.11200000000000002,0.6308,0.04745266106442614,0.36360227272727275,Seno
3825,2018,28.47711111111111,47.25066666666666,99.051,0.8096,0.37129999999999996,-0.1620832866479951,0.03730284090909086,Seno
3825,2019,29.12355555555556,47.962222222222216,94.1842,1.2822,-0.3571,0.4790474323062597,-0.7578965909090909,Seno
3825,2020,28.468888888888884,63.57822222222223,97.7274,2.2478000000000002,0.432,-0.18093295985061175,-0.03559602272727275,Seno
3825,2021,29.11777777777778,44.16466666666666,93.6558,0.4286,1.2199,0.4626422035480857,0.6855045454545454,Seno
3825,2022,28.66422222222222,44.19555555555556,96.253,0.20179999999999998,-0.09809999999999999,0.0037729225023319657,-0.6992948863636363,Seno
3825,2023,29.34477777777778,39.41922222222222,93.1242,-0.3802,0.8222,0.6790147525676957,0.15420568181818184,Seno
3825,2024,28.430666666666667,53.39666666666667,97.9534,1.309,1.4899,-0.24041008403361275,0.75510625,Seno
3825,2025,28.28811111111111,51.61844444444444,97.90740000000001,0.8824,1.5301,-0.38827936507936656,0.7285068181818182,Seno
3825,2026,29.71542857142857,39.042142857142856,81.76166666666667,-0.47400000000000003,0.7626666666666667,1.0337243697478975,-0.10572594696969695,Seno
3826,1989,27.786555555555555,40.37566666666667,,-0.126,,-0.34527272727272873,,Soum
3826,1990,28.721333333333334,27.159333333333333,,-1.9772000000000003,,0.5770808080808081,,Soum
3826,1991,28.226333333333333,39.58844444444444,95.4272,0.34900000000000003,,0.0696565656565653,,Soum
3826,1992,27.91122222222222,36.66766666666667,94.7748,-0.5494,,-0.2578787878787878,,Soum
3826,1993,28.409111111111113,34.138000000000005,86.0058,-1.1472000000000002,,0.22758585858586144,,Soum
3826,1994,27.38111111111111,50.31066666666666,99.608,1.0488,,-0.8128383838383826,,Soum
3826,1995,28.269666666666666,34.812111111111115,88.726,-0.7856,,0.06329292929292762,,Soum
3826,1996,28.486333333333334,36.53866666666667,80.6656,-1.3847999999999998,,0.2675353535353544,,Soum
3826,1997,28.790000000000003,36.76155555555555,90.8776,-0.40259999999999996,,0.5587777777777809,,Soum
3826,1998,28.165444444444447,47.324444444444445,98.8986,0.5194,,-0.07820202020201705,,Soum
3826,1999,26.979,51.37566666666666,98.46340000000001,1.0504,,-1.2770707070707061,,Soum
3826,2000,28.604666666666667,37.04044444444444,92.94839999999999,-0.547,,0.336171717171716,,Soum
3826,2001,28.41011111111111,37.33022222222222,93.059,0.16439999999999996,0.9711000000000001,0.12919191919191775,1.4810999999999999,Soum
3826,2002,29.278222222222226,32.77477777777778,84.8566,-1.0615999999999999,-1.0625,0.9848787878787917,-0.5950000000000002,Soum
3826,2003,27.677333333333333,47.50044444444445,99.5284,1.1114000000000002,0.595,-0.6284343434343427,1.0199999999999998,Soum
3826,2004,28.654555555555557,33.13455555555556,86.2458,-1.2316,-0.8038000000000001,0.33636363636363953,-0.42130000000000023,Soum
3826,2005,28.273,42.20011111111111,95.94739999999999,0.6302,0.6478,-0.0576161616161599,0.9877999999999999,Soum
3826,2006,28.474888888888888,40.38044444444444,94.0998,-0.2124,-0.7190000000000001,0.13184848484848288,-0.4215000000000002,Soum
3826,2007,28.10788888888889,43.431555555555555,97.92920000000001,0.43740000000000007,0.7694,-0.24757575757575623,1.0244,Soum
3826,2008,28.46755555555556,33.43355555555556,87.8486,-0.8794000000000001,0.1878,0.09966666666667123,0.4002999999999999,Soum
3826,2009,28.775111111111112,44.12455555555555,95.7104,0.32439999999999997,-0.3711,0.3947979797979819,-0.20110000000000006,Soum
3826,2010,28.24111111111111,41.298,93.69800000000001,-0.265,-0.0771,-0.15162626262626233,0.050399999999999945,Soum
3826,2011,28.967333333333336,45.28688888888889,98.0294,0.5684,-0.3872,0.5621717171717187,-0.3022,Soum
3826,2012,27.641222222222225,55.992333333333335,99.623,1.9617999999999998,0.6920999999999999,-0.7763636363636337,0.7345999999999999,Soum
3826,2013,28.529777777777774,37.86122222222222,94.9064,-0.32120000000000004,0.24020000000000002,0.09976767676767295,0.24020000000000002,Soum
3826,2014,28.81077777777778,40.788555555555554,93.5586,-0.2626,-0.30720000000000003,0.3683434343434371,-0.3497,Soum
3826,2015,28.032777777777778,47.42911111111111,98.943,0.8353999999999999,-0.5390999999999999,-0.42208080808080695,-0.6240999999999999,Soum
3826,2016,28.619666666666667,43.596000000000004,95.6134,0.4958,-0.5376,0.15238383838384095,-0.6650999999999999,Soum
3826,2017,28.617888888888885,43.07977777777778,97.31219999999999,0.667,-0.022600000000000002,0.1381818181818133,-0.19259999999999994,Soum
3826,2018,28.41133333333333,51.894,99.50059999999999,1.0466000000000002,-0.4931,-0.08079797979798187,-0.7055999999999999,Soum
3826,2019,28.836,41.096777777777774,95.0136,0.1786,-0.4505,0.3314444444444433,-0.7054999999999999,Soum
3826,2020,28.20588888888889,50.078222222222216,97.2552,0.9346,0.23299999999999998,-0.31109090909090753,-0.06449999999999989,Soum
3826,2021,29.130333333333333,35.236555555555555,89.2032,-0.6816,0.27890000000000004,0.600929292929294,-0.06109999999999982,Soum
3826,2022,28.258333333333333,45.852555555555554,98.623,0.41340000000000005,1.1648,-0.28349494949495124,0.7823000000000002,Soum
3826,2023,29.148222222222223,44.95611111111111,96.731,0.667,1.0901,0.5939696969696975,0.6651000000000002,Soum
3826,2024,28.133222222222223,45.83244444444445,97.5808,0.458,1.8546999999999998,-0.43345454545454487,1.3872,Soum
3826,2025,27.950666666666667,47.36522222222222,98.4696,0.5828,2.265,-0.6284343434343427,1.7550000000000003,Soum
3826,2026,29.728714285714286,35.997,80.28566666666667,-1.1053333333333333,1.3833333333333333,1.1371890331890349,0.8308333333333335,Soum
3827,1989,27.428333333333335,53.61955555555556,,0.4972,,-0.48405008818341955,,Yagha
3827,1990,28.135555555555555,42.35722222222222,,-0.9006000000000001,,0.21708571428571588,,Yagha
3827,1991,27.88,38.40322222222222,89.352,-0.9134,,-0.04455626102292598,,Yagha
3827,1992,27.61,46.32844444444444,93.4944,-0.0718,,-0.32064268077601454,,Yagha
3827,1993,28.10511111111111,43.383,91.3004,-1.1534,,0.16838201058201108,,Yagha
3827,1994,27.118666666666666,63.888999999999996,99.3498,1.5539999999999998,,-0.8241488536155188,,Yagha
3827,1995,28.02477777777778,43.51533333333333,93.6466,-0.25539999999999996,,0.07587583774250461,,Yagha
3827,1996,27.959999999999997,42.76522222222222,90.6108,-0.8836,,0.005011640211638024,,Yagha
3827,1997,28.61288888888889,42.842999999999996,89.5566,-1.4662000000000002,,0.6518141093474448,,Yagha
3827,1998,27.719222222222225,57.03477777777778,98.2406,0.7904,,-0.24793897707230883,,Yagha
3827,1999,27.051333333333332,56.17677777777778,98.4272,0.4514,,-0.921914285714287,,Yagha
3827,2000,27.98811111111111,40.94666666666667,89.8654,-0.9099999999999999,,0.008777072310405032,,Yagha
3827,2001,28.171555555555557,44.91833333333333,96.7344,-0.6344000000000001,-0.6144000000000001,0.18613509700176323,-0.11117058823529413,Yagha
3827,2002,28.555555555555557,44.751333333333335,92.679,-0.5885999999999999,-0.7835,0.5640486772486781,-0.3222063725490195,Yagha
3827,2003,27.602999999999998,62.73166666666667,99.1424,1.8376000000000001,0.98,-0.39459329805996646,1.3993578431372549,Yagha
3827,2004,28.233666666666668,43.13422222222223,92.9028,-1.0468,0.5198,0.2299869488536146,0.8972220588235295,Yagha
3827,2005,28.198999999999998,51.608666666666664,97.1664,0.8784000000000001,1.3523,0.1892338624338592,1.687786274509804,Yagha
3827,2006,27.959444444444443,41.69611111111111,95.0606,-0.8844,-0.41440000000000005,-0.05640811287478087,-0.12084950980392156,Yagha
3827,2007,27.957444444444445,51.96022222222222,94.481,0.384,-0.016300000000000002,-0.06449453262786875,0.23531470588235295,Yagha
3827,2008,27.900555555555556,48.07233333333333,97.2304,0.5958,-0.1419,-0.12746984126984273,0.06777892156862747,Yagha
3827,2009,28.59222222222222,46.07088888888889,93.96459999999999,-0.07160000000000001,-1.3941999999999999,0.5581104056437347,-1.2264568627450978,Yagha
3827,2010,27.94666666666667,51.595,98.78099999999999,0.1558,-0.8993,-0.09353156966490417,-0.7734926470588235,Yagha
3827,2011,28.70688888888889,46.894888888888886,91.7822,-0.35,-1.1246,0.6606042328042321,-1.0407284313725491,Yagha
3827,2012,27.68288888888889,59.251000000000005,98.8752,1.285,-0.025099999999999997,-0.36948218694885426,0.016835784313725496,Yagha
3827,2013,28.00088888888889,52.30088888888889,95.1076,0.7282,-0.1082,-0.05756860670194186,-0.1082,Yagha
3827,2014,28.424222222222223,48.35033333333334,95.86659999999999,-0.7152000000000001,0.0039000000000000007,0.3596783068783047,-0.03803578431372549,Yagha
3827,2015,28.147333333333332,62.29922222222222,98.9548,1.6404,-0.4345,0.07670299823632831,-0.518371568627451,Yagha
3827,2016,28.012222222222224,51.159111111111116,97.91760000000001,0.34140000000000004,0.2027,-0.06449453262786875,0.07689264705882351,Yagha
3827,2017,28.081777777777777,43.00855555555555,95.8958,-0.375,0.6522000000000001,-0.001025396825401259,0.48445686274509814,Yagha
3827,2018,27.92,49.370666666666665,98.62379999999999,0.07020000000000001,0.20299999999999999,-0.16888959435626205,-0.006678921568627483,Yagha
3827,2019,28.44977777777778,52.60977777777778,96.61500000000001,0.7888,-0.0748,0.3548017636684264,-0.326414705882353,Yagha
3827,2020,28.05988888888889,76.24544444444444,96.6634,2.4135999999999997,0.019400000000000008,-0.041173544973549525,-0.27415049019607846,Yagha
3827,2021,28.423333333333332,53.496,93.3548,0.5194,0.9104,0.3161844797178084,0.574913725490196,Yagha
3827,2022,27.818555555555555,61.162777777777784,97.28240000000001,1.0962,0.1282,-0.29467971781305735,-0.2492220588235294,Yagha
3827,2023,28.637,46.08866666666667,97.1646,-0.4396,1.0319,0.5176783068783024,0.6125421568627452,Yagha
3827,2024,27.83888888888889,64.80011111111111,99.51700000000001,1.5904,0.4384,-0.2865192239858949,-0.022893627450980447,Yagha
3827,2025,27.588,66.06022222222222,98.3784,1.3328,0.48919999999999997,-0.5434945326278715,-0.014029411764705957,Yagha
3827,2026,28.97742857142857,46.224428571428575,92.472,-0.18833333333333335,1.0415,0.8398476190476138,0.4963348039215687,Yagha
3828,1989,24.655444444444445,75.51144444444444,,0.9238,,-0.1758579365079349,,Bougouriba
3828,1990,24.865666666666666,68.30622222222222,,-0.21280000000000002,,0.007503174603176177,,Bougouriba
3828,1991,24.79388888888889,67.57,99.09259999999999,-0.11379999999999998,,-0.09113571428570921,,Bougouriba
3828,1992,24.747333333333334,57.291111111111114,94.45599999999999,-1.515,,-0.16455238095237945,,Bougouriba
3828,1993,25.138555555555556,63.19933333333333,88.1112,-1.3422,,0.19980873015873257,,Bougouriba
3828,1994,25.025444444444442,74.87622222222222,87.75280000000001,-0.395,,0.05983650793650952,,Bougouriba
3828,1995,24.977666666666668,64.73811111111111,99.01259999999999,0.1356,,-0.014802380952378513,,Bougouriba
3828,1996,24.93122222222222,72.36677777777777,97.2272,0.0796,,-0.08810793650793514,,Bougouriba
3828,1997,25.337444444444444,64.607,95.7836,-0.7304,,0.29125317460317746,,Bougouriba
3828,1998,25.177333333333333,71.25255555555556,96.14840000000001,-0.1446,,0.1042809523809538,,Bougouriba
3828,1999,24.543666666666667,92.26066666666667,95.2302,1.6192,,-0.5562468253968227,,Bougouriba
3828,2000,25.03933333333333,72.02877777777778,92.5734,0.26660000000000006,,-0.08744126984126765,,Bougouriba
3828,2001,25.195333333333334,67.21,93.8686,-0.20780000000000004,-0.2051,0.04169761904762126,-0.2716166666666667,Bougouriba
3828,2002,25.561555555555557,65.79033333333334,89.4574,-0.26,0.18109999999999998,0.3810587301587347,0.12012638888888888,Bougouriba
3828,2003,24.974888888888888,80.86333333333333,93.3158,1.5536,-0.10099999999999998,-0.23246904761904474,-0.15643055555555552,Bougouriba
3828,2004,25.241111111111113,58.941,97.951,-0.8318,1.6081999999999999,0.00689206349206728,1.5583124999999998,Bougouriba
3828,2005,25.22888888888889,60.169111111111114,92.479,-1.3758,0.4645,-0.032191269841266745,0.42015555555555556,Bougouriba
3828,2006,25.304444444444446,72.174,95.3254,-0.12260000000000001,-0.2273,0.01650317460318007,-0.2661013888888889,Bougouriba
3828,2007,25.28533333333333,65.14144444444445,84.69480000000001,-0.532,-0.43690000000000007,-0.029469047619048894,-0.4701583333333334,Bougouriba
3828,2008,25.31822222222222,82.05911111111112,85.0574,0.6374000000000001,-1.0185,-0.023441269841267598,-1.0462152777777778,Bougouriba
3828,2009,25.555333333333333,70.01766666666667,87.5022,-0.1444,-0.1241,0.18680873015873445,-0.14627222222222222,Bougouriba
3828,2010,25.499666666666666,83.8651111111111,96.9924,0.5970000000000001,0.7876000000000001,0.1042809523809538,0.7709708333333334,Bougouriba
3828,2011,25.599222222222224,59.491,95.4912,-0.7932,0.3728,0.17697539682540153,0.3617138888888889,Bougouriba
3828,2012,25.319888888888887,77.2191111111111,97.8694,0.9948,0.0643,-0.12921904761904557,0.05875694444444444,Bougouriba
3828,2013,25.407444444444444,72.32377777777778,91.2714,0.011000000000000001,0.2239,-0.06852460317460185,0.2239,Bougouriba
3828,2014,25.721,69.87055555555555,96.90020000000001,0.2766,0.1158,0.2181698412698445,0.12134305555555555,Bougouriba
3828,2015,25.86477777777778,101.53733333333334,85.2328,1.1854,-1.0192999999999999,0.33508650793651285,-1.0082138888888887,Bougouriba
3828,2016,25.712666666666664,77.523,97.128,1.1374,0.2697,0.15611428571428476,0.28632916666666663,Bougouriba
3828,2017,25.77477777777778,52.42622222222222,97.7038,-1.6058,0.6469,0.19136428571428965,0.6690722222222223,Bougouriba
3828,2018,25.574333333333335,82.83555555555556,87.5724,0.8603999999999999,-1.2481,-0.035941269841263335,-1.2203847222222222,Bougouriba
3828,2019,25.797555555555554,86.81155555555556,96.67439999999999,1.4494,-0.12840000000000001,0.16041984126984232,-0.09514166666666668,Bougouriba
3828,2020,25.43588888888889,81.47466666666668,94.5418,0.645,-0.19860000000000003,-0.22810793650793215,-0.15979861111111116,Bougouriba
3828,2021,25.58077777777778,85.85355555555556,94.33840000000001,1.6092,-0.2026,-0.11008015873015253,-0.15825555555555557,Bougouriba
3828,2022,25.173333333333332,83.65355555555556,96.256,0.9892,0.32610000000000006,-0.5443857142857134,0.37598750000000003,Bougouriba
3828,2023,26.14177777777778,70.58077777777777,90.967,-0.03980000000000001,0.5709,0.3971976190476241,0.6263305555555555,Bougouriba
3828,2024,25.740333333333336,72.16088888888889,84.87620000000001,-0.42400000000000004,-1.1594000000000002,-0.031107936507929423,-1.098426388888889,Bougouriba
3828,2025,25.237777777777776,86.09377777777779,97.5774,1.0577999999999999,0.1497,-0.5605246031746027,0.21621666666666667,Bougouriba
3828,2026,26.316714285714284,63.78971428571428,97.71433333333334,-0.628,0.13116666666666665,0.491550793650795,0.2032263888888889,Bougouriba
3829,1989,24.843666666666664,75.51588888888888,,0.9432,,-0.17878263305321695,,Ioba
3829,1990,24.982222222222223,58.59188888888889,,-0.8582000000000001,,-0.06580877684406516,,Ioba
3829,1991,24.99522222222222,62.18977777777778,99.1404,-0.29500000000000004,,-0.07839047619047079,,Ioba
3829,1992,24.930333333333333,51.348222222222226,99.48299999999999,-1.7488,,-0.1688610644257622,,Ioba
3829,1993,25.30611111111111,61.40933333333333,96.6812,-1.0206,,0.18133501400560803,,Ioba
3829,1994,25.223555555555556,82.92266666666666,95.60979999999999,0.5558,,0.07319775910364967,,Ioba
3829,1995,25.184444444444445,54.57877777777777,99.43719999999999,-0.3558,,0.008504948646130828,,Ioba
3829,1996,25.236444444444444,71.82677777777778,99.3118,-0.028000000000000004,,0.03492324929972668,,Ioba
3829,1997,25.503444444444444,64.75566666666667,99.2258,-0.2802,,0.27634154995331883,,Ioba
3829,1998,25.344444444444445,68.62022222222222,99.4242,-0.33599999999999997,,0.09175985060691616,,Ioba
3829,1999,24.709,88.75455555555556,98.777,1.6405999999999998,,-0.5692662931839365,,Ioba
3829,2000,25.27466666666667,61.38788888888889,99.0744,-0.2476,,-0.029181325863671503,,Ioba
3829,2001,25.324444444444445,65.54344444444445,99.2726,0.0402,0.0946,-0.004985247432301776,-0.2467874125874126,Ioba
3829,2002,25.79,62.608333333333334,97.2484,-0.6584,-0.5225,0.4349886087768482,-0.8354384615384616,Ioba
3829,2003,25.119555555555554,76.93311111111112,99.431,1.111,0.33340000000000003,-0.2610375350140046,0.048910489510489485,Ioba
3829,2004,25.358555555555554,59.44199999999999,98.8442,-0.616,1.3883999999999999,-0.0476192343604076,1.1323594405594404,Ioba
3829,2005,25.402444444444445,60.008,98.8472,-1.0836000000000001,0.6661,-0.029312044817924487,0.4385083916083916,Ioba
3829,2006,25.468,67.53833333333334,98.9828,-0.32080000000000003,-0.4288,0.010661811391226905,-0.6279426573426574,Ioba
3829,2007,25.415555555555557,65.97833333333332,87.4636,-0.29700000000000004,-0.2787,-0.0673643323996238,-0.44939370629370634,Ioba
3829,2008,25.430111111111113,82.76055555555556,96.4714,1.1258,-0.904,-0.07839047619047079,-1.0462447552447554,Ioba
3829,2009,25.730444444444444,66.52566666666667,98.02799999999999,-0.062,-0.4064,0.19636115779645635,-0.5201958041958041,Ioba
3829,2010,25.648,80.94577777777778,99.455,0.6016,0.9696,0.0883350140056045,0.8842531468531468,Ioba
3829,2011,25.72277777777778,58.215888888888884,99.33500000000001,-0.6394,0.5571,0.13753109243697992,0.5002020979020979,Ioba
3829,2012,25.43188888888889,75.57544444444444,99.8484,1.0126000000000002,0.3317,-0.1789394957983177,0.30325104895104893,Ioba
3829,2013,25.569666666666667,71.85966666666667,96.989,0.2304,-0.281,-0.06674341736694345,-0.281,Ioba
3829,2014,25.775222222222222,73.05833333333334,99.274,0.4774,0.28159999999999996,0.11323043884220496,0.310048951048951,Ioba
3829,2015,25.98511111111111,94.526,91.61359999999999,1.0104,-1.0125,0.29753762838468845,-0.9556020979020978,Ioba
3829,2016,25.88266666666667,75.68455555555556,99.41659999999999,1.1544,0.6322,0.16951148459384058,0.7175468531468532,Ioba
3829,2017,25.971888888888888,46.55811111111111,99.6302,-2.0328,0.5687,0.2331520074696556,0.6824958041958042,Ioba
3829,2018,25.798666666666666,81.275,97.1746,0.9987999999999999,-1.0917,0.03434808590102634,-0.9494552447552447,Ioba
3829,2019,25.982666666666667,79.66144444444444,99.4164,1.061,0.1069,0.19276638655462364,0.2775937062937063,Ioba
3829,2020,25.666777777777778,80.62322222222222,99.2942,1.0124,-0.6409,-0.14870420168067255,-0.4417573426573427,Ioba
3829,2021,25.726555555555553,83.05211111111112,99.23859999999999,1.4293999999999998,0.0612,-0.11450812324930126,0.2887916083916084,Ioba
3829,2022,25.32,84.43733333333334,99.468,1.2890000000000001,0.1187,-0.5466453781512612,0.3747405594405595,Ioba
3829,2023,26.291777777777778,68.03233333333334,99.1586,0.0746,-0.0237,0.39955070028011264,0.26078951048951055,Ioba
3829,2024,25.927888888888887,68.28322222222222,96.3592,-0.5616,-1.1613,0.010080112044814626,-0.8483615384615384,Ioba
3829,2025,25.349222222222224,81.20944444444444,99.5342,0.9593999999999999,-0.11340000000000001,-0.5941682539682525,0.22798741258741262,Ioba
3829,2026,26.579714285714285,58.90257142857143,99.61966666666666,-1.079,-0.8925,0.6107421101774051,-0.5226636363636363,Ioba
