region_id,year,t,rain,wsi,spi,z,t_dt,z_dt,region_name
10,1989,24.701249999999998,16.277666666666665,,-2.0235714285714286,,-0.1620890476190482,,Dire Dawa Urban
10,1990,25.407666666666668,21.700916666666668,,-1.1112857142857142,,0.512590952380954,,Dire Dawa Urban
10,1991,25.139166666666668,11.194416666666667,48.965714285714284,-2.104857142857143,,0.21235428571428727,,Dire Dawa Urban
10,1992,24.81641666666667,26.438666666666666,80.12314285714285,0.22057142857142858,,-0.14213238095237912,,Dire Dawa Urban
10,1993,24.869583333333335,25.236166666666666,59.91185714285714,0.27171428571428574,,-0.1207023809523804,,Dire Dawa Urban
10,1994,24.809916666666666,33.95075,82.00357142857142,1.1292857142857142,,-0.21210571428571612,,Dire Dawa Urban
10,1995,25.36283333333333,19.081166666666665,77.14485714285715,-0.32542857142857146,,0.3090742857142814,,Dire Dawa Urban
10,1996,24.672916666666666,29.8215,59.470571428571425,1.1648571428571428,,-0.4125790476190474,,Dire Dawa Urban
10,1997,25.584833333333336,26.418499999999998,51.008857142857146,0.4518571428571429,,0.46760095238095545,,Dire Dawa Urban
10,1998,25.3395,25.660083333333333,74.86714285714285,-0.23942857142857138,,0.19053095238095352,,Dire Dawa Urban
10,1999,24.829666666666668,29.168166666666664,75.77285714285713,0.10657142857142858,,-0.3510390476190466,,Dire Dawa Urban
10,2000,24.977833333333333,24.03816666666667,77.94485714285715,-0.14271428571428574,,-0.234609047619049,,Dire Dawa Urban
10,2001,24.907916666666665,32.028333333333336,88.17985714285714,1.3577142857142857,0.9582142857142857,-0.3362623809523839,1.2128761904761904,Dire Dawa Urban
10,2002,25.510166666666667,20.70225,63.353142857142856,-0.6369999999999999,-0.19392857142857145,0.2342509523809504,0.03951150793650793,Dire Dawa Urban
10,2003,25.115916666666667,29.561000000000003,65.83785714285715,0.6842857142857143,0.08514285714285715,-0.19173571428571634,0.29736111111111113,Dire Dawa Urban
10,2004,25.415000000000003,20.889666666666667,65.71257142857142,-1.1725714285714286,-0.4475714285714286,0.07561095238095561,-0.256575,Dire Dawa Urban
10,2005,25.687250000000002,22.284166666666668,56.80157142857143,-0.287,-0.092,0.3161242857142881,0.07777460317460319,Dire Dawa Urban
10,2006,25.142583333333334,28.587500000000002,74.81257142857143,-0.05085714285714286,0.5194285714285715,-0.2602790476190471,0.6679813492063492,Dire Dawa Urban
10,2007,25.32575,32.73791666666667,82.30685714285714,1.2001428571428572,0.8927857142857143,-0.10884904761904934,1.0201166666666666,Dire Dawa Urban
10,2008,25.244249999999997,24.116,67.00985714285714,0.31485714285714284,-0.4700714285714286,-0.22208571428571844,-0.3639623015873016,Dire Dawa Urban
10,2009,26.36616666666667,16.899916666666666,54.75985714285714,-1.1712857142857143,-1.4602857142857144,0.8680942857142853,-1.375398412698413,Dire Dawa Urban
10,2010,25.268916666666666,38.642833333333336,83.552,0.9748571428571429,-0.22992857142857143,-0.26089238095238443,-0.16626309523809524,Dire Dawa Urban
10,2011,25.538,28.835333333333335,72.10557142857142,0.36885714285714283,-0.659357142857143,-0.023545714285717168,-0.6169134920634922,Dire Dawa Urban
10,2012,25.801166666666663,27.489416666666667,78.28028571428571,0.7888571428571428,-0.20414285714285715,0.20788428571427886,-0.18292103174603175,Dire Dawa Urban
10,2013,25.057166666666664,30.237,80.027,0.6572857142857143,0.6157142857142857,-0.5678523809523846,0.6157142857142857,Dire Dawa Urban
10,2014,25.696250000000003,26.97683333333333,71.31228571428572,-0.11042857142857143,-0.24214285714285716,0.03949428571428726,-0.26336468253968254,Dire Dawa Urban
10,2015,26.62625,15.398000000000001,31.164142857142856,-1.6007142857142858,-1.6432857142857142,0.9377576190476162,-1.685729365079365,Dire Dawa Urban
10,2016,25.533416666666668,20.8595,70.83985714285714,-0.24399999999999997,0.3482142857142857,-0.18681238095238228,0.2845488095238095,Dire Dawa Urban
10,2017,26.228916666666667,28.190083333333334,63.687714285714286,0.277,-0.9890000000000001,0.47695095238094964,-1.0738873015873016,Dire Dawa Urban
10,2018,25.332916666666666,27.3295,62.982142857142854,0.662,-0.8343571428571429,-0.45078571428571834,-0.9404662698412699,Dire Dawa Urban
10,2019,25.603333333333335,30.706666666666667,65.30828571428572,0.2674285714285714,0.3842857142857143,-0.21210571428571612,0.2569547619047619,Dire Dawa Urban
10,2020,25.438666666666666,31.90275,72.40299999999999,0.6412857142857142,1.0695000000000001,-0.40850904761905227,0.9209472222222224,Dire Dawa Urban
10,2021,25.553583333333332,28.220833333333335,67.31114285714285,0.288,0.8668571428571429,-0.32532904761905,0.6970825396825397,Dire Dawa Urban
10,2022,25.645833333333332,28.740333333333336,62.382428571428576,0.050428571428571434,0.3442142857142857,-0.26481571428571726,0.1532178571428571,Dire Dawa Urban
10,2023,26.474333333333334,21.970083333333335,41.94214285714286,-0.5294285714285715,0.3022142857142857,0.5319476190476173,0.08999603174603171,Dire Dawa Urban
10,2024,26.461583333333333,39.826166666666666,91.45614285714285,2.0144285714285712,1.848785714285714,0.48746095238094966,1.6153456349206348,Dire Dawa Urban
10,2025,25.943749999999998,31.532583333333335,58.63785714285715,0.30442857142857144,0.18885714285714286,-0.062109047619053115,-0.0658047619047619,Dire Dawa Urban
10,2026,26.962799999999998,13.4732,41.326,-2.2384,-0.5983,0.9252042857142797,-0.8741837301587303,Dire Dawa Urban
12,1989,14.718583333333333,87.08725,,-0.3831428571428571,,-0.126913553113555,,East Gojam
12,1990,14.852416666666668,91.59408333333333,,-0.3575714285714286,,-0.012593040293040758,,East Gojam
12,1991,15.218333333333334,88.87208333333335,98.85685714285714,-0.2265714285714286,,0.3338108058608036,,East Gojam
12,1992,14.59225,75.12416666666667,98.92657142857142,-1.564,,-0.3117853479853494,,East Gojam
12,1993,14.924333333333335,82.66641666666666,99.40728571428572,-0.5645714285714286,,0.0007851648351646645,,East Gojam
12,1994,14.804333333333332,95.26633333333332,99.10199999999999,0.24757142857142858,,-0.13872765567765732,,East Gojam
12,1995,15.207916666666668,81.56616666666666,98.99642857142858,-0.38757142857142857,,0.24534285714285708,,East Gojam
12,1996,14.94025,96.536,99.56714285714285,0.3567142857142857,,-0.04183663003663085,,East Gojam
12,1997,15.267666666666665,86.61125,99.25314285714286,-0.5837142857142857,,0.2660672161172144,,East Gojam
12,1998,15.368250000000002,111.80716666666666,99.50057142857143,1.3318571428571429,,0.34713772893772976,,East Gojam
12,1999,15.040166666666666,90.91283333333332,99.04614285714285,0.413,,-0.0004584249084249592,,East Gojam
12,2000,14.524083333333332,96.34025000000001,99.49185714285714,0.28128571428571425,,-0.5360545787545803,,East Gojam
12,2001,14.725999999999999,93.80166666666668,99.60828571428571,0.7352857142857143,0.014785714285714291,-0.3536507326007339,0.3263211284513805,East Gojam
12,2002,15.278416666666667,81.62783333333333,98.75714285714285,-0.7444285714285714,-0.1567857142857143,0.17925311355311457,0.12878841536614644,East Gojam
12,2003,14.829166666666666,91.32608333333333,98.44585714285714,-0.3504285714285714,-0.864642857142857,-0.28950970695970746,-0.6050300120048018,East Gojam
12,2004,14.869416666666666,85.63858333333333,98.53885714285715,-0.4481428571428571,-0.33664285714285713,-0.2687725274725281,-0.10299129651860744,East Gojam
12,2005,15.2765,83.25733333333334,98.43928571428572,-0.6057142857142858,-0.46764285714285714,0.11879798534798702,-0.259952581032413,East Gojam
12,2006,15.177999999999999,104.97449999999999,99.75028571428571,0.9678571428571429,-0.3335714285714286,0.0007851648351646645,-0.15184243697478994,East Gojam
12,2007,15.221083333333333,102.51458333333333,99.66242857142856,0.9688571428571429,0.5155000000000001,0.02435567765567903,0.6712677070828332,East Gojam
12,2008,15.0645,95.1555,99.52514285714287,0.47500000000000003,0.38035714285714284,-0.15174047619047393,0.5101635654261705,East Gojam
12,2009,15.697249999999999,83.401,98.16585714285713,-0.5951428571428572,-0.8174285714285714,0.461496703296703,-0.7135834333733493,East Gojam
12,2010,15.3815,99.37508333333334,99.64685714285714,0.6718571428571429,-0.4502142857142857,0.12623388278388603,-0.3723304321728691,East Gojam
12,2011,14.97625,88.09916666666668,99.64214285714286,0.046285714285714284,0.4644285714285714,-0.2985289377289355,0.5163511404561825,East Gojam
12,2012,15.368166666666667,93.63016666666665,98.26114285714286,0.21285714285714288,-0.6886428571428571,0.07387490842491218,-0.6626815726290516,East Gojam
12,2013,15.1315,98.42791666666666,99.3967142857143,0.9861428571428572,-0.15064285714285713,-0.18230457875457518,-0.15064285714285713,East Gojam
12,2014,15.624666666666668,73.966,99.78614285714286,-1.0062857142857142,0.12407142857142858,0.29134926739927103,0.09811014405762306,East Gojam
12,2015,15.927583333333333,63.77391666666667,99.18299999999999,-2.189285714285714,0.2562142857142857,0.5747531135531165,0.20429171668667467,East Gojam
12,2016,15.467166666666666,84.62766666666667,99.39657142857143,0.23557142857142857,0.6112142857142857,0.0948236263736284,0.5333304321728691,East Gojam
12,2017,15.53475,93.52291666666667,99.653,0.47328571428571425,0.6670714285714285,0.1428941391941425,0.5632262905162064,East Gojam
12,2018,15.141583333333335,95.7325,99.73228571428571,0.5471428571428572,0.29135714285714287,-0.2697853479853425,0.16155072028811526,East Gojam
12,2019,15.282083333333333,95.20375,99.91614285714286,-0.14657142857142857,0.5216428571428571,-0.14879816849816585,0.36587515006002397,East Gojam
12,2020,15.3255,105.141,99.89428571428572,0.817,0.04871428571428572,-0.12489432234431774,-0.13301470588235292,East Gojam
12,2021,15.314833333333333,89.84608333333334,98.90371428571429,0.2367142857142857,0.10178571428571428,-0.155073809523806,-0.10590456182472988,East Gojam
12,2022,15.1945,93.31316666666667,99.34214285714286,0.004285714285714279,-0.7642857142857142,-0.29491996336995996,-0.997937274909964,East Gojam
12,2023,15.830333333333334,89.699,99.73228571428571,0.34614285714285714,1.2782142857142857,0.32140054945055496,1.0186014405762305,East Gojam
12,2024,15.5935,97.76325000000001,99.61328571428571,0.5362857142857143,0.08121428571428571,0.06505439560440074,-0.20435984393757503,East Gojam
12,2025,15.446583333333335,88.58924999999999,99.639,-0.10028571428571428,-0.3115714285714286,-0.1013750915750844,-0.6231068427370948,East Gojam
12,2026,16.1918,56.4126,98.524,-2.6504,-0.3419,0.6243287545787606,-0.6793966986794717,East Gojam
13,1989,23.746333333333336,65.05175,,0.12728571428571428,,-0.33254413919414105,,Agnewak
13,1990,24.188666666666666,63.14225,,0.231,,0.10793663003662246,,Agnewak
13,1991,23.514416666666666,60.842083333333335,98.88414285714285,-0.17900000000000002,,-0.5681659340659415,,Agnewak
13,1992,23.822416666666665,68.87366666666667,98.20057142857142,0.095,,-0.262018498168505,,Agnewak
13,1993,24.520083333333332,38.013083333333334,92.03742857142856,-1.9599999999999997,,0.4337956043955984,,Agnewak
13,1994,23.726583333333334,74.63733333333333,98.293,0.8574285714285714,,-0.361556959706963,,Agnewak
13,1995,24.24575,61.254,97.78914285714286,-0.37157142857142855,,0.15575714285713715,,Agnewak
13,1996,23.06941666666667,85.71633333333334,99.53314285714285,1.0778571428571428,,-1.0224287545787583,,Agnewak
13,1997,24.621166666666667,51.260416666666664,94.16914285714286,-0.7792857142857142,,0.5274686813186769,,Agnewak
13,1998,24.482250000000004,67.61841666666668,98.21185714285714,0.4282857142857143,,0.3866994505494503,,Agnewak
13,1999,24.386416666666666,56.92391666666666,93.70014285714285,-0.5941428571428571,,0.2890135531135485,,Agnewak
13,2000,24.12575,38.92791666666667,91.11714285714285,-1.6925714285714284,,0.0264943223443197,,Agnewak
13,2001,23.735249999999997,69.04316666666666,98.36814285714286,0.045428571428571436,0.014000000000000012,-0.3658582417582501,0.4209387755102042,Agnewak
13,2002,24.85166666666667,49.7575,93.59028571428571,-0.9684285714285714,-0.6228571428571429,0.7487058608058597,-0.24982993197278902,Agnewak
13,2003,23.727666666666664,73.10891666666667,97.63957142857143,0.3568571428571429,-1.0762857142857143,-0.3771467032967095,-0.7371700680272109,Agnewak
13,2004,24.269833333333334,60.70208333333333,94.596,-0.4321428571428571,-0.7195,0.16316739926739743,-0.4142959183673469,Agnewak
13,2005,24.302666666666667,61.999500000000005,97.10785714285714,0.031857142857142855,-0.7884285714285715,0.19414816849816674,-0.5171360544217687,Agnewak
13,2006,24.095,72.12599999999999,97.67742857142856,0.759,-0.2765,-0.015371062271068325,-0.03911904761904758,Agnewak
13,2007,23.545666666666666,76.61508333333333,99.24971428571429,0.708,0.2652857142857143,-0.5665569597069648,0.4687551020408164,Agnewak
13,2008,23.84975,61.43508333333333,99.15214285714286,-0.37400000000000005,0.5625,-0.26432619047619355,0.7320578231292517,Agnewak
13,2009,25.212833333333332,46.41608333333334,89.32614285714286,-1.3659999999999999,-0.27049999999999996,1.0969045787545753,-0.13485374149659857,Agnewak
13,2010,24.162166666666668,65.38225,97.149,0.14557142857142855,-0.42478571428571427,0.04438534798534732,-0.32305102040816325,Agnewak
13,2011,23.538666666666668,96.61958333333332,98.34071428571428,2.0444285714285715,0.1407142857142857,-0.5809672161172195,0.2085374149659864,Agnewak
13,2012,23.421083333333332,80.07675,97.88128571428571,1.139857142857143,0.15407142857142858,-0.7004031135531186,0.18798299319727893,Agnewak
13,2013,23.86125,67.23649999999999,97.53371428571428,0.14928571428571427,0.3089285714285714,-0.2620890109890155,0.3089285714285714,Agnewak
13,2014,24.193833333333334,57.441750000000006,98.30657142857142,-0.6618571428571428,0.7269285714285714,0.06864175824175689,0.693017006802721,Agnewak
13,2015,25.070666666666668,60.445166666666665,96.76314285714285,-0.5015714285714286,0.0882142857142857,0.9436225274725274,0.020391156462585006,Agnewak
13,2016,24.7025,48.623916666666666,95.95785714285715,-0.8244285714285714,0.0017142857142857099,0.5736032967032934,-0.10002040816326534,Agnewak
13,2017,24.16508333333333,65.93383333333333,97.08242857142857,-0.11928571428571429,-0.05099999999999999,0.034334065934061186,-0.18664625850340139,Agnewak
13,2018,24.16225,59.2055,98.64771428571429,-0.28214285714285714,0.37464285714285717,0.029648168498166427,0.20508503401360542,Agnewak
13,2019,23.534916666666664,84.98025,99.40028571428572,1.1894285714285715,0.5153571428571428,-0.599537728937733,0.31188775510204075,Agnewak
13,2020,23.385833333333334,74.63233333333334,99.689,0.666,0.14685714285714288,-0.7504736263736262,-0.09052380952380956,Agnewak
13,2021,24.014666666666667,62.95825,97.70342857142857,-0.04842857142857143,0.15492857142857147,-0.1234928571428604,-0.11636394557823132,Agnewak
13,2022,23.914083333333334,78.76683333333334,98.97685714285714,0.8521428571428571,0.1945714285714286,-0.2259287545787565,-0.11063265306122452,Agnewak
13,2023,25.118,69.57316666666667,97.86,0.28071428571428575,0.13721428571428573,0.9761353479853447,-0.20190136054421776,Agnewak
13,2024,24.530416666666667,78.25966666666666,97.99985714285715,1.0445714285714287,-0.0007857142857143062,0.3866994505494503,-0.37381292517006814,Agnewak
13,2025,24.112666666666666,89.07058333333333,99.30085714285714,1.4001428571428571,0.459,-0.032903113553114594,0.05206122448979583,Agnewak
13,2026,26.0447,51.39300000000001,95.191,-0.38439999999999996,0.4554,1.8972776556776552,0.014549659863945519,Agnewak
89,1989,25.72758333333333,41.333416666666665,,-0.3657142857142857,,-0.2463666666666775,,Nuwer
89,1990,26.203083333333336,41.38883333333333,,0.5788571428571428,,0.2113333333333287,,Nuwer
89,1991,25.825166666666664,41.888749999999995,100.0,-0.03328571428571429,,-0.18438333333334356,,Nuwer
89,1992,25.70991666666667,42.666666666666664,93.09528571428572,-0.2582857142857143,,-0.31743333333333723,,Nuwer
89,1993,26.41225,28.749916666666667,90.90457142857143,-1.8095714285714286,,0.36709999999999354,,Nuwer
89,1994,25.581500000000002,40.388749999999995,99.95242857142857,-0.39814285714285713,,-0.48145000000000593,,Nuwer
89,1995,26.02116666666667,42.36108333333333,98.57157142857143,-0.09314285714285712,,-0.059583333333335986,,Nuwer
89,1996,25.349166666666665,61.333333333333336,100.0,2.0265714285714287,,-0.7493833333333413,,Nuwer
89,1997,27.06533333333333,36.44433333333333,97.76185714285714,-0.88,,0.9489833333333273,,Nuwer
89,1998,26.625083333333333,52.25008333333333,98.80971428571429,1.1342857142857143,,0.4909333333333272,,Nuwer
89,1999,26.128333333333334,47.055499999999995,97.47628571428572,0.43714285714285717,,-0.023616666666672614,,Nuwer
89,2000,26.009583333333335,36.083333333333336,95.09528571428572,-0.4142857142857143,,-0.1601666666666688,,Nuwer
89,2001,25.908416666666668,45.63891666666667,98.85728571428571,0.15142857142857144,0.05464285714285713,-0.2791333333333377,0.8162857142857147,Nuwer
89,2002,27.15433333333333,37.25,88.76185714285714,-0.9161428571428571,-0.3866428571428572,0.9489833333333273,0.31152976190476234,Nuwer
89,2003,26.019416666666668,46.16683333333333,96.95214285714285,0.5818571428571427,-1.3592142857142857,-0.20373333333333576,-0.7245119047619044,Nuwer
89,2004,26.51925,42.97225,96.76185714285714,-0.03985714285714286,-1.449642857142857,0.27829999999999444,-0.8784107142857138,Nuwer
89,2005,26.19366666666667,34.444583333333334,95.57142857142857,-1.0512857142857144,-0.7672142857142858,-0.06508333333333383,-0.25945238095238077,Nuwer
89,2006,26.023666666666667,43.44433333333333,100.0,0.5828571428571429,-0.17049999999999998,-0.2528833333333367,0.273791666666667,Nuwer
89,2007,25.752416666666665,47.69433333333333,98.66671428571429,0.21728571428571428,-0.195,-0.5419333333333363,0.1858214285714288,Nuwer
89,2008,26.066666666666666,37.722166666666666,99.85728571428571,-0.7075714285714286,0.418,-0.24548333333333616,0.7353511904761907,Nuwer
89,2009,27.39325,35.52766666666667,84.99985714285715,-1.586714285714286,-1.5087142857142857,1.0632999999999946,-1.254833333333333,Nuwer
89,2010,26.097583333333333,40.916583333333335,99.33357142857143,-0.4035714285714286,-0.3142142857142857,-0.25016666666666865,-0.12380357142857132,Nuwer
89,2011,25.97875,43.11116666666667,98.09514285714285,0.22271428571428573,-0.6595714285714285,-0.3868000000000009,-0.5326309523809523,Nuwer
89,2012,25.708,46.333416666666665,99.667,0.8428571428571429,0.49442857142857144,-0.6753500000000017,0.5578988095238095,Nuwer
89,2013,25.901666666666667,43.94441666666666,98.95242857142857,-0.2,-0.25035714285714283,-0.49948333333333395,-0.25035714285714283,Nuwer
89,2014,26.450666666666667,38.38883333333333,98.33314285714286,-1.0915714285714286,-0.12921428571428573,0.031716666666664395,-0.19268452380952386,Nuwer
89,2015,27.413666666666668,41.58325,99.619,-0.6571428571428571,0.7570714285714285,0.9769166666666678,0.6301309523809522,Nuwer
89,2016,26.90425,40.583416666666665,98.95228571428571,0.5725714285714286,0.8667142857142858,0.4497,0.6763035714285713,Nuwer
89,2017,26.432916666666667,50.27783333333334,99.333,0.8094285714285715,1.040142857142857,-0.03943333333333143,0.7862619047619045,Nuwer
89,2018,26.751333333333335,35.6945,99.28557142857143,-0.5845714285714286,0.4312857142857143,0.2611833333333351,0.11393452380952362,Nuwer
89,2019,26.007499999999997,57.74991666666667,98.19042857142857,1.5315714285714286,-0.3201428571428572,-0.5004500000000043,-0.7009642857142859,Nuwer
89,2020,25.763833333333334,52.00008333333333,98.95242857142857,0.8742857142857143,0.27985714285714286,-0.7619166666666644,-0.1644345238095241,Nuwer
89,2021,26.204666666666668,45.47225,97.61914285714286,0.08371428571428573,0.7179285714285714,-0.33888333333333165,0.21016666666666628,Nuwer
89,2022,26.25975,54.055499999999995,99.19028571428571,0.917,0.9927142857142857,-0.301599999999997,0.42148214285714247,Nuwer
89,2023,27.659166666666668,42.833416666666665,96.23799999999999,-0.03042857142857144,0.27749999999999997,1.080016666666669,-0.3572023809523813,Nuwer
89,2024,26.922583333333336,41.27775,93.57142857142857,0.020142857142857146,0.9049285714285715,0.3256333333333359,0.206755952380952,Nuwer
89,2025,26.710333333333335,50.944500000000005,95.42842857142857,0.8551428571428571,0.3298571428571428,0.09558333333333735,-0.43178571428571483,Nuwer
89,2026,28.4438,27.2,94.7332,-1.7846,0.3207,1.8112500000000011,-0.5044130952380957,Nuwer
92,1989,14.5445,50.84641666666667,,-0.25957142857142856,,-0.03545952380952677,,Arsi
92,1990,14.738,39.40475,,-1.1995714285714285,,0.13319047619047453,,Arsi
92,1991,14.9305,47.058416666666666,95.03842857142857,-0.08414285714285714,,0.3008404761904746,,Arsi
92,1992,14.437916666666666,53.69941666666667,95.292,0.24114285714285713,,-0.21659285714285836,,Arsi
92,1993,14.704916666666668,45.802166666666665,95.98314285714287,-0.5208571428571428,,0.025557142857142168,,Arsi
92,1994,14.643083333333335,62.46841666666666,97.26585714285714,1.2015714285714285,,-0.061126190476191056,,Arsi
92,1995,15.038833333333335,46.96875,94.72985714285714,-0.1492857142857143,,0.3097738095238096,,Arsi
92,1996,14.684750000000001,56.90933333333333,97.66285714285713,0.7194285714285714,,-0.06915952380952461,,Arsi
92,1997,15.10525,45.626666666666665,94.47742857142858,-0.379,,0.3264904761904752,,Arsi
92,1998,15.2275,55.536750000000005,95.098,0.35828571428571426,,0.4238904761904738,,Arsi
92,1999,14.823916666666667,54.005,93.77814285714285,0.5092857142857142,,-0.004542857142858736,,Arsi
92,2000,14.354083333333334,46.18758333333333,93.90628571428572,-0.5464285714285715,,-0.49922619047619143,,Arsi
92,2001,14.494750000000002,51.27075,98.04242857142857,0.551,0.5922857142857143,-0.3834095238095241,0.7114675324675325,Arsi
92,2002,14.9965,33.900416666666665,89.89214285714286,-1.6055714285714286,-0.6579999999999999,0.09349047619047468,-0.54875,Arsi
92,2003,14.619833333333332,52.43225,96.27300000000001,0.123,-0.2212857142857143,-0.30802619047619295,-0.12196753246753249,Arsi
92,2004,14.698583333333334,44.785583333333335,92.29485714285714,-0.668,-0.2042857142857143,-0.25412619047619245,-0.11489935064935065,Arsi
92,2005,15.053666666666667,40.14891666666667,96.22500000000001,-0.8488571428571429,0.375,0.0761071428571416,0.45445454545454544,Arsi
92,2006,15.111666666666666,52.03216666666666,96.13028571428572,0.09314285714285715,0.2307857142857143,0.10925714285714072,0.30030844155844155,Arsi
92,2007,15.027500000000002,61.7415,97.28728571428572,0.8688571428571429,0.5287142857142857,0.00024047619047706803,0.5883051948051948,Arsi
92,2008,14.811833333333333,53.913000000000004,96.23585714285716,0.5495714285714286,-0.25257142857142856,-0.24027619047619275,-0.20291233766233766,Arsi
92,2009,15.412166666666666,41.68683333333333,87.61557142857143,-0.8101428571428572,-1.1565714285714286,0.33520714285713993,-1.1168441558441558,Arsi
92,2010,15.309750000000001,53.399,97.31814285714286,0.3165714285714286,0.5217857142857143,0.20794047619047618,0.5515811688311688,Arsi
92,2011,14.847583333333333,62.31783333333333,95.64385714285713,1.3404285714285713,-0.07364285714285715,-0.2790761904761929,-0.05377922077922079,Arsi
92,2012,15.177166666666666,60.32658333333333,94.28428571428572,0.5617142857142857,-0.27714285714285714,0.025657142857141935,-0.2672110389610389,Arsi
92,2013,14.969666666666667,57.34775,97.26714285714286,0.8484285714285714,0.43192857142857144,-0.20669285714285834,0.43192857142857144,Arsi
92,2014,15.40725,40.66525,88.70628571428571,-1.3468571428571428,-0.5663571428571429,0.2060404761904735,-0.5762889610389611,Arsi
92,2015,15.704916666666668,41.11083333333334,91.52657142857143,-1.0027142857142857,-0.644,0.47885714285714265,-0.6638636363636364,Arsi
92,2016,15.359583333333333,43.241166666666665,93.18471428571429,-0.42200000000000004,0.463,0.10867380952380756,0.43320454545454545,Arsi
92,2017,15.439166666666667,60.367583333333336,95.57842857142857,0.4758571428571429,-0.2542857142857143,0.16340714285714242,-0.294012987012987,Arsi
92,2018,15.046416666666666,50.406666666666666,95.77285714285713,-0.044285714285714296,0.6917142857142857,-0.25419285714285955,0.6420551948051948,Arsi
92,2019,15.096499999999999,65.16816666666666,97.61614285714286,1.1397142857142857,0.03449999999999999,-0.228959523809527,-0.025090909090909108,Arsi
92,2020,15.20825,64.48725,98.31271428571428,1.3037142857142856,0.8207857142857142,-0.14205952380952525,0.751262987012987,Arsi
92,2021,15.230083333333333,50.01591666666667,92.74728571428571,-0.22371428571428573,-0.018428571428571426,-0.14507619047619258,-0.09788311688311688,Arsi
92,2022,15.183416666666666,49.599,89.44171428571428,-0.46385714285714286,-0.9642857142857142,-0.21659285714285836,-1.0536720779220778,Arsi
92,2023,15.702,45.26191666666667,96.08357142857143,-0.6145714285714285,0.9384285714285714,0.27714047619047477,0.8391103896103895,Arsi
92,2024,15.44825,63.44391666666667,96.29785714285715,1.3925714285714288,0.5365,-0.0014595238095260754,0.42724999999999996,Arsi
92,2025,15.516583333333335,55.99933333333333,93.542,0.21628571428571433,-0.28185714285714286,0.04202380952381013,-0.4010389610389611,Arsi
92,2026,15.9209,36.0653,89.488,-2.0174,0.0688,0.4214904761904741,-0.060313636363636375,Arsi
94,1989,18.001833333333334,102.48174999999999,,0.6794285714285715,,-0.2920285714285775,,Kelem Wellega
94,1990,18.2395,109.97233333333334,,0.9668571428571429,,-0.06504047619048237,,Kelem Wellega
94,1991,18.41208333333333,95.19091666666667,99.99371428571429,0.17785714285714288,,0.09686428571427541,,Kelem Wellega
94,1992,18.041833333333333,79.60966666666667,99.92985714285714,-1.6842857142857142,,-0.2840642857142939,,Kelem Wellega
94,1993,18.447666666666667,87.43591666666667,99.99485714285713,-0.5155714285714286,,0.11109047619046919,,Kelem Wellega
94,1994,18.17591666666667,79.10891666666667,99.59799999999998,-1.3768571428571428,,-0.17133809523809873,,Kelem Wellega
94,1995,18.52541666666667,88.79433333333333,99.93114285714286,-1.349142857142857,,0.16748333333332965,,Kelem Wellega
94,1996,18.149583333333336,103.03891666666668,99.98342857142858,1.168,,-0.21902857142857357,,Kelem Wellega
94,1997,18.774166666666666,106.57158333333332,99.991,1.0562857142857143,,0.39487619047618594,,Kelem Wellega
94,1998,18.756,102.43425,99.68228571428571,0.4557142857142857,,0.36603095238094596,,Kelem Wellega
94,1999,18.316,93.99208333333333,99.522,-0.22271428571428573,,-0.08464761904762597,,Kelem Wellega
94,2000,18.160166666666665,94.91541666666667,99.94342857142858,0.17842857142857144,,-0.2511595238095303,,Kelem Wellega
94,2001,18.271,88.34033333333333,99.75185714285715,-0.6488571428571428,0.05314285714285716,-0.15100476190476542,-0.03698571428571418,Kelem Wellega
94,2002,18.6335,94.31133333333334,99.74928571428572,-0.3108571428571429,-0.19292857142857142,0.20081666666666464,-0.27554642857142847,Kelem Wellega
94,2003,18.2575,104.14383333333335,94.01985714285715,0.3771428571428571,-1.0340714285714285,-0.18586190476190723,-1.1091785714285713,Kelem Wellega
94,2004,18.305083333333332,97.93141666666666,99.96728571428571,0.08314285714285714,0.6540714285714285,-0.1489571428571459,0.5864750000000001,Kelem Wellega
94,2005,18.579583333333332,92.46133333333334,99.60171428571428,-0.40314285714285714,-0.23342857142857143,0.11486428571427965,-0.29351428571428567,Kelem Wellega
94,2006,18.45025,99.00633333333333,98.94285714285715,0.6577142857142857,-0.26721428571428574,-0.025147619047622527,-0.31978928571428566,Kelem Wellega
94,2007,18.448083333333333,96.16975000000001,99.9707142857143,-0.6802857142857144,0.5044285714285714,-0.037992857142860714,0.4593642857142858,Kelem Wellega
94,2008,18.3045,94.72275,99.99028571428572,0.5061428571428571,1.0629285714285714,-0.19225476190476343,1.0253750000000001,Kelem Wellega
94,2009,18.85258333333333,87.5665,99.88442857142857,-0.9955714285714287,0.42207142857142854,0.34514999999999674,0.39202857142857145,Kelem Wellega
94,2010,18.482416666666666,90.24216666666666,98.92271428571429,-0.5188571428571428,-0.40421428571428575,-0.03569523809524,-0.4267464285714286,Kelem Wellega
94,2011,18.3085,93.95958333333333,99.87657142857142,-0.2532857142857143,-0.014499999999999999,-0.2202904761904776,-0.029521428571428556,Kelem Wellega
94,2012,18.405583333333333,96.45783333333333,99.42542857142858,0.4587142857142857,-0.36264285714285716,-0.13388571428571794,-0.3701535714285714,Kelem Wellega
94,2013,18.327,92.29266666666666,99.13257142857142,0.11457142857142857,-0.41828571428571426,-0.22314761904761937,-0.41828571428571426,Kelem Wellega
94,2014,18.544083333333333,88.86383333333333,99.98014285714285,-1.1335714285714287,0.5862142857142858,-0.016742857142858725,0.5937250000000001,Kelem Wellega
94,2015,19.125416666666666,104.82733333333333,99.79828571428571,0.5392857142857143,0.23392857142857143,0.5539119047619039,0.24894999999999998,Kelem Wellega
94,2016,18.789166666666667,95.14183333333334,99.95685714285715,0.3904285714285714,0.03992857142857142,0.20698333333333352,0.06246071428571425,Kelem Wellega
94,2017,18.648416666666666,106.83433333333333,99.991,0.6828571428571427,0.5660714285714286,0.05555476190476227,0.5961142857142857,Kelem Wellega
94,2018,18.513,90.90516666666667,99.924,-0.20157142857142857,-0.14414285714285716,-0.09054047619047267,-0.10658928571428576,Kelem Wellega
94,2019,18.515833333333333,102.38933333333334,99.99000000000001,0.312,-0.12685714285714286,-0.09838571428571541,-0.0817928571428572,Kelem Wellega
94,2020,18.40175,99.55241666666666,99.84542857142857,0.23071428571428568,-0.4865714285714286,-0.22314761904761937,-0.43399642857142867,Kelem Wellega
94,2021,18.460916666666666,102.64141666666667,99.78357142857143,0.2834285714285714,0.010000000000000009,-0.17465952380952388,0.07008571428571424,Kelem Wellega
94,2022,18.312,97.79141666666668,99.95614285714285,0.08985714285714286,0.14585714285714285,-0.33425476190475933,0.21345357142857135,Kelem Wellega
94,2023,19.166166666666665,107.6225,99.93214285714285,0.9372857142857143,0.24235714285714283,0.5092333333333343,0.31746428571428564,Kelem Wellega
94,2024,18.937083333333334,86.89108333333333,98.21785714285714,-0.8360000000000001,-0.49228571428571427,0.2694714285714319,-0.4096678571428572,Kelem Wellega
94,2025,18.588166666666666,95.69658333333332,99.98442857142857,-0.14485714285714285,-0.29071428571428565,-0.09012380952380639,-0.2005857142857143,Kelem Wellega
94,2026,19.497700000000002,93.1061,99.9926,0.073,1.1697,0.8087309523809552,1.2673392857142856,Kelem Wellega
95,1989,13.76675,74.26725,,-0.7162857142857143,,-0.10420982142857582,,North Shewa (Or)
95,1990,13.881333333333332,81.65016666666666,,-0.3,,-0.011366071428577484,,North Shewa (Or)
95,1991,14.254,77.5145,95.36457142857144,0.06514285714285714,,0.33956101190475785,,North Shewa (Or)
95,1992,13.675166666666668,70.52833333333334,95.38499999999999,-1.0591428571428572,,-0.26101190476190794,,North Shewa (Or)
95,1993,13.847499999999998,82.15658333333333,99.636,0.2894285714285714,,-0.11041815476191097,,North Shewa (Or)
95,1994,13.836166666666665,82.4315,96.36442857142858,-0.012714285714285718,,-0.14349107142857598,,North Shewa (Or)
95,1995,14.333916666666667,66.38266666666667,97.29528571428571,-0.8904285714285713,,0.3325193452380919,,North Shewa (Or)
95,1996,13.930083333333334,87.67033333333332,99.68342857142856,0.9395714285714286,,-0.09305357142857495,,North Shewa (Or)
95,1997,14.210666666666667,65.2665,97.30828571428572,-0.9001428571428571,,0.16579017857142553,,North Shewa (Or)
95,1998,14.546583333333333,88.21041666666667,98.14271428571429,0.49400000000000005,,0.4799672619047577,,North Shewa (Or)
95,1999,14.072583333333334,86.29741666666666,93.73242857142857,0.8869999999999999,,-0.015772321428572766,,North Shewa (Or)
95,2000,13.584000000000001,81.97975,97.33714285714287,0.252,,-0.5260952380952393,,North Shewa (Or)
95,2001,13.6805,78.90833333333333,99.03471428571427,0.5377142857142857,0.43107142857142855,-0.4513348214285742,0.669738961038961,North Shewa (Or)
95,2002,14.308083333333334,63.78975,94.97014285714285,-1.3098571428571428,-0.4634285714285714,0.15450892857142762,-0.24464999999999998,North Shewa (Or)
95,2003,13.897,80.8725,99.03357142857143,0.101,-0.49414285714285716,-0.2783139880952401,-0.29525324675324677,North Shewa (Or)
95,2004,13.91125,71.82275,97.16857142857143,-0.6342857142857142,-0.02235714285714286,-0.2858035714285716,0.1566435064935065,North Shewa (Or)
95,2005,14.392916666666666,68.60708333333334,98.86557142857143,-0.8141428571428572,0.5402857142857143,0.17412351190476016,0.6993974025974026,North Shewa (Or)
95,2006,14.28675,87.50558333333333,99.21285714285715,0.6705714285714286,-0.29428571428571426,0.04621726190475961,-0.15506298701298699,North Shewa (Or)
95,2007,14.330083333333334,91.09041666666667,98.92614285714285,1.041,0.2752142857142857,0.06781101190476235,0.3945480519480519,North Shewa (Or)
95,2008,14.003,82.63408333333334,98.43471428571429,0.42128571428571426,-0.14257142857142857,-0.28101190476190574,-0.043126623376623374,North Shewa (Or)
95,2009,14.782083333333333,68.21916666666667,94.03628571428571,-0.8412857142857143,-1.092142857142857,0.4763318452380929,-1.012587012987013,North Shewa (Or)
95,2010,14.542416666666666,81.24499999999999,99.52728571428572,0.33085714285714285,-0.24178571428571427,0.2149255952380944,-0.18211883116883115,North Shewa (Or)
95,2011,14.044416666666669,80.998,99.43657142857144,0.18371428571428572,-0.09428571428571428,-0.30481398809523697,-0.0545077922077922,North Shewa (Or)
95,2012,14.502666666666668,89.25574999999999,97.03571428571429,0.8165714285714286,-0.7932857142857143,0.13169642857142883,-0.7733967532467532,North Shewa (Or)
95,2013,14.202916666666667,81.45408333333333,98.31785714285715,0.40385714285714286,-0.4635,-0.1897931547619045,-0.4635,North Shewa (Or)
95,2014,14.794583333333334,59.56733333333333,97.88785714285714,-1.739857142857143,-0.3577142857142857,0.38013392857142847,-0.37760324675324675,North Shewa (Or)
95,2015,14.961583333333332,58.675000000000004,98.29414285714286,-1.9167142857142856,0.19928571428571426,0.5253943452380945,0.15950779220779218,North Shewa (Or)
95,2016,14.523416666666668,74.65775000000001,99.24871428571429,0.26642857142857146,0.689857142857143,0.06548809523809673,0.6301902597402598,North Shewa (Or)
95,2017,14.594499999999998,87.1435,98.6322857142857,0.6878571428571428,0.31900000000000006,0.11483184523809342,0.2394441558441559,North Shewa (Or)
95,2018,14.143333333333333,84.15175,99.546,0.41157142857142853,0.5695,-0.3580744047619042,0.4700551948051948,North Shewa (Or)
95,2019,14.2275,96.42008333333332,99.45642857142856,1.0394285714285714,0.9027857142857143,-0.29564732142857153,0.7834519480519481,North Shewa (Or)
95,2020,14.454,91.00016666666666,99.90114285714286,0.8427142857142857,0.30307142857142855,-0.09088690476190386,0.16384870129870127,North Shewa (Or)
95,2021,14.495583333333334,75.44291666666668,98.976,-0.060714285714285714,-0.044571428571428574,-0.07104315476190237,-0.20368311688311688,North Shewa (Or)
95,2022,14.388666666666666,82.17591666666667,96.55942857142857,0.23142857142857146,-0.597,-0.19969940476190473,-0.7760006493506493,North Shewa (Or)
95,2023,14.802750000000001,82.79083333333334,99.96271428571428,0.39371428571428574,1.5364285714285715,0.19264434523809904,1.3375389610389612,North Shewa (Or)
95,2024,14.697333333333333,82.98625,98.54999999999998,0.27599999999999997,0.05028571428571429,0.06548809523809673,-0.16849285714285714,North Shewa (Or)
95,2025,14.682416666666667,75.36975,96.43714285714285,-0.3148571428571429,-0.28535714285714286,0.028831845238096676,-0.5240246753246753,North Shewa (Or)
95,2026,15.2464,58.321799999999996,95.8546,-2.7678000000000003,-0.5735999999999999,0.5710755952380975,-0.8321564935064933,North Shewa (Or)
96,1989,14.644083333333333,76.77141666666667,,-0.19957142857142854,,-0.10454867724867967,,South West Shewa
96,1990,14.742583333333334,75.66333333333334,,-0.25542857142857145,,-0.027502380952382666,,South West Shewa
96,1991,15.138833333333332,74.98716666666667,97.092,-0.22357142857142856,,0.3472939153439114,,South West Shewa
96,1992,14.569666666666668,86.95691666666666,99.31085714285715,0.6597142857142856,,-0.24332645502645533,,South West Shewa
96,1993,14.85975,92.44266666666665,99.81557142857143,0.8122857142857143,,0.025303174603171996,,South West Shewa
96,1994,14.763166666666665,82.06791666666668,99.14414285714285,0.40685714285714286,,-0.09273386243386561,,South West Shewa
96,1995,15.2395,65.61666666666666,99.083,-0.7282857142857143,,0.36214576719576463,,South West Shewa
96,1996,14.871416666666667,92.06508333333333,99.83657142857143,1.3184285714285713,,-0.027391269841270827,,South West Shewa
96,1997,15.284333333333334,65.50866666666667,98.34714285714287,-0.929,,0.3640716931216925,,South West Shewa
96,1998,15.369083333333334,89.98416666666667,99.53542857142858,1.2874285714285716,,0.4273679894179896,,South West Shewa
96,1999,14.937083333333334,78.01541666666667,96.783,0.32799999999999996,,-0.026085714285715156,,South West Shewa
96,2000,14.428416666666665,74.12650000000001,99.42214285714286,-0.6348571428571429,,-0.5562060846560879,,South West Shewa
96,2001,14.5985,70.71016666666667,99.59742857142858,-0.23185714285714284,0.3291428571428572,-0.40757645502645623,0.6442670454545455,South West Shewa
96,2002,15.052833333333332,68.27633333333334,98.02971428571428,-0.6749999999999999,-0.16714285714285715,0.025303174603171996,0.12172098214285715,South West Shewa
96,2003,14.676666666666668,76.979,98.94314285714286,-0.12842857142857142,-0.7708571428571429,-0.37231719576719513,-0.5082536525974026,South West Shewa
96,2004,14.757333333333333,67.84375,98.45471428571429,-1.0567142857142857,0.010714285714285711,-0.3131042328042337,0.24705742694805194,South West Shewa
96,2005,15.215666666666666,69.90416666666667,99.48814285714286,-0.5944285714285714,0.5727142857142857,0.12377539682539584,0.782797077922078,South West Shewa
96,2006,15.202416666666666,82.027,99.63185714285714,0.5277142857142857,-0.11635714285714285,0.08907169312169216,0.06746530032467535,South West Shewa
96,2007,15.1965,86.02458333333334,99.59457142857143,0.8512857142857142,-0.4546428571428571,0.06170132275132367,-0.29708076298701297,South West Shewa
96,2008,14.914416666666668,81.30375,99.52185714285714,0.3854285714285714,-0.3401428571428572,-0.24183571428571327,-0.20884111201298705,South West Shewa
96,2009,15.546666666666667,72.95658333333334,95.302,-0.5878571428571429,-1.3928571428571428,0.36896058201058146,-1.2878157467532467,South West Shewa
96,2010,15.43425,88.13133333333333,99.88342857142857,1.142,0.11407142857142859,0.2350902116402125,0.19285247564935065,South West Shewa
96,2011,14.873333333333333,91.18133333333333,99.49657142857143,1.3057142857142858,-0.10757142857142857,-0.34728015873015927,-0.05505073051948051,South West Shewa
96,2012,15.269416666666666,77.70683333333334,99.184,-0.485,-0.5999285714285714,0.027349470899471484,-0.5736682224025973,South West Shewa
96,2013,15.079666666666668,81.40075,99.715,0.5328571428571428,0.05285714285714285,-0.1838542328042312,0.05285714285714285,South West Shewa
96,2014,15.609666666666667,62.29575,99.34771428571428,-1.5737142857142856,-0.32600000000000007,0.3246920634920656,-0.3522603490259741,South West Shewa
96,2015,15.779083333333332,66.996,99.32571428571428,-0.8944285714285715,0.004571428571428567,0.4726550264550262,-0.04794926948051949,South West Shewa
96,2016,15.4935,65.32491666666667,99.32371428571427,-0.9152857142857143,0.8818571428571429,0.16561798941799033,0.8030760957792208,South West Shewa
96,2017,15.42875,85.22566666666667,99.32271428571428,0.4072857142857143,0.17099999999999999,0.07941428571428766,0.06595860389610388,South West Shewa
96,2018,15.114833333333332,75.82933333333334,99.58171428571428,0.11971428571428573,0.2552142857142857,-0.255956084656086,0.12391254058441559,South West Shewa
96,2019,15.204666666666666,89.62783333333334,99.71414285714286,0.9487142857142857,0.43271428571428566,-0.18757645502645381,0.2751521915584415,South West Shewa
96,2020,15.326,85.84158333333333,99.86257142857143,0.5204285714285715,0.7745,-0.087696825396824,0.5906775568181818,South West Shewa
96,2021,15.313083333333333,69.59474999999999,99.38414285714285,-0.6202857142857142,0.04728571428571429,-0.12206719576719394,-0.16279707792207793,South West Shewa
96,2022,15.294166666666667,77.03825,97.44371428571428,-0.6905714285714285,-1.0139285714285715,-0.1624375661375641,-1.2502717126623377,South West Shewa
96,2023,15.650416666666667,78.4795,99.8527142857143,-0.11842857142857144,1.598642857142857,0.1723587301587326,1.3360393668831168,South West Shewa
96,2024,15.549083333333334,76.28216666666667,99.379,-0.02557142857142856,0.04564285714285714,0.049571693121695404,-0.24322098214285715,South West Shewa
96,2025,15.426666666666668,89.74208333333333,99.45285714285714,0.8432857142857143,0.3284285714285714,-0.09429867724867336,0.01330438311688309,South West Shewa
96,2026,15.809800000000001,58.3454,99.0048,-3.0134,0.4542,0.2673809523809556,0.11281546266233766,South West Shewa
97,1989,13.76325,47.254250000000006,,-0.297,,-0.07903761904761986,,West Arsi
97,1990,13.875333333333332,40.28325,,-1.0134285714285716,,0.015439047619045354,,West Arsi
97,1991,14.09125,45.943999999999996,98.321,-0.2674285714285714,,0.21374904761904823,,West Arsi
97,1992,13.732416666666666,55.230250000000005,98.5697142857143,0.679,,-0.1626909523809541,,West Arsi
97,1993,13.955666666666666,46.55408333333333,98.92871428571428,-0.2834285714285714,,0.04295238095238041,,West Arsi
97,1994,13.883916666666666,56.98225,99.14085714285714,0.9641428571428572,,-0.046404285714286786,,West Arsi
97,1995,14.204916666666668,46.60941666666667,98.50171428571427,-0.04971428571428571,,0.25698904761904906,,West Arsi
97,1996,13.948833333333333,56.30466666666666,99.10685714285715,0.9585714285714285,,-0.016700952380952927,,West Arsi
97,1997,14.358083333333333,41.54016666666667,97.84471428571429,-0.7064285714285715,,0.3749423809523815,,West Arsi
97,1998,14.277499999999998,53.7995,98.40599999999999,0.3124285714285714,,0.2767523809523791,,West Arsi
97,1999,14.082916666666668,50.74908333333334,97.48885714285714,0.40128571428571425,,0.06456238095238298,,West Arsi
97,2000,13.508166666666668,47.7515,98.31985714285715,-0.3111428571428571,,-0.5277942857142843,,West Arsi
97,2001,13.664,49.26091666666667,99.28314285714285,0.20028571428571432,0.6560714285714285,-0.38956761904761805,0.587,West Arsi
97,2002,14.103916666666668,37.7935,97.66042857142858,-1.1905714285714286,-0.189,0.03274238095238324,-0.25231547619047623,West Arsi
97,2003,13.729833333333334,50.67008333333333,99.04142857142857,0.0010000000000000009,-0.10471428571428572,-0.3589476190476173,-0.16227380952380954,West Arsi
97,2004,13.801666666666668,44.31525,97.33985714285714,-0.5324285714285714,-0.2621428571428572,-0.30472095238095065,-0.3139464285714286,West Arsi
97,2005,14.150166666666665,43.74966666666666,98.6227142857143,-0.2885714285714286,0.5031428571428571,0.026172380952381502,0.45709523809523805,West Arsi
97,2006,14.274333333333333,49.5985,99.18042857142858,0.02414285714285714,0.27671428571428575,0.1327323809523815,0.23642261904761908,West Arsi
97,2007,14.170916666666665,59.593916666666665,99.08628571428572,1.1008571428571428,0.53,0.011709047619048008,0.49546428571428575,West Arsi
97,2008,14.067416666666666,55.21508333333333,98.92214285714284,0.8005714285714286,-0.6132142857142857,-0.10939761904761802,-0.6419940476190477,West Arsi
97,2009,14.45225,39.84475,92.83399999999999,-1.0947142857142858,-0.8958571428571429,0.25782904761904746,-0.9188809523809525,West Arsi
97,2010,14.397833333333333,50.876583333333336,99.19114285714285,0.13285714285714284,0.46871428571428575,0.18580571428571524,0.4514464285714286,West Arsi
97,2011,13.889583333333334,53.41533333333333,97.69114285714285,0.9631428571428572,0.020285714285714282,-0.34005095238095073,0.008773809523809517,West Arsi
97,2012,14.130166666666668,54.68933333333333,98.568,0.32342857142857145,-0.2017857142857143,-0.11707428571428302,-0.20754166666666668,West Arsi
97,2013,14.110083333333334,56.941750000000006,99.16385714285714,1.0351428571428571,0.2899285714285714,-0.15476428571428436,0.2899285714285714,West Arsi
97,2014,14.4835,43.21641666666667,97.821,-0.8227142857142857,-0.2312857142857143,0.2010457142857156,-0.2255297619047619,West Arsi
97,2015,14.738083333333334,46.52191666666667,98.13014285714284,-0.44657142857142856,-0.304,0.43802238095238266,-0.2924880952380952,West Arsi
97,2016,14.40575,35.718333333333334,97.72628571428572,-1.340142857142857,0.5875714285714285,0.08808238095238252,0.6048392857142857,West Arsi
97,2017,14.494083333333334,59.86208333333334,98.54871428571428,0.6472857142857144,-0.28221428571428575,0.1588090476190498,-0.2591904761904762,West Arsi
97,2018,14.14875,52.90441666666666,99.22328571428571,0.303,0.8747142857142858,-0.20413095238095025,0.9034940476190477,West Arsi
97,2019,14.231833333333334,61.71183333333334,99.51385714285713,1.0984285714285715,-0.03614285714285717,-0.13865428571428318,-0.0016071428571428764,West Arsi
97,2020,14.317083333333334,52.184,99.59442857142858,0.423,0.4332142857142857,-0.07101095238094857,0.4735059523809524,West Arsi
97,2021,14.351166666666666,43.83883333333333,97.92385714285714,-1.0127142857142857,-0.6352857142857142,-0.054534285714284536,-0.5892380952380951,West Arsi
97,2022,14.352333333333334,50.48591666666667,96.40671428571429,-0.15885714285714286,-1.1024285714285713,-0.0709742857142821,-1.050625,West Arsi
97,2023,14.683916666666667,44.52033333333333,98.789,-0.523,0.7977142857142858,0.24300238095238313,0.8552738095238096,West Arsi
97,2024,14.523083333333332,60.27258333333334,98.73085714285715,1.3694285714285714,0.18135714285714286,0.06456238095238298,0.24467261904761906,West Arsi
97,2025,14.473083333333333,56.090916666666665,98.97685714285714,0.6048571428571429,-0.10550000000000001,-0.00304428571428339,-0.03642857142857142,West Arsi
97,2026,14.9178,37.392700000000005,96.23920000000001,-1.6369999999999998,-0.1527,0.4240657142857174,-0.07787261904761902,West Arsi
99,1989,14.149833333333333,49.04075,,0.7668571428571429,,-0.1642036630036614,,Guji
99,1990,14.423333333333334,32.38016666666667,,-0.428,,0.08027710622710771,,Guji
99,1991,14.540083333333333,28.26291666666667,93.74,-1.052,,0.1680078754578762,,Guji
99,1992,14.256166666666667,34.68233333333333,95.39842857142857,-0.8490000000000001,,-0.14492802197802135,,Guji
99,1993,14.297583333333334,30.953916666666668,92.15442857142857,-0.8678571428571429,,-0.1325305860805841,,Guji
99,1994,14.583083333333335,43.27375,93.69628571428572,1.0224285714285715,,0.12395018315018547,,Guji
99,1995,14.740833333333335,40.05983333333334,95.09142857142857,-0.03257142857142857,,0.25268095238095434,,Guji
99,1996,14.518583333333334,63.21041666666667,97.09471428571429,1.3712857142857142,,0.0014117216117224274,,Guji
99,1997,15.086833333333333,48.30733333333333,92.63557142857142,0.7355714285714285,,0.5406424908424903,,Guji
99,1998,14.604416666666665,37.34941666666666,92.06042857142857,-0.35300000000000004,,0.029206593406593484,,Guji
99,1999,14.582749999999999,33.69325,92.08428571428571,-0.7198571428571429,,-0.021479304029304203,,Guji
99,2000,14.003333333333332,36.781083333333335,90.34514285714286,-0.6277142857142858,,-0.6299152014652023,,Guji
99,2001,14.388333333333334,45.04358333333334,93.90228571428572,0.07142857142857142,0.15571428571428572,-0.2739344322344319,0.054945578231292536,Guji
99,2002,14.518,32.13608333333333,91.90385714285715,-0.5822857142857142,0.23942857142857144,-0.1732869963369943,0.1470572562358277,Guji
99,2003,14.359666666666667,42.12383333333333,93.75314285714285,0.077,0.2386428571428571,-0.3606395604395587,0.15466893424036277,Guji
99,2004,14.608916666666667,37.23608333333333,88.00871428571429,-0.8885714285714286,0.14607142857142857,-0.1404087912087899,0.07049489795918368,Guji
99,2005,14.814416666666666,32.174083333333336,92.92657142857142,-0.6135714285714285,0.3294285714285714,0.03607197802197781,0.26224943310657595,Guji
99,2006,15.072416666666667,43.76866666666667,92.99199999999999,0.12085714285714287,0.045,0.2650527472527493,-0.013781746031746027,Guji
99,2007,15.049833333333334,63.67758333333333,95.46514285714285,1.0897142857142856,0.12671428571428572,0.2134501831501847,0.07632993197278913,Guji
99,2008,14.958916666666667,38.302083333333336,93.42628571428573,-0.46499999999999997,-0.3068571428571429,0.09351428571428677,-0.34884410430839,Guji
99,2009,15.035166666666667,28.200999999999997,90.41514285714285,-0.9068571428571428,-0.1940714285714286,0.14074505494505551,-0.22766099773242632,Guji
99,2010,15.034,47.19683333333333,95.17171428571429,0.31585714285714284,0.21035714285714285,0.11055915750915801,0.18516496598639456,Guji
99,2011,14.874583333333334,49.89341666666667,89.41,1.1617142857142857,-0.33099999999999996,-0.07787673992673838,-0.34779478458049884,Guji
99,2012,14.962666666666665,56.780499999999996,93.62357142857142,0.7444285714285714,0.27114285714285713,-0.01881263736263783,0.2627454648526077,Guji
99,2013,14.655916666666668,51.14308333333333,94.20185714285715,0.5084285714285715,-0.18507142857142858,-0.35458186813186643,-0.18507142857142858,Guji
99,2014,15.196666666666667,46.346833333333336,93.97114285714285,0.05328571428571427,0.10214285714285716,0.15714890109890156,0.11054024943310659,Guji
99,2015,15.487666666666668,31.353250000000003,90.56257142857143,-0.3568571428571429,0.5455714285714286,0.4191296703296725,0.5623662131519275,Guji
99,2016,15.0695,34.49433333333334,90.61428571428571,-0.5427142857142857,0.12735714285714286,-0.028056227106226572,0.15254931972789115,Guji
99,2017,15.294583333333334,46.200250000000004,94.54357142857144,0.227,-0.503,0.1680078754578762,-0.46941043083900225,Guji
99,2018,14.754666666666665,50.145999999999994,93.03014285714286,0.049714285714285725,0.4594285714285714,-0.40092802197802335,0.5014155328798185,Guji
99,2019,15.204583333333332,57.123250000000006,96.04914285714287,1.3940000000000001,0.0032857142857142824,0.01996941391941398,0.053670068027210874,Guji
99,2020,15.131833333333333,58.10825,95.90942857142856,1.2552857142857141,0.2715714285714286,-0.08179981684981641,0.3303531746031746,Guji
99,2021,15.146,37.83383333333333,91.77385714285715,-0.3312857142857143,-0.6707857142857143,-0.0966523809523796,-0.6036065759637188,Guji
99,2022,15.10725,40.743249999999996,91.98485714285714,-0.798,-1.2092142857142858,-0.16442161172161107,-1.133637755102041,Guji
99,2023,15.486083333333333,35.28933333333333,90.96571428571428,-0.586,0.26335714285714285,0.18539249084249043,0.3473310657596372,Guji
99,2024,15.426083333333333,47.69725,93.46714285714286,0.7381428571428571,0.14092857142857143,0.09637326007326052,0.23329988662131518,Guji
99,2025,15.437666666666667,50.65425,92.69157142857144,0.05571428571428571,-0.12021428571428572,0.0789373626373635,-0.019445578231292532,Guji
99,2026,15.696000000000002,19.415,88.86,-1.6392,0.3426,0.30825146520146696,0.45176609977324267,Guji
100,1989,15.940416666666666,96.93391666666668,,-0.18885714285714286,,-0.1742338624338693,,Horo Gudru W.
100,1990,16.129166666666666,103.40375,,0.2502857142857143,,-0.006502380952387199,,Horo Gudru W.
100,1991,16.4745,99.10875,99.84128571428572,0.5874285714285714,,0.31781243386242863,,Horo Gudru W.
100,1992,15.831000000000001,94.8345,99.78099999999999,0.010857142857142852,,-0.34670608465608765,,Horo Gudru W.
100,1993,16.243083333333335,99.40933333333334,99.89,0.48214285714285715,,0.044358730158727155,,Horo Gudru W.
100,1994,16.105416666666667,92.56758333333333,99.65457142857143,-0.0032857142857142885,,-0.1143264550264611,,Horo Gudru W.
100,1995,16.485916666666665,85.37891666666667,99.82871428571427,-0.6598571428571428,,0.24515502645501996,,Horo Gudru W.
100,1996,16.186833333333333,96.12416666666667,99.885,0.18799999999999997,,-0.07494682539682884,,Horo Gudru W.
100,1997,16.638083333333334,89.07816666666668,99.70428571428572,-0.6102857142857143,,0.35528465608465254,,Horo Gudru W.
100,1998,16.74875,106.07799999999999,99.36171428571429,1.1714285714285713,,0.4449328042328027,,Horo Gudru W.
100,1999,16.286833333333334,97.40258333333333,99.81685714285713,0.4548571428571429,,-0.03800238095238129,,Horo Gudru W.
100,2000,15.766583333333335,94.25608333333334,99.88700000000001,-0.33028571428571435,,-0.5792708994709006,,Horo Gudru W.
100,2001,16.020166666666665,77.85266666666666,99.86514285714286,-1.1755714285714285,0.15114285714285713,-0.34670608465608765,0.4478571428571428,Horo Gudru W.
100,2002,16.52575,89.51583333333333,98.13742857142857,-0.4627142857142857,0.0805,0.13785873015872596,0.3524880952380952,Horo Gudru W.
100,2003,16.085916666666666,96.61574999999999,94.40042857142858,-0.9249999999999999,-1.4839285714285715,-0.32299312169312344,-1.2366666666666668,Horo Gudru W.
100,2004,16.127666666666666,92.31391666666667,98.644,-0.27414285714285713,-0.2975714285714286,-0.3022616402116398,-0.07503571428571437,Horo Gudru W.
100,2005,16.582083333333333,93.99066666666666,99.34328571428571,-0.36757142857142855,-0.19771428571428573,0.13113650793650677,9.523809523803717e-05,Horo Gudru W.
100,2006,16.516666666666666,107.44716666666666,99.93985714285714,1.0671428571428572,0.024214285714285712,0.044701322751322436,0.19729761904761903,Horo Gudru W.
100,2007,16.560916666666667,97.36066666666666,99.90642857142858,0.38899999999999996,0.21628571428571428,0.06793280423280379,0.3646428571428571,Horo Gudru W.
100,2008,16.308916666666665,96.42775,99.89757142857142,0.6134285714285715,0.9304999999999999,-0.20508571428571543,1.0541309523809523,Horo Gudru W.
100,2009,16.922416666666667,88.18583333333333,97.83085714285714,-0.7617142857142857,-1.163857142857143,0.38739576719576974,-1.064952380952381,Horo Gudru W.
100,2010,16.718333333333334,95.847,99.93171428571429,0.376,0.3917142857142857,0.16229391534391624,0.4658928571428571,Horo Gudru W.
100,2011,16.285166666666665,95.11483333333332,99.57142857142857,0.28671428571428575,0.4227857142857143,-0.291891269841269,0.47223809523809523,Horo Gudru W.
100,2012,16.66375,100.09116666666667,98.09128571428572,0.15814285714285714,-1.6307142857142858,0.06567354497354572,-1.6059880952380954,Horo Gudru W.
100,2013,16.4475,87.22725000000001,99.74757142857142,-0.17485714285714285,-0.0465,-0.17159497354496978,-0.0465,Horo Gudru W.
100,2014,16.911666666666665,87.29141666666668,99.86185714285715,-0.8109999999999999,0.5309999999999999,0.2715531746031772,0.5062738095238094,Horo Gudru W.
100,2015,17.295333333333335,79.97741666666667,99.75142857142858,-0.9001428571428571,0.7385714285714285,0.634201322751327,0.6891190476190476,Horo Gudru W.
100,2016,16.830583333333333,89.05666666666667,99.63814285714285,0.037571428571428575,0.3215,0.14843280423280802,0.24732142857142858,Horo Gudru W.
100,2017,16.789166666666667,102.92099999999999,99.84442857142857,0.9032857142857144,0.5682142857142857,0.08599761904762104,0.4693095238095238,Horo Gudru W.
100,2018,16.48275,89.72216666666667,99.502,-0.386,-0.5693571428571429,-0.24143756613756295,-0.6929880952380952,Horo Gudru W.
100,2019,16.599416666666666,96.80858333333333,99.57357142857143,-0.009142857142857135,-0.1600714285714286,-0.14578941798941258,-0.3084285714285714,Horo Gudru W.
100,2020,16.668583333333334,108.07508333333334,99.80242857142856,0.8284285714285715,-0.16014285714285714,-0.0976412698412652,-0.33322619047619045,Horo Gudru W.
100,2021,16.60425,88.45774999999999,99.55085714285714,-0.4704285714285715,0.22335714285714287,-0.18299312169311577,0.025547619047619097,Horo Gudru W.
100,2022,16.491916666666665,96.04058333333332,99.01285714285714,-0.051857142857142866,-0.46492857142857147,-0.31634497354496816,-0.6874642857142856,Horo Gudru W.
100,2023,17.14891666666667,103.42583333333333,99.77671428571429,0.8484285714285714,0.9627142857142856,0.3196365079365151,0.715452380952381,Horo Gudru W.
100,2024,16.848333333333333,91.25558333333333,99.06285714285714,0.06414285714285714,0.16785714285714287,-0.0019653439153373142,-0.10413095238095232,Horo Gudru W.
100,2025,16.786916666666666,93.33283333333334,99.81185714285714,-0.028571428571428577,0.5953571428571429,-0.08440052910052387,0.29864285714285727,Horo Gudru W.
100,2026,17.566300000000002,68.9982,99.7826,-2.6841999999999997,1.1553,0.6739642857142947,0.8338595238095239,Horo Gudru W.
128,1989,29.93136363636364,23.998,,-0.9015714285714286,,-0.17303872491145356,,Awsi /Zone 1
128,1990,30.939636363636364,21.600818181818184,,-1.3444285714285713,,0.8176141676505289,,Awsi /Zone 1
128,1991,30.856545454545458,17.07181818181818,66.43371428571429,-1.477,,0.7169034238488798,,Awsi /Zone 1
128,1992,29.75663636363636,26.54472727272727,78.45357142857142,-0.7008571428571428,,-0.4006255017709641,,Awsi /Zone 1
128,1993,30.725,14.499363636363636,65.98228571428572,-1.7845714285714287,,0.5501182998819338,,Awsi /Zone 1
128,1994,29.680363636363634,42.779636363636364,84.90871428571428,0.9524285714285714,,-0.512137898465177,,Awsi /Zone 1
128,1995,29.86309090909091,43.71181818181818,87.178,1.2908571428571427,,-0.34703046044864294,,Awsi /Zone 1
128,1996,29.78681818181818,26.650545454545455,67.52771428571428,0.021571428571428568,,-0.44092302243211634,,Awsi /Zone 1
128,1997,30.981272727272724,23.186000000000003,56.980714285714285,-0.535,,0.7359116883116847,,Awsi /Zone 1
128,1998,30.00463636363636,46.64172727272727,91.044,1.6385714285714286,,-0.25834451003542114,,Awsi /Zone 1
128,1999,30.199272727272728,39.19463636363636,84.07528571428573,0.5904285714285714,,-0.08132798110979778,,Awsi /Zone 1
128,2000,29.776272727272726,40.83163636363636,88.697,1.1232857142857142,,-0.5219478158205426,,Awsi /Zone 1
128,2001,29.76218181818182,36.32427272727273,86.82542857142857,0.34785714285714286,1.4262857142857142,-0.5536585596221926,1.6985073529411765,Awsi /Zone 1
128,2002,30.639363636363637,24.899454545454546,68.52342857142857,-1.0478571428571428,-0.307,0.30590342384888203,-0.05746349789915964,Awsi /Zone 1
128,2003,29.747,31.562727272727273,79.31471428571429,0.04071428571428571,0.015857142857142858,-0.6040800472255015,0.24270850840336133,Awsi /Zone 1
128,2004,30.890363636363634,25.51390909090909,72.813,-0.8658571428571429,-0.7227142857142856,0.5216637544273901,-0.518548056722689,Awsi /Zone 1
128,2005,31.01009090909091,32.92427272727273,79.9587142857143,0.6431428571428571,-0.13007142857142856,0.6237711924439218,0.05140966386554624,Awsi /Zone 1
128,2006,30.183363636363637,32.301909090909085,84.64185714285713,-0.09571428571428571,-0.3189285714285714,-0.22057591499409313,-0.16013261554621844,Awsi /Zone 1
128,2007,29.825363636363637,31.153727272727277,84.425,1.0444285714285715,0.9056428571428571,-0.5961957497048367,1.0417536764705881,Awsi /Zone 1
128,2008,30.799727272727274,25.218909090909094,72.32228571428571,-0.6449999999999999,-0.8791428571428571,0.36054805194805795,-0.7657171743697478,Awsi /Zone 1
128,2009,31.264818181818182,22.37418181818182,66.86671428571428,-1.0855714285714286,-1.0519285714285713,0.8080191263282224,-0.961188025210084,Awsi /Zone 1
128,2010,29.75663636363636,37.91609090909091,87.8637142857143,0.5895714285714285,0.4275,-0.717782526564342,0.4955554096638656,Awsi /Zone 1
128,2011,29.980090909090908,27.50281818181818,77.72128571428571,-0.15314285714285716,-0.4227857142857143,-0.5119478158205375,-0.37741544117647063,Awsi /Zone 1
128,2012,30.82981818181818,33.13436363636364,81.24257142857142,0.5004285714285714,0.31328571428571433,0.32015962219599103,0.3359708508403362,Awsi /Zone 1
128,2013,29.87018181818182,31.925181818181816,85.70885714285714,0.04685714285714287,0.3515,-0.6570965761511118,0.3515,Awsi /Zone 1
128,2014,30.09018181818182,35.43472727272727,79.551,0.11657142857142858,-0.14285714285714285,-0.45471641086185954,-0.1655422794117647,Awsi /Zone 1
128,2015,31.544545454545457,21.121181818181817,45.03971428571429,-1.2672857142857143,-0.6211428571428572,0.9820273907910355,-0.6665131302521009,Awsi /Zone 1
128,2016,30.746636363636366,37.15390909090909,83.65628571428572,0.6808571428571428,-0.7117142857142857,0.16649846517120181,-0.7797696953781513,Awsi /Zone 1
128,2017,31.44981818181818,28.62754545454545,73.79642857142858,0.12628571428571428,-0.7636428571428572,0.8520604486422734,-0.8543834033613446,Awsi /Zone 1
128,2018,30.883727272727274,37.599636363636364,83.83242857142857,0.7138571428571429,-0.0325,0.2683497048406238,-0.14592568277310924,Awsi /Zone 1
128,2019,30.99354545454545,27.411,76.35985714285714,-0.3434285714285714,-0.27485714285714286,0.36054805194805795,-0.41096796218487397,Awsi /Zone 1
128,2020,30.128,37.63854545454546,84.84328571428571,0.726,0.41300000000000003,-0.5226172373081361,0.2542040441176471,Awsi /Zone 1
128,2021,30.545909090909092,35.441545454545455,86.08785714285715,0.7558571428571429,0.9462857142857143,-0.12232798110978749,0.7648046218487394,Awsi /Zone 1
128,2022,29.950636363636363,37.714454545454544,85.22442857142858,0.7097142857142857,1.3671428571428572,-0.7352205430932592,1.1629766281512606,Awsi /Zone 1
128,2023,31.997727272727275,24.036545454545454,67.69614285714286,-0.24899999999999997,-0.4451428571428572,1.2942505312869095,-0.6719942226890756,Awsi /Zone 1
128,2024,30.508000000000003,39.25,89.14771428571429,1.147,1.7903571428571428,-0.21309657615110567,1.5408206407563023,Awsi /Zone 1
128,2025,30.34363636363636,34.022999999999996,78.02071428571428,0.16285714285714287,0.2935,-0.3950800472254947,0.021278361344537755,Awsi /Zone 1
128,2026,32.169222222222224,25.052666666666667,65.5306,-0.7362,-0.1785,1.4128859766496262,-0.47340677521008406,Awsi /Zone 1
129,1989,30.385727272727273,19.61890909090909,,-1.1371428571428572,,-0.11504012539184671,,Fanti /Zone 4
129,1990,31.062545454545454,16.311545454545453,,-1.6157142857142859,,0.5452576802507885,,Fanti /Zone 4
129,1991,31.24445454545455,18.90509090909091,64.52157142857143,-1.3711428571428572,,0.7106463949843338,,Fanti /Zone 4
129,1992,29.99390909090909,29.925,81.27114285714286,-0.5168571428571428,,-0.5564194357366752,,Fanti /Zone 4
129,1993,30.907363636363637,14.853454545454547,65.27442857142857,-1.6635714285714285,,0.3405147335423244,,Fanti /Zone 4
129,1994,30.242363636363635,29.237363636363636,87.575,0.548,,-0.3410056426332275,,Fanti /Zone 4
129,1995,30.303363636363635,34.76945454545454,89.5942857142857,1.1681428571428571,,-0.2965260188087768,,Fanti /Zone 4
129,1996,30.418000000000003,23.837636363636364,65.84628571428571,0.059428571428571435,,-0.19841003134795798,,Fanti /Zone 4
129,1997,31.44454545454545,18.841636363636365,54.95914285714286,-0.6859999999999999,,0.8116150470219416,,Fanti /Zone 4
129,1998,30.457090909090912,41.177,94.43142857142857,1.5568571428571427,,-0.19235987460814385,,Fanti /Zone 4
129,1999,30.618454545454544,36.88518181818181,86.207,0.4427142857142857,,-0.04751661442006139,,Fanti /Zone 4
129,2000,30.19418181818182,40.837999999999994,90.527,1.1941428571428572,,-0.4883097178683329,,Fanti /Zone 4
129,2001,30.033636363636365,34.26736363636364,90.85228571428571,0.41014285714285714,1.5455,-0.6653755485893385,1.806261546723953,Fanti /Zone 4
129,2002,31.002181818181818,21.364,66.86185714285715,-1.2342857142857144,-0.5745,0.2866495297805649,-0.33546858216971,Fanti /Zone 4
129,2003,30.191272727272725,32.98509090909091,78.02914285714284,0.17271428571428574,0.11114285714285715,-0.5407799373040767,0.32844414607948447,Fanti /Zone 4
129,2004,31.20772727272727,22.920545454545454,69.48128571428572,-0.7571428571428571,-0.9474285714285714,0.45915423197491734,-0.7518574113856068,Fanti /Zone 4
129,2005,31.275181818181817,30.929909090909096,80.77742857142857,0.79,-0.3815,0.5100884012539204,-0.20765896885069815,Fanti /Zone 4
129,2006,30.463272727272727,28.521090909090905,81.10142857142857,-0.3568571428571428,-0.5977142857142856,-0.31834106583071886,-0.44560338345864653,Fanti /Zone 4
129,2007,30.38381818181818,26.482545454545455,84.95514285714286,0.908,0.9211428571428572,-0.4143159874608138,1.0515236305048337,Fanti /Zone 4
129,2008,31.22690909090909,24.20281818181818,70.30971428571429,-0.5014285714285714,-0.7712142857142857,0.41225454545454454,-0.6625636412459721,Fanti /Zone 4
129,2009,31.472181818181813,23.93609090909091,70.43542857142857,-0.5498571428571429,-0.8731428571428572,0.641006896551719,-0.7862223415682063,Fanti /Zone 4
129,2010,30.27618181818182,32.88363636363636,91.72285714285714,0.507,0.6463571428571429,-0.5715134796238246,0.711547529538131,Fanti /Zone 4
129,2011,30.414363636363635,26.54090909090909,78.38485714285714,0.012142857142857138,0.6152857142857142,-0.449852037617557,0.6587459720730396,Fanti /Zone 4
129,2012,31.18045454545455,26.888181818181817,83.59185714285715,0.2671428571428572,0.6133571428571428,0.29971849529781025,0.6350872717508056,Fanti /Zone 4
129,2013,30.396818181818183,26.955818181818184,84.93857142857142,-0.21285714285714288,-0.11992857142857143,-0.500438244514104,-0.11992857142857143,Fanti /Zone 4
129,2014,30.436545454545456,30.548363636363636,79.47642857142857,0.022285714285714277,-0.4932142857142857,-0.4772313479623804,-0.5149444146079485,Fanti /Zone 4
129,2015,31.77063636363636,20.48109090909091,41.75857142857143,-1.304285714285714,-0.7882857142857143,0.840339184952974,-0.8317459720730397,Fanti /Zone 4
129,2016,31.081636363636367,33.57654545454545,85.74928571428572,0.7752857142857142,-0.7165,0.1348188087774318,-0.7816903866809882,Fanti /Zone 4
129,2017,31.747,31.489636363636365,71.24414285714286,0.261,-0.5209285714285714,0.7836620689655156,-0.6078490870032224,Fanti /Zone 4
129,2018,31.166999999999998,32.39245454545455,85.389,0.459,0.04607142857142858,0.1871416927899645,-0.06257921589688507,Fanti /Zone 4
129,2019,31.46772727272727,24.112454545454543,74.99914285714286,-0.16885714285714284,-0.6922857142857142,0.4713485893416909,-0.8226664876476906,Fanti /Zone 4
129,2020,30.405727272727276,39.156636363636366,88.18371428571429,1.0255714285714286,0.6448571428571429,-0.6071717868338524,0.4927462406015038,Fanti /Zone 4
129,2021,30.83272727272727,35.03945454545455,91.56114285714285,0.9161428571428571,1.0877142857142856,-0.19669216300940917,0.9138732545649838,Fanti /Zone 4
129,2022,30.457636363636365,41.495363636363635,87.45142857142856,1.0697142857142856,1.5135714285714288,-0.5883034482758625,1.3180002685284642,Fanti /Zone 4
129,2023,32.35481818181818,23.813363636363636,62.57485714285714,-0.28385714285714286,-0.5468571428571428,1.2923579937304055,-0.7641584317937702,Fanti /Zone 4
129,2024,30.78245454545455,37.999545454545455,91.50928571428572,1.125857142857143,1.5070000000000001,-0.2965260188087768,1.26796858216971,Fanti /Zone 4
129,2025,30.661272727272728,34.465636363636364,74.554,0.2285714285714286,0.31792857142857145,-0.434228213166147,0.05716702470461865,Fanti /Zone 4
129,2026,32.61388888888889,22.941555555555553,62.712799999999994,-1.0854,-0.9923,1.5018675722744632,-1.2747916756176154,Fanti /Zone 4
130,1989,28.312833333333334,24.775583333333334,,-1.2994285714285714,,0.013082467532463227,,Gabi /Zone 3
130,1990,28.710083333333333,22.7005,,-1.4352857142857143,,0.37968852813852294,,Gabi /Zone 3
130,1991,28.782916666666665,21.1815,60.37728571428572,-1.1965714285714284,,0.42187792207791475,,Gabi /Zone 3
130,1992,28.007833333333334,30.20058333333333,78.32914285714286,-0.42757142857142855,,-0.38384935064935277,,Gabi /Zone 3
130,1993,28.513166666666667,21.605833333333333,66.27957142857143,-0.9975714285714286,,0.09084004329004003,,Gabi /Zone 3
130,1994,28.247,39.1855,85.486,0.8468571428571429,,-0.2059705627705668,,Gabi /Zone 3
130,1995,28.65225,32.73041666666666,84.872,0.5908571428571429,,0.16863549783549203,,Gabi /Zone 3
130,1996,27.744416666666666,32.86333333333334,71.77428571428571,0.9504285714285715,,-0.769841774891777,,Gabi /Zone 3
130,1997,29.066166666666664,26.37925,66.84485714285714,-0.16757142857142857,,0.5212642857142811,,Gabi /Zone 3
130,1998,28.756,39.486666666666665,87.62014285714285,0.8227142857142857,,0.1804536796536773,,Gabi /Zone 3
130,1999,28.50491666666667,36.08083333333334,83.8157142857143,0.5245714285714286,,-0.1012735930735893,,Gabi /Zone 3
130,2000,28.052166666666665,36.48158333333333,87.10485714285714,0.6821428571428572,,-0.5846675324675346,,Gabi /Zone 3
130,2001,27.97875,33.4015,83.82785714285714,0.5297142857142857,0.6980714285714287,-0.6887281385281376,1.1716071428571428,Gabi /Zone 3
130,2002,29.236666666666665,22.61283333333333,66.03757142857143,-1.344142857142857,-0.6717142857142857,0.5385445887445854,-0.23763988095238098,Gabi /Zone 3
130,2003,27.935000000000002,33.81641666666667,74.98042857142856,-0.174,-0.5554285714285714,-0.7937660173160133,-0.16081547619047615,Gabi /Zone 3
130,2004,28.846166666666665,27.45866666666667,73.77985714285715,-0.3648571428571428,-0.5792857142857143,0.0867567099567097,-0.22413392857142855,Gabi /Zone 3
130,2005,29.375833333333333,29.417833333333334,74.22671428571428,0.10671428571428572,0.08385714285714285,0.5857794372294371,0.39954761904761904,Gabi /Zone 3
130,2006,28.74908333333333,29.19966666666667,79.94314285714286,-0.3695714285714286,-0.5336428571428571,-0.07161450216450405,-0.25741369047619045,Gabi /Zone 3
130,2007,28.750249999999998,37.345,88.55128571428573,1.0084285714285715,1.0780714285714286,-0.10109177489177412,1.3148392857142857,Gabi /Zone 3
130,2008,28.69066666666667,30.164583333333336,72.63385714285714,-0.07128571428571429,-0.8263571428571428,-0.19131904761904295,-0.6290505952380951,Gabi /Zone 3
130,2009,29.76575,22.86725,64.89185714285715,-0.9384285714285714,-1.3237857142857141,0.8531203463203489,-1.165940476190476,Gabi /Zone 3
130,2010,28.842,34.24225,84.31442857142858,0.4568571428571429,-0.02871428571428571,-0.1012735930735893,0.08966964285714286,Gabi /Zone 3
130,2011,28.860416666666666,33.58775,74.8732857142857,0.2651428571428571,-0.2270714285714286,-0.11350086580086227,-0.14814880952380954,Gabi /Zone 3
130,2012,29.403916666666664,34.57508333333333,82.05442857142857,0.636,0.6794285714285715,0.3993551948051959,0.718889880952381,Gabi /Zone 3
130,2013,28.59691666666667,36.983583333333335,84.06728571428572,0.766,0.7736428571428572,-0.4382887445887391,0.7736428571428572,Gabi /Zone 3
130,2014,29.2015,27.385833333333334,69.10171428571428,-0.44557142857142856,-0.3688571428571429,0.13565064935065507,-0.40831845238095243,Gabi /Zone 3
130,2015,30.186833333333336,23.4435,40.65528571428571,-1.538857142857143,-1.3817857142857142,1.0903400432900519,-1.4607083333333333,Gabi /Zone 3
130,2016,29.223916666666668,31.6665,79.98042857142858,0.47528571428571426,0.6535714285714286,0.09677943722944349,0.5351875,Gabi /Zone 3
130,2017,29.7285,38.71125,72.56228571428572,0.8982857142857144,-0.3959285714285714,0.5707188311688363,-0.5537738095238095,Gabi /Zone 3
130,2018,29.351416666666665,30.053916666666666,69.29714285714286,0.19385714285714287,-0.060571428571428575,0.16299155844156488,-0.2578779761904762,Gabi /Zone 3
130,2019,28.84183333333333,34.40741666666667,71.61014285714286,0.17357142857142854,-0.0732857142857143,-0.37723571428571034,-0.31005357142857143,Gabi /Zone 3
130,2020,28.87216666666667,36.39991666666667,80.10728571428571,0.4951428571428571,0.3662857142857143,-0.37754632034631186,0.09005654761904769,Gabi /Zone 3
130,2021,28.937916666666666,31.50883333333333,78.93671428571429,0.5894285714285715,0.8465,-0.3424402597402505,0.5308095238095238,Gabi /Zone 3
130,2022,28.733249999999998,34.20725,69.50414285714285,0.227,0.6780714285714285,-0.5777508658008585,0.3229196428571428,Gabi /Zone 3
130,2023,30.195083333333333,27.454250000000002,55.31642857142857,-0.38985714285714285,-0.11292857142857143,0.8534385281385362,-0.5075416666666667,Gabi /Zone 3
130,2024,28.876583333333333,38.833083333333335,88.22714285714287,1.135857142857143,1.3692857142857142,-0.495705411255404,0.9352113095238095,Gabi /Zone 3
130,2025,29.36225,38.46225,70.08271428571429,0.6772857142857144,0.6107857142857143,-0.040682683982673495,0.13724999999999998,Gabi /Zone 3
130,2026,30.8149,17.3677,48.4908,-2.8036000000000003,-0.9016,1.3813233766233886,-1.4145970238095238,Gabi /Zone 3
131,1989,26.4988,47.785,,-1.9535714285714287,,0.02821873015873777,,Hari /Zone 5
131,1990,26.962200000000003,61.1598,,-0.9029999999999999,,0.46407428571429676,,Hari /Zone 5
131,1991,27.2063,44.420100000000005,82.41471428571428,-1.5151428571428571,,0.6806298412698482,,Hari /Zone 5
131,1992,25.788600000000002,57.2272,90.94657142857143,-1.0598571428571428,,-0.7646146031745928,,Hari /Zone 5
131,1993,26.570100000000004,43.7036,84.532,-1.6457142857142857,,-0.010659047619036244,,Hari /Zone 5
131,1994,26.2173,77.1198,95.145,0.5818571428571427,,-0.39100349206348284,,Hari /Zone 5
131,1995,26.4055,77.7029,94.73028571428571,0.7927142857142856,,-0.23034793650792906,,Hari /Zone 5
131,1996,25.9972,66.6622,92.64785714285713,0.9311428571428572,,-0.6661923809523742,,Hari /Zone 5
131,1997,27.4805,55.353899999999996,84.828,0.010285714285714287,,0.789563174603181,,Hari /Zone 5
131,1998,26.616200000000003,85.5749,98.23085714285715,1.2347142857142859,,-0.10228126984126007,,Hari /Zone 5
131,1999,26.7754,75.2267,95.35314285714286,0.7038571428571428,,0.02937428571429379,,Hari /Zone 5
131,2000,26.3099,76.61710000000001,95.71114285714285,0.6757142857142856,,-0.46367015873015305,,Hari /Zone 5
131,2001,26.101,72.25750000000001,91.53728571428572,0.61,0.4355,-0.7001146031745975,0.8220882352941176,Hari /Zone 5
131,2002,27.338,56.02900000000001,82.00514285714287,-1.0017142857142858,-0.2727142857142857,0.5093409523809598,0.08165826330532211,Hari /Zone 5
131,2003,26.065999999999995,67.0812,93.41642857142857,-0.4882857142857143,-0.6358571428571428,-0.7902034920634904,-0.3137002801120448,Hari /Zone 5
131,2004,27.058,65.50370000000001,91.9742857142857,-0.17614285714285716,-0.8517857142857144,0.17425206349206945,-0.5618445378151262,Hari /Zone 5
131,2005,27.8085,60.291599999999995,90.78828571428572,0.0322857142857143,0.13385714285714284,0.8972076190476237,0.3915826330532212,Hari /Zone 5
131,2006,26.7926,72.5729,95.25157142857142,0.23785714285714285,-0.18435714285714289,-0.14623682539681937,0.041152661064425694,Hari /Zone 5
131,2007,27.2109,76.186,97.07100000000001,0.9158571428571428,0.9734285714285714,0.2445187301587346,1.1667226890756301,Hari /Zone 5
131,2008,27.1432,61.363800000000005,90.788,-0.013857142857142861,-0.1610714285714286,0.14927428571429147,7.002801120398194e-06,Hari /Zone 5
131,2009,27.993000000000002,52.21169999999999,84.00385714285714,-0.9445714285714286,-1.3182142857142858,0.9715298412698488,-1.1893515406162467,Hari /Zone 5
131,2010,26.7206,75.7389,95.03657142857142,0.427,0.25557142857142856,-0.3284146031745969,0.352218487394958,Hari /Zone 5
131,2011,26.753499999999995,69.2021,90.48328571428571,-0.00042857142857142893,-0.31907142857142856,-0.32305904761904713,-0.25464005602240897,Hari /Zone 5
131,2012,27.9372,67.3472,91.80085714285714,0.749,0.35328571428571426,0.8330965079365136,0.3855014005602241,Hari /Zone 5
131,2013,26.4249,76.6064,94.72314285714286,1.03,0.7714285714285714,-0.7067479365079308,0.7714285714285714,Hari /Zone 5
131,2014,27.4707,61.845299999999995,86.629,-0.33257142857142863,-0.05149999999999999,0.3115076190476245,-0.08371568627450979,Hari /Zone 5
131,2015,28.6339,52.71040000000001,62.514428571428574,-1.6768571428571428,-1.9066428571428573,1.4471631746031797,-1.9710742296918768,Hari /Zone 5
131,2016,27.186200000000003,71.01610000000001,88.46657142857143,1.089,0.5383571428571429,-0.02808126984126247,0.44171008403361345,Hari /Zone 5
131,2017,28.0197,73.973,92.76614285714285,0.9498571428571427,-0.5527857142857143,0.7778742857142902,-0.6816484593837535,Hari /Zone 5
131,2018,27.6411,66.3311,91.75485714285715,0.10657142857142857,-0.06599999999999999,0.3717298412698469,-0.22707843137254896,Hari /Zone 5
131,2019,27.0777,73.49199999999999,93.29928571428572,0.19528571428571428,0.2709285714285714,-0.21921460317459918,0.07763445378151262,Hari /Zone 5
131,2020,26.714299999999998,69.7855,92.75285714285714,0.46499999999999997,-0.026999999999999996,-0.6101590476190459,-0.2525098039215686,Hari /Zone 5
131,2021,26.561799999999998,66.88499999999999,93.53342857142857,0.41857142857142854,0.9097857142857142,-0.7902034920634904,0.6520602240896358,Hari /Zone 5
131,2022,26.3747,64.5085,90.11285714285714,0.16542857142857142,1.0371428571428571,-1.0048479365079324,0.747201680672269,Hari /Zone 5
131,2023,28.466699999999996,52.5655,80.7327142857143,-0.423,-0.4502857142857143,1.0596076190476182,-0.7724425770308123,Hari /Zone 5
131,2024,26.7509,68.5127,94.57628571428572,0.8328571428571429,1.0187142857142857,-0.6837368253968208,0.6643417366946779,Hari /Zone 5
131,2025,27.1753,77.1001,91.60214285714287,0.7525714285714286,0.5358571428571428,-0.28688126984126683,0.14926890756302524,Hari /Zone 5
131,2026,29.21475,46.919,77.6618,-2.461,-0.9319,1.7250242857142872,-1.3507039215686274,Hari /Zone 5
132,1989,26.795454545454547,13.233363636363636,,-1.1012857142857142,,-0.05354891774892323,,Kilbati /Zone2
132,1990,26.979,13.543181818181818,,-1.393,,0.11861558441557563,,Kilbati /Zone2
132,1991,27.05009090909091,14.952727272727271,70.99499999999999,-1.3032857142857142,,0.17832554112553467,,Kilbati /Zone2
132,1992,26.181545454545457,23.247363636363637,90.29414285714286,-0.39271428571428574,,-0.7016008658008701,,Kilbati /Zone2
132,1993,27.003,15.037363636363636,76.45071428571428,-0.7864285714285714,,0.10847272727272284,,Kilbati /Zone2
132,1994,26.66581818181818,34.19172727272727,91.091,0.7932857142857143,,-0.24009004329004924,,Kilbati /Zone2
132,1995,26.884363636363638,23.051545454545455,88.83185714285715,0.32642857142857146,,-0.03292554112554669,,Kilbati /Zone2
132,1996,27.034181818181818,26.819090909090907,86.75657142857143,0.8481428571428572,,0.10551168831168312,,Kilbati /Zone2
132,1997,27.56654545454546,10.714818181818181,70.30214285714285,-0.39157142857142857,,0.6264943722943705,,Kilbati /Zone2
132,1998,26.89909090909091,43.06418181818182,95.39685714285714,1.7864285714285715,,-0.052341125541129685,,Kilbati /Zone2
132,1999,26.925272727272727,29.439363636363638,90.69771428571428,0.22342857142857145,,-0.03754025974026476,,Kilbati /Zone2
132,2000,26.844818181818184,24.756363636363634,87.76557142857143,-0.05057142857142856,,-0.12937575757575814,,Kilbati /Zone2
132,2001,26.927999999999997,31.807636363636366,92.97042857142857,1.0217142857142858,1.239142857142857,-0.05757489177489816,1.462926020408163,Kilbati /Zone2
132,2002,27.200727272727274,20.61527272727273,87.22042857142857,-0.7140000000000001,-0.39749999999999996,0.20377142857142516,-0.19236543367346942,Kilbati /Zone2
132,2003,26.673181818181817,29.3,88.881,0.22785714285714284,0.3209285714285714,-0.3351549783549821,0.5074145408163264,Kilbati /Zone2
132,2004,27.176,17.659727272727274,79.66385714285715,-0.9714285714285714,-0.3831428571428571,0.1562822510822457,-0.21530548469387756,Kilbati /Zone2
132,2005,27.168272727272726,25.170909090909092,90.111,-0.028285714285714296,-0.11557142857142857,0.13717402597402284,0.033617346938775466,Kilbati /Zone2
132,2006,26.861363636363638,24.10727272727273,87.68528571428571,0.143,-0.2952142857142857,-0.18111601731601823,-0.16467410714285718,Kilbati /Zone2
132,2007,26.87609090909091,24.680272727272726,89.75885714285714,0.6788571428571428,1.2035,-0.17776969696969758,1.3153915816326531,Kilbati /Zone2
132,2008,27.11709090909091,14.860818181818182,81.28642857142857,-1.4328571428571428,-1.1712142857142855,0.05184935064934848,-1.077971301020408,Kilbati /Zone2
132,2009,27.27027272727273,18.599363636363638,82.36085714285716,-0.809142857142857,-1.1717857142857144,0.19365021645021585,-1.0971913265306124,Kilbati /Zone2
132,2010,26.783272727272728,36.26736363636363,91.83314285714286,0.9565714285714285,0.4056428571428572,-0.3047307359307361,0.4615886479591837,Kilbati /Zone2
132,2011,26.55309090909091,29.830181818181817,87.93257142857144,0.8470000000000001,-0.06592857142857143,-0.5462935064935088,-0.028631377551020423,Kilbati /Zone2
132,2012,27.26736363636364,15.999181818181818,82.93114285714286,-0.5267142857142857,0.07071428571428573,0.15659826839827318,0.08936288265306123,Kilbati /Zone2
132,2013,26.80381818181818,22.817909090909094,88.47871428571429,-0.24500000000000002,-0.5451428571428572,-0.3183281385281411,-0.5451428571428572,Kilbati /Zone2
132,2014,27.037,26.35,89.10885714285713,0.11685714285714287,-0.4221428571428571,-0.0965272727272719,-0.4407914540816326,Kilbati /Zone2
132,2015,27.801727272727273,14.830181818181815,61.542142857142856,-0.8914285714285715,-1.3265,0.6568190476190487,-1.363797193877551,Kilbati /Zone2
132,2016,27.255999999999997,30.70281818181818,87.49528571428571,0.8812857142857143,0.9601428571428572,0.09971082251081853,0.9041970663265306,Kilbati /Zone2
132,2017,27.879181818181817,20.686818181818182,83.7867142857143,-0.43857142857142856,-0.5006428571428572,0.7115116883116883,-0.5752372448979592,Kilbati /Zone2
132,2018,27.393727272727276,27.727,90.87057142857144,0.16642857142857143,-0.11135714285714288,0.2146761904761938,-0.20460012755102042,Kilbati /Zone2
132,2019,27.314999999999998,21.774636363636365,85.68500000000002,-0.4107142857142857,-0.5072142857142857,0.12456796536796588,-0.6191058673469387,Kilbati /Zone2
132,2020,26.69545454545454,32.214636363636366,88.99042857142857,1.368142857142857,0.48942857142857144,-0.5063584415584437,0.3588883928571429,Kilbati /Zone2
132,2021,27.083818181818177,34.893181818181816,88.32757142857143,1.1947142857142856,0.8891428571428571,-0.12937575757575814,0.7399540816326531,Kilbati /Zone2
132,2022,26.72790909090909,36.26090909090909,92.36357142857142,1.2711428571428571,0.8628571428571428,-0.4966658008657987,0.6950197704081632,Kilbati /Zone2
132,2023,28.05,13.242272727272727,70.24385714285714,-0.9687142857142857,-0.41942857142857143,0.814044155844158,-0.6059145408163265,Kilbati /Zone2
132,2024,27.312363636363635,33.19954545454545,93.13085714285714,1.163142857142857,1.4697857142857143,0.06502683982684232,1.2646511479591838,Kilbati /Zone2
132,2025,26.998,30.965181818181815,92.64414285714285,0.2664285714285714,0.7612857142857143,-0.26071774891774524,0.5375025510204083,Kilbati /Zone2
132,2026,28.343555555555557,7.114333333333333,62.3566,-2.7950000000000004,-0.7728999999999999,1.073456854256861,-1.0153317602040814,Kilbati /Zone2
133,1989,16.538166666666665,132.56291666666667,,1.07,,-0.20087967032967669,,Awi
133,1990,16.813666666666666,126.69491666666666,,-0.07257142857142858,,0.05363956043955653,,Awi
133,1991,17.031000000000002,139.22191666666666,99.99185714285714,1.7457142857142858,,0.24999212454212483,,Awi
133,1992,16.579583333333332,119.63658333333332,99.94742857142856,-0.33257142857142863,,-0.22240531135531683,,Awi
133,1993,16.852666666666668,113.94591666666668,99.97657142857143,-0.221,,0.029697252747251213,,Awi
133,1994,16.79975,109.36683333333333,99.97657142857143,-0.7110000000000001,,-0.044200183150188366,,Awi
133,1995,17.08175,120.03658333333334,99.90700000000001,-0.01799999999999999,,0.21681904761904391,,Awi
133,1996,16.877916666666668,118.27674999999999,99.99085714285715,0.08371428571428571,,-0.007995054945055813,,Awi
133,1997,17.231416666666668,115.72258333333333,99.98214285714286,-0.4641428571428571,,0.32452417582417326,,Awi
133,1998,17.350083333333334,129.21783333333335,99.95442857142858,0.737,,0.42221007326007154,,Awi
133,1999,16.89125,118.8645,99.97942857142857,0.19442857142857142,,-0.0576040293040343,,Awi
133,2000,16.50375,112.8525,99.98557142857143,-0.1645714285714286,,-0.46608479853480134,,Awi
133,2001,16.761833333333332,103.93025,99.93285714285715,-0.5145714285714286,0.2566428571428571,-0.22898223443223742,0.1291558704453441,Awi
133,2002,17.22225,106.98408333333333,98.14814285714286,-1.1324285714285713,0.3425714285714286,0.21045366300365842,0.22570835743204165,Awi
133,2003,16.795666666666666,118.34808333333332,96.60799999999999,-0.5012857142857142,-0.5872857142857143,-0.23711043956044264,-0.6935248698669751,Awi
133,2004,16.74383333333333,114.91741666666667,99.29271428571428,-0.49114285714285716,-0.08964285714285716,-0.3099245421245449,-0.18525809716599193,Awi
133,2005,17.019083333333334,115.48875,99.54371428571429,-0.5134285714285715,-0.5547857142857142,-0.055655311355312875,-0.6397770387507229,Awi
133,2006,17.020666666666667,137.32575,99.97214285714286,1.7235714285714285,0.6580714285714285,-0.07505274725274802,0.583704019664546,Awi
133,2007,17.019416666666668,110.46858333333334,99.98171428571428,-0.4648571428571428,0.18700000000000003,-0.09728351648351818,0.12325650665124352,Awi
133,2008,16.96066666666667,122.731,99.99757142857143,0.8618571428571429,0.6645,-0.1770142857142858,0.6113804222093695,Awi
133,2009,17.473,108.21075,99.51514285714286,-0.8140000000000001,-1.0839285714285714,0.3143382783882771,-1.1264242336610757,Awi
133,2010,17.15625,122.89766666666667,99.95757142857143,0.3587142857142857,-0.6252857142857142,-0.023392490842493174,-0.6571574609600925,Awi
133,2011,16.91075,111.35950000000001,99.89471428571429,-0.41185714285714287,0.581,-0.28987326007326075,0.5597521688837478,Awi
133,2012,17.163999999999998,129.93941666666666,99.84614285714285,0.7025714285714286,-0.7239285714285715,-0.0576040293040343,-0.7345524869866975,Awi
133,2013,17.038416666666667,127.88991666666668,99.81585714285714,1.4371428571428573,-0.32085714285714284,-0.20416813186813343,-0.32085714285714284,Awi
133,2014,17.347416666666668,102.04466666666667,100.0,-0.9477142857142857,0.5332857142857143,0.08385109890109987,0.5439096298438404,Awi
133,2015,17.833000000000002,105.11575,99.97557142857143,-0.9704285714285714,0.5218571428571428,0.5484536630036629,0.543104973973395,Awi
133,2016,17.442583333333335,111.848,99.97385714285714,0.14114285714285715,0.36042857142857143,0.13705622710622833,0.3923003181029497,Awi
133,2017,17.374750000000002,135.76558333333332,99.99585714285715,1.3427142857142857,0.8006428571428572,0.04824212454212784,0.8431385193753616,Awi
133,2018,17.034166666666668,110.18225000000001,99.95957142857142,-0.6535714285714286,-0.07042857142857141,-0.31332197802197825,-0.017308993637940986,Awi
133,2019,17.215166666666665,112.36775,99.94942857142857,-0.8228571428571428,0.3177857142857143,-0.15330274725274862,0.3815292076344708,Awi
133,2020,17.35925,118.8275,99.96442857142857,-0.19571428571428573,0.05128571428571429,-0.030200183150185467,0.1256531231925969,Awi
133,2021,17.349416666666666,118.62758333333333,99.94057142857143,0.26157142857142857,0.1337857142857143,-0.06101428571428613,0.218777038750723,Awi
133,2022,17.220583333333334,114.90674999999999,99.86757142857142,-0.391,-0.8649285714285714,-0.21082838827838657,-0.7693133314054366,Awi
133,2023,17.921583333333334,119.7805,99.82042857142856,0.11214285714285714,-0.039857142857142855,0.46919084249084264,0.06638201272411799,Awi
133,2024,17.619,118.98700000000001,99.68885714285715,0.4532857142857143,0.19914285714285712,0.14562673992674036,0.31600592828224405,Awi
133,2025,17.616916666666665,105.58983333333333,99.94657142857143,-0.8252857142857143,-0.3902857142857143,0.12256263736263406,-0.2627987275882013,Awi
133,2026,18.448,87.7562,99.9814,-2.6382,-0.03550000000000003,0.9326652014652019,0.10261090225563907,Awi
134,1989,18.123416666666667,81.98183333333334,,0.13799999999999998,,-0.012461507936507132,,Central Gondar
134,1990,18.458166666666667,68.4585,,-1.481142857142857,,0.30021904761904494,,Central Gondar
134,1991,18.533083333333334,80.63158333333332,99.502,0.438,,0.35306626984126765,,Central Gondar
134,1992,18.14591666666667,68.42708333333333,99.10314285714286,-1.4308571428571428,,-0.056169841269841925,,Central Gondar
134,1993,18.23575,81.06566666666667,99.342,-0.107,,0.011594047619045256,,Central Gondar
134,1994,18.173416666666665,84.99116666666667,99.42385714285714,0.01671428571428571,,-0.07280873015873368,,Central Gondar
134,1995,18.602833333333333,79.05716666666667,99.348,-0.39685714285714285,,0.3345384920634906,,Central Gondar
134,1996,18.188083333333335,77.37691666666667,99.59957142857142,-0.41571428571428565,,-0.10228095238095136,,Central Gondar
134,1997,18.691666666666666,74.21658333333333,98.94428571428571,-0.6474285714285715,,0.3792329365079361,,Central Gondar
134,1998,18.70841666666667,97.55008333333335,99.76371428571429,1.2147142857142856,,0.3739134920634939,,Central Gondar
134,1999,18.359416666666664,86.40474999999999,99.542,0.26799999999999996,,0.0028440476190461084,,Central Gondar
134,2000,17.957916666666666,87.50308333333334,99.5657142857143,0.2611428571428572,,-0.42072539682539656,,Central Gondar
134,2001,18.07375,88.65308333333333,99.44257142857143,0.9930000000000001,0.3007142857142857,-0.326961507936506,0.213326530612245,Central Gondar
134,2002,18.7735,74.54675,99.06328571428571,-0.6895714285714286,0.5257142857142857,0.3507190476190445,0.44560884353741503,Central Gondar
134,2003,18.111250000000002,82.64200000000001,99.33200000000001,-0.5292857142857142,-0.11514285714285716,-0.3336003968253962,-0.18796598639455778,Central Gondar
134,2004,18.19625,72.35316666666667,98.13128571428571,-0.7711428571428571,-0.15392857142857141,-0.27066984126984295,-0.21946938775510197,Central Gondar
134,2005,18.279999999999998,83.49441666666667,99.34328571428571,-0.11642857142857144,-0.08421428571428571,-0.20898928571428854,-0.1424727891156462,Central Gondar
134,2006,18.398,86.73233333333333,99.52185714285714,0.4471428571428571,0.38485714285714284,-0.11305873015873047,0.3338809523809524,Central Gondar
134,2007,18.238583333333334,88.58608333333335,99.71671428571429,0.5437142857142857,0.6242142857142857,-0.2945448412698397,0.5805204081632653,Central Gondar
134,2008,18.40125,85.65033333333334,99.49242857142858,0.5407142857142857,0.37042857142857144,-0.15394761904761722,0.3340170068027211,Central Gondar
134,2009,19.092166666666667,72.60000000000001,98.85414285714286,-1.0717142857142858,-0.7315,0.5148996031746051,-0.7606292517006803,Central Gondar
134,2010,18.576166666666666,87.08508333333333,99.54185714285714,0.41771428571428576,-0.7688571428571429,-0.023169841269840674,-0.790704081632653,Central Gondar
134,2011,18.33975,78.04308333333334,99.59028571428573,0.030571428571428565,0.43642857142857144,-0.28165595238095165,0.4218639455782313,Central Gondar
134,2012,18.4345,92.59575,99.58957142857142,0.8885714285714286,-0.5299285714285715,-0.20897539682539445,-0.5372108843537415,Central Gondar
134,2013,18.511916666666668,87.97841666666666,99.377,1.0392857142857144,-0.09864285714285716,-0.15362817460317046,-0.09864285714285716,Central Gondar
134,2014,18.6975,74.03591666666667,99.74671428571428,-0.584,0.10585714285714284,0.009885714285715608,0.11313945578231291,Central Gondar
134,2015,19.394583333333333,69.90508333333334,99.77457142857143,-1.2124285714285714,-0.3335714285714286,0.6848996031746033,-0.31900680272108844,Central Gondar
134,2016,18.825916666666668,81.39025,99.65842857142857,0.18742857142857142,-0.093,0.09416349206349395,-0.07115306122448982,Central Gondar
134,2017,18.87575,90.70725,99.74185714285714,0.8264285714285714,0.35257142857142854,0.12192738095238198,0.3817006802721088,Central Gondar
134,2018,18.3705,85.47966666666667,99.80771428571428,0.1922857142857143,0.0565,-0.40539206349206225,0.09291156462585032,Central Gondar
134,2019,18.372833333333332,84.21425,99.89214285714286,-0.44342857142857145,0.6442142857142857,-0.42512817460317365,0.6879081632653061,Central Gondar
134,2020,18.71775,88.26483333333334,99.73742857142858,0.5891428571428571,0.33649999999999997,-0.10228095238095136,0.3874761904761904,Central Gondar
134,2021,18.90758333333333,88.15916666666668,99.19885714285715,0.5927142857142857,-0.3404285714285714,0.06548293650793724,-0.2821700680272109,Central Gondar
134,2022,18.54225,89.3745,99.188,0.7318571428571429,-0.7420714285714285,-0.32191984126983897,-0.676530612244898,Central Gondar
134,2023,19.53375,77.83133333333333,99.39057142857143,-0.3487142857142857,0.473,0.647510714285719,0.5458231292517006,Central Gondar
134,2024,19.014166666666664,91.16475000000001,99.59842857142857,0.6544285714285715,-0.010499999999999999,0.10585793650793818,0.06960544217687067,Central Gondar
134,2025,19.15575,78.09575,99.55714285714285,-0.4012857142857143,-0.3082857142857143,0.22537182539683087,-0.22089795918367355,Central Gondar
134,2026,20.2434,65.06949999999999,99.06960000000001,-2.2622,-0.5805,1.2909523809523833,-0.48582993197278923,Central Gondar
135,1989,16.009583333333335,96.43525,,0.6254285714285714,,-0.0055892857142829655,,North Gondar
135,1990,16.418583333333334,75.86608333333334,,-1.4242857142857144,,0.38940476190476403,,North Gondar
135,1991,16.478833333333334,101.74483333333335,99.31985714285715,1.1465714285714286,,0.43564880952380847,,North Gondar
135,1992,16.0675,67.50841666666666,98.601,-1.5477142857142856,,0.010309523809521437,,North Gondar
135,1993,15.970583333333332,94.79516666666666,99.30257142857143,0.2754285714285714,,-0.1006130952380957,,North Gondar
135,1994,15.927583333333333,98.46691666666668,98.80957142857143,0.2964285714285714,,-0.15761904761905043,,North Gondar
135,1995,16.473666666666666,88.536,98.41071428571429,0.08071428571428571,,0.3744583333333331,,North Gondar
135,1996,15.932250000000002,107.355,99.44128571428573,1.1447142857142858,,-0.18096428571428547,,North Gondar
135,1997,16.33625,75.1845,97.84057142857144,-0.6134285714285713,,0.20902976190476252,,North Gondar
135,1998,16.474416666666666,103.33158333333334,98.981,1.0047142857142857,,0.3331904761904738,,North Gondar
135,1999,16.109916666666667,88.53266666666667,98.26171428571429,0.06542857142857143,,-0.04531547619047771,,North Gondar
135,2000,15.848333333333334,93.15958333333333,98.06128571428572,0.08642857142857142,,-0.320904761904762,,North Gondar
135,2001,15.852916666666667,94.52241666666667,98.59385714285715,0.673,0.47128571428571425,-0.33032738095238123,0.5183040816326531,North Gondar
135,2002,16.459833333333332,70.592,98.60114285714285,-1.3144285714285715,-0.05757142857142858,0.26258333333333184,-0.014471258503401377,North Gondar
135,2003,15.911583333333333,89.85308333333334,99.14928571428571,-0.31042857142857144,-0.09007142857142857,-0.2996726190476213,-0.05088945578231292,North Gondar
135,2004,16.0215,70.3725,95.11442857142858,-1.1064285714285715,-0.17742857142857144,-0.2037619047619046,-0.14216479591836736,North Gondar
135,2005,16.002583333333334,85.47833333333334,99.02528571428572,-0.15442857142857142,-0.14807142857142858,-0.23668452380952587,-0.11672585034013606,North Gondar
135,2006,16.129,91.41783333333332,98.54314285714285,0.014999999999999982,0.3202857142857143,-0.12427380952381029,0.34771309523809524,North Gondar
135,2007,15.860750000000001,100.35283333333332,99.22585714285715,0.793,0.2252857142857143,-0.4065297619047623,0.2487948979591837,North Gondar
135,2008,16.07975,85.03516666666667,98.8622857142857,-0.2772857142857143,0.40614285714285714,-0.20153571428571482,0.42573384353741495,North Gondar
135,2009,16.773333333333333,74.97091666666667,97.53485714285715,-0.862,-0.8926428571428571,0.47804166666666603,-0.8769700680272108,North Gondar
135,2010,16.371916666666667,96.80416666666667,99.189,0.4164285714285714,-0.2581428571428571,0.06261904761904802,-0.24638826530612243,North Gondar
135,2011,16.097666666666665,82.72875,99.14857142857143,0.15214285714285714,0.7040714285714285,-0.225636904761906,0.7119078231292516,North Gondar
135,2012,16.128249999999998,93.56608333333334,98.69442857142857,0.6241428571428571,-0.7925714285714286,-0.20905952380952897,-0.7886532312925171,North Gondar
135,2013,16.340833333333332,87.68758333333334,97.83342857142857,0.42628571428571427,-0.3174285714285714,-0.010482142857146215,-0.3174285714285714,North Gondar
135,2014,16.28258333333333,84.09966666666666,99.39542857142858,-0.32142857142857145,0.24428571428571427,-0.08273809523809916,0.2403675170068027,North Gondar
135,2015,17.088416666666667,67.89616666666667,99.372,-1.6848571428571428,-0.09914285714285713,0.7090892857142848,-0.10697925170068026,North Gondar
135,2016,16.526333333333334,93.8045,99.01642857142858,0.4852857142857143,0.0010714285714285713,0.13299999999999912,-0.01068316326530612,North Gondar
135,2017,16.64675,85.83383333333335,99.13942857142857,0.015571428571428571,0.49750000000000005,0.23941071428571448,0.4818272108843538,North Gondar
135,2018,16.044166666666666,91.61166666666666,99.494,0.21514285714285714,-0.03535714285714286,-0.37717857142857447,-0.05494812925170068,North Gondar
135,2019,15.927999999999999,105.77116666666667,99.64485714285715,0.5717142857142857,0.7434285714285714,-0.5073511904761929,0.719919387755102,North Gondar
135,2020,16.386416666666666,94.15441666666668,99.50214285714286,0.21757142857142858,0.3355,-0.06294047619048015,0.30807261904761907,North Gondar
135,2021,16.62183333333333,83.96383333333334,97.05714285714285,-0.16742857142857143,-0.18178571428571427,0.15847023809523364,-0.2131312925170068,North Gondar
135,2022,16.222916666666666,99.81400000000001,99.08271428571427,0.7110000000000001,-0.9706428571428571,-0.2544523809523831,-1.0059066326530612,North Gondar
135,2023,17.15191666666667,87.95208333333333,99.47728571428571,-0.3031428571428571,0.7775714285714286,0.660541666666667,0.738389455782313,North Gondar
135,2024,16.568,99.97833333333334,98.91285714285713,0.571,-0.6227142857142858,0.06261904761904802,-0.665814455782313,North Gondar
135,2025,16.728416666666668,78.06091666666667,99.20742857142857,-0.8171428571428571,0.38735714285714284,0.20902976190476252,0.3403387755102041,North Gondar
135,2026,17.894,64.565,98.5572,-2.537,-0.23620000000000002,1.3606071428571376,-0.28713656462585035,North Gondar
136,1989,15.229,62.59791666666666,,-1.1255714285714284,,-0.055175595238095454,,North Shewa (Am)
136,1990,15.444666666666665,64.93741666666666,,-0.7964285714285715,,0.1361369047619032,,North Shewa (Am)
136,1991,15.630583333333334,66.04708333333333,96.70914285714287,-0.4785714285714286,,0.2976994047619037,,North Shewa (Am)
136,1992,15.008666666666665,63.015166666666666,96.36285714285714,-0.9654285714285714,,-0.34857142857143053,,North Shewa (Am)
136,1993,15.358916666666667,58.145833333333336,97.26442857142857,-0.8561428571428572,,-0.022675595238094814,,North Shewa (Am)
136,1994,15.251249999999999,75.53166666666667,97.17142857142858,0.13685714285714284,,-0.1546964285714303,,North Shewa (Am)
136,1995,15.640500000000001,72.03091666666667,96.16985714285715,-0.009285714285714284,,0.21019940476190513,,North Shewa (Am)
136,1996,15.272916666666667,77.92649999999999,97.84314285714287,0.9264285714285715,,-0.1817380952380958,,North Shewa (Am)
136,1997,15.698583333333334,66.06025000000001,95.57642857142856,-0.531,,0.21957440476190548,,North Shewa (Am)
136,1998,15.90625,86.48408333333333,98.48114285714287,0.8064285714285714,,0.40288690476190325,,North Shewa (Am)
136,1999,15.52425,86.80775,97.15257142857142,1.0098571428571428,,-0.0034672619047615427,,North Shewa (Am)
136,2000,15.104166666666666,76.67966666666666,97.08285714285715,0.3301428571428571,,-0.4479047619047627,,North Shewa (Am)
136,2001,15.166083333333333,71.26316666666666,96.974,0.4312857142857142,-0.15071428571428572,-0.41034226190476275,0.2356791925465838,North Shewa (Am)
136,2002,15.881666666666668,55.409083333333335,93.73014285714285,-1.3515714285714286,-1.229,0.2808869047619069,-0.8748059782608697,North Shewa (Am)
136,2003,15.261000000000001,73.99258333333334,98.05342857142857,0.04642857142857144,-0.012428571428571428,-0.36413392857142846,0.30956599378881977,North Shewa (Am)
136,2004,15.40825,67.36,97.59142857142857,-0.32157142857142856,-0.05828571428571429,-0.2412380952380957,0.23150939440993784,North Shewa (Am)
136,2005,15.869083333333334,67.12175,97.17714285714285,-0.29157142857142854,0.36514285714285716,0.1952410714285726,0.6227385093167701,North Shewa (Am)
136,2006,15.776000000000002,77.37666666666667,97.92271428571428,0.3428571428571429,-0.47564285714285715,0.07780357142857319,-0.25024666149068325,North Shewa (Am)
136,2007,15.787583333333332,90.51041666666667,98.28414285714287,1.0999999999999999,0.5451428571428572,0.06503273809523691,0.7383395962732919,North Shewa (Am)
136,2008,15.556416666666665,71.66525,97.31242857142857,0.26685714285714285,-0.42228571428571426,-0.19048809523809673,-0.26128843167701865,North Shewa (Am)
136,2009,16.210666666666665,62.77333333333333,95.56914285714286,-0.7108571428571429,-0.4740714285714286,0.4394077380952375,-0.3452736024844721,North Shewa (Am)
136,2010,16.043083333333332,76.09783333333333,97.86357142857143,0.3077142857142857,-0.5047857142857143,0.24747023809523583,-0.4081873447204969,North Shewa (Am)
136,2011,15.612083333333333,71.68724999999999,97.38214285714285,0.105,-0.5115714285714286,-0.20788392857143023,-0.44717251552795034,North Shewa (Am)
136,2012,15.959000000000001,80.92524999999999,97.1027142857143,0.8691428571428571,0.0016428571428571404,0.1146785714285734,0.033842313664596266,North Shewa (Am)
136,2013,15.542583333333333,80.691,97.60628571428572,0.7784285714285714,-0.4918571428571429,-0.3260922619047619,-0.4918571428571429,North Shewa (Am)
136,2014,16.272833333333335,57.989749999999994,96.36071428571428,-1.327142857142857,-0.6146428571428572,0.379803571428571,-0.6468423136645963,North Shewa (Am)
136,2015,16.591166666666666,51.08416666666667,92.23928571428571,-2.157857142857143,-0.6025714285714285,0.6737827380952375,-0.6669703416149068,North Shewa (Am)
136,2016,16.009249999999998,83.57391666666666,96.02457142857143,1.0995714285714286,0.5416428571428571,0.06751190476190239,0.4450444875776397,North Shewa (Am)
136,2017,16.2635,84.77158333333334,98.92342857142857,0.7847142857142858,0.21057142857142858,0.297407738095238,0.08177360248447207,North Shewa (Am)
136,2018,15.712916666666667,77.64391666666667,98.227,0.25342857142857145,0.7601428571428572,-0.27752976190476275,0.5991455745341616,North Shewa (Am)
136,2019,15.724083333333333,85.22083333333333,99.21228571428571,0.487,0.6743571428571429,-0.29071726190476355,0.4811604037267081,North Shewa (Am)
136,2020,15.865416666666667,79.83041666666666,98.51971428571429,0.5222857142857144,0.15778571428571428,-0.1737380952380967,-0.06761048136645961,North Shewa (Am)
136,2021,15.879750000000001,76.14183333333334,97.814,0.4837142857142857,0.4129285714285714,-0.18375892857142695,0.15533291925465842,North Shewa (Am)
136,2022,15.761666666666665,77.15491666666667,98.0,0.2465714285714286,0.1577857142857143,-0.3261964285714303,-0.1320093944099378,North Shewa (Am)
136,2023,16.409916666666668,67.38625,98.09242857142858,-0.26771428571428574,1.1585714285714284,0.2976994047619037,0.8365768633540371,North Shewa (Am)
136,2024,16.076666666666664,82.36941666666667,97.56914285714286,0.7822857142857143,0.5876428571428571,-0.05990476190476457,0.23344883540372674,North Shewa (Am)
136,2025,16.104916666666668,77.29483333333333,97.807,0.23085714285714287,-0.17564285714285716,-0.05600892857142803,-0.5620363354037267,North Shewa (Am)
136,2026,16.8159,51.2137,92.3462,-2.5632,-0.6326,0.6306202380952364,-1.0511929347826086,North Shewa (Am)
137,1989,16.452916666666667,52.66,,-1.0595714285714286,,-0.018326190476184223,,North Wello
137,1990,16.558416666666666,45.86075,,-1.2217142857142858,,0.07448521303258815,,North Wello
137,1991,16.689583333333335,50.63483333333334,94.08028571428572,-1.3342857142857143,,0.19296328320802658,,North Wello
137,1992,16.313083333333335,63.656000000000006,95.81085714285715,-0.6475714285714286,,-0.19622531328320036,,North Wello
137,1993,16.401166666666665,43.89666666666667,93.80171428571428,-1.7167142857142856,,-0.12083057644109729,,North Wello
137,1994,16.323583333333335,87.16924999999999,96.682,1.0507142857142857,,-0.2111025062656573,,North Wello
137,1995,16.731666666666666,68.12016666666666,96.57171428571428,0.19185714285714286,,0.18429223057644606,,North Wello
137,1996,16.53375,68.19758333333333,95.939,0.3697142857142857,,-0.02631303258144868,,North Wello
137,1997,16.776416666666666,59.70283333333333,93.90700000000001,-0.3984285714285714,,0.20366503759398924,,North Wello
137,1998,16.77625,92.05925,97.057,1.4667142857142856,,0.19080977443609726,,North Wello
137,1999,16.696166666666667,88.36033333333334,97.16314285714284,0.9242857142857143,,0.09803784461153242,,North Wello
137,2000,16.356416666666664,77.59875,96.50957142857143,0.5808571428571428,,-0.2544007518796967,,North Wello
137,2001,16.25583333333333,84.103,97.05628571428572,0.9905714285714285,0.4220714285714286,-0.3676726817042564,0.6697744360902256,North Wello
137,2002,16.92983333333333,60.09758333333334,95.02,-0.5221428571428571,-0.1825,0.29363872180451267,0.04456109022556387,North Wello
137,2003,16.28775,73.36466666666666,96.9497142857143,0.033857142857142856,-0.01778571428571428,-0.3611332080200462,0.18863345864661651,North Wello
137,2004,16.52075,57.95941666666667,95.6472857142857,-0.5644285714285714,-0.2232857142857143,-0.14082180451127613,-0.03750845864661659,North Wello
137,2005,16.701916666666666,69.711,95.94342857142858,0.1677142857142857,0.22314285714285714,0.027656265664163016,0.3882781954887218,North Wello
137,2006,16.63508333333333,66.21566666666668,96.33900000000001,-0.178,-0.49078571428571427,-0.05186566416039895,-0.34629229323308275,North Wello
137,2007,16.498583333333332,75.61708333333333,97.57942857142858,0.6095714285714287,1.0310714285714284,-0.20105426065162746,1.154922932330827,North Wello
137,2008,16.73991666666667,65.60425,96.65842857142857,-0.28128571428571425,-0.5548571428571429,0.027590476190482605,-0.45164755639097753,North Wello
137,2009,17.197083333333335,49.00491666666667,94.26442857142857,-1.2275714285714285,-0.04485714285714286,0.47206854636592155,0.03771052631578946,North Wello
137,2010,16.789416666666668,84.45166666666667,95.59042857142857,1.0451428571428572,-1.0908571428571427,0.0517132832080236,-1.0289313909774436,North Wello
137,2011,16.409166666666668,56.0565,95.336,-0.491,-0.2895,-0.3412253132832035,-0.2482161654135338,North Wello
137,2012,16.69925,75.46558333333333,96.30485714285714,0.5781428571428571,0.30857142857142855,-0.06383057644109869,0.3292133458646616,North Wello
137,2013,16.486416666666667,73.60066666666667,96.55128571428573,0.5405714285714286,-0.06035714285714286,-0.28935250626566145,-0.06035714285714286,North Wello
137,2014,16.899333333333335,68.21591666666667,94.00442857142856,0.018999999999999993,-0.7466428571428572,0.11087556390977937,-0.7672847744360902,North Wello
137,2015,17.647166666666667,43.91016666666667,91.83985714285714,-1.9629999999999999,-1.0702857142857143,0.8460203007518814,-1.1115695488721804,North Wello
137,2016,16.901666666666667,75.35783333333333,97.31557142857143,0.6417142857142857,0.2581428571428571,0.08783170426065467,0.1962171052631579,North Wello
137,2017,17.2375,80.8125,97.56085714285715,0.5234285714285715,0.02728571428571429,0.4109764411027612,-0.05528195488721803,North Wello
137,2018,16.615,81.96575,98.56671428571428,0.6581428571428571,0.5340714285714285,-0.2242121553884715,0.4308618421052631,North Wello
137,2019,16.68,55.923833333333334,98.20757142857143,-0.8408571428571429,0.37907142857142856,-0.1719007518796971,0.2552199248120301,North Wello
137,2020,16.666833333333333,78.61200000000001,97.60514285714285,0.6894285714285714,0.1017142857142857,-0.19775601503759077,-0.04277913533834585,North Wello
137,2021,16.862750000000002,86.0945,97.552,1.1391428571428572,0.35314285714285715,-0.014527944862152253,0.1880075187969925,North Wello
137,2022,16.602083333333333,85.21833333333333,97.41442857142856,0.9268571428571428,-0.23442857142857143,-0.2878832080200482,-0.4202058270676692,North Wello
137,2023,17.310583333333334,57.597,97.26185714285714,-0.5561428571428572,0.9522142857142857,0.40792819548872217,0.7457951127819549,North Wello
137,2024,16.943,94.30183333333333,96.41571428571429,1.4472857142857143,0.6159999999999999,0.027656265664163016,0.388938909774436,North Wello
137,2025,16.816416666666665,77.8405,97.05214285714285,0.1462857142857143,0.22257142857142856,-0.11161566416040003,-0.025131578947368394,North Wello
137,2026,17.7245,46.3578,90.09700000000001,-1.846,-0.40470000000000006,0.7837790726817033,-0.67304492481203,North Wello
138,1989,22.6425,51.89266666666666,,-1.362,,-0.22540297619046612,,Oromia
138,1990,23.326999999999998,44.67316666666667,,-1.698,,0.4353678571428681,,Oromia
138,1991,23.358083333333337,47.90091666666667,95.17471428571427,-1.2325714285714287,,0.4427220238095373,,Oromia
138,1992,22.32325,54.55125,95.42242857142857,-0.9717142857142856,,-0.6158404761904634,,Oromia
138,1993,22.930583333333335,41.414833333333334,94.33171428571428,-1.6805714285714284,,-0.03223630952379608,,Oromia
138,1994,22.568749999999998,80.97233333333334,97.56557142857142,0.8365714285714285,,-0.4177988095238021,,Oromia
138,1995,22.7415,73.50533333333333,97.059,0.8981428571428571,,-0.2687779761904707,,Oromia
138,1996,22.69458333333333,64.44341666666666,96.74528571428571,0.5682857142857143,,-0.33942380952380447,,Oromia
138,1997,23.47975,61.089,93.86085714285716,-0.18528571428571428,,0.42201369047619863,,Oromia
138,1998,23.172583333333336,87.06916666666666,98.44857142857143,1.559,,0.09111785714286569,,Oromia
138,1999,23.07875,86.91008333333333,98.59757142857143,1.016,,-0.026444642857136103,,Oromia
138,2000,22.7895,78.33591666666666,97.43628571428572,0.9651428571428572,,-0.33942380952380447,,Oromia
138,2001,22.674333333333333,69.06116666666667,96.97528571428572,0.6444285714285715,0.2877857142857143,-0.47831964285713724,0.8388813025210085,Oromia
138,2002,23.701583333333332,51.01958333333334,91.21728571428571,-0.8365714285714285,-0.38942857142857146,0.5252011904761922,0.1157423844537816,Oromia
138,2003,22.581999999999997,65.13641666666666,97.99828571428573,-0.3832857142857143,-0.1815,-0.6181113095238118,0.27774632352941186,Oromia
138,2004,23.493666666666666,54.964499999999994,95.11471428571429,-0.6689999999999999,-0.6135714285714287,0.2698261904761914,-0.200249737394958,Oromia
138,2005,23.790666666666667,62.563250000000004,96.325,0.17785714285714288,0.162,0.5430970238095227,0.5293970588235295,Oromia
138,2006,23.22283333333333,63.941,96.71328571428572,-0.07785714285714286,-0.2082857142857143,-0.04846547619047925,0.11318671218487397,Oromia
138,2007,23.047416666666667,74.75683333333333,98.38714285714286,0.7687142857142858,0.6937142857142857,-0.24761130952381194,0.9692620798319328,Oromia
138,2008,23.681166666666666,54.94283333333333,97.16914285714286,-0.658,-0.8718571428571429,0.3624095238095215,-0.6422339810924369,Oromia
138,2009,24.151666666666667,57.58858333333333,94.17328571428571,-0.5551428571428572,-0.3107142857142857,0.8091803571428571,-0.127015756302521,Oromia
138,2010,23.17141666666667,68.93916666666667,96.36671428571428,0.45,-0.19242857142857142,-0.19479880952381023,-0.054654674369747885,Oromia
138,2011,23.174583333333334,52.760916666666674,94.70328571428571,-0.407,-0.5692142857142857,-0.21536130952381427,-0.4773650210084033,Oromia
138,2012,23.873583333333332,62.16375,95.50771428571429,0.27985714285714286,-0.30635714285714283,0.4599095238095181,-0.26043251050420163,Oromia
138,2013,22.997416666666666,72.54291666666667,97.30357142857143,0.7197142857142858,-0.28450000000000003,-0.43998630952381745,-0.28450000000000003,Oromia
138,2014,23.68675,67.31416666666667,93.78271428571429,0.20785714285714288,-0.4142142857142857,0.22561785714285065,-0.4601389180672269,Oromia
138,2015,24.630666666666666,46.752916666666664,75.205,-1.698,-2.0719285714285713,1.145805357142848,-2.1637778361344537,Oromia
138,2016,23.4515,79.61533333333334,96.20714285714287,1.1362857142857143,0.5077857142857143,-0.05709047619048491,0.37001181722689075,Oromia
138,2017,24.28316666666667,72.18483333333333,98.655,0.45585714285714285,-0.43307142857142855,0.75084702380952,-0.6167699579831933,Oromia
138,2018,23.6805,77.52025,98.76114285714286,0.8688571428571429,0.3524285714285714,0.12445119047617936,0.1228054096638655,Oromia
138,2019,23.582916666666666,66.46408333333333,99.10885714285713,-0.06785714285714285,0.5669285714285714,0.0031386904761774304,0.2913807773109244,Oromia
138,2020,22.98783333333333,73.41141666666667,98.25999999999999,0.5519999999999999,0.29221428571428565,-0.6156738095238232,-0.02925814075630262,Oromia
138,2021,23.14675,70.41633333333333,97.86785714285715,0.6227142857142857,0.7937857142857143,-0.480486309523819,0.42638865546218485,Oromia
138,2022,22.859416666666664,68.49241666666667,97.34585714285713,0.22771428571428573,1.1302142857142856,-0.7915488095238246,0.716892594537815,Oromia
138,2023,24.58725,54.61783333333333,95.33157142857144,-0.29357142857142854,0.5649285714285714,0.9125553571428426,0.10568224789915959,Oromia
138,2024,23.13525,78.69608333333333,98.123,0.9184285714285715,1.4027857142857143,-0.5631738095238248,0.8976147584033612,Oromia
138,2025,23.424833333333336,70.11366666666667,97.93171428571428,0.27985714285714286,0.3807857142857143,-0.29731964285715407,-0.17030987394957986,Oromia
138,2026,25.108700000000002,38.9705,87.694,-2.1972,-0.5948,1.3628178571428435,-1.1918202205882353,Oromia
139,1989,15.677916666666667,81.88966666666667,,-0.9868571428571429,,-0.07798809523809425,,South Gondar
139,1990,15.775166666666665,79.428,,-1.1144285714285715,,0.005628571428569984,,South Gondar
139,1991,16.059916666666666,107.08408333333334,98.97085714285716,0.6938571428571428,,0.27674523809523777,,South Gondar
139,1992,15.662999999999998,84.80875,97.93414285714286,-1.2684285714285715,,-0.13380476190476287,,South Gondar
139,1993,15.740916666666665,80.658,97.56728571428572,-1.0722857142857143,,-0.06952142857142896,,South Gondar
139,1994,15.620583333333334,114.40641666666666,98.46085714285714,0.6192857142857143,,-0.20348809523809308,,South Gondar
139,1995,16.188833333333335,86.31858333333334,97.98657142857142,-0.37557142857142856,,0.3511285714285748,,South Gondar
139,1996,15.869416666666666,100.63841666666667,98.27542857142858,0.3178571428571429,,0.018078571428571166,,South Gondar
139,1997,16.094083333333334,91.94766666666668,98.19399999999999,-0.3764285714285714,,0.22911190476190768,,South Gondar
139,1998,16.165666666666667,118.63608333333333,98.99214285714287,1.4132857142857145,,0.28706190476190585,,South Gondar
139,1999,15.914499999999999,104.81283333333333,98.14585714285714,0.41000000000000003,,0.022261904761904816,,South Gondar
139,2000,15.477666666666666,104.03316666666666,98.86985714285713,0.36228571428571427,,-0.42820476190476064,,South Gondar
139,2001,15.540333333333335,113.36808333333333,99.26014285714287,1.2814285714285716,0.3324285714285714,-0.3791714285714267,0.49685714285714283,South Gondar
139,2002,16.12333333333333,86.32525,98.55714285714285,-0.9861428571428571,0.08835714285714286,0.19019523809523875,0.23908333333333331,South Gondar
139,2003,15.653166666666666,101.78841666666666,97.735,-0.13342857142857142,-0.45092857142857135,-0.2936047619047617,-0.3139047619047618,South Gondar
139,2004,15.657499999999999,78.0675,97.13385714285714,-1.26,-0.08007142857142857,-0.30290476190476134,0.04325,South Gondar
139,2005,15.981083333333332,97.63875,97.42642857142857,-0.19528571428571428,-0.3844285714285714,0.007045238095237494,-0.2748095238095238,South Gondar
139,2006,15.92975,106.96825000000001,99.03471428571427,0.5422857142857143,-0.17835714285714285,-0.05792142857142757,-0.08244047619047619,South Gondar
139,2007,15.891166666666669,105.73291666666667,99.34714285714286,0.4722857142857143,0.7749999999999999,-0.11013809523809215,0.8572142857142856,South Gondar
139,2008,15.890500000000001,96.97874999999999,98.98814285714286,0.06771428571428571,0.48971428571428577,-0.12443809523809257,0.5582261904761905,South Gondar
139,2009,16.606333333333335,74.01908333333334,98.02957142857143,-1.6187142857142856,-0.5908571428571429,0.5777619047619069,-0.5360476190476191,South Gondar
139,2010,16.20775,109.2155,98.52542857142858,0.6751428571428572,-1.0354999999999999,0.16554523809524113,-0.994392857142857,South Gondar
139,2011,15.7415,94.53316666666666,99.02457142857143,0.07057142857142858,0.19464285714285712,-0.3143380952380941,0.22204761904761902,South Gondar
139,2012,16.106666666666666,109.27133333333335,98.46528571428573,0.6512857142857144,-0.2535,0.03719523809524006,-0.23979761904761904,South Gondar
139,2013,15.88375,103.99066666666666,98.64628571428571,0.7994285714285715,-0.37964285714285717,-0.1993547619047611,-0.37964285714285717,South Gondar
139,2014,16.262916666666666,83.5215,98.99942857142857,-0.8105714285714286,0.04892857142857143,0.16617857142857062,0.03522619047619048,South Gondar
139,2015,16.641000000000002,78.09641666666667,98.74128571428571,-1.4572857142857143,-0.09007142857142855,0.5306285714285757,-0.11747619047619046,South Gondar
139,2016,16.22641666666667,101.56325,99.10871428571429,0.6729999999999999,0.10121428571428573,0.10241190476190809,0.06010714285714287,South Gondar
139,2017,16.36675,105.77050000000001,98.83942857142857,0.6921428571428571,0.38921428571428573,0.22911190476190768,0.3344047619047619,South Gondar
139,2018,15.795916666666665,109.51883333333332,99.58142857142856,0.47385714285714287,0.4622857142857143,-0.3553547619047617,0.3937738095238095,South Gondar
139,2019,15.970500000000001,111.39583333333333,99.83314285714286,0.03471428571428572,0.593,-0.19440476190475842,0.5107857142857143,South Gondar
139,2020,16.079,103.82733333333333,99.35957142857144,0.21542857142857144,0.15292857142857144,-0.09953809523809198,0.05701190476190478,South Gondar
139,2021,16.104,105.78258333333333,98.35042857142857,0.7155714285714286,-0.25142857142857145,-0.08817142857142812,-0.36104761904761906,South Gondar
139,2022,15.985,103.55766666666666,98.82385714285715,0.37285714285714283,-0.8207857142857143,-0.22080476190476084,-0.9441071428571429,South Gondar
139,2023,16.559833333333334,100.43283333333333,99.15485714285715,0.15357142857142855,1.012857142857143,0.3403952380952404,0.8758333333333334,South Gondar
139,2024,16.316583333333334,108.74549999999999,99.12385714285713,0.7472857142857142,0.04821428571428571,0.08351190476190595,-0.10251190476190475,South Gondar
139,2025,16.2075,108.37091666666667,99.50385714285714,0.4907142857142857,0.15921428571428572,-0.03920476190475952,-0.005214285714285699,South Gondar
139,2026,16.9587,70.1317,95.5376,-2.2432000000000003,-0.6822,0.6983619047619065,-0.8603309523809524,South Gondar
140,1989,14.791083333333333,60.67366666666667,,-0.9957142857142857,,-0.04023373015873233,,South Wello
140,1990,14.981499999999999,48.90408333333334,,-1.5681428571428573,,0.13200238095237893,,South Wello
140,1991,15.108916666666666,55.117250000000006,96.21971428571429,-0.9465714285714285,,0.24123849206348957,,South Wello
140,1992,14.691333333333333,57.24308333333334,95.6602857142857,-1.2105714285714286,,-0.1945253968253997,,South Wello
140,1993,14.901416666666668,52.72608333333333,95.374,-1.3634285714285714,,-0.002622619047619068,,South Wello
140,1994,14.726166666666666,85.00191666666667,96.85285714285715,0.5945714285714285,,-0.19605317460317728,,South Wello
140,1995,15.003749999999998,75.43116666666667,96.74214285714285,0.28471428571428575,,0.06334960317460059,,South Wello
140,1996,14.756583333333333,70.23616666666666,96.43042857142858,0.29642857142857143,,-0.2019976190476207,,South Wello
140,1997,15.055333333333335,64.28883333333333,94.817,-0.4097142857142857,,0.07857182539682483,,South Wello
140,1998,15.2435,92.75425,96.78328571428571,1.3832857142857142,,0.24855793650793423,,South Wello
140,1999,15.1115,88.58683333333333,96.87714285714286,1.173142857142857,,0.09837738095237825,,South Wello
140,2000,14.70375,89.71375,97.04385714285715,1.1817142857142857,,-0.32755317460317634,,South Wello
140,2001,14.651583333333333,79.32616666666667,96.679,0.6721428571428572,0.1577142857142857,-0.3979003968253991,0.3726380952380953,South Wello
140,2002,15.424583333333333,58.97658333333334,94.45228571428572,-0.6369999999999999,-0.5232857142857142,0.35691904761904425,-0.3262722222222221,South Wello
140,2003,14.786,66.93116666666667,97.57128571428572,-0.3251428571428571,0.09142857142857144,-0.29984484126984334,0.2705317460317461,South Wello
140,2004,15.034666666666666,59.902166666666666,96.35071428571429,-0.6287142857142857,-0.09585714285714286,-0.06935873015873284,0.06533571428571433,South Wello
140,2005,15.228250000000001,66.56933333333333,95.97314285714286,-0.10742857142857143,0.4509285714285714,0.10604404761904718,0.5942111111111111,South Wello
140,2006,15.12525,75.506,96.33442857142857,0.2807142857142857,-0.5181428571428571,-0.015136507936510668,-0.39277063492063485,South Wello
140,2007,15.042166666666667,78.67383333333333,97.44500000000001,0.6158571428571429,0.8361428571428572,-0.11640039682539793,0.943604761904762,South Wello
140,2008,15.222999999999999,64.16458333333334,95.94457142857142,-0.29457142857142854,-0.6160714285714286,0.04625238095237805,-0.5265198412698413,South Wello
140,2009,15.659583333333332,63.35233333333333,95.0222857142857,-0.42842857142857144,0.44092857142857145,0.46465515873015484,0.5125698412698413,South Wello
140,2010,15.298083333333333,83.84691666666667,96.53371428571428,0.9252857142857144,-1.0810714285714285,0.08497460317460082,-1.027340476190476,South Wello
140,2011,14.950249999999999,58.97116666666667,95.11057142857143,-0.5302857142857142,-0.3034285714285714,-0.2810392857142894,-0.26760793650793646,South Wello
140,2012,15.2995,77.51091666666666,96.75742857142858,0.5908571428571429,0.2807857142857143,0.05003015873015748,0.29869603174603176,South Wello
140,2013,14.998583333333334,81.959,96.88271428571429,0.8885714285714286,-0.6009285714285715,-0.26906706349206466,-0.6009285714285715,South Wello
140,2014,15.607833333333334,67.86625,95.353,-0.27214285714285713,-0.8109999999999999,0.3220023809523802,-0.8289103174603174,South Wello
140,2015,16.020083333333332,41.1815,91.04214285714285,-2.262571428571429,-1.0391428571428571,0.7160718253968223,-1.074963492063492,South Wello
140,2016,15.403666666666666,84.43183333333333,97.72614285714285,0.9535714285714285,0.3897142857142857,0.08147460317460009,0.3359833333333333,South Wello
140,2017,15.695,80.03958333333334,98.0547142857143,0.454,0.08042857142857143,0.35462738095237967,0.008787301587301566,South Wello
140,2018,15.0925,87.516,98.503,0.9871428571428572,0.9497142857142857,-0.26605317460317757,0.8601626984126984,South Wello
140,2019,15.230583333333334,66.49633333333334,98.94114285714285,-0.5821428571428572,0.488,-0.14615039682539788,0.3805380952380952,South Wello
140,2020,15.192916666666667,84.21808333333333,98.60385714285714,0.6498571428571428,-0.16999999999999998,-0.2019976190476207,-0.29537222222222226,South Wello
140,2021,15.265666666666666,81.90533333333333,97.6652857142857,0.8165714285714286,0.3145,-0.1474281746031778,0.17121746031746027,South Wello
140,2022,15.065833333333332,81.52458333333333,97.87871428571428,0.5024285714285714,-0.12664285714285717,-0.36544206349206654,-0.28783571428571436,South Wello
140,2023,15.767166666666668,57.23083333333333,96.55785714285715,-0.47542857142857137,1.0370714285714286,0.3177107142857132,0.857968253968254,South Wello
140,2024,15.481083333333332,89.57724999999999,97.40885714285714,1.066,0.48942857142857144,0.013446825396822959,0.29241507936507927,South Wello
140,2025,15.340083333333332,70.86191666666666,98.00785714285715,-0.08985714285714286,0.036428571428571435,-0.14573373015873337,-0.17849523809523815,South Wello
140,2026,16.2192,48.765699999999995,93.5504,-1.982,-0.4177,0.7152023809523804,-0.650534126984127,South Wello
141,1989,17.918083333333332,47.982499999999995,,-1.2637142857142858,,0.12483409090908637,,Wag Hamra
141,1990,18.0855,45.151250000000005,,-1.550857142857143,,0.28417878787878337,,Wag Hamra
141,1991,18.081,85.27791666666667,93.93057142857143,1.0095714285714286,,0.27160681818181587,,Wag Hamra
141,1992,17.757833333333334,60.90225,95.25142857142858,-0.9504285714285715,,-0.059631818181820506,,Wag Hamra
141,1993,17.717333333333332,46.43658333333334,94.5547142857143,-1.5815714285714286,,-0.10820378787878937,,Wag Hamra
141,1994,17.601833333333335,103.95741666666667,96.58742857142856,1.554285714285714,,-0.23177575757575752,,Wag Hamra
141,1995,18.209500000000002,64.82683333333334,95.71257142857142,-0.27671428571428575,,0.3678189393939384,,Wag Hamra
141,1996,17.77775,76.6395,96.14457142857142,0.6377142857142857,,-0.0720030303030299,,Wag Hamra
141,1997,18.0485,54.62875,92.24642857142858,-0.7374285714285714,,0.19067499999999882,,Wag Hamra
141,1998,18.127333333333333,91.40041666666667,97.36242857142858,1.228,,0.2614363636363599,,Wag Hamra
141,1999,17.86766666666667,82.98033333333333,98.10428571428572,0.26257142857142857,,-0.006302272727271685,,Wag Hamra
141,2000,17.5995,76.90741666666666,96.327,0.344,,-0.2825409090909119,,Wag Hamra
141,2001,17.411333333333335,95.06841666666668,96.223,1.477285714285714,0.7177857142857142,-0.4787795454545467,0.5737571428571429,Wag Hamra
141,2002,18.253833333333333,60.21416666666667,96.18885714285715,-0.804142857142857,-0.1722857142857143,0.35564848484848355,-0.30431190476190473,Wag Hamra
141,2003,17.627416666666665,76.1845,96.44314285714286,0.104,0.08585714285714285,-0.27884015151515484,-0.034166666666666665,Wag Hamra
141,2004,17.654666666666667,60.1085,94.98285714285714,-0.5837142857142857,0.05428571428571427,-0.25966212121211996,-0.0537357142857143,Wag Hamra
141,2005,17.802,75.41783333333333,95.37828571428572,0.074,0.6447857142857143,-0.12040075757575863,0.5487666666666666,Wag Hamra
141,2006,17.90825,78.49183333333333,96.49414285714285,0.46528571428571425,0.12328571428571428,-0.022222727272730225,0.03926904761904762,Wag Hamra
141,2007,17.666166666666665,84.99525,97.75842857142857,0.8417142857142857,1.5655714285714284,-0.272378030303031,1.4935571428571426,Wag Hamra
141,2008,17.778666666666666,65.51,96.458,-0.43657142857142855,0.15750000000000003,-0.16795000000000115,0.09748809523809526,Wag Hamra
141,2009,18.405083333333334,49.29308333333333,94.30157142857142,-1.3087142857142857,0.4702142857142857,0.4503946969696955,0.42220476190476186,Wag Hamra
141,2010,18.10775,83.20833333333333,95.76571428571428,0.5814285714285715,-0.4532142857142857,0.1449893939393938,-0.48922142857142853,Wag Hamra
141,2011,17.623416666666667,64.75725,95.71042857142858,-0.05971428571428573,-0.2582857142857143,-0.347415909090909,-0.2822904761904762,Wag Hamra
141,2012,17.993166666666667,77.82983333333333,96.01371428571429,0.6747142857142857,0.4902857142857143,0.014262121212119894,0.4782833333333334,Wag Hamra
141,2013,17.675416666666667,75.32225,96.71157142857143,0.24485714285714286,0.523,-0.31155984848484763,0.523,Wag Hamra
141,2014,18.043666666666667,64.04549999999999,95.46942857142857,-0.5087142857142857,-0.9931428571428571,0.04861818181818123,-0.9811404761904762,Wag Hamra
141,2015,18.77675,48.93083333333333,95.70071428571428,-1.6855714285714285,-1.5434285714285716,0.773629545454547,-1.5194238095238097,Wag Hamra
141,2016,18.230333333333334,74.5225,97.467,0.6238571428571429,-0.09264285714285715,0.21914090909091044,-0.056635714285714296,Wag Hamra
141,2017,18.387083333333333,76.62400000000001,97.04742857142857,0.22685714285714287,-0.2805714285714286,0.3678189393939384,-0.23256190476190478,Wag Hamra
141,2018,17.64225,78.27133333333333,98.42471428571427,0.2332857142857143,-0.14614285714285713,-0.3850863636363613,-0.08613095238095236,Wag Hamra
141,2019,17.751749999999998,59.61525,97.00557142857143,-0.6261428571428571,-0.6575,-0.2836583333333351,-0.5854857142857143,Wag Hamra
141,2020,17.829083333333333,76.26933333333334,96.83914285714286,0.5532857142857143,-0.07321428571428572,-0.21439696969697053,0.010802380952380938,Wag Hamra
141,2021,18.07283333333333,81.90566666666666,96.31785714285715,0.8005714285714286,-0.1015,0.02128106060606072,-0.005480952380952392,Wag Hamra
141,2022,17.70975,84.75016666666666,97.45542857142857,0.8927142857142858,0.06885714285714285,-0.34987424242424225,0.17687857142857144,Wag Hamra
141,2023,18.672666666666668,63.11708333333333,96.12357142857142,-0.307,-0.047357142857142875,0.6049704545454553,0.07266666666666664,Wag Hamra
141,2024,18.193083333333334,97.17341666666668,95.79585714285714,1.3662857142857143,0.22557142857142856,0.11731515151515381,0.357597619047619,Wag Hamra
141,2025,18.126916666666666,82.47633333333333,97.73085714285715,0.1394285714285714,0.4095714285714286,0.04307651515151534,0.5536,Wag Hamra
141,2026,19.042099999999998,47.9077,89.18299999999999,-2.2064,-1.2298,0.9501878787878795,-1.0737690476190476,Wag Hamra
142,1989,15.823166666666665,114.71249999999999,,0.46242857142857147,,-0.17306190476190153,,West Gojam
142,1990,16.042333333333335,105.584,,-0.628,,0.027319047619052128,,West Gojam
142,1991,16.34125,128.94483333333332,99.78357142857143,1.5414285714285714,,0.3074500000000029,,West Gojam
142,1992,15.837583333333333,97.49225,99.74342857142857,-0.912,,-0.21500238095237734,,West Gojam
142,1993,16.038666666666668,106.86316666666666,99.941,0.11828571428571429,,-0.03270476190475691,,West Gojam
142,1994,15.979833333333332,102.48325,99.74657142857143,-0.2535714285714286,,-0.11032380952380905,,West Gojam
142,1995,16.39175,102.85516666666666,99.77057142857143,0.04214285714285715,,0.28280714285714126,,West Gojam
142,1996,16.083000000000002,111.75033333333333,99.96828571428571,0.32857142857142857,,-0.044728571428567676,,West Gojam
142,1997,16.426916666666667,97.57900000000001,99.79742857142857,-0.8174285714285714,,0.28040238095238124,,West Gojam
142,1998,16.546499999999998,118.52533333333334,99.76757142857143,0.7904285714285714,,0.38119999999999976,,West Gojam
142,1999,16.134083333333333,103.64091666666667,99.72357142857142,0.01671428571428572,,-0.05000238095238174,,West Gojam
142,2000,15.692666666666668,101.25483333333334,99.75842857142857,-0.38657142857142857,,-0.5102047619047614,,West Gojam
142,2001,15.908833333333334,104.95183333333334,99.902,0.4135714285714286,0.17285714285714288,-0.3128238095238096,0.5168855850032321,West Gojam
142,2002,16.42575,96.241,99.05342857142857,-0.8321428571428572,0.02885714285714286,0.18530714285714112,0.3442165481577247,West Gojam
142,2003,16.017,107.05799999999999,98.23071428571428,-0.5161428571428571,-1.3347857142857142,-0.2422285714285728,-1.04809534583064,West Gojam
142,2004,15.982416666666666,98.01883333333335,98.3292857142857,-0.8038571428571428,-0.5560714285714285,-0.29559761904762283,-0.29805009696186163,West Gojam
142,2005,16.311583333333335,99.964,99.43557142857142,-0.6771428571428572,-0.9028571428571428,0.014783333333333815,-0.6735048480930833,West Gojam
142,2006,16.265583333333336,125.23266666666666,99.95257142857143,1.5202857142857142,0.23399999999999999,-0.05000238095238174,0.43468325791855206,West Gojam
142,2007,16.266833333333334,101.50591666666666,99.838,-0.2752857142857143,-0.0495,-0.06753809523809551,0.12251422107304462,West Gojam
142,2008,16.18975,108.16283333333332,99.91885714285715,0.44857142857142857,0.5037142857142858,-0.16340714285714597,0.647059469941823,West Gojam
142,2009,16.844333333333335,94.59391666666666,99.16257142857144,-1.1151428571428572,-1.2584285714285715,0.4723904761904727,-1.1437524240465418,West Gojam
142,2010,16.465166666666665,110.91799999999999,99.93299999999999,0.4412857142857143,-0.3931428571428571,0.07443809523809009,-0.3071357466063348,West Gojam
142,2011,16.100583333333333,102.08050000000001,99.91,-0.0018571428571428589,0.45471428571428574,-0.30893095238095825,0.5120523594053006,West Gojam
142,2012,16.485833333333336,114.72441666666667,99.08228571428572,0.5728571428571428,-1.1300714285714286,0.05753333333333188,-1.1014023917259212,West Gojam
142,2013,16.2805,114.21608333333334,99.69399999999999,1.1695714285714287,-0.24842857142857142,-0.1665857142857199,-0.24842857142857142,West Gojam
142,2014,16.630083333333335,89.93491666666667,99.92857142857143,-0.9691428571428571,0.6160714285714286,0.16421190476190262,0.5874023917259211,West Gojam
142,2015,17.001833333333334,84.302,99.897,-1.7344285714285714,0.7607857142857142,0.5171761904761851,0.7034476405946993,West Gojam
142,2016,16.622,102.25375000000001,99.80742857142857,0.2235714285714286,0.658,0.11855714285713503,0.5719928894634777,West Gojam
142,2017,16.61075,117.91133333333335,99.95042857142857,1.054,1.0195714285714286,0.08852142857142198,0.9048952811893989,West Gojam
142,2018,16.1985,105.36649999999999,99.85014285714286,-0.08,0.16914285714285712,-0.34251428571429443,0.025797672915319952,West Gojam
142,2019,16.414916666666667,109.73658333333333,99.93414285714286,-0.11928571428571429,0.5110714285714286,-0.1448833333333397,0.339057207498384,West Gojam
142,2020,16.49675,111.06916666666666,99.93814285714286,0.2527142857142857,0.4662857142857143,-0.08183571428572378,0.26560245636716223,West Gojam
142,2021,16.481166666666667,107.61683333333333,99.35228571428571,0.29871428571428577,0.27135714285714285,-0.11620476190476836,0.04200484809308336,West Gojam
142,2022,16.398416666666666,109.95766666666667,99.45742857142857,0.13499999999999998,-0.8817857142857143,-0.2177404761904853,-1.1398070458952811,West Gojam
142,2023,16.962666666666667,105.73275,99.87314285714285,0.32885714285714285,0.7697142857142858,0.32772380952379976,0.48302391725921145,West Gojam
142,2024,16.794833333333333,112.48508333333332,99.78214285714286,0.6628571428571428,0.3175714285714286,0.14110476190475296,0.002212023270846797,West Gojam
142,2025,16.732166666666668,104.89741666666667,99.79257142857143,-0.11114285714285713,-0.02535714285714285,0.059652380952371686,-0.3693855850032321,West Gojam
142,2026,17.458199999999998,72.3956,99.8852,-2.8022,0.37899999999999995,0.766899999999989,0.0063025210084032834,West Gojam
143,1989,22.92758333333333,87.49116666666667,,0.21885714285714286,,-0.0006386904761974677,,West Gondar
143,1990,23.919166666666666,79.1075,,-1.1844285714285714,,0.9520488095238058,,West Gondar
143,1991,23.602500000000003,70.24175,99.89942857142857,-0.9601428571428572,,0.596486309523808,,West Gondar
143,1992,23.20325,64.97275,99.89385714285716,-1.8412857142857142,,0.15834047619047453,,West Gondar
143,1993,23.247083333333332,95.96175,99.95957142857142,0.7471428571428572,,0.16327797619047502,,West Gondar
143,1994,23.078999999999997,68.27783333333333,99.94028571428571,-1.699857142857143,,-0.04370119047619525,,West Gondar
143,1995,23.363083333333332,93.24016666666667,99.7612857142857,0.20814285714285713,,0.20148630952380486,,West Gondar
143,1996,22.79825,89.36666666666667,99.99685714285714,0.29728571428571426,,-0.4022428571428591,,West Gondar
143,1997,23.495500000000003,82.15125,99.99042857142857,-0.4372857142857143,,0.25611130952381345,,West Gondar
143,1998,23.71083333333333,88.34416666666668,99.94657142857143,0.07371428571428572,,0.43254880952380503,,West Gondar
143,1999,23.14233333333333,94.36866666666667,99.99300000000001,0.3844285714285714,,-0.1748470238095301,,West Gondar
143,2000,22.97066666666667,93.33183333333334,99.998,0.6442857142857142,,-0.3854095238095212,,West Gondar
143,2001,23.000333333333334,90.06908333333332,99.88485714285714,0.3521428571428572,-0.20842857142857146,-0.3946386904761887,-0.39096938775510204,West Gondar
143,2002,23.946416666666664,81.46724999999999,97.776,-0.43528571428571433,0.32907142857142857,0.5125488095238069,0.1617423469387755,West Gondar
143,2003,23.006583333333335,94.91333333333334,99.07957142857143,0.5212857142857142,0.08564285714285713,-0.4661803571428571,-0.06647448979591836,West Gondar
143,2004,23.296583333333334,80.09925,97.64714285714285,-0.36014285714285715,0.15507142857142858,-0.2150761904761893,0.018165816326530637,West Gondar
143,2005,23.107833333333332,83.42133333333334,99.17657142857142,-0.31557142857142856,0.24221428571428572,-0.44272202380952663,0.12052040816326531,West Gondar
143,2006,23.38716666666667,92.81775,99.99300000000001,0.40285714285714286,0.7628571428571428,-0.20228452380952078,0.6563749999999999,West Gondar
143,2007,22.95991666666667,95.82958333333333,99.92028571428571,0.7057142857142857,0.6579999999999999,-0.6684303571428565,0.5667295918367347,West Gondar
143,2008,23.27025,100.20125,99.98628571428571,1.2427142857142857,0.44385714285714284,-0.39699285714285537,0.36779846938775507,West Gondar
143,2009,24.28625,80.30633333333333,98.95528571428572,-0.6124285714285714,-0.8024285714285715,0.5801113095238115,-0.8632755102040817,West Gondar
143,2010,23.37816666666667,88.97691666666667,99.99028571428572,0.587,-0.7443571428571429,-0.36686785714285364,-0.7899923469387756,West Gondar
143,2011,23.633333333333336,73.12283333333333,99.98257142857142,-0.8974285714285715,0.05057142857142859,-0.1505970238095209,0.020147959183673486,West Gondar
143,2012,23.222416666666664,106.45375,99.992,1.6764285714285714,-0.14771428571428571,-0.6004095238095246,-0.16292602040816326,West Gondar
143,2013,23.708333333333332,85.226,99.89214285714286,0.026285714285714284,-0.2877857142857143,-0.15338869047618786,-0.2877857142857143,West Gondar
143,2014,23.688666666666666,82.11658333333334,99.927,-0.43857142857142856,0.06142857142857143,-0.2119511904761886,0.07664030612244899,West Gondar
143,2015,25.011583333333334,77.3105,99.84542857142857,-0.9065714285714286,-0.5898571428571429,1.072069642857148,-0.5594336734693878,West Gondar
143,2016,24.053916666666666,84.91133333333333,99.98157142857143,0.24114285714285713,-0.2575,0.07550714285714477,-0.21186479591836735,West Gondar
143,2017,24.225166666666667,95.8315,99.999,1.0587142857142857,0.40814285714285714,0.20786130952381043,0.4689897959183673,West Gondar
143,2018,23.48783333333333,85.50433333333332,99.99157142857143,3.96508223080413e-18,-0.056571428571428564,-0.5683678571428565,0.01948724489795918,West Gondar
143,2019,23.452333333333332,87.03783333333332,99.98242857142857,-0.28414285714285714,0.9121428571428571,-0.6427636904761904,1.0034132653061225,West Gondar
143,2020,24.066083333333335,90.88916666666667,99.98171428571428,-0.09285714285714285,0.23757142857142854,-0.06790952380951865,0.3440535714285714,West Gondar
143,2021,24.500083333333333,99.45475,99.59185714285715,0.8797142857142858,-0.19885714285714287,0.3271946428571475,-0.07716326530612247,West Gondar
143,2022,23.844916666666666,99.6025,98.667,0.8788571428571429,-0.8310714285714286,-0.36686785714285364,-0.6941658163265306,West Gondar
143,2023,26.138333333333332,80.59366666666666,98.24128571428571,-0.6091428571428572,0.4580714285714286,1.887652976190477,0.610188775510204,West Gondar
143,2024,24.272750000000002,82.99166666666666,99.94771428571428,-0.23242857142857143,0.13892857142857143,-0.016826190476184166,0.3062576530612245,West Gondar
143,2025,24.795749999999998,70.88083333333334,99.32714285714285,-1.4567142857142856,-1.028142857142857,0.46727797619047706,-0.8456020408163264,West Gondar
143,2026,26.873,74.0646,99.8862,-1.0097999999999998,-0.8865,2.5056321428571486,-0.6887474489795918,West Gondar
144,1989,20.15125,110.93341666666667,,0.7137142857142856,,-0.30447575757575507,,Kamashi
144,1990,20.44783333333333,112.49608333333333,,0.7705714285714286,,-0.02586212121212128,,Kamashi
144,1991,20.71275,97.18358333333333,99.9557142857143,0.318,,0.22108484848484977,,Kamashi
144,1992,20.204,84.12025,99.5992857142857,-1.5211428571428571,,-0.30563484848484634,,Kamashi
144,1993,20.58908333333333,106.47325,99.84285714285714,0.7507142857142857,,0.061478787878787244,,Kamashi
144,1994,20.47791666666667,90.80108333333334,99.21585714285713,-0.34371428571428575,,-0.06765757575757192,,Kamashi
144,1995,20.810083333333335,94.93783333333333,99.57071428571429,-0.7140000000000001,,0.24653939393939694,,Kamashi
144,1996,20.427,103.95891666666667,99.66614285714286,0.3897142857142857,,-0.15451363636363524,,Kamashi
144,1997,20.960416666666667,89.10933333333332,99.95185714285715,-0.765,,0.3609333333333353,,Kamashi
144,1998,21.080583333333333,113.22691666666667,98.39214285714286,0.8428571428571427,,0.46313030303030445,,Kamashi
144,1999,20.550583333333332,89.58408333333334,99.18314285714287,-1.022857142857143,,-0.08483939393939366,,Kamashi
144,2000,20.153166666666667,101.9465,99.74614285714286,-0.27585714285714286,,-0.5002257575757554,,Kamashi
144,2001,20.46591666666667,85.14866666666667,97.943,-1.3154285714285714,-0.18657142857142858,-0.20544545454545116,0.0018235294117646683,Kamashi
144,2002,20.806,87.14716666666668,95.41785714285713,-1.409,-0.19907142857142862,0.11666818181818428,-0.026376050420168135,Kamashi
144,2003,20.456999999999997,109.51891666666667,88.83057142857142,0.27728571428571425,-1.4457142857142857,-0.25030151515151644,-1.288718487394958,Kamashi
144,2004,20.4175,100.71675,97.99742857142857,-0.004142857142857147,0.05021428571428571,-0.30777121212121017,0.19151050420168064,Kamashi
144,2005,20.796583333333334,103.37516666666666,98.74014285714286,0.07485714285714286,0.03807142857142857,0.053342424242426745,0.16366806722689073,Kamashi
144,2006,20.773999999999997,103.83616666666666,98.15428571428572,0.307,0.2372857142857143,0.012789393939392824,0.3471827731092437,Kamashi
144,2007,20.805083333333332,98.49483333333335,99.56157142857144,-0.31757142857142856,0.5627857142857142,0.02590303030303076,0.6569831932773108,Kamashi
144,2008,20.568166666666666,107.82933333333334,99.93914285714285,1.2342857142857144,1.447142857142857,-0.22898333333333198,1.525640756302521,Kamashi
144,2009,21.175416666666667,94.39741666666667,99.09814285714286,-0.8321428571428572,-0.6385714285714286,0.36029696969697156,-0.5757731092436975,Kamashi
144,2010,20.827333333333332,102.85766666666666,98.33171428571428,0.7695714285714285,-0.26585714285714285,-0.005756060606060487,-0.21875840336134453,Kamashi
144,2011,20.59425,98.4495,97.47185714285715,-0.4321428571428571,-0.2992142857142857,-0.25680909090909054,-0.2678151260504202,Kamashi
144,2012,20.867166666666666,114.36025,97.94185714285716,1.251,-0.11278571428571428,-0.0018621212121203712,-0.0970861344537815,Kamashi
144,2013,20.72308333333333,95.30791666666666,97.1422857142857,0.04485714285714285,-0.6282857142857142,-0.1639151515151518,-0.6282857142857142,Kamashi
144,2014,20.9945,94.73516666666666,99.98828571428571,-0.7335714285714285,0.4517857142857143,0.08953181818181832,0.4360861344537815,Kamashi
144,2015,21.566333333333333,98.61808333333333,98.86485714285713,0.3945714285714286,0.1462142857142857,0.6433954545454554,0.11481512605042017,Kamashi
144,2016,21.114083333333333,97.46608333333334,99.47728571428571,-0.154,-0.39864285714285713,0.1731757575757591,-0.4457415966386554,Kamashi
144,2017,21.012833333333333,118.56608333333332,99.74942857142857,1.3534285714285714,0.4897857142857143,0.05395606060606184,0.4269873949579832,Kamashi
144,2018,20.710166666666666,93.60708333333334,98.98714285714286,-0.44471428571428573,-0.5878571428571429,-0.2666803030303022,-0.6663550420168067,Kamashi
144,2019,20.812083333333334,102.057,99.63442857142857,-0.2434285714285714,-0.4561428571428572,-0.18273333333333142,-0.5503403361344538,Kamashi
144,2020,20.889666666666667,107.06416666666667,98.90314285714285,0.5178571428571429,-0.010642857142857134,-0.12311969696969527,-0.12053991596638654,Kamashi
144,2021,20.886333333333333,93.73925000000001,99.01757142857143,-0.6529999999999999,0.5749285714285715,-0.1444227272727261,0.4493319327731093,Kamashi
144,2022,20.777583333333332,103.91241666666667,99.74228571428571,0.47728571428571426,0.30835714285714283,-0.27114242424242363,0.1670609243697479,Kamashi
144,2023,21.455833333333334,113.14725,99.51514285714286,0.7818571428571428,0.4859285714285714,0.3891378787878814,0.3289327731092437,Kamashi
144,2024,21.30575,89.286,94.75871428571429,-0.7249999999999999,0.18371428571428572,0.22108484848484977,0.011018907563025232,Kamashi
144,2025,21.132,102.56958333333334,98.57000000000001,-0.028285714285714286,0.06685714285714286,0.02936515151515451,-0.12153781512605039,Kamashi
144,2026,22.0881,85.01899999999999,99.85940000000001,-1.0496,1.2873,0.9674954545454568,1.0832054621848741,Kamashi
145,1989,19.364333333333335,83.40025,,0.8487142857142856,,-0.2946049783549789,,Assosa
145,1990,19.654833333333332,77.50583333333334,,-0.022714285714285687,,-0.016203463203463997,,Assosa
145,1991,19.769666666666666,77.5145,99.85357142857143,0.41971428571428565,,0.08653138528138271,,Assosa
145,1992,19.469666666666665,58.83116666666667,99.05914285714286,-1.9912857142857143,,-0.22556709956710108,,Assosa
145,1993,19.81975,69.07708333333333,99.5262857142857,-1.1395714285714287,,0.11241774891774625,,Assosa
145,1994,19.633166666666664,65.60166666666667,99.42385714285714,-1.048,,-0.08626406926407171,,Assosa
145,1995,19.896583333333336,75.50883333333333,99.58557142857141,-0.9575714285714286,,0.16505411255411317,,Assosa
145,1996,19.53708333333333,83.67408333333334,99.81757142857143,1.2385714285714287,,-0.20654437229437406,,Assosa
145,1997,20.092833333333335,86.51266666666668,99.81814285714286,1.0937142857142859,,0.3371071428571426,,Assosa
145,1998,20.165916666666668,76.82108333333333,98.94728571428571,-0.7057142857142857,,0.3980919913419889,,Assosa
145,1999,19.638,78.09583333333333,99.53771428571429,-0.116,,-0.1419231601731603,,Assosa
145,2000,19.538583333333335,81.10941666666666,99.83585714285714,0.5944285714285714,,-0.25343831168831343,,Assosa
145,2001,19.704166666666666,70.556,98.22342857142857,-0.8678571428571429,-0.8207142857142857,-0.09995346320346599,-0.5405267080745342,Assosa
145,2002,20.068583333333333,80.53475,96.21642857142857,-0.212,-0.5183571428571428,0.25236471861471443,-0.26151853002070397,Assosa
145,2003,19.70675,85.73633333333333,92.92171428571429,0.523,-0.8190714285714287,-0.12156709956710188,-0.5855817805383023,Assosa
145,2004,19.660166666666665,83.58983333333333,99.42885714285714,0.7582857142857142,-0.12857142857142856,-0.18024891774892282,0.0815692546583851,Assosa
145,2005,19.895,81.53475,97.8772857142857,0.668142857142857,-0.5045,0.042485930735928434,-0.31770828157349895,Assosa
145,2006,19.75583333333333,75.96583333333332,98.49214285714285,0.07671428571428571,0.06371428571428571,-0.1087792207792262,0.2271570393374741,Assosa
145,2007,19.72875,73.81166666666667,99.75414285714285,-0.8908571428571428,0.15607142857142858,-0.1479610389610393,0.29616521739130436,Assosa
145,2008,19.671333333333333,80.592,99.93785714285715,0.606,1.1276428571428572,-0.21747619047619438,1.2443876811594203,Assosa
145,2009,20.214833333333335,77.54075,99.29414285714286,-0.21128571428571427,-0.8489285714285715,0.31392532467532064,-0.7555327122153209,Assosa
145,2010,19.73483333333333,77.10641666666666,98.52057142857143,-0.24714285714285714,-0.4507857142857143,-0.17817316017316642,-0.3807388198757764,Assosa
145,2011,19.723583333333334,81.26408333333333,98.49614285714286,0.303,-0.1960714285714286,-0.20152164502164993,-0.14937349896480334,Assosa
145,2012,19.682583333333334,83.006,98.4102857142857,0.8945714285714285,0.3877142857142857,-0.2546201298701334,0.4110632505175983,Assosa
145,2013,19.675083333333333,67.813,98.76485714285715,-0.9101428571428573,-0.38,-0.2742186147186203,-0.38,Assosa
145,2014,19.839833333333335,79.12441666666668,99.95842857142857,-0.3007142857142857,0.7061428571428572,-0.12156709956710188,0.6827938923395446,Assosa
145,2015,20.515916666666666,79.72741666666667,99.04371428571429,0.010714285714285723,0.20642857142857143,0.5424177489177424,0.15973064182194618,Assosa
145,2016,20.18433333333333,83.4075,99.64971428571428,0.39371428571428574,0.8724285714285713,0.19873593073592488,0.8023816770186334,Assosa
145,2017,20.017999999999997,85.97675,99.64871428571429,0.3577142857142857,0.3827857142857143,0.020304112554104137,0.2893898550724638,Assosa
145,2018,19.881583333333335,75.55233333333334,99.05171428571428,-0.533,0.11007142857142857,-0.1282110389610409,-0.006673395445134567,Assosa
145,2019,19.9575,84.92800000000001,99.33428571428571,0.834,-0.01728571428571428,-0.06439285714286314,-0.15737950310559007,Assosa
145,2020,19.832666666666668,72.29175,99.73714285714286,-0.6568571428571428,-0.1547142857142857,-0.20132467532468112,-0.3181570393374741,Assosa
145,2021,19.96591666666667,83.01183333333333,99.66928571428572,0.18742857142857142,0.5377142857142857,-0.0801731601731639,0.3509225672877847,Assosa
145,2022,19.762,97.96483333333333,99.77971428571428,1.3867142857142858,-0.16171428571428573,-0.2961883116883186,-0.3718549689440994,Assosa
145,2023,20.752916666666668,79.6775,99.09257142857143,-0.3725714285714286,0.3142142857142857,0.6826298701298654,0.08072463768115945,Assosa
145,2024,20.390583333333336,80.51975,97.122,0.213,-0.28300000000000003,0.3081980519480467,-0.539838612836439,Assosa
145,2025,20.224333333333334,71.51641666666667,99.46157142857143,-0.9151428571428571,-0.4009285714285714,0.12984956709956208,-0.681116149068323,Assosa
145,2026,21.3173,73.4807,99.9356,-0.41159999999999997,1.0287,1.210717748917741,0.7251634575569358,Assosa
171,1989,14.88975,83.17208333333333,,-0.04057142857142857,,-0.14955714285714095,,West Shewa
171,1990,15.033333333333333,86.9935,,-0.026142857142857134,,-0.02614047619047355,,West Shewa
171,1991,15.360916666666666,90.04975,97.07214285714285,0.6218571428571428,,0.2812761904761931,,West Shewa
171,1992,14.82625,88.43458333333332,99.69285714285715,0.28757142857142853,,-0.2735571428571397,,West Shewa
171,1993,15.126,88.38875,99.97528571428572,0.3377142857142857,,0.006026190476193349,,West Shewa
171,1994,15.022916666666667,86.93633333333332,99.57328571428572,0.13314285714285715,,-0.1172238095238054,,West Shewa
171,1995,15.463833333333334,70.32958333333333,99.14142857142858,-0.891,,0.3035261904761928,,West Shewa
171,1996,15.141,81.12833333333333,99.85114285714285,0.045714285714285714,,-0.03947380952380719,,West Shewa
171,1997,15.462083333333334,70.78091666666667,99.05428571428571,-1.0494285714285714,,0.2614428571428604,,West Shewa
171,1998,15.620750000000001,92.28625,99.13457142857143,0.8105714285714286,,0.39994285714286093,,West Shewa
171,1999,15.189583333333333,78.90483333333334,98.01842857142857,-0.09328571428571429,,-0.05139047619047332,,West Shewa
171,2000,14.701916666666667,77.95191666666666,99.07528571428573,-0.7042857142857143,,-0.5592238095238073,,West Shewa
171,2001,14.8925,79.25808333333333,99.59757142857143,0.04542857142857143,0.45235714285714285,-0.38880714285714113,0.624269944341373,West Shewa
171,2002,15.367166666666668,72.98758333333333,96.14042857142856,-0.9964285714285713,0.027000000000000003,0.0656928571428601,0.18458673469387757,West Shewa
171,2003,15.001583333333334,83.79116666666665,96.86614285714286,-0.29157142857142854,-0.8723571428571428,-0.3200571428571397,-0.7290964749536177,West Shewa
171,2004,15.052750000000001,78.44016666666667,96.31985714285715,-0.8207142857142857,-0.47450000000000003,-0.2890571428571391,-0.34556539888682747,West Shewa
171,2005,15.505249999999998,77.06791666666668,98.47214285714286,-0.6324285714285713,0.2606428571428571,0.14327619047619145,0.3752513914656772,West Shewa
171,2006,15.463166666666666,92.7725,99.78042857142857,0.8807142857142857,0.2787857142857143,0.08102619047619086,0.37906818181818186,West Shewa
171,2007,15.484416666666666,90.85391666666668,99.40314285714285,0.9351428571428572,0.08414285714285716,0.08210952380952463,0.1700992578849722,West Shewa
171,2008,15.186166666666667,94.053,99.45857142857143,1.248,0.5547857142857143,-0.23630714285714127,0.6264160482374769,West Shewa
171,2009,15.793999999999999,77.85258333333333,96.57785714285714,-0.557,-1.5702857142857143,0.3513595238095242,-1.5129814471243042,West Shewa
171,2010,15.683833333333332,85.63733333333333,99.89085714285714,0.5255714285714286,0.19142857142857142,0.22102619047619143,0.23440677179962893,West Shewa
171,2011,15.170250000000001,94.69391666666667,99.59542857142857,1.3632857142857144,0.2787857142857143,-0.31272380952380807,0.3074378478664193,West Shewa
171,2012,15.586833333333333,85.82816666666668,97.40685714285713,-0.201,-1.2362857142857142,0.08369285714285724,-1.2219596474953618,West Shewa
171,2013,15.391333333333334,80.14366666666668,99.677,0.02085714285714286,-0.2327142857142857,-0.13197380952380833,-0.2327142857142857,West Shewa
171,2014,15.854166666666666,68.21658333333333,99.71428571428571,-1.629,0.28664285714285714,0.31069285714285755,0.2723167903525046,West Shewa
171,2015,16.092166666666667,72.73825000000001,99.5,-0.7595714285714286,0.24485714285714283,0.5285261904761924,0.21620500927643782,West Shewa
171,2016,15.749916666666666,74.10241666666667,99.72557142857144,-0.4461428571428572,0.7086428571428571,0.16610952380952426,0.6656646567717996,West Shewa
171,2017,15.685,90.56824999999999,99.69328571428572,0.6092857142857142,0.3962857142857143,0.08102619047619086,0.3389814471243043,West Shewa
171,2018,15.39175,81.1835,99.57485714285714,0.08642857142857144,-0.09835714285714284,-0.23239047619047604,-0.16998747680890536,West Shewa
171,2019,15.483916666666667,93.69508333333333,99.44757142857144,0.8915714285714286,0.4314285714285714,-0.16039047619047508,0.3454721706864563,West Shewa
171,2020,15.59175,92.9635,99.65557142857143,0.5391428571428571,0.35278571428571426,-0.07272380952380963,0.2525032467532467,West Shewa
171,2021,15.548166666666667,80.55066666666666,98.05342857142857,-0.11485714285714287,0.08214285714285716,-0.1364738095238085,-0.032465677179962904,West Shewa
171,2022,15.497666666666667,82.97175,97.07857142857142,-0.29000000000000004,-0.9942857142857142,-0.20714047619047626,-1.123220315398887,West Shewa
171,2023,15.9395,85.05691666666667,99.99371428571429,0.22128571428571428,1.232357142857143,0.2145261904761906,1.0890964749536178,West Shewa
171,2024,15.767333333333333,83.53508333333333,99.193,-0.03414285714285714,-0.37257142857142855,0.02219285714285668,-0.5301581632653061,West Shewa
171,2025,15.69075,86.89450000000001,99.735,0.3577142857142857,0.44085714285714284,-0.07455714285714343,0.26894434137291273,West Shewa
171,2026,16.2054,69.3191,99.1546,-2.277,0.7635000000000001,0.4199261904761915,0.5772611317254175,West Shewa
172,1989,17.926750000000002,117.29358333333333,,1.2740000000000002,,-0.27906091269841227,,West Wellega
172,1990,18.150333333333332,113.11016666666667,,0.5517142857142857,,-0.06790119047619214,,West Wellega
172,1991,18.368583333333333,101.7765,99.98442857142857,0.39442857142857146,,0.13792519841269524,,West Wellega
172,1992,17.97175,91.76508333333334,99.91957142857143,-1.3755714285714284,,-0.27133174603174837,,West Wellega
172,1993,18.34358333333333,98.77716666666667,99.97842857142858,-0.43028571428571427,,0.08807797619047264,,West Wellega
172,1994,18.17866666666667,89.94600000000001,99.52328571428572,-1.0682857142857143,,-0.0892623015873042,,West Wellega
172,1995,18.444416666666665,98.836,99.8442857142857,-0.9504285714285715,,0.16406408730158262,,West Wellega
172,1996,18.152166666666666,107.98091666666666,99.90928571428572,0.9267142857142857,,-0.14060952380952685,,West Wellega
172,1997,18.627666666666666,103.55149999999999,99.978,0.17914285714285713,,0.3224668650793632,,West Wellega
172,1998,18.704416666666667,109.03383333333333,99.25514285714287,0.004714285714285714,,0.38679325396824993,,West Wellega
172,1999,18.227166666666665,100.48775,99.51185714285714,-0.22914285714285715,,-0.10288035714286181,,West Wellega
172,2000,18.034499999999998,103.5745,99.87957142857144,0.05099999999999999,,-0.3079706349206397,,West Wellega
172,2001,18.2315,87.42383333333333,99.27042857142858,-1.3675714285714287,-0.18628571428571428,-0.1233942460317472,-0.06245918367346939,West Wellega
172,2002,18.5125,104.87325,99.12571428571428,-0.391,-0.28421428571428575,0.14518214285713782,-0.17070663265306127,West Wellega
172,2003,18.231416666666664,115.82591666666667,92.85728571428571,0.6342857142857142,-1.0019285714285715,-0.14832480158730732,-0.8987397959183674,West Wellega
172,2004,18.176833333333335,106.93758333333334,99.84757142857143,0.36228571428571427,0.06764285714285714,-0.21533174603174743,0.1605127551020408,West Wellega
172,2005,18.485166666666668,104.39341666666667,99.46885714285715,-0.14685714285714285,-0.3650714285714286,0.08057797619047591,-0.28252040816326535,West Wellega
172,2006,18.396416666666667,103.03633333333333,98.83742857142856,0.123,-0.214,-0.020595634920638872,-0.14176785714285714,West Wellega
172,2007,18.420666666666666,100.42841666666668,99.904,-0.7601428571428571,0.15485714285714286,-0.008769246031750555,0.21677040816326532,West Wellega
172,2008,18.256,103.72016666666667,99.95885714285714,0.6484285714285714,1.2072142857142856,-0.1858595238095262,1.2588086734693875,West Wellega
172,2009,18.69575,100.334,99.93242857142857,-0.5040000000000001,-0.2802857142857143,0.24146686507936366,-0.23901020408163268,West Wellega
172,2010,18.41358333333333,100.80491666666666,98.86757142857142,-0.24314285714285713,-0.4654285714285714,-0.053123412698418804,-0.4344719387755102,West Wellega
172,2011,18.265249999999998,102.62833333333333,99.32742857142857,-0.3392857142857143,-0.2844285714285714,-0.21388035714286247,-0.2637908163265306,West Wellega
172,2012,18.397833333333335,111.16158333333334,98.93457142857143,0.9697142857142858,0.06428571428571428,-0.09372063492063631,0.07460459183673468,West Wellega
172,2013,18.28425,94.96775000000001,98.62371428571429,-0.2774285714285714,-0.4455,-0.21972757936508103,-0.4455,West Wellega
172,2014,18.508666666666667,98.93183333333333,99.99842857142858,-0.8922857142857142,0.8095714285714286,-0.007734523809524774,0.7992525510204082,West Wellega
172,2015,19.0305,109.66275,99.74814285714285,0.5361428571428571,0.6615714285714286,0.5016751984126948,0.6409336734693878,West Wellega
172,2016,18.716083333333334,103.29541666666667,99.87771428571429,0.28128571428571425,0.127,0.17483492063491823,0.09604336734693877,West Wellega
172,2017,18.594583333333333,122.13391666666666,99.89428571428572,1.006857142857143,0.8214999999999999,0.04091130952380695,0.7802244897959183,West Wellega
172,2018,18.430333333333333,100.99816666666668,99.74214285714285,-0.20457142857142857,-0.382,-0.13576230158730596,-0.43359438775510206,West Wellega
172,2019,18.507749999999998,109.00824999999999,99.96214285714287,0.2925714285714286,-0.054000000000000006,-0.07076924603175172,-0.11591326530612245,West Wellega
172,2020,18.450333333333333,107.85983333333333,99.77457142857143,0.13942857142857143,-0.2202857142857143,-0.14060952380952685,-0.29251785714285716,West Wellega
172,2021,18.464499999999997,107.82558333333333,99.61214285714286,0.15814285714285714,0.3599285714285714,-0.13886646825397264,0.2773775510204081,West Wellega
172,2022,18.31175,112.16191666666667,99.94357142857143,0.6874285714285715,0.1462142857142857,-0.3040400793650804,0.05334438775510206,West Wellega
172,2023,19.097916666666666,109.65741666666668,99.88857142857144,-0.05557142857142859,0.24292857142857144,0.4697029761904723,0.13973979591836738,West Wellega
172,2024,18.899666666666665,90.35316666666667,97.66842857142856,-1.2414285714285713,-0.5240714285714285,0.2590293650793605,-0.637579081632653,West Wellega
172,2025,18.632916666666667,101.33741666666667,99.83485714285715,-0.48528571428571426,-0.1415,-0.020144246031748025,-0.26532653061224487,West Wellega
172,2026,19.475299999999997,92.24249999999999,99.9896,-0.8024000000000001,1.5437,0.8098154761904723,1.4095545918367347,West Wellega
176,1989,13.94075,71.50716666666666,,-0.1571428571428571,,-0.06895357142857428,,Region 14
176,1990,13.948333333333332,69.14525,,-0.36228571428571427,,-0.08663809523809896,,Region 14
176,1991,14.480166666666667,70.473,96.68742857142857,-0.06142857142857143,,0.41992738095237847,,Region 14
176,1992,13.77775,65.82816666666666,96.99928571428572,-0.7032857142857143,,-0.30775714285714706,,Region 14
176,1993,14.125,77.243,99.845,-0.043857142857142865,,0.014224999999997934,,Region 14
176,1994,14.007083333333334,73.78733333333334,98.72114285714285,-0.039,,-0.12895952380952558,,Region 14
176,1995,14.460583333333332,55.259166666666665,98.84,-1.1874285714285715,,0.29927261904761515,,Region 14
176,1996,14.167416666666668,91.31633333333333,99.7,1.8807142857142856,,-0.019161904761904935,,Region 14
176,1997,14.599333333333334,53.9575,97.37514285714285,-1.2408571428571429,,0.3874869047619036,,Region 14
176,1998,14.790750000000001,81.87458333333333,99.25142857142858,0.9974285714285713,,0.5536357142857131,,Region 14
176,1999,14.266666666666666,69.43724999999999,95.69942857142857,0.4892857142857143,,0.00428452380952038,,Region 14
176,2000,13.656,71.09666666666666,98.84714285714286,-0.162,,-0.6316500000000005,,Region 14
176,2001,13.837916666666667,68.62158333333333,99.44557142857143,0.3974285714285714,1.258142857142857,-0.47500119047619194,0.8044999999999999,Region 14
176,2002,14.366666666666667,55.2055,97.39857142857143,-1.0939999999999999,0.8069285714285714,0.028480952380951052,0.3910892857142857,Region 14
176,2003,14.0405,72.47316666666667,98.56171428571429,0.030857142857142854,-0.11485714285714285,-0.32295357142857206,-0.49289285714285713,Region 14
176,2004,14.064666666666668,61.95075,97.11885714285714,-0.8975714285714286,0.4723571428571429,-0.3240547619047618,0.13212500000000005,Region 14
176,2005,14.59425,62.78575,99.12242857142857,-0.26342857142857146,1.2795714285714286,0.18026071428571377,0.9771428571428571,Region 14
176,2006,14.482999999999999,75.00375000000001,99.50914285714285,0.5251428571428571,0.2572142857142857,0.04374285714285442,-0.007410714285714326,Region 14
176,2007,14.539916666666668,81.06025,99.40214285714285,1.2575714285714288,0.14485714285714288,0.0753916666666683,-0.08196428571428568,Region 14
176,2008,14.1905,77.7625,98.61528571428572,0.5842857142857143,0.15485714285714286,-0.29929285714285747,-0.034160714285714294,Region 14
176,2009,15.02575,66.0185,94.81642857142857,-0.36885714285714283,-0.43314285714285716,0.5106892857142853,-0.5843571428571429,Region 14
176,2010,14.747416666666666,76.46766666666666,99.59585714285716,0.717,0.3412142857142857,0.20708809523809535,0.2278035714285714,Region 14
176,2011,14.120166666666668,78.82375,99.30814285714287,0.8310000000000001,-0.0732142857142857,-0.44542976190476047,-0.14882142857142855,Region 14
176,2012,14.616083333333334,65.94091666666667,97.84214285714286,-0.3497142857142857,-0.4135,0.02521904761904814,-0.4513035714285714,Region 14
176,2013,14.33825,66.52166666666666,99.26671428571429,-0.26857142857142857,-0.03578571428571429,-0.27788214285714297,-0.03578571428571429,Region 14
176,2014,15.035416666666668,55.47625,98.57771428571428,-1.9884285714285714,-0.6904285714285714,0.3940166666666691,-0.652625,Region 14
176,2015,15.171666666666667,51.22383333333334,98.82514285714285,-1.7624285714285715,0.11621428571428574,0.5049988095238103,0.1918214285714286,Region 14
176,2016,14.806833333333332,62.118500000000004,99.13985714285715,-0.408,0.44978571428571423,0.11489761904761764,0.5631964285714285,Region 14
176,2017,14.8575,80.78383333333333,99.12599999999999,0.5841428571428572,-0.477,0.1402964285714301,-0.32578571428571423,Region 14
176,2018,14.418416666666666,74.24216666666666,99.30042857142858,0.7964285714285715,-0.17821428571428571,-0.3240547619047618,0.01080357142857144,Region 14
176,2019,14.567749999999998,89.56975,99.24114285714286,1.1574285714285715,0.08100000000000002,-0.19998928571428642,0.3078214285714286,Region 14
176,2020,14.692749999999998,84.67091666666667,99.652,1.1197142857142857,-0.14035714285714287,-0.10025714285714393,0.12426785714285712,Region 14
176,2021,14.777333333333333,66.2885,98.816,-0.30514285714285716,-0.2800714285714286,-0.0409416666666651,0.022357142857142853,Region 14
176,2022,14.67425,75.83391666666667,95.494,0.07185714285714286,-1.3157142857142858,-0.1692928571428549,-0.975482142857143,Region 14
176,2023,15.114333333333333,70.89491666666667,99.86314285714286,0.19614285714285715,0.5613571428571429,0.24552261904761963,0.9393928571428571,Region 14
176,2024,14.966583333333332,70.12641666666667,98.73571428571428,0.12257142857142858,-0.2772142857142857,0.07250476190476363,0.13862500000000005,Region 14
176,2025,14.764083333333334,77.17883333333333,98.44428571428571,0.44957142857142857,-0.23907142857142857,-0.15526309523809267,0.21457142857142855,Region 14
176,2026,15.3054,55.757600000000004,97.94200000000001,-2.4282,-0.026800000000000018,0.3607857142857167,0.46464642857142857,Region 14
180,1989,19.695249999999998,72.28016666666666,,-0.01271428571428571,,-0.321626190476195,,Mao Komo Special
180,1990,19.997916666666665,74.95483333333333,,-0.22985714285714284,,-0.02879285714286084,,Mao Komo Special
180,1991,20.051166666666667,73.71333333333332,99.97228571428572,0.11928571428571429,,0.014623809523808262,,Mao Komo Special
180,1992,19.809250000000002,62.214,99.57328571428572,-1.4488571428571428,,-0.23712619047618944,,Mao Komo Special
180,1993,20.184583333333332,63.91283333333333,99.86728571428571,-1.3552857142857142,,0.12837380952380428,,Mao Komo Special
180,1994,19.949,60.784166666666664,99.02971428571428,-1.4408571428571428,,-0.11704285714285945,,Mao Komo Special
180,1995,20.179,74.40416666666667,99.83028571428572,-0.8335714285714285,,0.10312380952380451,,Mao Komo Special
180,1996,19.771666666666665,91.27024999999999,99.95228571428571,2.4121428571428574,,-0.3140428571428622,,Mao Komo Special
180,1997,20.49025,80.70333333333333,99.81514285714286,0.47128571428571425,,0.3947071428571398,,Mao Komo Special
180,1998,20.439916666666665,78.8615,98.76142857142857,0.2578571428571429,,0.33454047619047245,,Mao Komo Special
180,1999,19.9835,71.97449999999999,99.64042857142856,-0.5397142857142857,,-0.13170952380952627,,Mao Komo Special
180,2000,19.92125,84.02225,99.932,1.1492857142857142,,-0.203792857142858,,Mao Komo Special
180,2001,20.023416666666666,76.5475,99.20757142857143,0.18685714285714286,-1.311142857142857,-0.11145952380952551,-0.752642857142857,Mao Komo Special
180,2002,20.476499999999998,77.86108333333333,98.29714285714286,-0.08657142857142856,-1.0173571428571428,0.3317904761904735,-0.5053988095238094,Mao Komo Special
180,2003,20.021083333333333,82.17875,91.63342857142857,0.5439999999999999,-1.5022142857142855,-0.13345952380952397,-1.036797619047619,Mao Komo Special
180,2004,20.051916666666667,81.41975000000001,99.736,0.873,0.11764285714285715,-0.11245952380952673,0.5365178571428572,Mao Komo Special
180,2005,20.259833333333333,77.61516666666667,98.45085714285713,0.5928571428571427,-1.1945000000000001,0.08562380952380622,-0.8221666666666667,Mao Komo Special
180,2006,20.10275,73.11908333333334,98.12671428571427,0.20685714285714285,-0.3670714285714286,-0.08129285714285928,-0.0412797619047619,Mao Komo Special
180,2007,20.034666666666666,73.86216666666667,99.90742857142857,-0.837,0.30642857142857144,-0.15920952380952613,0.5856785714285715,Mao Komo Special
180,2008,19.97425,76.77316666666667,99.96142857142857,0.5938571428571429,0.9164285714285715,-0.22945952380952406,1.1491369047619049,Mao Komo Special
180,2009,20.610166666666668,74.20733333333332,99.83142857142856,-0.2507142857142857,0.007357142857142861,0.3966238095238097,0.19352380952380954,Mao Komo Special
180,2010,20.059166666666666,68.434,97.90642857142858,-0.8825714285714286,-0.4148571428571428,-0.16420952380952514,-0.2752321428571428,Mao Komo Special
180,2011,20.034000000000002,70.03266666666667,98.73185714285715,-0.4744285714285715,-0.35400000000000004,-0.19920952380952173,-0.2609166666666667,Mao Komo Special
180,2012,19.957583333333332,78.25133333333333,98.98214285714286,0.6298571428571428,0.05764285714285713,-0.285459523809525,0.1041845238095238,Mao Komo Special
180,2013,19.99925,67.27825,98.17028571428571,-0.5838571428571429,-0.5465714285714286,-0.2536261904761936,-0.5465714285714286,Mao Komo Special
180,2014,20.145666666666667,74.192,99.909,-0.48085714285714287,0.5611428571428572,-0.11704285714285945,0.5146011904761905,Mao Komo Special
180,2015,20.8435,83.83483333333334,99.2477142857143,0.4705714285714286,0.5832142857142857,0.5709571428571394,0.49013095238095233,Mao Komo Special
180,2016,20.53975,80.10325,99.77214285714285,0.5918571428571429,1.2234285714285713,0.25737380952380917,1.0838035714285712,Mao Komo Special
180,2017,20.28025,81.17425,99.65185714285714,0.26357142857142857,0.24435714285714283,-0.011959523809526473,0.058190476190476154,Mao Komo Special
180,2018,20.22675,71.24758333333334,99.69942857142857,-0.6848571428571429,-0.16764285714285712,-0.07529285714285905,-0.4003511904761905,Mao Komo Special
180,2019,20.229416666666665,79.02783333333333,99.697,0.5688571428571428,-0.059428571428571435,-0.08245952380952559,-0.33867857142857144,Mao Komo Special
180,2020,20.042916666666667,68.95291666666667,99.86257142857143,-0.5158571428571428,-0.0765,-0.2787928571428573,-0.4022916666666667,Mao Komo Special
180,2021,20.213833333333334,79.95391666666667,99.5787142857143,0.17957142857142855,0.8682857142857143,-0.11770952380952338,0.495952380952381,Mao Komo Special
180,2022,20.037166666666668,88.65325,99.958,0.6639999999999999,0.6880714285714286,-0.30420952380952215,0.26919642857142856,Mao Komo Special
180,2023,21.042416666666664,74.21825,99.60128571428572,-0.4795714285714286,0.17464285714285713,0.6912071428571416,-0.2907738095238096,Mao Komo Special
180,2024,20.707666666666665,67.10516666666666,95.99114285714286,-0.7744285714285714,-0.1442857142857143,0.34662380952380545,-0.6562440476190476,Mao Komo Special
180,2025,20.436333333333334,66.89958333333334,99.85342857142858,-0.945857142857143,0.09585714285714284,0.06545714285714155,-0.46264285714285713,Mao Komo Special
180,2026,21.564,72.2467,99.93280000000001,0.21400000000000002,1.5895000000000001,1.183290476190475,0.9844583333333334,Mao Komo Special
185,1989,19.886083333333335,26.993,,-1.5130000000000001,,-0.1491915584415544,,Dire Dawa Rural
185,1990,20.51025,27.043833333333335,,-1.563857142857143,,0.44731601731601955,,Dire Dawa Rural
185,1991,20.282833333333333,21.702583333333333,72.16257142857143,-1.869142857142857,,0.19224025974026304,,Dire Dawa Rural
185,1992,19.998416666666667,39.81491666666667,83.11442857142856,0.6351428571428572,,-0.11983549783549563,,Dire Dawa Rural
185,1993,20.049916666666665,33.54183333333334,81.02057142857143,-0.1542857142857143,,-0.09599458874458833,,Dire Dawa Rural
185,1994,19.976499999999998,43.25141666666667,87.567,0.8875714285714286,,-0.19707034632034492,,Dire Dawa Rural
185,1995,20.46525,26.067416666666663,82.24385714285714,-0.44057142857142856,,0.2640205627705683,,Dire Dawa Rural
185,1996,19.85075,45.6055,91.59485714285714,1.5745714285714285,,-0.3781385281385248,,Dire Dawa Rural
185,1997,20.697333333333333,37.64941666666667,82.8397142857143,0.3415714285714286,,0.4407857142857168,,Dire Dawa Rural
185,1998,20.441583333333334,38.57041666666667,79.87828571428572,-0.11128571428571428,,0.15737662337662783,,Dire Dawa Rural
185,1999,19.9965,42.46508333333333,80.47900000000001,0.3007142857142857,,-0.31536580086579846,,Dire Dawa Rural
185,2000,20.12183333333333,33.04508333333333,77.52485714285714,-0.36985714285714283,,-0.2176915584415582,,Dire Dawa Rural
185,2001,20.066583333333334,39.959583333333335,82.25371428571428,0.9732857142857144,0.6562142857142857,-0.30060064935064545,1.202631398013751,Dire Dawa Rural
185,2002,20.587083333333332,29.910166666666665,74.72071428571428,-0.6051428571428571,-0.6425714285714286,0.19224025974026304,-0.14168907563025213,Dire Dawa Rural
185,2003,20.24716666666667,41.84791666666667,87.3532857142857,0.5711428571428571,-0.16478571428571429,-0.17533549783549418,0.29056187929717336,Dire Dawa Rural
185,2004,20.52808333333333,27.22275,73.83442857142857,-1.4374285714285713,-0.9452142857142858,0.07792207792207861,-0.5354014514896869,Dire Dawa Rural
185,2005,20.750916666666665,32.873,82.39257142857143,-0.26885714285714285,-0.20728571428571427,0.2730963203463226,0.15699236058059587,Dire Dawa Rural
185,2006,20.268833333333333,40.003416666666666,81.20257142857143,-0.040428571428571425,0.3415714285714286,-0.2366461038960992,0.6603147440794499,Dire Dawa Rural
185,2007,20.44275,47.32666666666666,91.47714285714287,1.2415714285714283,0.5402857142857143,-0.09038852813852571,0.8134942704354469,Dire Dawa Rural
185,2008,20.374583333333334,33.911833333333334,81.16642857142857,0.17514285714285713,-0.7124285714285714,-0.1862142857142821,-0.4847547746371276,Dire Dawa Rural
185,2009,21.33566666666667,31.482416666666666,71.79671428571429,-0.37614285714285717,-1.1432142857142857,0.7472099567099626,-0.9610752482811307,Dire Dawa Rural
185,2010,20.379083333333334,53.70499999999999,86.23514285714285,1.0038571428571428,0.20657142857142857,-0.23703246753246532,0.3431757066462949,Dire Dawa Rural
185,2011,20.635833333333334,41.742583333333336,83.39471428571429,0.609,-0.6185714285714285,-0.007941558441554974,-0.527501909854851,Dire Dawa Rural
185,2012,20.85683333333333,41.407916666666665,86.72257142857143,1.0134285714285716,-0.3112142857142857,0.18539935064935165,-0.26567952635599695,Dire Dawa Rural
185,2013,20.197666666666667,38.153416666666665,84.453,0.4432857142857142,-0.1404285714285714,-0.5014264069264023,-0.1404285714285714,Dire Dawa Rural
185,2014,20.759833333333333,38.255916666666664,76.34885714285714,-0.3592857142857143,-0.2097857142857143,0.033081168831170515,-0.25532047364400307,Dire Dawa Rural
185,2015,21.564166666666665,24.52925,56.851285714285716,-1.336857142857143,-1.327357142857143,0.8097554112554128,-1.4184266615737204,Dire Dawa Rural
185,2016,20.639999999999997,30.311666666666667,79.95142857142856,-0.3955714285714286,0.5602142857142858,-0.1420703463203452,0.4236100076394195,Dire Dawa Rural
185,2017,21.232833333333335,36.970666666666666,77.21185714285714,0.05885714285714285,-0.39585714285714285,0.4231038961039033,-0.577996180290298,Dire Dawa Rural
185,2018,20.441083333333335,34.194916666666664,87.76714285714286,0.14999999999999997,0.07771428571428572,-0.39630519480519055,-0.1499595110771581,Dire Dawa Rural
185,2019,20.673166666666667,46.00133333333334,83.22914285714286,0.5962857142857142,0.5364285714285714,-0.1918809523809486,0.26322001527883876,Dire Dawa Rural
185,2020,20.537833333333335,45.76858333333333,87.70171428571429,0.842,1.192357142857143,-0.35487337662337026,0.8736138273491215,Dire Dawa Rural
185,2021,20.627333333333333,40.0675,76.659,0.27914285714285714,0.2751428571428572,-0.29303246753246626,-0.08913521772345295,Dire Dawa Rural
185,2022,20.716,36.415,63.81357142857143,-0.22814285714285715,-0.2790714285714285,-0.23202489177488772,-0.6888842627960274,Dire Dawa Rural
185,2023,21.464,31.187749999999998,75.50628571428571,-0.5172857142857142,1.3176428571428571,0.4883160173160199,0.8622952635599694,Dire Dawa Rural
185,2024,21.441333333333333,50.01291666666666,86.668,1.5892857142857142,1.990214285714286,0.43799025974026407,1.4893319327731094,Dire Dawa Rural
185,2025,20.978333333333335,39.243249999999996,63.59985714285715,-0.0527142857142857,0.059714285714285706,-0.05266883116882681,-0.4867028265851795,Dire Dawa Rural
185,2026,21.7884,18.2722,57.1016,-2.5856000000000003,-0.1261,0.7297387445887473,-0.718051871657754,Dire Dawa Rural
191,1989,19.40575,124.64158333333334,,1.1054285714285714,,-0.2559583333333322,,Metekel
191,1990,19.789583333333333,129.71983333333333,,0.9471428571428572,,0.10533333333333061,,Metekel
191,1991,19.936583333333335,119.41741666666667,99.91742857142857,1.1461428571428571,,0.22979166666666728,,Metekel
191,1992,19.5585,99.26708333333333,99.61685714285714,-1.1111428571428572,,-0.17083333333333428,,Metekel
191,1993,19.774083333333333,103.05291666666666,99.79314285714285,-0.5698571428571428,,0.02220833333333161,,Metekel
191,1994,19.702333333333332,94.31599999999999,99.83657142857143,-1.148,,-0.07208333333333528,,Metekel
191,1995,20.00283333333333,114.87166666666667,99.53757142857144,0.028,,0.20587499999999892,,Metekel
191,1996,19.653666666666666,116.57591666666667,99.924,0.5650000000000001,,-0.16583333333333528,,Metekel
191,1997,20.150583333333334,108.55716666666667,99.88499999999999,-0.3004285714285714,,0.3085416666666667,,Metekel
191,1998,20.34325,116.61,99.53814285714286,0.3178571428571429,,0.478666666666669,,Metekel
191,1999,19.829666666666668,109.10525,99.84842857142857,-0.06885714285714285,,-0.057458333333332945,,Metekel
191,2000,19.503,112.39591666666666,99.855,0.3221428571428571,,-0.4066666666666663,,Metekel
191,2001,19.714833333333335,96.43849999999999,99.437,-0.666,-0.027642857142857122,-0.21737500000000054,0.06371428571428574,Metekel
191,2002,20.25316666666667,98.41941666666666,97.04957142857143,-1.288142857142857,-0.13142857142857145,0.2984166666666681,-0.04768452380952383,Metekel
191,2003,19.730083333333333,111.06966666666666,94.83342857142858,-0.40628571428571425,-0.47371428571428575,-0.24720833333333303,-0.3975833333333334,Metekel
191,2004,19.672666666666668,117.52558333333333,98.21614285714286,0.414,-0.011571428571428566,-0.3271666666666668,0.05694642857142858,Metekel
191,2005,19.916083333333333,117.86208333333333,97.80685714285714,0.30128571428571427,-0.39785714285714285,-0.10629166666666734,-0.33695238095238095,Metekel
191,2006,19.940916666666666,120.97233333333332,99.71585714285713,0.9524285714285714,0.7759285714285714,-0.1039999999999992,0.829220238095238,Metekel
191,2007,19.889,112.52533333333334,99.80442857142857,-0.10214285714285713,0.32407142857142857,-0.17845833333333516,0.36975,Metekel
191,2008,19.878083333333333,118.5905,99.98085714285715,0.9867142857142858,0.6432142857142857,-0.2119166666666672,0.6812797619047619,Metekel
191,2009,20.464166666666667,100.74066666666666,99.14028571428571,-0.8002857142857144,-0.9948571428571429,0.3516250000000021,-0.964404761904762,Metekel
191,2010,20.00675,117.24858333333333,99.68742857142857,0.573857142857143,-0.8842857142857143,-0.12833333333333385,-0.8614464285714286,Metekel
191,2011,19.929583333333333,101.57183333333334,99.29642857142858,-0.8265714285714285,0.2824285714285714,-0.22804166666666603,0.2976547619047619,Metekel
191,2012,20.013833333333334,126.49516666666666,99.37314285714285,1.2327142857142857,-0.5662142857142858,-0.16633333333333056,-0.5586011904761905,Metekel
191,2013,19.957833333333333,117.19725,99.30657142857142,1.0604285714285715,-0.31185714285714283,-0.2448750000000004,-0.31185714285714283,Metekel
191,2014,20.23725,98.58033333333333,99.98671428571429,-0.7540000000000001,0.6883571428571429,0.012000000000000455,0.6807440476190476,Metekel
191,2015,20.974500000000003,101.44658333333332,99.84671428571428,-0.7632857142857142,0.3163571428571429,0.7267083333333382,0.30113095238095244,Metekel
191,2016,20.42325,99.71608333333334,99.84328571428571,-0.19199999999999998,0.08085714285714285,0.15291666666666615,0.058017857142857135,Metekel
191,2017,20.324916666666667,128.03816666666668,99.9592857142857,1.2278571428571428,0.5827142857142856,0.03204166666666808,0.5522619047619046,Metekel
191,2018,19.977666666666668,99.97858333333333,99.68299999999999,-0.8427142857142857,-0.25257142857142856,-0.3377499999999998,-0.29063690476190474,Metekel
191,2019,20.058333333333334,102.61633333333333,99.495,-0.8891428571428571,-0.07400000000000001,-0.27962499999999935,-0.11967857142857144,Metekel
191,2020,20.2565,111.38608333333333,99.70485714285714,-0.211,0.08485714285714285,-0.1039999999999992,0.031565476190476185,Metekel
191,2021,20.405,113.18116666666667,99.63571428571429,0.33685714285714285,0.5067142857142857,0.021958333333333968,0.44580952380952377,Metekel
191,2022,20.15775,106.80966666666666,99.667,-0.33742857142857147,-0.3062142857142857,-0.24783333333333246,-0.37473214285714285,Metekel
191,2023,21.16275,112.83608333333332,99.14614285714286,-0.21928571428571428,0.21671428571428575,0.7346250000000012,0.14058333333333337,Metekel
191,2024,20.665916666666664,104.97841666666666,98.61557142857143,-0.020142857142857146,0.25342857142857145,0.2152499999999975,0.1696845238095238,Metekel
191,2025,20.68466666666667,96.37475,99.72642857142857,-1.0559999999999998,-0.35178571428571426,0.2114583333333364,-0.4431428571428571,Metekel
191,2026,21.9858,86.5494,99.877,-2.2768,0.2132,1.4900500000000036,0.1142297619047619,Metekel
218,1989,17.196916666666667,116.577,,0.17085714285714285,,-0.15294761904761955,,Buno Bedele
218,1990,17.34958333333333,120.79924999999999,,0.2561428571428571,,-0.01821954887218169,,Buno Bedele
218,1991,17.649416666666667,100.52425,99.98799999999999,-0.36271428571428566,,0.2636751879699233,,Buno Bedele
218,1992,17.12633333333333,111.0115,99.92728571428572,-0.28671428571428575,,-0.2773467418546396,,Buno Bedele
218,1993,17.51025,109.92466666666667,99.998,-0.22557142857142856,,0.08863132832080112,,Buno Bedele
218,1994,17.3595,114.30291666666666,99.49471428571428,0.3945714285714286,,-0.08005726817042813,,Buno Bedele
218,1995,17.699083333333334,95.84525000000001,99.84185714285715,-1.5788571428571427,,0.24158746867167835,,Buno Bedele
218,1996,17.432166666666667,113.73391666666667,99.92442857142858,0.5548571428571428,,-0.04326779448621565,,Buno Bedele
218,1997,17.835083333333333,102.31258333333334,99.89871428571429,-0.5958571428571428,,0.34171027568921986,,Buno Bedele
218,1998,17.936333333333334,116.37599999999999,99.49528571428571,0.36514285714285716,,0.42502167919799305,,Buno Bedele
218,1999,17.48275,92.53791666666666,99.46314285714286,-1.5254285714285716,,-0.046500250626568373,,Buno Bedele
218,2000,17.120083333333334,110.28341666666667,99.51771428571429,-0.36614285714285716,,-0.42710551378446127,,Buno Bedele
218,2001,17.336083333333335,106.93241666666665,99.73471428571429,-0.2232857142857143,0.6415,-0.22904411027569083,0.6685445269016698,Buno Bedele
218,2002,17.62666666666667,104.75016666666666,99.47257142857143,-0.8078571428571429,0.20049999999999998,0.04360062656641617,0.22529081632653059,Buno Bedele
218,2003,17.376166666666666,115.60566666666666,97.08214285714287,-0.4734285714285714,-0.8482857142857143,-0.2248379699248133,-0.8257486085343229,Buno Bedele
218,2004,17.376,117.35333333333334,99.97257142857143,0.3552857142857143,-0.3524285714285714,-0.24294323308270904,-0.3321451762523191,Buno Bedele
218,2005,17.70991666666667,120.59825000000001,99.61271428571429,0.39885714285714285,0.10078571428571428,0.07303483709273095,0.11881539888682746,Buno Bedele
218,2006,17.72375,118.94541666666667,99.39928571428571,0.4491428571428572,-0.267,0.06892957393483456,-0.251224025974026,Buno Bedele
218,2007,17.762583333333335,121.5305,99.93757142857143,0.3692857142857143,0.22178571428571428,0.08982431077694031,0.23530797773654916,Buno Bedele
218,2008,17.504916666666666,117.49033333333334,99.96742857142856,0.8405714285714286,0.9461428571428572,-0.1857809523809557,0.9574114100185529,Buno Bedele
218,2009,17.95266666666667,109.05891666666668,99.88814285714285,-0.9662857142857143,-0.10049999999999999,0.24403045112781996,-0.0914851576994434,Buno Bedele
218,2010,17.833333333333332,116.06725,99.24485714285713,0.3908571428571429,-0.4256428571428572,0.10675852130325225,-0.4188817254174398,Buno Bedele
218,2011,17.467166666666667,125.58758333333333,99.71671428571429,0.8737142857142857,-0.1529285714285714,-0.2773467418546396,-0.1484211502782931,Buno Bedele
218,2012,17.765916666666666,120.01325000000001,99.38542857142856,0.30100000000000005,-0.5575000000000001,0.0034646616541316178,-0.555246289424861,Buno Bedele
218,2013,17.620916666666666,104.98041666666667,98.91571428571429,-0.1455714285714286,-0.8845000000000001,-0.1594739348370986,-0.8845000000000001,Buno Bedele
218,2014,17.92291666666667,94.92325,100.0,-1.5017142857142858,0.8292142857142857,0.12458746867167747,0.8269605751391466,Buno Bedele
218,2015,18.2625,127.53708333333333,99.79742857142857,1.4627142857142859,0.49757142857142855,0.4462322055137804,0.49306400742115025,Buno Bedele
218,2016,17.970333333333333,103.92733333333332,99.88228571428571,-0.6907142857142857,0.3464285714285714,0.13612694235588307,0.339667439703154,Buno Bedele
218,2017,17.90525,120.23258333333332,99.95357142857142,0.19214285714285712,0.3165714285714286,0.05310501253132216,0.307556586270872,Buno Bedele
218,2018,17.704583333333336,102.49466666666666,99.88142857142857,-0.36514285714285716,-0.3520714285714286,-0.16550025062656815,-0.3633399814471243,Buno Bedele
218,2019,17.739833333333333,127.97883333333333,99.98457142857144,1.0458571428571428,0.6561428571428571,-0.14818884711779745,0.6426205936920223,Buno Bedele
218,2020,17.789166666666667,125.8285,99.91542857142858,0.6097142857142857,-0.22271428571428575,-0.11679411027569486,-0.23849025974025978,Buno Bedele
218,2021,17.778583333333334,119.4875,99.7432857142857,0.4235714285714286,0.09107142857142858,-0.1453160401002549,0.0730417439703154,Buno Bedele
218,2022,17.724833333333333,116.47266666666667,99.99214285714285,0.06942857142857144,-0.027,-0.21700463659148284,-0.04728339517625232,Buno Bedele
218,2023,18.2045,126.46641666666666,99.98842857142857,0.712,0.6710714285714285,0.2447234335839532,0.6485343228200371,Buno Bedele
218,2024,18.084416666666666,112.67375,99.18628571428572,-0.1524285714285714,-0.7519285714285713,0.10670150375939258,-0.7767193877551019,Buno Bedele
218,2025,17.880416666666665,126.41716666666667,99.98228571428571,0.6184285714285714,0.0647857142857143,-0.11523709273183513,0.03774118738404454,Buno Bedele
218,2026,18.4423,92.14840000000001,100.0,-1.3344,1.5208,0.4287076441102684,1.491501762523191,Buno Bedele
219,1989,18.073166666666665,36.068999999999996,,-0.811,,-0.12496932773109748,,East Hararge
219,1990,18.729333333333333,30.6515,,-1.2602857142857145,,0.5041189075630221,,East Hararge
219,1991,18.289166666666667,36.745916666666666,80.2387142857143,-0.5484285714285714,,0.03687380952380437,,East Hararge
219,1992,18.378583333333335,43.75116666666667,87.4647142857143,0.6867142857142857,,0.099212044817925,,East Hararge
219,1993,18.294166666666666,33.702,83.50014285714285,-0.6092857142857143,,-0.012283053221292306,,East Hararge
219,1994,18.172,50.0035,93.12128571428572,1.3717142857142857,,-0.16152815126050513,,East Hararge
219,1995,18.65775,32.145,87.15599999999999,-0.23185714285714284,,0.29714341736694294,,East Hararge
219,1996,17.8025,54.05641666666667,96.21485714285714,1.5955714285714286,,-0.5851850140056065,,East Hararge
219,1997,18.84175,44.96425,89.42371428571428,0.7165714285714285,,0.4269865546218483,,East Hararge
219,1998,18.633666666666667,38.728500000000004,78.94957142857142,-0.8114285714285714,,0.1918247899159624,,East Hararge
219,1999,18.21125,41.75266666666667,83.34842857142857,0.09428571428571429,,-0.2576703081232523,,East Hararge
219,2000,18.270083333333336,35.34175,79.77028571428572,-0.49328571428571427,,-0.2259154061624642,,East Hararge
219,2001,18.365583333333333,42.685583333333334,86.91585714285713,0.7245714285714285,-0.4245714285714286,-0.1574938375350179,-0.042612244897958895,East Hararge
219,2002,18.6815,34.832166666666666,76.50442857142858,-0.6278571428571428,-0.7549285714285715,0.13134439775910067,-0.40479931972789096,East Hararge
219,2003,18.387249999999998,47.963166666666666,89.87928571428571,0.5562857142857143,-0.24478571428571427,-0.18998403361344884,0.07351360544217711,East Hararge
219,2004,18.900333333333332,33.647333333333336,73.19742857142856,-0.8528571428571429,-0.5189285714285714,0.296020868347334,-0.23245918367346913,East Hararge
219,2005,18.738083333333332,37.068333333333335,87.81942857142857,-0.17157142857142854,0.10628571428571429,0.10669243697478592,0.3609251700680274,East Hararge
219,2006,18.3805,42.467083333333335,85.23342857142858,-0.12385714285714287,0.2874285714285714,-0.2779693277310926,0.5102380952380954,East Hararge
219,2007,18.564083333333333,50.87591666666666,92.41871428571429,0.7722857142857144,0.6061428571428572,-0.1214644257703128,0.7971224489795921,East Hararge
219,2008,18.593833333333333,35.14,82.90728571428572,-0.19157142857142856,-0.5919285714285714,-0.1187928571428607,-0.43277891156462567,East Hararge
219,2009,19.44025,36.973166666666664,75.34557142857143,-0.07128571428571429,-0.8654285714285714,0.7005453781512578,-0.7381088435374149,East Hararge
219,2010,18.461083333333335,48.033166666666666,89.72671428571428,0.3501428571428571,0.6075714285714285,-0.30569971988795785,0.703061224489796,East Hararge
219,2011,18.824333333333332,48.87775,87.62785714285714,0.9881428571428571,-0.5245,0.03047184873949149,-0.4608401360544217,East Hararge
219,2012,18.95475,54.06766666666667,89.75028571428571,1.3988571428571428,-0.20535714285714285,0.1338100840336125,-0.17352721088435372,East Hararge
219,2013,18.369916666666665,38.18516666666667,87.9252857142857,-0.14685714285714285,0.2307857142857143,-0.47810168067227465,0.2307857142857143,East Hararge
219,2014,19.000666666666667,45.90708333333333,81.14371428571428,-0.09114285714285712,0.08421428571428571,0.1255698879551801,0.052384353741496574,East Hararge
219,2015,19.561333333333334,27.112749999999995,69.09742857142858,-1.3264285714285715,-0.6542142857142857,0.6591581232492985,-0.7178741496598641,East Hararge
219,2016,18.852833333333333,31.23908333333333,82.10014285714286,-0.9588571428571429,0.2897857142857143,-0.07642030812325373,0.1942959183673469,East Hararge
219,2017,19.296916666666664,42.15708333333333,79.36714285714287,0.07885714285714285,-0.46864285714285714,0.34058459383753004,-0.5959625850340137,East Hararge
219,2018,18.47941666666667,37.58958333333333,90.45114285714286,-0.14457142857142857,0.2769285714285714,-0.5039938375350133,0.11777891156462572,East Hararge
219,2019,18.829333333333334,51.967999999999996,86.86285714285714,0.8585714285714285,0.34164285714285714,-0.18115560224089933,0.15066326530612228,East Hararge
219,2020,18.640249999999998,49.88891666666667,90.81528571428571,0.7917142857142857,1.3069285714285714,-0.3973173669467833,1.0841190476190474,East Hararge
219,2021,18.81866666666667,44.675916666666666,80.43042857142858,0.24185714285714285,-0.07535714285714284,-0.2459791316526605,-0.32999659863945596,East Hararge
219,2022,18.905,32.74941666666667,65.18685714285714,-1.0365714285714287,-1.0552142857142857,-0.18672422969187963,-1.341683673469388,East Hararge
219,2023,19.573666666666668,35.33358333333333,82.51942857142856,-0.6472857142857142,1.4030714285714287,0.4548640056022393,1.0847721088435374,East Hararge
219,2024,19.561583333333335,51.418083333333335,89.56328571428571,1.111,1.050142857142857,0.41570224089635843,0.7000136054421765,East Hararge
219,2025,19.209833333333332,41.264916666666664,66.57214285714285,-0.3852857142857143,-0.6316428571428572,0.03687380952380437,-1.0136020408163269,East Hararge
219,2026,19.9703,25.2928,65.3968,-1.766,0.433,0.770262044817926,0.019210884353741187,East Hararge
220,1989,18.232833333333335,56.54441666666667,,-0.2167142857142857,,-0.11987083333333359,,East Shewa
220,1990,18.367583333333332,47.62833333333333,,-0.7935714285714287,,-0.005891666666670403,,East Shewa
220,1991,18.751583333333333,48.03258333333333,96.24199999999999,-0.3221428571428571,,0.3573374999999963,,East Shewa
220,1992,18.135916666666667,60.758833333333335,97.38657142857143,0.6051428571428571,,-0.27910000000000323,,East Shewa
220,1993,18.525,52.80466666666666,97.95285714285714,-0.11385714285714285,,0.08921249999999503,,East Shewa
220,1994,18.16508333333333,54.797333333333334,97.703,0.23185714285714284,,-0.2914750000000055,,East Shewa
220,1995,18.7135,43.10508333333333,96.731,-1.0085714285714287,,0.236170833333329,,East Shewa
220,1996,18.120833333333334,58.80716666666667,98.549,0.8514285714285714,,-0.3772666666666673,,East Shewa
220,1997,19.004166666666666,47.10841666666667,95.04028571428572,-0.43142857142857144,,0.4852958333333319,,East Shewa
220,1998,18.932666666666666,60.40716666666666,98.15914285714287,0.7467142857142858,,0.39302499999999796,,East Shewa
220,1999,18.58625,50.77133333333333,96.42157142857143,0.3047142857142857,,0.02583749999999796,,East Shewa
220,2000,18.014666666666667,53.20441666666667,97.32342857142858,-0.10714285714285712,,-0.5665166666666686,,East Shewa
220,2001,18.094333333333335,51.18091666666667,98.37157142857143,0.5944285714285715,0.5589285714285714,-0.5076208333333341,1.0553285714285714,East Shewa
220,2002,18.867083333333333,37.947583333333334,93.25557142857143,-1.6542857142857144,-1.2379285714285713,0.2443583333333308,-0.7828952380952379,East Shewa
220,2003,18.20575,56.666083333333326,98.00542857142857,0.5014285714285714,-0.331,-0.43774583333333794,0.08266666666666667,East Shewa
220,2004,18.442333333333334,44.6515,95.85085714285715,-0.7997142857142857,-0.46678571428571436,-0.22193333333333598,-0.09448571428571434,East Shewa
220,2005,18.83475,46.27533333333333,97.40942857142856,-0.4045714285714285,0.2515714285714286,0.1497124999999997,0.582504761904762,East Shewa
220,2006,18.781166666666667,50.36816666666667,98.09457142857143,-0.11699999999999999,-0.17735714285714285,0.07535833333333386,0.11220952380952384,East Shewa
220,2007,18.628416666666666,59.62233333333333,98.69357142857143,0.7545714285714286,0.5127142857142857,-0.09816250000000082,0.7609142857142857,East Shewa
220,2008,18.585416666666667,67.199,98.44728571428571,1.2818571428571428,-0.15114285714285713,-0.1619333333333337,0.05569047619047621,East Shewa
220,2009,19.334500000000002,44.76433333333333,94.62514285714285,-0.7482857142857143,-0.9267142857142858,0.5663791666666675,-0.7612476190476192,East Shewa
220,2010,19.03325,55.33858333333333,98.65385714285715,0.19942857142857143,0.08428571428571427,0.2443583333333308,0.20838571428571429,East Shewa
220,2011,18.537166666666668,61.328583333333334,98.38657142857143,0.8869999999999999,-0.3460714285714286,-0.27249583333333405,-0.26333809523809526,East Shewa
220,2012,18.8625,63.21008333333333,98.03914285714286,0.8971428571428571,-0.2710714285714285,0.03206666666666891,-0.22970476190476186,East Shewa
220,2013,18.621416666666665,57.615583333333326,98.22885714285714,0.5147142857142858,0.18735714285714286,-0.22978750000000048,0.18735714285714286,East Shewa
220,2014,19.190833333333334,45.053416666666664,94.91114285714286,-1.536,-0.6575714285714286,0.3188583333333348,-0.6989380952380952,East Shewa
220,2015,19.554083333333335,41.17625,92.44157142857144,-1.3980000000000001,-0.5645,0.6613375000000019,-0.6472333333333333,East Shewa
220,2016,19.158333333333335,46.45441666666667,94.50814285714286,-0.15799999999999997,0.4744285714285714,0.24481666666666868,0.35032857142857143,East Shewa
220,2017,19.155583333333333,58.136083333333325,98.2517142857143,0.41485714285714287,-0.054000000000000006,0.22129583333333258,-0.2194666666666667,East Shewa
220,2018,18.841916666666666,52.77891666666667,95.89528571428572,0.0697142857142857,0.29392857142857143,-0.11314166666666736,0.08709523809523809,East Shewa
220,2019,18.69575,58.019083333333334,98.27157142857142,0.2354285714285714,0.24542857142857144,-0.2800791666666669,-0.0027714285714285913,East Shewa
220,2020,18.675,66.2645,99.00742857142858,1.484,0.5386428571428572,-0.3216000000000001,0.2490761904761905,East Shewa
220,2021,18.867,49.10833333333334,97.56814285714286,-0.25142857142857145,0.3504285714285714,-0.15037083333333,0.019495238095238066,East Shewa
220,2022,18.703916666666668,49.63583333333333,95.78457142857143,-0.7518571428571429,-0.06521428571428571,-0.33422499999999644,-0.43751428571428574,East Shewa
220,2023,19.442333333333334,56.52908333333334,97.47,0.2865714285714286,1.0388571428571427,0.38342083333333576,0.6251904761904761,East Shewa
220,2024,19.03141666666667,56.61708333333333,97.95657142857144,0.8581428571428571,0.9969285714285714,-0.04826666666666313,0.541895238095238,East Shewa
220,2025,19.063333333333333,57.61291666666667,98.04499999999999,0.26057142857142856,0.2745714285714286,-0.037120833333332826,-0.22182857142857149,East Shewa
220,2026,19.869,33.8808,92.2256,-2.9204,-0.1768,0.7477750000000007,-0.7145666666666668,East Shewa
221,1989,13.510916666666667,84.68625,,0.10585714285714287,,-0.08290811688311628,,Finfine Special
221,1990,13.598416666666667,76.35433333333333,,-0.5578571428571429,,-0.018434632034630027,,Finfine Special
221,1991,14.02375,84.74233333333333,96.01185714285714,0.05971428571428572,,0.38387218614718677,,Finfine Special
221,1992,13.396,76.63675,96.71857142857142,-0.438,,-0.26690432900432803,,Finfine Special
221,1993,13.665666666666667,92.12966666666667,99.81700000000001,0.28014285714285714,,-0.020264177489176305,,Finfine Special
221,1994,13.565833333333332,81.20608333333332,97.83142857142857,-0.18742857142857144,,-0.14312402597402674,,Finfine Special
221,1995,14.02575,70.59966666666666,98.373,-0.8005714285714286,,0.29376612554112747,,Finfine Special
221,1996,13.714666666666666,95.7,99.64914285714285,1.3875714285714287,,-0.04034372294372268,,Finfine Special
221,1997,14.06875,67.6615,97.17857142857143,-1.0222857142857142,,0.29071309523809674,,Finfine Special
221,1998,14.297916666666666,90.24125,98.901,0.7374285714285714,,0.49685324675324694,,Finfine Special
221,1999,13.822000000000001,85.59100000000001,93.38671428571429,0.5187142857142857,,-0.0020899350649337123,,Finfine Special
221,2000,13.268583333333334,81.15058333333333,98.65785714285714,-0.227,,-0.5785331168831149,,Finfine Special
221,2001,13.41075,80.48058333333334,99.41242857142856,0.3564285714285714,0.5787142857142857,-0.4593929653679645,0.8602659063625451,Finfine Special
221,2002,13.969666666666667,63.12075000000001,95.785,-1.293,-0.2705714285714286,0.07649718614718815,-0.012482442977190866,Finfine Special
221,2003,13.616999999999999,83.31658333333333,98.85528571428571,0.09971428571428571,-0.8497142857142856,-0.29919599567099553,-0.6150879351740696,Finfine Special
221,2004,13.643500000000001,71.22383333333333,97.25014285714285,-0.8804285714285714,-0.1994285714285714,-0.2957225108225092,0.011735144057623076,Finfine Special
221,2005,14.146500000000001,71.54625,98.81185714285714,-0.5197142857142857,0.4287142857142857,0.1842509740259768,0.6164153661464586,Finfine Special
221,2006,14.026083333333332,87.16741666666667,99.52014285714286,0.696,0.04135714285714284,0.04080779220779185,0.2055955882352941,Finfine Special
221,2007,14.064333333333332,92.51616666666666,99.45714285714287,1.163714285714286,-0.2162857142857143,0.05603127705627742,-0.07550990396158463,Finfine Special
221,2008,13.746166666666667,88.52499999999999,98.52099999999999,0.5534285714285714,-0.1837857142857143,-0.2851619047619032,-0.06647253901560626,Finfine Special
221,2009,14.536416666666668,76.53358333333334,94.175,-0.42771428571428577,-1.2313571428571428,0.4820615800865813,-1.1375066026410563,Finfine Special
221,2010,14.2945,86.32933333333334,99.37042857142856,0.6438571428571428,-0.010928571428571426,0.21711839826839885,0.05945933373349341,Finfine Special
221,2011,13.720666666666666,86.06016666666666,99.38114285714286,0.4785714285714286,-0.22607142857142856,-0.37974145021645,-0.17914615846338533,Finfine Special
221,2012,14.202416666666666,84.9855,97.68857142857142,0.08342857142857142,-0.6954285714285715,0.07898203463203579,-0.6719659363745499,Finfine Special
221,2013,13.934333333333333,78.63733333333333,99.28871428571428,-0.218,-0.21700000000000003,-0.21212781385281332,-0.21700000000000003,Finfine Special
221,2014,14.5005,61.25641666666667,98.74971428571429,-2.1312857142857142,-0.455,0.3310123376623384,-0.47846263505402165,Finfine Special
221,2015,14.6535,62.06391666666667,98.62971428571429,-1.6098571428571429,0.08714285714285715,0.460985822510823,0.04021758703481393,Finfine Special
221,2016,14.341916666666668,75.0295,98.93771428571428,-0.33085714285714285,0.6766428571428571,0.12637597402597578,0.6062549519807923,Finfine Special
221,2017,14.33325,94.23349999999999,98.61557142857143,0.6381428571428572,0.056285714285714286,0.0946827922077933,-0.03756482593037215,Finfine Special
221,2018,13.933749999999998,86.52616666666667,99.35314285714286,0.6204285714285714,0.3367142857142857,-0.3278437229437241,0.21940111044417765,Finfine Special
221,2019,14.059666666666667,101.71508333333333,99.601,1.1142857142857143,0.8820714285714286,-0.2249535714285713,0.741295618247299,Finfine Special
221,2020,14.215166666666667,96.51933333333334,99.813,1.07,0.6835,-0.09248008658008544,0.5192615546218488,Finfine Special
221,2021,14.278916666666667,76.07000000000001,98.85799999999999,-0.3995714285714286,0.19385714285714287,-0.05175660173160068,0.0061560624249699936,Finfine Special
221,2022,14.196166666666665,89.70833333333333,95.32971428571429,0.13314285714285715,-0.8878571428571429,-0.15753311688311733,-1.0990208583433374,Finfine Special
221,2023,14.57425,87.64566666666667,99.87142857142858,0.3817142857142857,1.7985714285714285,0.19752370129870123,1.5639450780312125,Finfine Special
221,2024,14.47625,85.42708333333333,98.91057142857143,0.22285714285714286,0.15200000000000002,0.07649718614718815,-0.10608898559423768,Finfine Special
221,2025,14.371916666666666,87.61308333333334,97.71842857142857,0.30114285714285716,0.107,-0.050862662337662456,-0.17455162064825935,Finfine Special
221,2026,14.7488,68.6704,98.24780000000001,-2.4134,0.3497,0.30299415584415534,0.0446857442977191,Finfine Special
245,1989,15.473999999999998,61.159,,-0.012857142857142853,,-0.1318209821428571,,Kembata Tembaro
245,1990,15.604083333333334,46.82933333333333,,-0.9987142857142858,,-0.02004494047618799,,Kembata Tembaro
245,1991,15.849416666666665,60.2115,99.4737142857143,0.43871428571428567,,0.2069811011904772,,Kembata Tembaro
245,1992,15.438250000000002,57.49758333333333,99.46557142857144,0.22614285714285715,,-0.2224928571428535,,Kembata Tembaro
245,1993,15.725,52.34883333333334,98.85757142857143,-0.03371428571428572,,0.04594985119047834,,Kembata Tembaro
245,1994,15.604,61.656,99.50728571428571,0.8342857142857143,,-0.09335744047618988,,Kembata Tembaro
245,1995,15.902333333333333,58.5255,99.43642857142856,0.43542857142857144,,0.1866686011904779,,Kembata Tembaro
245,1996,15.665916666666666,69.39025,99.324,1.3608571428571428,,-0.06805535714285504,,Kembata Tembaro
245,1997,16.117250000000002,54.455666666666666,99.2942857142857,-0.37385714285714283,,0.3649706845238132,,Kembata Tembaro
245,1998,16.032666666666668,51.63458333333333,99.17028571428571,-0.27471428571428574,,0.26208005952381264,,Kembata Tembaro
245,1999,15.887583333333334,57.49191666666667,98.77971428571428,0.14514285714285716,,0.09868943452381096,,Kembata Tembaro
245,2000,15.27775,53.561,99.10942857142857,-0.5650000000000001,,-0.5294511904761894,,Kembata Tembaro
245,2001,15.470999999999998,61.53766666666667,99.57957142857143,0.5638571428571428,-0.0245,-0.35450848214285635,0.4783182773109244,Kembata Tembaro
245,2002,15.972666666666667,61.54183333333333,99.46814285714287,0.26657142857142857,-0.24592857142857144,0.12885089285714635,0.21498818277310933,Kembata Tembaro
245,2003,15.475666666666667,57.519083333333334,99.11257142857143,-0.4288571428571429,-0.7388571428571429,-0.3864563988095213,-0.3198419117647058,Kembata Tembaro
245,2004,15.6545,55.237833333333334,97.8092857142857,-0.5812857142857143,-0.37642857142857145,-0.2259303571428557,0.0006851365546219346,Kembata Tembaro
245,2005,15.944166666666668,52.027166666666666,99.18785714285715,-0.5528571428571428,0.05235714285714285,0.04542901785714548,0.38756932773109254,Kembata Tembaro
245,2006,16.069583333333334,60.474333333333334,99.5942857142857,0.5391428571428571,0.11078571428571429,0.152538392857144,0.40409637605042026,Kembata Tembaro
245,2007,15.974083333333333,75.3145,99.27928571428572,1.3432857142857142,0.19657142857142856,0.038731101190476735,0.4479805672268908,Kembata Tembaro
245,2008,15.815333333333333,67.98266666666667,99.45842857142858,0.9844285714285714,-0.48578571428571427,-0.13832619047618877,-0.2762780987394957,Kembata Tembaro
245,2009,16.3755,47.047583333333336,96.86557142857143,-0.9644285714285713,-1.1142142857142858,0.4035331845238108,-0.9466081932773109,Kembata Tembaro
245,2010,16.151666666666667,53.910583333333335,99.07385714285715,-0.47200000000000003,0.25657142857142856,0.16139255952381326,0.38227599789915967,Kembata Tembaro
245,2011,15.6145,59.40633333333333,98.42257142857143,0.3251428571428571,-0.07714285714285714,-0.3940813988095222,0.006660189075630277,Kembata Tembaro
245,2012,15.958833333333333,69.11975,99.34942857142858,0.9174285714285714,-0.6334285714285715,-0.06805535714285504,-0.5915270483193278,Kembata Tembaro
245,2013,15.853833333333334,72.19266666666667,99.54885714285714,1.5250000000000001,0.20142857142857143,-0.19136264880952147,0.20142857142857143,Kembata Tembaro
245,2014,16.283333333333335,59.71416666666667,99.06871428571428,0.2452857142857143,0.6239285714285714,0.2198300595238134,0.5820270483193277,Kembata Tembaro
245,2015,16.590833333333332,60.4415,99.298,0.0492857142857143,-0.7332857142857143,0.5090227678571448,-0.8170887605042018,Kembata Tembaro
245,2016,16.278583333333334,46.02741666666666,99.22171428571428,-1.265857142857143,0.5977857142857143,0.17846547619048003,0.47208114495798315,Kembata Tembaro
245,2017,16.175833333333333,62.849333333333334,98.92271428571429,0.011714285714285708,-0.7815714285714286,0.057408184523810135,-0.9491775210084035,Kembata Tembaro
245,2018,15.915166666666666,51.34283333333334,99.35128571428572,-0.751,0.47371428571428564,-0.22156577380952314,0.2642066701680671,Kembata Tembaro
245,2019,16.023833333333332,70.12375,99.56885714285714,1.1558571428571427,0.47557142857142853,-0.1312063988095229,0.22416228991596632,Kembata Tembaro
245,2020,16.060166666666667,57.84125,99.61771428571429,0.03628571428571426,0.9279285714285714,-0.1131803571428538,0.6346179096638656,Kembata Tembaro
245,2021,16.069583333333334,51.6265,97.49342857142858,-0.8398571428571427,-0.7222142857142857,-0.12207098214285494,-1.0574264705882355,Kembata Tembaro
245,2022,16.126166666666666,53.37158333333333,98.434,-0.9562857142857143,-1.0229285714285714,-0.08379494047618863,-1.4000422794117648,Kembata Tembaro
245,2023,16.485083333333332,42.512166666666666,98.68942857142858,-2.1677142857142857,1.2570714285714286,0.25681443452380925,0.8380561974789915,Kembata Tembaro
245,2024,16.285999999999998,61.04791666666667,99.49257142857142,0.5797142857142857,0.9143571428571429,0.039423809523809084,0.4534403886554621,Kembata Tembaro
245,2025,16.252,61.03333333333333,99.86514285714286,0.5582857142857143,0.8440714285714286,-0.01288348214285584,0.34125315126050415,Kembata Tembaro
245,2026,16.8124,43.3781,98.8954,-1.9434,1.1086999999999998,0.5292092261904795,0.5639801995798316,Kembata Tembaro
247,1989,27.228625,2.36325,,0.37666666666666665,,0.08073571428570503,,Doolo
247,1990,27.450875,1.23175,,-0.35733333333333334,,0.2709321428571343,,Doolo
247,1991,27.277875,1.4545,11.396333333333333,0.6716666666666667,,0.0658785714285628,,Doolo
247,1992,27.2915,3.6515,12.560666666666668,0.3066666666666666,,0.047449999999990666,,Doolo
247,1993,27.312625,1.53,10.161,0.38833333333333325,,0.036521428571418824,,Doolo
247,1994,27.23375,1.551,15.846666666666666,0.103,,-0.07440714285715089,,Doolo
247,1995,27.688625000000002,1.5110000000000001,10.412,-0.08033333333333331,,0.3484142857142807,,Doolo
247,1996,26.894750000000002,1.28,10.766,0.326,,-0.47751428571429244,,Doolo
247,1997,27.73475,3.42,18.060666666666666,-0.20733333333333345,,0.3304321428571342,,Doolo
247,1998,27.928375,1.380625,10.285333333333332,0.05066666666666664,,0.49200357142856177,,Doolo
247,1999,27.266125,1.293,7.968,-0.8719999999999999,,-0.20230000000000814,,Doolo
247,2000,27.204875,1.2745,9.168,-0.19100000000000003,,-0.29560357142857896,,Doolo
247,2001,27.37925,1.941875,11.937666666666667,0.003666666666666679,-0.3315238095238095,-0.15328214285715092,-0.09792424242424233,Doolo
247,2002,27.517,1.8562500000000002,16.176666666666666,-0.11866666666666666,0.5345476190476189,-0.047585714285720115,0.7486805555555556,Doolo
247,2003,27.771875,1.31175,7.718666666666667,-0.025999999999999985,-0.560095238095238,0.1752357142857086,-0.365428932178932,Doolo
247,2004,27.423000000000002,1.335375,8.19,-0.5710000000000001,-0.7723095238095239,-0.20569285714286067,-0.5971098484848485,Doolo
247,2005,27.37975,3.75775,13.01,0.7683333333333334,0.5413095238095238,-0.28099642857143436,0.6970425685425685,Doolo
247,2006,27.785375000000002,2.112375,11.260666666666665,0.059,-0.43892857142857145,0.09257499999999652,-0.3026621572871573,Doolo
247,2007,27.73575,4.4625,15.335333333333333,0.7010000000000001,0.06747619047619041,0.010896428571420813,0.184275974025974,Doolo
247,2008,27.421625,1.399875,8.706333333333333,-0.11000000000000003,-0.8438571428571429,-0.3352821428571495,-0.7465239898989899,Doolo
247,2009,28.07525,1.33025,8.485000000000001,-0.08066666666666668,-0.6277857142857143,0.28628928571428247,-0.5499191919191919,Doolo
247,2010,27.99625,1.8945,16.330333333333332,0.6303333333333333,0.9769761904761904,0.1752357142857086,1.0353760822510822,Doolo
247,2011,28.0985,1.560875,9.371,0.459,-0.026261904761904736,0.24543214285714043,0.012671356421356458,Doolo
247,2012,27.84925,2.0745,15.068666666666667,0.467,-0.33938095238095234,-0.03587142857143277,-0.3199143217893217,Doolo
247,2013,27.525875,1.266,21.959,-0.06633333333333336,0.4279523809523809,-0.39130000000000464,0.4279523809523809,Doolo
247,2014,28.012625,3.372625,10.694333333333333,0.6689999999999999,-0.5642380952380952,0.0633964285714228,-0.5837047258297258,Doolo
247,2015,28.533375,3.535125,15.859666666666667,0.23133333333333336,-0.1858095238095238,0.5520928571428527,-0.224742784992785,Doolo
247,2016,27.649749999999997,1.1561249999999998,10.821666666666667,-0.11800000000000001,-0.5480714285714285,-0.36358571428571906,-0.6064713203463203,Doolo
247,2017,28.143375,1.4136250000000001,9.518333333333333,-0.12733333333333333,-0.2162142857142857,0.09798571428570924,-0.29408080808080805,Doolo
247,2018,27.74475,3.293125,16.150000000000002,0.758,0.6014285714285714,-0.33269285714285957,0.5040954184704185,Doolo
247,2019,28.349625,1.95275,12.066666666666668,0.49466666666666664,-0.2615,0.24012857142856703,-0.3782997835497836,Doolo
247,2020,28.500625,4.00675,12.722,0.8626666666666667,1.2958095238095237,0.35907499999999715,1.1595431096681095,Doolo
247,2021,27.815875,1.208125,13.159333333333334,0.24899999999999997,0.4869523809523809,-0.35772857142857717,0.33121933621933614,Doolo
247,2022,27.6895,1.9082499999999998,11.287666666666667,0.26166666666666666,-0.46942857142857136,-0.5161571428571463,-0.6446282467532467,Doolo
247,2023,28.296125,3.7185,14.018333333333333,1.1536666666666668,0.06747619047619047,0.058414285714285086,-0.1271901154401155,Doolo
247,2024,28.560375,2.056,17.521333333333335,0.27499999999999997,1.147547619047619,0.2906107142857124,0.9334146825396825,Doolo
247,2025,28.403750000000002,1.31775,9.644333333333334,0.0346666666666667,-0.28964285714285715,0.10193214285714447,-0.5232424242424243,Doolo
247,2026,28.299833333333336,1.5583333333333333,6.0,-1.37,-0.9051,-0.03403809523809542,-1.1581661976911977,Doolo
259,1989,19.050333333333334,29.152083333333334,,-1.3441428571428573,,-0.13066538461538713,,Harari
259,1990,19.714333333333332,26.889666666666667,,-1.3982857142857144,,0.5078538461538429,,Harari
259,1991,19.175583333333332,35.99033333333333,90.73114285714287,-0.15,,-0.056376923076928875,,Harari
259,1992,19.4145,30.619249999999997,94.00757142857142,-0.011142857142857137,,0.15705897435897143,,Harari
259,1993,19.277666666666665,31.100333333333335,88.71557142857144,-0.5047142857142857,,-0.005255128205131854,,Harari
259,1994,19.165,40.686749999999996,98.77585714285715,1.1365714285714286,,-0.14340256410256913,,Harari
259,1995,19.644583333333333,29.25616666666667,95.78200000000001,0.054428571428571444,,0.3106999999999971,,Harari
259,1996,18.779,43.803666666666665,99.309,1.5530000000000002,,-0.5803641025641042,,Harari
259,1997,19.752416666666665,39.98325,95.79228571428573,0.713,,0.3675717948717896,,Harari
259,1998,19.568166666666666,29.066166666666664,85.55085714285714,-1.2489999999999999,,0.15784102564102298,,Harari
259,1999,19.19325,39.65108333333333,89.73142857142857,0.5255714285714286,,-0.2425564102564124,,Harari
259,2000,19.293583333333334,31.03125,86.21228571428571,-0.6031428571428571,,-0.1677038461538487,,Harari
259,2001,19.403833333333335,37.70333333333333,96.3922857142857,1.0087142857142857,-0.9017857142857142,-0.082934615384616,-0.37917857142857125,Harari
259,2002,19.644416666666668,29.677083333333332,84.62014285714285,-0.6951428571428571,-0.5194285714285715,0.13216794871794946,-0.040372023809523816,Harari
259,2003,19.27325,47.413000000000004,97.66128571428571,1.0474285714285714,-0.4087857142857143,-0.2644794871794858,0.026720238095238102,Harari
259,2004,19.86466666666667,29.988500000000002,79.221,-0.8714285714285713,-0.6796428571428571,0.3014564102564101,-0.28768749999999993,Harari
259,2005,19.6295,35.67216666666667,94.73557142857143,0.10042857142857141,-0.16507142857142856,0.040808974358974126,0.18333333333333338,Harari
259,2006,19.342916666666667,37.95741666666667,94.14585714285714,-0.06414285714285714,0.00057142857142857,-0.27125512820512654,0.30542559523809526,Harari
259,2007,19.509166666666665,43.355333333333334,98.18171428571428,0.5454285714285714,0.3045,-0.1304858974359,0.5658035714285714,Harari
259,2008,19.633416666666665,28.673083333333334,89.49071428571428,-0.3507142857142857,-0.8168571428571428,-0.03171666666666795,-0.5991041666666667,Harari
259,2009,20.341166666666666,33.536833333333334,84.75057142857143,0.02614285714285715,-0.2792142857142857,0.6505525641025649,-0.10501190476190472,Harari
259,2010,19.397833333333335,37.405166666666666,94.87542857142857,0.03942857142857143,0.47585714285714287,-0.31826153846153815,0.6065089285714286,Harari
259,2011,19.802666666666667,43.413916666666665,94.84400000000001,1.1897142857142857,-0.9318571428571429,0.06109102564102642,-0.8447559523809525,Harari
259,2012,19.800250000000002,48.34475,98.17885714285714,1.6642857142857144,0.2655,0.03319358974359332,0.30905059523809525,Harari
259,2013,19.317166666666665,29.808583333333335,95.82328571428572,-0.3645714285714286,0.7822142857142858,-0.4753705128205148,0.7822142857142858,Harari
259,2014,20.033833333333334,38.697833333333335,89.925,0.0177142857142857,-0.0040714285714285705,0.21581538461538585,-0.047622023809523815,Harari
259,2015,20.450583333333334,22.57641666666667,76.02285714285713,-1.4844285714285714,0.28085714285714286,0.6070846153846183,0.1937559523809524,Harari
259,2016,19.770666666666667,30.109916666666667,90.25742857142858,-0.6182857142857143,0.7101428571428572,-0.09831282051281676,0.5794910714285715,Harari
259,2017,20.268583333333336,36.46358333333333,85.74128571428571,0.1355714285714286,-0.6317857142857143,0.37412307692308033,-0.8059880952380952,Harari
259,2018,19.429333333333332,32.209250000000004,97.434,-0.1782857142857143,0.2910714285714286,-0.49060769230769097,0.07331845238095239,Harari
259,2019,19.823583333333332,43.564750000000004,88.79471428571428,0.7305714285714285,-0.24571428571428572,-0.12183846153845934,-0.5070178571428572,Harari
259,2020,19.545833333333334,44.833499999999994,97.21799999999999,0.8929999999999999,1.147,-0.4250692307692283,0.8421458333333334,Harari
259,2021,19.775833333333335,39.713,86.12542857142856,0.25457142857142856,-0.056357142857142856,-0.2205499999999958,-0.40476190476190477,Harari
259,2022,19.832916666666666,29.113833333333332,66.95328571428571,-1.1724285714285716,-1.1344285714285713,-0.18894743589743257,-1.5263839285714285,Harari
259,2023,20.492333333333335,30.8215,91.69914285714286,-0.5257142857142857,2.0134285714285713,0.4449884615384647,1.577922619047619,Harari
259,2024,20.500666666666667,44.93758333333333,94.51228571428571,1.3128571428571427,0.6307857142857143,0.42784102564102966,0.15172916666666664,Harari
259,2025,20.1315,33.18833333333333,70.66499999999999,-0.5692857142857143,-1.0300714285714285,0.03319358974359332,-1.5526785714285714,Harari
259,2026,20.852600000000002,20.8645,71.81280000000001,-2.2316,0.8762000000000001,0.7288128205128253,0.3100422619047619,Harari
381,1989,25.17833333333333,56.708,,0.2552857142857143,,-0.27837460317460483,,Itang Special W.
381,1990,25.558166666666665,60.48374999999999,,0.8981428571428571,,0.08726428571428357,,Itang Special W.
381,1991,25.268833333333333,50.405,99.69571428571429,-0.28585714285714287,,-0.2162634920634936,,Itang Special W.
381,1992,25.152666666666665,48.84616666666667,98.27842857142858,-0.8968571428571428,,-0.34662460317460386,,Itang Special W.
381,1993,25.8185,38.35866666666667,95.25085714285714,-2.0492857142857144,,0.3050142857142859,,Itang Special W.
381,1994,25.142916666666665,49.00808333333333,99.07528571428573,-0.7447142857142858,,-0.38476349206349525,,Itang Special W.
381,1995,25.60075,49.82725,99.12185714285714,-0.9151428571428571,,0.05887539682539966,,Itang Special W.
381,1996,24.906916666666664,80.79258333333333,100.0,2.435142857142857,,-0.6491523809523834,,Itang Special W.
381,1997,26.31958333333333,67.04408333333333,99.53171428571429,1.0081428571428572,,0.7493198412698376,,Itang Special W.
381,1998,25.889666666666667,63.62141666666667,98.69628571428572,1.1018571428571429,,0.30520873015873207,,Itang Special W.
381,1999,25.677000000000003,55.05075,99.18457142857143,-0.3171428571428571,,0.07834761904762289,,Itang Special W.
381,2000,25.655666666666665,44.44875,98.32285714285715,-0.7504285714285714,,0.04281984126983929,,Itang Special W.
381,2001,25.36125,49.30658333333333,99.81842857142858,-0.7651428571428571,-0.99,-0.26579126984126944,-0.428905808477237,Itang Special W.
381,2002,26.245833333333334,47.77133333333333,95.16228571428572,-0.8805714285714286,-0.03907142857142856,0.6045976190476203,0.4752649136577708,Itang Special W.
381,2003,25.439166666666665,56.28666666666667,96.51785714285714,0.3097142857142857,-1.4162857142857144,-0.2162634920634936,-0.9487072213500786,Itang Special W.
381,2004,26.017833333333332,52.95433333333333,98.20414285714286,-0.18185714285714286,-0.7487142857142857,0.3482087301587313,-0.32789364207221344,Itang Special W.
381,2005,25.77208333333333,45.96691666666666,97.02014285714286,-0.9608571428571429,-0.4427142857142857,0.0882642857142848,-0.06865149136577708,Itang Special W.
381,2006,25.56425,51.471916666666665,98.22914285714286,0.17528571428571427,-0.6201428571428572,-0.13376349206349047,-0.29283791208791216,Itang Special W.
381,2007,25.29625,63.40808333333334,99.9552857142857,0.31871428571428567,0.6201428571428571,-0.4159579365079331,0.9006899529042386,Itang Special W.
381,2008,25.441000000000003,53.35333333333333,99.99785714285714,-0.10400000000000001,0.8151428571428572,-0.2854023809523767,1.0489321036106751,Itang Special W.
381,2009,26.608500000000003,44.82875000000001,96.298,-1.420142857142857,-0.5747857142857142,0.8679031746031782,-0.3877543171114599,Itang Special W.
381,2010,25.45675,54.0325,98.90685714285713,-0.08057142857142859,-0.626,-0.2980412698412671,-0.48572645211930926,Itang Special W.
381,2011,25.434416666666667,57.79216666666667,98.04957142857143,0.6371428571428571,-0.3056428571428571,-0.3345690476190448,-0.21212715855572994,Itang Special W.
381,2012,25.175749999999997,57.008916666666664,99.16842857142856,0.6628571428571428,0.6987857142857142,-0.6074301587301605,0.7455435635792778,Itang Special W.
381,2013,25.39075,57.736333333333334,99.20357142857142,0.2951428571428571,0.1835,-0.40662460317459903,0.1835,Itang Special W.
381,2014,25.68925,53.34608333333333,99.92557142857142,-0.7722857142857142,1.054357142857143,-0.12231904761904389,1.0075992935635794,Itang Special W.
381,2015,26.515416666666667,58.09516666666667,98.85485714285714,-0.24700000000000003,0.3177857142857143,0.6896531746031762,0.22427001569858712,Itang Special W.
381,2016,26.295583333333337,53.87683333333333,98.27185714285714,0.4747142857142857,0.16971428571428573,0.45562539682540404,0.029440737833594993,Itang Special W.
381,2017,25.923166666666663,61.74625,99.77957142857143,0.6331428571428572,0.08821428571428569,0.06901428571428525,-0.09881711145996863,Itang Special W.
381,2018,26.027583333333336,45.28125,99.40942857142856,-0.7878571428571428,0.16649999999999998,0.15923650793651234,-0.06728924646781792,Itang Special W.
381,2019,25.456416666666666,67.74458333333332,98.48671428571429,0.9359999999999999,-1.194142857142857,-0.42612460317459977,-1.4746899529042383,Itang Special W.
381,2020,25.22175,64.9905,99.62371428571429,0.8468571428571429,0.15542857142857142,-0.674985714285711,-0.17187637362637365,Itang Special W.
381,2021,25.620583333333332,57.91491666666666,98.78257142857142,-0.05114285714285714,0.4651428571428572,-0.2903468253968242,0.09108006279434855,Itang Special W.
381,2022,25.546833333333336,62.879416666666664,99.652,0.41414285714285715,0.5620714285714286,-0.37829126984126304,0.14125078492935633,Itang Special W.
381,2023,26.932166666666664,59.0635,97.49228571428571,0.557,-0.17099999999999999,0.9928476190476196,-0.6385784929356357,Itang Special W.
381,2024,26.37875,50.87366666666667,94.07442857142857,-0.12142857142857143,0.4147857142857143,0.4252365079365106,-0.09955062794348501,Itang Special W.
381,2025,26.18025,63.00958333333333,97.31842857142858,0.901,0.42421428571428565,0.2125420634920694,-0.1368799058084773,Itang Special W.
381,2026,27.6641,52.0173,98.0424,0.1618,0.9915,1.6821976190476242,0.38364795918367345,Itang Special W.
398,1989,20.18675,71.36841666666668,,-0.48414285714285715,,-0.1993892857142825,,Majang
398,1990,20.417083333333334,78.86625,,0.45142857142857146,,0.01646904761905077,,Majang
398,1991,20.451166666666666,75.41733333333333,99.91,-0.23757142857142857,,0.036077380952384885,,Majang
398,1992,20.100166666666667,89.97191666666667,99.95914285714285,0.8364285714285715,,-0.3293976190476151,,Majang
398,1993,20.666666666666668,54.73758333333333,99.95414285714286,-1.577,,0.22262738095238532,,Majang
398,1994,20.224083333333333,73.4055,99.82957142857143,0.09728571428571428,,-0.23443095238095069,,Majang
398,1995,20.594666666666665,65.62483333333333,99.88442857142857,-0.6258571428571429,,0.12167738095238434,,Majang
398,1996,20.159583333333334,83.31191666666666,99.95457142857143,0.5357142857142857,,-0.32788095238094783,,Majang
398,1997,21.003916666666665,63.43025,99.86871428571429,-1.4115714285714287,,0.5019773809523826,,Majang
398,1998,20.819916666666668,92.4205,99.90957142857143,1.3015714285714286,,0.30350238095238424,,Majang
398,1999,20.546083333333332,65.6905,99.87157142857143,-0.33971428571428575,,0.015194047619051076,,Majang
398,2000,20.31325,53.276916666666665,99.51871428571428,-1.5144285714285712,,-0.23211428571428172,,Majang
398,2001,20.249083333333335,72.71841666666667,99.95914285714285,-0.1892857142857143,1.5313571428571429,-0.3107559523809478,1.4190986394557823,Majang
398,2002,20.879166666666666,58.35791666666666,99.86871428571429,-1.3522857142857145,0.5642857142857143,0.3048523809523864,0.46138208616780046,Majang
398,2003,20.248166666666666,83.17616666666667,99.95914285714285,0.09557142857142857,0.15392857142857144,-0.3406226190476147,0.06037981859410435,Majang
398,2004,20.467333333333332,79.51875,99.82014285714286,0.17742857142857144,0.08814285714285713,-0.13593095238094932,0.0039489795918367515,Majang
398,2005,20.728083333333334,77.99808333333334,99.89014285714286,0.612,-0.22792857142857142,0.11034404761905137,-0.3027675736961451,Majang
398,2006,20.724833333333333,86.08508333333333,99.88428571428572,1.1,-0.13042857142857145,0.09261904761904916,-0.19591269841269843,Majang
398,2007,20.53525,82.56908333333332,99.90971428571427,0.1427142857142857,0.2937857142857143,-0.11143928571427963,0.23765646258503406,Majang
398,2008,20.4475,74.27383333333333,99.95528571428572,-0.21,0.35764285714285715,-0.2136642857142803,0.3108684807256236,Majang
398,2009,21.35075,51.064,99.86300000000001,-2.0885714285714285,-0.16607142857142856,0.6751107142857187,-0.2034909297052154,Majang
398,2010,20.75675,84.40708333333333,99.71742857142856,0.7421428571428572,-0.5013571428571428,0.06663571428572013,-0.5294217687074829,Majang
398,2011,20.346333333333334,102.76266666666668,99.95528571428572,2.142857142857143,-0.10700000000000001,-0.3582559523809472,-0.12570975056689343,Majang
398,2012,20.490833333333335,86.26808333333334,99.70685714285715,0.6244285714285714,-0.7044285714285714,-0.22823095238094737,-0.7137834467120181,Majang
398,2013,20.573333333333334,87.94533333333334,98.27071428571428,1.223,-0.5961428571428571,-0.1602059523809487,-0.5961428571428571,Majang
398,2014,20.770166666666668,65.82658333333333,99.91442857142856,-0.5555714285714285,0.1617142857142857,0.02215238095238803,0.1710691609977324,Majang
398,2015,21.568083333333334,68.04716666666667,99.91442857142856,-0.8047142857142857,0.4564285714285714,0.8055940476190528,0.4751383219954648,Majang
398,2016,21.056250000000002,60.2655,99.82071428571429,-0.746857142857143,-0.15949999999999998,0.27928571428572013,-0.13143537414965983,Majang
398,2017,20.80666666666667,68.06058333333333,99.95914285714285,-0.892,0.1402142857142857,0.015227380952385516,0.17763378684807254,Majang
398,2018,20.676916666666667,75.49758333333334,99.96214285714287,0.5145714285714286,-0.2997142857142857,-0.1289976190476132,-0.2529399092970522,Majang
398,2019,20.642833333333332,85.57625,100.0,0.9381428571428572,0.3774285714285714,-0.17755595238094912,0.4335578231292516,Majang
398,2020,20.60275,75.90258333333334,99.95528571428572,0.3974285714285714,0.39942857142857147,-0.23211428571428172,0.46491269841269844,Majang
398,2021,20.631583333333335,81.41924999999999,99.95528571428572,0.5988571428571429,0.030999999999999972,-0.2177559523809478,0.10583900226757365,Majang
398,2022,20.588916666666666,68.551,99.90971428571427,-0.4161428571428571,-0.3701428571428571,-0.2748976190476178,-0.28594897959183674,Majang
398,2023,21.332333333333334,87.53341666666667,99.94928571428571,0.9047142857142857,0.24485714285714283,0.45404404761905326,0.33840589569160995,Majang
398,2024,21.039666666666665,84.52858333333333,99.91442857142856,1.0305714285714285,0.26021428571428573,0.14690238095238328,0.36311791383219955,Majang
398,2025,20.747666666666667,93.22891666666668,99.99985714285715,1.3185714285714287,-0.24071428571428571,-0.15957261904761566,-0.1284557823129252,Majang
398,2026,21.89,53.0163,99.9428,-0.8202,0.10599999999999993,0.9682857142857166,0.22761337868480713,Majang
479,1989,17.521583333333332,91.05358333333334,,-0.5907142857142856,,-0.2802047619047592,,Ilu Aba Bora
479,1990,17.71875,114.30008333333335,,1.183,,-0.09452142857142576,,Ilu Aba Bora
479,1991,17.909916666666668,95.61408333333334,99.95914285714285,0.3008571428571428,,0.08516190476191099,,Ilu Aba Bora
479,1992,17.5135,87.82724999999999,99.9207142857143,-0.862,,-0.3227380952380905,,Ilu Aba Bora
479,1993,17.941,88.37241666666667,99.98985714285713,-0.7277142857142856,,0.09327857142857354,,Ilu Aba Bora
479,1994,17.699916666666667,89.008,99.38828571428571,-0.47614285714285715,,-0.1592880952380895,,Ilu Aba Bora
479,1995,18.05216666666667,78.34375,99.83614285714286,-2.053857142857143,,0.1814785714285776,,Ilu Aba Bora
479,1996,17.71291666666667,103.95366666666666,99.96871428571428,1.407,,-0.16925476190475663,,Ilu Aba Bora
479,1997,18.255,101.89633333333335,99.98828571428571,0.6224285714285714,,0.36134523809523955,,Ilu Aba Bora
479,1998,18.276333333333334,100.55675000000001,99.45785714285715,0.4092857142857143,,0.37119523809524324,,Ilu Aba Bora
479,1999,17.863916666666665,84.64391666666667,99.188,-1.1931428571428573,,-0.052704761904760034,,Ilu Aba Bora
479,2000,17.614083333333333,92.97441666666667,99.696,-0.10014285714285716,,-0.3140214285714258,,Ilu Aba Bora
479,2001,17.769166666666667,91.26933333333334,99.54828571428571,-0.21457142857142858,-0.04042857142857141,-0.17042142857142295,0.18427537593984966,Ilu Aba Bora
479,2002,18.090166666666665,91.40233333333333,99.52228571428573,-0.6698571428571428,-0.11214285714285716,0.1390952380952406,0.09383576127819548,Ilu Aba Bora
479,2003,17.759083333333333,97.96166666666666,96.05842857142856,-0.4361428571428571,-1.320642857142857,-0.20347142857142586,-1.1333895676691728,Ilu Aba Bora
479,2004,17.831,97.85666666666667,99.92042857142857,-0.039428571428571424,0.6642142857142856,-0.14303809523809008,0.8327422462406014,Ilu Aba Bora
479,2005,18.117833333333333,95.44916666666667,99.48714285714286,-0.14242857142857143,-0.7352857142857143,0.13231190476190946,-0.585483082706767,Ilu Aba Bora
479,2006,18.03575,103.86399999999999,98.16285714285713,0.9065714285714286,-0.3415,0.038745238095241774,-0.21042269736842106,Ilu Aba Bora
479,2007,18.035,100.20800000000001,99.99300000000001,-0.02185714285714286,0.10128571428571428,0.0265119047619109,0.21363768796992483,Ilu Aba Bora
479,2008,17.793,94.34441666666667,99.94728571428571,0.22014285714285714,0.7255,-0.22697142857142438,0.8191266447368422,Ilu Aba Bora
479,2009,18.368083333333335,89.82333333333334,99.96842857142857,-0.7307142857142858,0.46035714285714285,0.3366285714285766,0.5352584586466166,Ilu Aba Bora
479,2010,18.051750000000002,91.18825,98.29542857142857,-0.4335714285714286,-0.6196428571428572,0.00881190476191307,-0.5634668703007519,Ilu Aba Bora
479,2011,17.791,110.21458333333334,99.8287142857143,1.3054285714285714,0.18192857142857144,-0.2634214285714229,0.21937922932330828,Ilu Aba Bora
479,2012,17.97875,97.69541666666667,98.74228571428571,0.2857142857142857,-0.5367857142857143,-0.08715476190475613,-0.5180603853383459,Ilu Aba Bora
479,2013,17.90908333333333,86.77733333333333,98.86014285714285,-0.2578571428571429,-0.6228571428571429,-0.16830476190475707,-0.6228571428571429,Ilu Aba Bora
479,2014,18.1415,84.89425,99.997,-1.091,0.5646428571428572,0.052628571428577686,0.5459175281954888,Ilu Aba Bora
479,2015,18.663083333333333,101.47791666666666,99.63428571428572,0.3311428571428571,0.18114285714285716,0.5627285714285755,0.14369219924812032,Ilu Aba Bora
479,2016,18.295583333333333,97.14150000000001,99.86757142857142,0.2732857142857143,0.01814285714285714,0.1837452380952449,-0.03803312969924813,Ilu Aba Bora
479,2017,18.175416666666667,103.24650000000001,99.99414285714286,0.1772857142857143,0.7216428571428573,0.05209523809524441,0.6467415413533836,Ilu Aba Bora
479,2018,18.0485,96.60791666666667,99.85114285714285,0.39585714285714285,-0.2899285714285714,-0.08630476190475633,-0.38355521616541355,Ilu Aba Bora
479,2019,18.013416666666668,106.41875,99.95528571428572,0.5874285714285714,0.802357142857143,-0.13287142857141987,0.6900051691729324,Ilu Aba Bora
479,2020,17.955166666666667,100.03841666666666,99.84957142857142,-0.042857142857142864,-0.4090714285714286,-0.2026047619047553,-0.5401487312030075,Ilu Aba Bora
479,2021,18.0,104.87566666666667,99.58542857142858,0.40371428571428575,-0.09664285714285711,-0.16925476190475663,-0.2464454887218045,Ilu Aba Bora
479,2022,17.900000000000002,99.18833333333333,99.85785714285714,0.022142857142857148,0.4445,-0.2807380952380889,0.2759720394736842,Ilu Aba Bora
479,2023,18.599166666666665,113.50625000000001,99.78085714285714,1.3445714285714288,0.38885714285714285,0.4069452380952434,0.20160385338345863,Ilu Aba Bora
479,2024,18.43166666666667,94.04833333333333,98.28542857142858,-0.30742857142857144,-0.19764285714285712,0.22796190476191214,-0.40362147556390976,Ilu Aba Bora
479,2025,18.107083333333332,99.40666666666665,99.94757142857144,-0.18057142857142858,0.02857142857142858,-0.10810476190475882,-0.1961325187969925,Ilu Aba Bora
479,2026,18.834600000000002,84.8646,100.0,-0.6487999999999999,1.4278,0.6079285714285803,1.1843707236842105,Ilu Aba Bora
480,1989,16.074916666666667,86.09925,,-0.31242857142857144,,-0.10658333333332948,,Jimma
480,1990,16.175583333333332,98.46658333333333,,0.44042857142857145,,-0.02340789473683813,,Jimma
480,1991,16.44625,92.01033333333334,99.814,0.6171428571428572,,0.22976754385965137,,Jimma
480,1992,15.968833333333334,93.87341666666667,99.81700000000001,0.37528571428571433,,-0.26514035087718923,,Jimma
480,1993,16.328833333333332,91.12758333333333,99.95885714285714,0.05499999999999999,,0.07736842105263264,,Jimma
480,1994,16.184833333333334,91.0385,99.78428571428572,0.23085714285714287,,-0.08412280701753971,,Jimma
480,1995,16.512333333333334,77.72025000000001,99.88242857142858,-1.0664285714285715,,0.2258859649122833,,Jimma
480,1996,16.255750000000003,91.26091666666667,99.88142857142859,0.46214285714285713,,-0.04818859649122231,,Jimma
480,1997,16.605166666666666,81.41066666666667,99.823,-0.7561428571428571,,0.2837368421052666,,Jimma
480,1998,16.695916666666665,97.79533333333335,99.66242857142856,0.541,,0.35699561403508895,,Jimma
480,1999,16.342666666666666,78.98883333333333,99.44385714285714,-0.6888571428571428,,-0.01374561403508423,,Jimma
480,2000,15.922666666666666,76.53783333333332,99.547,-1.3011428571428572,,-0.45123684210525994,,Jimma
480,2001,16.110833333333336,89.49958333333332,99.86985714285713,0.3598571428571429,0.13257142857142856,-0.28056140350876646,0.4498397959183673,Jimma
480,2002,16.457666666666665,78.93625,99.65085714285715,-0.9988571428571429,-0.04907142857142857,0.048780701754388645,0.24175790816326528,Jimma
480,2003,16.10725,90.03825,99.35028571428572,-0.37842857142857145,-0.8813571428571428,-0.31912719298245307,-0.6169668367346939,Jimma
480,2004,16.191916666666668,90.71566666666666,99.67671428571428,-0.15371428571428572,-0.31057142857142855,-0.25195175438595996,-0.07262015306122449,Jimma
480,2005,16.535333333333334,90.33591666666666,99.74314285714286,0.03271428571428571,0.18228571428571427,0.07397368421052875,0.39379795918367344,Jimma
480,2006,16.575666666666667,93.96633333333334,99.91514285714285,0.4451428571428572,-0.14657142857142857,0.09681578947368763,0.0385017857142857,Jimma
480,2007,16.560083333333335,92.07683333333334,99.878,0.20785714285714288,-0.2375,0.06374122807017812,-0.07886581632653061,Jimma
480,2008,16.34425,96.08274999999999,99.83414285714285,1.0824285714285715,0.0705,-0.16958333333333186,0.2026951530612245,Jimma
480,2009,16.838,82.83583333333333,99.69214285714285,-0.9104285714285715,-0.743642857142857,0.30667543859649626,-0.6378867346938775,Jimma
480,2010,16.688416666666665,93.4215,99.87757142857143,0.11042857142857143,-0.05021428571428572,0.13960087719298286,0.02910280612244897,Jimma
480,2011,16.237583333333333,97.99641666666668,99.86385714285714,0.8444285714285714,-0.05342857142857143,-0.328723684210523,-0.0005505102040816376,Jimma
480,2012,16.551166666666667,93.70825,99.74714285714286,-0.11399999999999999,-0.9331428571428572,-0.03263157894736679,-0.9067038265306122,Jimma
480,2013,16.44475,94.24025,99.71228571428571,0.5575714285714286,-0.406,-0.15653947368420873,-0.406,Jimma
480,2014,16.805666666666667,75.70916666666666,99.93271428571428,-1.1197142857142857,0.6335,0.18688596491228182,0.6070609693877551,Jimma
480,2015,17.105583333333332,98.117,99.88700000000001,0.9304285714285714,0.32242857142857145,0.46931140350877243,0.26955051020408166,Jimma
480,2016,16.839916666666667,85.86149999999999,99.85828571428571,-0.2287142857142857,0.6627857142857143,0.18615350877193393,0.5834686224489796,Jimma
480,2017,16.740750000000002,94.67608333333334,99.80085714285714,-0.048571428571428585,0.15357142857142858,0.06949561403509108,0.047815306122449,Jimma
480,2018,16.518333333333334,85.37025,99.84128571428572,-0.029857142857142867,-0.23964285714285713,-0.17041228070175052,-0.3718380102040816,Jimma
480,2019,16.576166666666666,104.22733333333333,99.89785714285713,1.4647142857142856,0.5105000000000001,-0.1300701754385969,0.3518658163265307,Jimma
480,2020,16.635166666666667,94.58516666666667,99.91257142857144,0.26485714285714285,0.4015714285714286,-0.08856140350876984,0.2164982142857143,Jimma
480,2021,16.61466666666667,94.35966666666667,99.79185714285714,0.4401428571428571,0.12214285714285714,-0.12655263157894225,-0.08936938775510203,Jimma
480,2022,16.60925,86.46625,99.71714285714286,-0.5047142857142857,-0.27985714285714286,-0.14946052631578866,-0.5178084183673469,Jimma
480,2023,17.02325,85.931,99.92714285714285,-0.8182857142857144,0.8347857142857144,0.24704824561403882,0.5703954081632654,Jimma
480,2024,16.86766666666667,90.34208333333333,99.84857142857142,0.1811428571428571,-0.28885714285714287,0.07397368421052875,-0.5796864795918367,Jimma
480,2025,16.741583333333335,97.24916666666667,99.95214285714285,0.7574285714285713,0.7260714285714286,-0.06960087719297903,0.40880306122448984,Jimma
480,2026,17.2516,73.2052,99.9482,-1.7562000000000002,1.2742,0.42292456140350865,0.9304926020408164,Jimma
634,1989,16.66933333333333,43.22341666666667,,-0.24842857142857142,,-0.11822232142857558,,Halaba
634,1990,16.73975,32.111583333333336,,-0.8202857142857143,,-0.06560773809523823,,Halaba
634,1991,17.076,39.48625,99.099,0.21657142857142858,,0.2528401785714287,,Halaba
634,1992,16.5885,39.866166666666665,99.56442857142858,0.5088571428571429,,-0.2524619047619048,,Halaba
634,1993,16.893583333333336,40.817166666666665,99.76328571428571,0.2737142857142857,,0.03481934523809471,,Halaba
634,1994,16.699083333333334,46.02016666666666,99.827,1.073,,-0.1774827380952395,,Halaba
634,1995,17.142500000000002,42.94441666666666,99.72900000000001,0.631,,0.2481318452380954,,Halaba
634,1996,16.695583333333335,51.800916666666666,99.8772857142857,1.669,,-0.216586904761904,,Halaba
634,1997,17.37366666666667,35.45033333333333,99.55142857142857,-0.4807142857142857,,0.4436943452380966,,Halaba
634,1998,17.286166666666666,39.20016666666667,99.696,0.2968571428571429,,0.3383922619047617,,Halaba
634,1999,17.17625,29.145833333333332,98.50342857142857,-1.058,,0.21067351190476202,,Halaba
634,2000,16.433833333333336,36.70791666666667,99.65557142857142,-0.5521428571428572,,-0.5495452380952379,,Halaba
634,2001,16.472916666666666,40.731,99.87985714285715,0.34228571428571425,0.2134285714285714,-0.5282639880952402,0.5590169172932331,Halaba
634,2002,17.209333333333333,37.784166666666664,99.18785714285715,-0.30142857142857143,-0.9265,0.19035059523809394,-0.6097106829573935,Halaba
634,2003,16.612583333333333,36.01108333333333,99.76042857142856,-0.8964285714285715,-0.009214285714285713,-0.42420148809523894,0.27877600250626566,Halaba
634,2004,16.826,35.655833333333334,98.58457142857142,-0.6605714285714285,-0.8542142857142857,-0.22858690476190446,-0.5950230263157894,Halaba
634,2005,17.131583333333335,33.10658333333333,99.86071428571428,-0.4412857142857143,0.22464285714285714,0.05919434523809386,0.45503508771929824,Halaba
634,2006,17.237333333333336,41.208333333333336,99.87642857142858,0.31957142857142856,0.4345714285714286,0.14714226190476154,0.6361646303258146,Halaba
634,2007,17.080583333333333,50.34725,99.83757142857144,1.0150000000000001,0.6213571428571429,-0.027409821428573622,0.7941513157894737,Halaba
634,2008,17.014666666666667,47.91883333333333,99.54328571428572,0.886142857142857,-0.3926428571428572,-0.1111285714285728,-0.24864771303258149,Halaba
634,2009,17.683,27.294,94.75785714285713,-1.4025714285714286,-1.0617857142857143,0.5394026785714274,-0.9465895989974937,Halaba
634,2010,17.37625,43.14641666666666,99.79671428571429,0.31871428571428567,0.7247857142857144,0.2148505952380937,0.8111828007518798,Halaba
634,2011,16.78633333333333,41.81733333333333,99.45342857142857,0.5038571428571428,0.1775714285714286,-0.39286815476190995,0.23516948621553888,Halaba
634,2012,17.099999999999998,50.48458333333334,99.80871428571427,1.1861428571428572,-0.048500000000000015,-0.09700357142857641,-0.01970097117794488,Halaba
634,2013,16.956666666666667,47.80166666666667,99.88471428571428,1.1662857142857141,0.5636428571428571,-0.25813898809524005,0.5636428571428571,Halaba
634,2014,17.539916666666667,41.36033333333334,99.68957142857143,0.2282857142857143,-0.2789285714285714,0.3073089285714268,-0.30772760025062657,Halaba
634,2015,17.774083333333333,37.86066666666667,99.45557142857142,-0.41171428571428564,-1.2122857142857142,0.5236735119047609,-1.2698837719298244,Halaba
634,2016,17.38675,29.590500000000002,99.56128571428572,-1.1501428571428571,0.47964285714285715,0.11853809523809389,0.39324577067669175,Halaba
634,2017,17.423833333333334,46.654500000000006,99.70085714285713,0.4202857142857143,-0.6300714285714285,0.13781934523809625,-0.745267543859649,Halaba
634,2018,17.071416666666668,37.757583333333336,99.8202857142857,-0.20957142857142858,1.0147857142857144,-0.23239940476190668,0.8707905701754387,Halaba
634,2019,17.08725,49.51691666666667,99.89571428571428,0.9752857142857143,0.5693571428571429,-0.2343681547619063,0.3965629699248121,Halaba
634,2020,17.122833333333336,44.8545,99.90214285714286,0.7162857142857143,1.2675714285714288,-0.216586904761904,1.0659782268170428,Halaba
634,2021,17.307083333333335,33.42025,99.30542857142858,-1.1501428571428571,-0.8372857142857143,-0.05013898809523809,-1.0676779448621554,Halaba
634,2022,17.325916666666668,34.63916666666667,97.81085714285713,-1.2899999999999998,-1.8883571428571428,-0.04910773809523761,-2.147548402255639,Halaba
634,2023,17.694333333333333,31.57858333333333,99.72957142857142,-1.6437142857142857,1.1937857142857142,0.3015068452380909,0.9057954260651628,Halaba
634,2024,17.41208333333333,44.754999999999995,99.88971428571428,0.8638571428571428,0.7645,0.0014547619047569071,0.44771068295739347,Halaba
634,2025,17.40491666666667,41.87975,99.91557142857143,0.32057142857142856,0.1052142857142857,-0.023513988095238858,-0.24037406015037593,Halaba
634,2026,18.1267,26.7651,99.1392,-2.0502,0.15109999999999998,0.6804672619047594,-0.2232873746867168,Halaba
641,1989,22.321583333333333,19.172666666666668,,0.2917142857142857,,-0.3185492063492035,,Konso
641,1990,22.92925,10.796083333333334,,-0.8154285714285715,,0.26035952380952665,,Konso
641,1991,22.885499999999997,10.879333333333333,84.36414285714285,-0.06028571428571429,,0.18785158730158713,,Konso
641,1992,22.360333333333333,14.515,76.06942857142857,-0.38871428571428573,,-0.3660730158730132,,Konso
641,1993,22.6945,8.231916666666667,68.74914285714286,-0.7258571428571428,,-0.06066428571428162,,Konso
641,1994,22.760666666666665,13.982416666666667,78.86928571428572,-0.05471428571428571,,-0.023255555555554253,,Konso
641,1995,23.104083333333335,13.696666666666667,81.37714285714286,-0.40371428571428575,,0.2914031746031789,,Konso
641,1996,22.50825,18.739333333333335,86.97714285714287,0.8795714285714286,,-0.3331880952380928,,Konso
641,1997,23.494,12.021916666666668,71.032,-0.5362857142857143,,0.62380396825397,,Konso
641,1998,22.620833333333334,14.154166666666667,77.36471428571429,-0.03785714285714286,,-0.27812063492062933,,Konso
641,1999,23.262083333333333,14.121249999999998,73.09157142857143,-0.6689999999999999,,0.3343714285714334,,Konso
641,2000,22.467,10.078666666666667,72.71342857142858,-0.8802857142857142,,-0.4894698412698375,,Konso
641,2001,22.678749999999997,12.479166666666666,77.83814285714286,-0.6961428571428572,0.06535714285714285,-0.30647777777777563,-0.041357142857142884,Konso
641,2002,23.266833333333334,9.531583333333334,70.81628571428571,-1.0531428571428572,-0.16957142857142854,0.25284761904762476,-0.26739285714285715,Konso
641,2003,22.482416666666666,11.816749999999999,83.91528571428572,0.014142857142857155,0.49785714285714283,-0.5603269841269807,0.40892857142857136,Konso
641,2004,23.15416666666667,11.553916666666666,65.429,-1.2871428571428571,-0.6711428571428572,0.0826650793650856,-0.7511785714285715,Konso
641,2005,23.15325,8.604249999999999,79.59042857142857,-0.10785714285714285,0.192,0.05299047619048025,0.12085714285714284,Konso
641,2006,23.598250000000004,15.72575,79.62485714285715,0.354,0.6421428571428571,0.4692325396825474,0.5798928571428571,Konso
641,2007,22.809916666666666,33.00816666666667,90.65257142857142,2.023285714285714,1.250142857142857,-0.3478587301587268,1.1967857142857141,Konso
641,2008,23.60108333333333,19.830916666666667,78.09314285714287,0.2642857142857143,-0.7213571428571428,0.414550000000002,-0.7658214285714285,Konso
641,2009,23.980333333333334,10.198749999999999,64.74171428571428,-0.8082857142857142,-1.4705714285714286,0.7650420634920678,-1.5061428571428572,Konso
641,2010,23.367666666666665,16.242583333333332,83.18128571428572,0.40614285714285714,0.3668571428571429,0.12361746031746179,0.34017857142857144,Konso
641,2011,22.934416666666667,19.712500000000002,85.64185714285715,1.2925714285714285,-0.2892142857142857,-0.33839047619047236,-0.307,Konso
641,2012,23.236500000000003,24.756583333333335,86.9252857142857,1.1642857142857144,0.4687142857142857,-0.06506507936507333,0.45982142857142855,Konso
641,2013,23.092166666666667,14.761249999999999,79.167,-0.4548571428571429,0.32442857142857146,-0.23815634920634565,0.32442857142857146,Konso
641,2014,23.33125,19.887833333333333,80.854,0.7877142857142857,0.3578571428571429,-0.027830952380949014,0.36675,Konso
641,2015,24.086333333333332,16.913333333333334,77.96400000000001,0.4035714285714286,-0.05392857142857144,0.6984944444444459,-0.03614285714285714,Konso
641,2016,23.327166666666667,11.321916666666667,71.24028571428572,-0.7808571428571429,-0.2894285714285714,-0.08943015873015625,-0.26275,Konso
641,2017,23.425,21.452749999999998,78.73214285714286,0.6775714285714286,-0.5130714285714286,-0.020354761904759044,-0.47750000000000004,Konso
641,2018,23.050583333333332,12.889666666666665,80.71257142857144,-0.04028571428571428,0.6695,-0.42352936507936434,0.7139642857142857,Konso
641,2019,23.22475,18.548083333333334,87.15828571428571,0.5297142857142857,-0.1571428571428571,-0.27812063492062933,-0.10378571428571425,Konso
641,2020,23.061083333333332,23.698666666666668,87.86857142857141,1.391714285714286,1.1135714285714284,-0.47054523809523374,1.1758214285714284,Konso
641,2021,23.52125,19.31533333333333,76.61014285714285,0.26285714285714284,-0.21942857142857142,-0.03913650793650447,-0.14828571428571424,Konso
641,2022,23.367,7.558166666666668,76.8922857142857,-1.0101428571428572,-1.3570000000000002,-0.2221444444444387,-1.276964285714286,Konso
641,2023,24.129333333333335,14.735416666666666,74.87185714285715,-0.01157142857142858,-0.45435714285714285,0.5114309523809588,-0.3654285714285714,Konso
641,2024,23.590833333333332,17.105999999999998,81.89585714285714,0.4311428571428571,0.2377142857142857,-0.055826984126980506,0.3355357142857143,Konso
641,2025,23.901083333333332,16.606916666666667,81.81371428571428,0.24071428571428571,0.24664285714285722,0.22566507936508273,0.3533571428571429,Konso
641,2026,24.5348,4.9905,54.404399999999995,-1.8704,-0.1325,0.8306238095238143,-0.016892857142857126,Konso
734,1989,16.462999999999997,78.43566666666668,,0.2832857142857143,,-0.08191172161172133,,Yem Special
734,1990,16.48825,79.14341666666667,,-0.2072857142857143,,-0.07262326007325726,,Yem Special
734,1991,16.80366666666667,82.48675,98.9012857142857,0.9362857142857143,,0.22683186813187106,,Yem Special
734,1992,16.41825,89.34708333333333,99.58385714285714,1.2137142857142857,,-0.17454633699633604,,Yem Special
734,1993,16.668666666666667,83.62508333333334,99.55414285714286,0.6105714285714285,,0.059908791208794554,,Yem Special
734,1994,16.539333333333335,83.33116666666668,99.41014285714286,0.7727142857142857,,-0.08538608058607622,,Yem Special
734,1995,16.871750000000002,73.58200000000001,99.73742857142858,-0.22014285714285717,,0.23106904761905156,,Yem Special
734,1996,16.598499999999998,82.32316666666667,99.5112857142857,1.070142857142857,,-0.05814249084249212,,Yem Special
734,1997,16.93433333333333,68.39933333333333,99.36471428571429,-0.7474285714285714,,0.26172930402930206,,Yem Special
734,1998,17.019833333333334,92.7025,99.09,1.1464285714285716,,0.3312677655677696,,Yem Special
734,1999,16.71475,72.92458333333333,99.00171428571427,-0.13957142857142854,,0.010222893772894537,,Yem Special
734,2000,16.27,64.23908333333334,99.35485714285714,-1.3592857142857144,,-0.4504886446886438,,Yem Special
734,2001,16.384583333333335,76.97983333333333,99.66099999999999,0.31214285714285717,-0.026071428571428572,-0.35186684981684735,0.2981734693877551,Yem Special
734,2002,16.834083333333332,64.75316666666667,99.17842857142857,-1.131714285714286,0.20342857142857146,0.08167161172161386,0.5006530612244897,Yem Special
734,2003,16.404833333333332,71.04491666666667,98.06657142857144,-0.7917142857142857,-1.3169285714285714,-0.3635399267399251,-1.0467244897959185,Yem Special
734,2004,16.507083333333334,71.74808333333333,98.88771428571428,-0.7758571428571429,0.11207142857142857,-0.2772514652014628,0.35525510204081634,Yem Special
734,2005,16.84825,69.343,99.41371428571428,-0.448,0.3157142857142857,0.047953663003664104,0.5318775510204081,Yem Special
734,2006,16.909499999999998,81.21625,99.97685714285714,0.3577142857142857,-0.04271428571428572,0.09324212454212599,0.1464285714285714,Yem Special
734,2007,16.895416666666666,81.38683333333334,99.48428571428572,0.2935714285714286,-0.29442857142857143,0.06319725274725485,-0.1323061224489796,Yem Special
734,2008,16.67875,82.94416666666667,99.32657142857144,0.9219999999999999,-0.036571428571428574,-0.1694309523809494,0.09853061224489794,Yem Special
734,2009,17.252666666666666,63.55133333333333,98.96414285714286,-1.3872857142857142,-1.6375714285714285,0.38852417582417687,-1.5294897959183673,Yem Special
734,2010,17.025333333333332,78.60783333333333,99.66942857142858,-0.07671428571428572,0.5381428571428571,0.14522930402930356,0.6192040816326531,Yem Special
734,2011,16.542916666666667,82.34183333333333,99.32485714285714,0.7971428571428572,-0.26235714285714284,-0.35314890109889774,-0.20831632653061224,Yem Special
734,2012,16.89925,82.25591666666666,99.08228571428572,0.20057142857142857,-1.2117857142857142,-0.01277710622710515,-1.184765306122449,Yem Special
734,2013,16.753249999999998,84.37166666666667,99.90557142857142,0.8275714285714286,-0.0855,-0.1747386446886452,-0.0855,Yem Special
734,2014,17.179666666666666,66.97025000000001,99.79342857142856,-0.7637142857142857,0.524,0.23571648351648378,0.49697959183673474,Yem Special
734,2015,17.36883333333333,79.40725,99.4497142857143,0.41814285714285715,0.35649999999999993,0.40892161172161323,0.3024591836734693,Yem Special
734,2016,17.171333333333333,70.38158333333332,99.16557142857143,-0.38728571428571434,0.6975714285714285,0.19546007326007597,0.6165102040816326,Yem Special
734,2017,17.042333333333335,80.96050000000001,98.52471428571428,0.05485714285714286,-0.25285714285714284,0.05049853479853894,-0.36093877551020404,Yem Special
734,2018,16.816916666666668,74.79583333333333,99.68671428571429,0.02771428571428571,0.07642857142857143,-0.19087967032966802,-0.058673469387755084,Yem Special
734,2019,16.90875,92.64725,99.47014285714286,1.7449999999999999,0.5010714285714286,-0.11500787545787006,0.3389489795918368,Yem Special
734,2020,16.954333333333334,72.37666666666667,99.65371428571429,-0.387,0.5895714285714286,-0.08538608058607622,0.4004285714285715,Yem Special
734,2021,16.93,70.52858333333333,98.634,-0.4367142857142857,0.030714285714285715,-0.12568095238095012,-0.1854489795918367,Yem Special
734,2022,16.982499999999998,71.94566666666667,98.2762857142857,-0.8732857142857143,-0.5539285714285714,-0.08914249084249093,-0.7971122448979592,Yem Special
734,2023,17.270416666666666,62.22866666666667,99.16685714285714,-1.8278571428571428,0.9367857142857143,0.18281263736263753,0.6665816326530614,Yem Special
734,2024,17.182916666666667,79.23283333333333,99.74042857142857,0.5894285714285715,0.1462142857142857,0.07935109890110326,-0.1510102040816326,Yem Special
734,2025,17.103333333333335,78.76633333333334,99.88714285714286,0.13599999999999998,0.6655714285714286,-0.016193772893768,0.34132653061224494,Yem Special
734,2026,17.460900000000002,57.462900000000005,99.471,-2.114,0.949,0.3254113553113598,0.597734693877551,Yem Special
744,1989,27.34254545454546,2.4391818181818183,,0.26466666666666666,,0.022042857142860584,,Afder
744,1990,27.673000000000002,2.1962727272727274,,-0.7506666666666666,,0.3132311688311695,,Afder
744,1991,27.28990909090909,6.6196363636363635,22.198666666666668,2.1871666666666667,,-0.10912597402597157,,Afder
744,1992,27.532727272727275,4.105272727272728,20.357166666666668,-0.07533333333333335,,0.09442597402597741,,Afder
744,1993,27.193454545454543,2.759181818181818,26.701666666666664,0.46249999999999997,,-0.28411298701298904,,Afder
744,1994,27.694636363636366,4.139363636363637,21.9485,0.2608333333333333,,0.17780259740260007,,Afder
744,1995,27.84327272727273,2.5073636363636362,25.863166666666668,-0.5495,,0.28717272727272913,,Afder
744,1996,27.38181818181818,2.1035454545454546,22.9665,0.1236666666666667,,-0.21354805194805593,,Afder
744,1997,28.138545454545454,2.3744545454545456,25.281333333333333,-0.5596666666666666,,0.5039129870129848,,Afder
744,1998,27.636636363636363,2.923,23.976333333333333,0.36466666666666664,,-0.03726233766233733,,Afder
744,1999,27.526272727272726,2.397727272727273,17.466833333333334,-0.5650000000000001,,-0.1868922077922086,,Afder
744,2000,27.35190909090909,3.1256363636363633,18.372333333333334,0.30050000000000004,,-0.40052207792207994,,Afder
744,2001,27.580181818181817,3.080909090909091,17.557,-0.10066666666666664,-0.5569999999999999,-0.2115155844155865,-0.2523999999999999,Afder
744,2002,27.701363636363634,2.1819090909090906,19.714166666666667,-0.7478333333333333,0.4029166666666667,-0.1296000000000035,0.6821333333333335,Afder
744,2003,27.888727272727273,2.2036363636363636,20.77,-0.04416666666666667,-0.2683214285714286,0.018497402597400736,-0.014488095238095244,Afder
744,2004,27.84990909090909,3.1959999999999997,16.752333333333333,-0.48816666666666664,-0.5132619047619048,-0.05958701298701641,-0.28481190476190477,Afder
744,2005,28.108454545454546,3.0629999999999997,19.125666666666664,0.6915,0.007773809523809523,0.15969220779220805,0.21084047619047622,Afder
744,2006,28.193090909090913,3.4645454545454544,25.254333333333335,-0.015333333333333329,0.48124999999999996,0.2050623376623406,0.6589333333333334,Afder
744,2007,28.24372727272727,4.095909090909091,21.766833333333334,0.9386666666666666,-0.0008690476190476026,0.2164324675324636,0.15143095238095242,Afder
744,2008,27.781818181818185,2.540545454545455,16.582333333333334,-0.11766666666666668,-0.6131666666666666,-0.28474285714285585,-0.48624999999999996,Afder
744,2009,28.444454545454548,3.3253636363636363,17.469833333333334,0.19466666666666665,-1.0209166666666667,0.33862727272727255,-0.9193833333333333,Afder
744,2010,28.15263636363636,2.0001818181818183,21.86883333333333,0.5123333333333334,0.29477380952380955,0.007542857142851744,0.37092380952380954,Afder
744,2011,28.68827272727273,2.8226363636363634,16.341166666666666,-0.013000000000000003,-0.3615952380952381,0.5039129870129848,-0.3108285714285714,Afder
744,2012,28.304636363636362,6.384,16.323166666666665,0.26766666666666666,0.18279761904761907,0.08101038961038753,0.2081809523809524,Afder
744,2013,27.769909090909092,2.057272727272727,24.95483333333333,-0.6475,0.21461904761904763,-0.49298311688311713,0.21461904761904763,Afder
744,2014,28.67790909090909,2.3224545454545455,16.037000000000003,-0.23266666666666666,-0.5318452380952381,0.37575064935064617,-0.5572285714285714,Afder
744,2015,28.750363636363637,2.0931818181818183,20.0575,-0.33116666666666666,-0.0641190476190476,0.40893896103895955,-0.11488571428571429,Afder
744,2016,28.013272727272728,2.0622727272727275,24.281666666666666,-0.7565000000000001,-0.3256428571428571,-0.3674181818181843,-0.4017928571428571,Afder
744,2017,28.669909090909087,3.102818181818182,18.593333333333334,-0.11099999999999999,-0.4507619047619048,0.24995194805194032,-0.5522952380952382,Afder
744,2018,28.015454545454546,4.976818181818182,28.793833333333335,0.17966666666666667,0.3406309523809524,-0.4437688311688355,0.21371428571428575,Afder
744,2019,28.64236363636364,2.6860909090909093,17.970833333333335,0.3308333333333333,-0.12979761904761905,0.14387402597402854,-0.2820976190476191,Afder
744,2020,28.402,2.220727272727273,27.572166666666664,-0.49133333333333334,0.7401071428571429,-0.1357558441558453,0.5624238095238094,Afder
744,2021,28.400727272727273,2.2163636363636363,20.766666666666666,-0.41383333333333344,0.21729761904761905,-0.17629480519480722,0.014230952380952344,Afder
744,2022,28.166090909090908,2.6017272727272727,16.864333333333335,-0.47983333333333333,-0.8044166666666667,-0.45019740259740715,-1.0328666666666666,Afder
744,2023,28.97018181818182,3.420181818181818,17.869666666666667,-0.4235,0.8540357142857142,0.31462727272727165,0.6002023809523809,Afder
744,2024,28.898454545454545,2.686727272727273,26.884833333333333,0.15333333333333335,1.1803690476190476,0.20363376623376084,0.9011523809523809,Afder
744,2025,28.426545454545455,2.2301818181818187,21.697333333333333,-0.5845,0.12788095238095237,-0.3075415584415637,-0.17671904761904766,Afder
744,2026,28.978333333333335,0.4208888888888889,19.23725,-0.2165,0.32420000000000004,0.20498008658008615,-0.0057833333333333625,Afder
775,1989,17.5275,101.76799999999999,,0.06357142857142857,,-0.20847673992673776,,East Wellega
775,1990,17.734583333333333,109.678,,0.5531428571428572,,-0.021925457875454413,,East Wellega
775,1991,18.09358333333333,99.48983333333332,99.97185714285715,0.46485714285714286,,0.31654249084249386,,East Wellega
775,1992,17.48375,96.12133333333333,99.946,-0.3851428571428572,,-0.3138228937728904,,East Wellega
775,1993,17.8705,105.68149999999999,99.99114285714286,0.5587142857142857,,0.052395054945058916,,East Wellega
775,1994,17.7745,98.65816666666666,99.69500000000001,-0.05642857142857143,,-0.06413699633699466,,East Wellega
775,1995,18.106583333333333,94.84133333333334,99.89842857142857,-0.6007142857142858,,0.2474142857142887,,East Wellega
775,1996,17.800916666666666,102.07158333333332,99.95899999999999,0.3124285714285714,,-0.07878443223442844,,East Wellega
775,1997,18.261333333333333,95.6135,99.98428571428572,-0.2424285714285714,,0.3611001831501852,,East Wellega
775,1998,18.38325,110.84775,99.50157142857142,0.9014285714285714,,0.4624847985348026,,East Wellega
775,1999,17.873083333333334,90.22866666666665,99.65771428571429,-0.9412857142857142,,-0.06821391941391752,,East Wellega
775,2000,17.438333333333333,97.11983333333332,99.92471428571427,-0.5545714285714285,,-0.5234959706959685,,East Wellega
775,2001,17.725333333333335,87.34675,99.65871428571428,-0.8140000000000001,0.135,-0.2570280219780159,0.32788095238095244,East Wellega
775,2002,18.07675,88.91241666666667,98.45528571428572,-1.1612857142857143,-0.09057142857142858,0.073856593406596,0.08623611111111112,East Wellega
775,2003,17.726333333333333,105.36725,94.17457142857143,-0.29471428571428576,-1.766142857142857,-0.29709212454212164,-1.60540873015873,East Wellega
775,2004,17.744666666666667,104.27308333333333,99.39999999999999,0.38099999999999995,-0.41800000000000004,-0.29929084249083715,-0.27333928571428573,East Wellega
775,2005,18.14316666666667,106.30183333333333,99.62585714285714,0.3504285714285715,0.07014285714285715,0.07867710622711144,0.19873015873015876,East Wellega
775,2006,18.152083333333334,106.38366666666667,99.67957142857144,0.48757142857142854,-0.0050000000000000044,0.06706172161172574,0.10751388888888891,East Wellega
775,2007,18.175833333333333,98.94375000000001,99.90642857142858,-0.10671428571428572,0.23800000000000002,0.07027967032967197,0.33444047619047623,East Wellega
775,2008,17.911166666666666,107.10508333333333,99.99300000000001,1.076,1.1017142857142856,-0.2149190476190448,1.182081349206349,East Wellega
775,2009,18.46741666666667,95.64491666666667,99.20814285714286,-0.8870000000000001,-0.7100000000000001,0.3207989010989074,-0.6457063492063493,East Wellega
775,2010,18.265,97.92583333333333,99.64599999999999,0.29214285714285715,0.051000000000000004,0.0978501831501859,0.09922023809523811,East Wellega
775,2011,17.91425,99.45366666666666,99.38357142857141,-0.04457142857142856,0.205,-0.2734318681318655,0.23714682539682538,East Wellega
775,2012,18.24425,110.26116666666667,99.58500000000001,0.6528571428571429,-0.6161428571428571,0.036036080586082875,-0.6000694444444444,East Wellega
775,2013,18.06175,95.50325,99.21328571428572,-0.026142857142857145,-0.3193571428571429,-0.16699597069596805,-0.3193571428571429,East Wellega
775,2014,18.4145,89.5945,100.0,-1.2685714285714285,0.5331428571428571,0.16522197802198235,0.5170694444444445,East Wellega
775,2015,18.851666666666667,95.15791666666667,99.83142857142857,-0.028714285714285737,0.5908571428571429,0.5818565934065951,0.5587103174603174,East Wellega
775,2016,18.434833333333334,90.76416666666667,99.88557142857142,-0.6015714285714286,0.2677857142857143,0.14449120879121224,0.21956547619047617,East Wellega
775,2017,18.3745,116.54583333333333,99.98,1.1821428571428572,0.6546428571428571,0.06362582417582985,0.5903492063492063,East Wellega
775,2018,18.095166666666668,92.42191666666668,99.79442857142858,-0.5141428571428571,-0.5190714285714285,-0.2362395604395573,-0.599438492063492,East Wellega
775,2019,18.18825,103.18433333333333,99.91942857142858,0.124,0.11364285714285714,-0.1636882783882747,0.017202380952380927,East Wellega
775,2020,18.26175,110.118,99.83214285714287,0.6595714285714286,-0.14735714285714285,-0.11072032967032897,-0.25987103174603177,East Wellega
775,2021,18.2365,97.35541666666667,99.728,-0.2085714285714286,0.18685714285714286,-0.15650238095237867,0.05826984126984125,East Wellega
775,2022,18.150666666666666,102.35791666666667,99.92985714285714,0.1784285714285714,-0.13057142857142856,-0.26286776556776204,-0.27523214285714287,East Wellega
775,2023,18.74983333333333,107.14774999999999,99.86942857142857,0.5337142857142857,0.6702857142857143,0.31576684981684977,0.5095515873015872,East Wellega
775,2024,18.554583333333333,94.68599999999999,98.46514285714285,-0.3387142857142857,-0.3246428571428571,0.09998479853480191,-0.5014503968253968,East Wellega
775,2025,18.406916666666667,103.97825,99.788,0.21471428571428572,0.3621428571428571,-0.06821391941391752,0.16926190476190467,East Wellega
775,2026,19.153200000000002,79.3104,99.9808,-2.0886,1.2001,0.6575373626373668,0.9911456349206348,East Wellega
854,1989,18.346416666666666,38.17325,,-0.07842857142857142,,-0.1925257326007319,,Gamo
854,1990,18.663833333333333,28.684583333333332,,-0.5721428571428572,,0.1047787545787564,,Gamo
854,1991,18.652166666666666,38.07333333333333,95.76071428571429,0.18071428571428574,,0.07299990842491155,,Gamo
854,1992,18.314,37.98833333333334,95.54271428571428,-0.212,,-0.2852789377289362,,Gamo
854,1993,18.71925,25.552833333333336,88.99157142857143,-0.8674285714285714,,0.09985888278388444,,Gamo
854,1994,18.424833333333336,40.23683333333333,97.10714285714286,0.9125714285714286,,-0.21466996336996047,,Gamo
854,1995,18.875,33.70075,96.06228571428572,-0.4575714285714286,,0.21538452380952577,,Gamo
854,1996,18.236083333333333,54.53583333333333,98.64571428571428,1.2590000000000001,,-0.44364432234431916,,Gamo
854,1997,19.263,32.86508333333333,92.771,-0.3814285714285714,,0.5631601648351676,,Gamo
854,1998,18.8745,34.87258333333333,95.71842857142857,0.16785714285714284,,0.15454798534798897,,Gamo
854,1999,19.01366666666667,33.01541666666666,90.47271428571428,-0.2897142857142857,,0.27360247252747527,,Gamo
854,2000,18.135583333333333,31.860833333333332,94.50557142857143,-0.3384285714285714,,-0.6245930402930391,,Gamo
854,2001,18.351,44.443083333333334,97.12914285714285,0.36014285714285715,0.4769285714285715,-0.4292885531135511,0.7016192266380237,Gamo
854,2002,19.11883333333333,29.75508333333333,88.00342857142857,-1.0797142857142856,-0.21035714285714285,0.31843260073259927,-0.0043907089151450085,Gamo
854,2003,18.309833333333334,39.93925,96.61042857142857,0.006142857142857124,0.14750000000000002,-0.5106795787545764,0.3347422126745435,Gamo
854,2004,18.814333333333334,30.843500000000002,87.57885714285715,-0.87,-0.32892857142857146,-0.026291758241754337,-0.1604105800214823,Gamo
854,2005,18.92591666666667,37.62683333333333,96.31557142857142,0.18,0.06192857142857143,0.06517939560439956,0.21172234156820624,Gamo
854,2006,19.2275,35.074416666666664,96.276,0.036,0.16849999999999998,0.3466505494505512,0.29956954887218046,Gamo
854,2007,18.750416666666666,63.17558333333333,98.26842857142857,1.6554285714285715,0.12214285714285715,-0.15054496336996337,0.23448818474758326,Gamo
854,2008,18.99416666666667,47.55108333333334,94.34142857142857,0.25285714285714284,-0.41742857142857137,0.07309285714286062,-0.32380746509129965,Gamo
854,2009,19.7465,24.342583333333334,82.2942857142857,-1.483142857142857,-1.0415714285714286,0.8053140109890151,-0.9666745435016112,Gamo
854,2010,19.05225,42.14066666666667,96.63014285714287,0.23142857142857146,0.4832857142857143,0.09095183150183317,0.5394583780880774,Gamo
854,2011,18.4495,48.28933333333333,97.6027142857143,0.873,-0.1995,-0.5319103479853453,-0.1620515574650913,Gamo
854,2012,18.78108333333333,51.90591666666666,98.26285714285714,0.8547142857142858,-0.10935714285714286,-0.2204391941391961,-0.09063292158968851,Gamo
854,2013,18.66075,49.53725,97.65514285714286,0.7981428571428572,0.012428571428571428,-0.3608847069597054,0.012428571428571428,Gamo
854,2014,19.184,34.28825,96.18085714285715,-0.2642857142857143,0.14607142857142857,0.14225311355311732,0.12734720730397422,Gamo
854,2015,19.902166666666666,36.26383333333333,95.40857142857143,0.12314285714285715,-0.24749999999999994,0.8403076007326007,-0.28494844253490864,Gamo
854,2016,19.224999999999998,29.090083333333336,92.52071428571428,-0.9222857142857144,-0.04728571428571428,0.1430287545787543,-0.10345837808807733,Gamo
854,2017,19.151083333333332,45.4745,96.23485714285714,0.5845714285714286,-0.6848571428571428,0.04899990842491064,-0.7597540279269602,Gamo
854,2018,18.810916666666667,36.6145,93.64885714285715,-0.374,0.5703571428571429,-0.311278937728936,0.4767360365198712,Gamo
854,2019,18.859416666666664,51.87883333333334,98.83885714285714,1.439857142857143,0.20114285714285712,-0.28289111721611704,0.08879752953813103,Gamo
854,2020,18.783833333333334,57.31275,99.20185714285715,1.5975714285714286,0.8371428571428572,-0.3785866300366294,0.7060733082706767,Gamo
854,2021,19.190916666666666,38.16516666666667,91.12842857142857,-0.30185714285714277,-0.15835714285714286,0.008384523809525035,-0.30815091299677766,Gamo
854,2022,19.224999999999998,22.06675,84.97628571428571,-1.7088571428571429,-1.528,0.022355677655678363,-1.6965179914070891,Gamo
854,2023,19.78591666666667,28.969583333333333,91.14242857142858,-1.2734285714285714,0.7186428571428571,0.5631601648351676,0.5314006444683137,Gamo
854,2024,19.126416666666668,48.13233333333333,97.07414285714286,0.9488571428571427,0.7508571428571429,-0.11645201465201183,0.544890708915145,Gamo
854,2025,19.30275,40.20258333333333,96.36285714285714,0.21071428571428572,0.7539285714285714,0.0397691391941386,0.5292379162191192,Gamo
854,2026,20.193,16.032400000000003,80.79260000000001,-2.3654,0.42210000000000003,0.9099069597069622,0.1786851235230935,Gamo
859,1989,22.64577777777778,26.295444444444442,,0.7989999999999999,,-0.05617777777777633,,Erer
859,1990,23.574666666666666,12.68388888888889,,-1.1055,,0.8349567251461956,,Erer
859,1991,22.840444444444444,21.326666666666668,59.38775,1.1764999999999999,,0.0629801169590607,,Erer
859,1992,23.110777777777777,11.093555555555556,73.88875,-0.8095,,0.2955590643274846,,Erer
859,1993,22.810555555555553,13.267111111111111,66.8255,-1.1175,,-0.042417543859652795,,Erer
859,1994,22.653666666666666,15.592777777777778,69.2015,1.03,,-0.2370608187134522,,Erer
859,1995,23.44022222222222,14.129888888888889,79.09700000000001,-0.097,,0.51174035087719,,Erer
859,1996,22.142444444444443,26.41088888888889,85.8575,1.543,,-0.8237918128655011,,Erer
859,1997,23.471999999999998,18.351777777777777,52.492000000000004,0.432,,0.468009356725144,,Erer
859,1998,23.52466666666667,22.825444444444443,55.58725,-0.40425000000000005,,0.48292163742690164,,Erer
859,1999,22.686,21.160666666666668,69.71975,0.08474999999999999,,-0.3934994152046798,,Erer
859,2000,22.78811111111111,13.932555555555556,60.040499999999994,-0.20925,,-0.3291426900584824,,Erer
859,2001,23.29922222222222,17.79611111111111,49.805499999999995,0.34125,-0.16825,0.14421403508771746,-0.05396875000000001,Erer
859,2002,22.944000000000003,33.38711111111111,66.392,0.99925,0.003875000000000031,-0.24876257309941252,0.10863281250000004,Erer
859,2003,23.178,20.958666666666666,72.66550000000001,0.038250000000000006,-0.389375,-0.052516959064327295,-0.29414062500000004,Erer
859,2004,23.492444444444445,11.663222222222222,67.49325,-0.17025,-0.5191250000000001,0.22417309941520358,-0.43341406250000003,Erer
859,2005,23.487333333333332,21.84211111111111,68.38974999999999,0.35225,0.0915,0.18130760233917798,0.1676875,Erer
859,2006,23.209666666666667,23.446444444444445,69.0475,0.5685,-0.72475,-0.1341134502923964,-0.6580859375,Erer
859,2007,23.147222222222222,28.940333333333335,81.20525,0.80575,0.8845,-0.23431228070175436,0.941640625,Erer
859,2008,23.139777777777777,10.491555555555557,55.1715,-1.62225,-0.61575,-0.2795111111111126,-0.5681328125,Erer
859,2009,24.009444444444444,13.071777777777777,40.785,-0.508,-0.9913749999999999,0.5524011695906417,-0.9532812499999999,Erer
859,2010,23.287999999999997,15.612444444444444,76.52825,-0.017499999999999995,0.386625,-0.20679766081871875,0.41519531249999997,Erer
859,2011,23.845333333333333,19.178,71.93025,0.5585,0.49975,0.3127812865497077,0.518796875,Erer
859,2012,23.880333333333333,16.624444444444446,77.265,0.14300000000000002,0.824125,0.3100269005847949,0.8336484375,Erer
859,2013,23.371,13.799555555555555,68.0405,-0.52675,0.173375,-0.2370608187134522,0.173375,Erer
859,2014,23.873444444444445,22.46177777777778,87.37075,0.85875,1.0135,0.22762923976608107,1.0039765625000001,Erer
859,2015,23.977111111111114,13.559555555555555,45.34825,-0.87425,-0.691125,0.2935415204678371,-0.710171875,Erer
859,2016,23.300333333333334,10.613555555555555,67.66825,-1.27925,-0.76925,-0.4209906432748518,-0.7978203125,Erer
859,2017,23.940555555555555,13.70088888888889,77.59100000000001,-1.0455,-0.719125,0.1814771929824559,-0.75721875,Erer
859,2018,22.93477777777778,15.392444444444443,72.6895,-0.526,-0.02512500000000001,-0.8620549707602336,-0.07274218750000001,Erer
859,2019,23.61311111111111,30.38588888888889,74.51775,0.61,0.23850000000000002,-0.2214760233918156,0.18135937500000002,Erer
859,2020,23.817888888888888,20.434,76.8425,1.28025,2.119,-0.054452631578946864,2.0523359375,Erer
859,2021,23.773666666666667,23.549222222222223,64.41075,0.45024999999999993,-0.374875,-0.13642923976608046,-0.45106250000000003,Erer
859,2022,23.787222222222223,12.896555555555556,42.1455,-0.91125,-1.207,-0.1606280701754379,-1.2927109375,Erer
859,2023,24.395555555555557,16.756555555555554,62.80525,-0.914,0.140875,0.4099508771929834,0.04564062499999999,Erer
859,2024,24.381444444444444,19.406444444444446,84.80475,0.475,0.929875,0.35808538011695745,0.8251171875,Erer
859,2025,24.119333333333334,16.418,76.78975,-0.194,-0.277125,0.0582198830409375,-0.39140625,Erer
859,2026,24.27442857142857,11.012571428571428,49.076499999999996,-1.113,-1.31725,0.1755607351712598,-1.4410546875,Erer
878,1989,15.784416666666667,60.499,,0.18942857142857145,,-0.06272857142857191,,Siltie
878,1990,15.835166666666666,50.574333333333335,,-0.5027142857142857,,-0.03237142857143027,,Siltie
878,1991,16.2565,58.51283333333333,99.25828571428572,0.644,,0.36856904761904374,,Siltie
878,1992,15.644333333333334,56.237500000000004,99.46971428571429,0.5037142857142858,,-0.263990476190477,,Siltie
878,1993,15.990833333333335,56.181999999999995,99.58900000000001,0.29,,0.0621166666666646,,Siltie
878,1994,15.767916666666666,64.20683333333334,99.52185714285714,1.1615714285714287,,-0.18119285714286093,,Siltie
878,1995,16.260749999999998,48.54125,99.72500000000001,-0.24642857142857144,,0.291247619047617,,Siltie
878,1996,15.806333333333335,66.75625000000001,99.812,1.4682857142857144,,-0.18356190476190548,,Siltie
878,1997,16.455416666666668,47.07666666666666,99.26771428571429,-0.6315714285714286,,0.44512857142857243,,Siltie
878,1998,16.406666666666666,59.82541666666666,99.735,0.7815714285714286,,0.3759857142857115,,Siltie
878,1999,16.159666666666666,46.11108333333333,97.83200000000001,-0.5717142857142858,,0.10859285714285605,,Siltie
878,2000,15.509666666666668,55.18,99.34485714285714,-0.37314285714285716,,-0.5617999999999999,,Siltie
878,2001,15.547416666666665,50.64225,99.75857142857141,0.13271428571428573,0.15392857142857141,-0.5444428571428599,0.5600481886534517,Siltie
878,2002,16.243083333333335,41.29866666666667,99.06085714285715,-1.3144285714285715,-0.42114285714285715,0.1308309523809541,-0.048866541353383475,Siltie
878,2003,15.677333333333332,51.78025,99.54385714285715,-0.6384285714285715,-0.2895,-0.4553119047619081,0.048933014354066995,Siltie
878,2004,15.851750000000001,43.749833333333335,98.17814285714287,-1.1500000000000001,-1.0194285714285714,-0.3012880952380961,-0.714838858509911,Siltie
878,2005,16.250083333333333,49.232,99.64071428571428,-0.21442857142857144,0.07771428571428572,0.07665238095237825,0.3484606971975393,Siltie
878,2006,16.291833333333333,54.030833333333334,99.78685714285714,0.3792857142857143,0.24185714285714285,0.0980095238095231,0.4787602529049897,Siltie
878,2007,16.169333333333334,59.12291666666667,99.63300000000001,0.71,0.11700000000000002,-0.04488333333333472,0.3200598086124402,Siltie
878,2008,16.11466666666667,63.937666666666665,99.3532857142857,1.0024285714285714,-0.3730714285714286,-0.11994285714285624,-0.20385492139439512,Siltie
878,2009,16.794416666666667,46.68425,98.03628571428571,-0.6271428571428572,-1.1764285714285712,0.5394142857142867,-1.0410553656869443,Siltie
878,2010,16.527166666666666,61.28091666666666,99.83171428571428,0.6135714285714285,0.4135,0.251771428571427,0.5150299043062201,Siltie
878,2011,15.967416666666667,56.604166666666664,99.60685714285714,0.5957142857142858,-0.26542857142857146,-0.32837142857142965,-0.19774196855775805,Siltie
878,2012,16.2615,69.13991666666666,99.60542857142856,1.3607142857142858,-0.2620714285714286,-0.054680952380952164,-0.22822812713602192,Siltie
878,2013,16.072416666666665,63.192,99.70242857142857,1.1224285714285716,0.4603571428571428,-0.26415714285714387,0.4603571428571428,Siltie
878,2014,16.693833333333334,50.54758333333333,99.60871428571429,-0.383,0.07935714285714285,0.33686666666666554,0.04551384142173615,Siltie
878,2015,16.96225,45.660500000000006,99.26814285714285,-0.733,-0.6517857142857142,0.584890476190477,-0.7194723171565276,Siltie
878,2016,16.566583333333334,41.52325,99.53242857142857,-1.1655714285714287,0.669,0.16883095238095436,0.5674700956937799,Siltie
878,2017,16.567416666666666,56.98408333333333,99.44728571428571,-0.05142857142857143,-0.5267142857142857,0.14927142857142783,-0.6620874914559125,Siltie
878,2018,16.217333333333332,53.43958333333333,99.74871428571429,0.04742857142857144,0.6606428571428571,-0.22120476190476168,0.4914263499658236,Siltie
878,2019,16.20808333333333,59.53766666666667,99.68828571428571,0.45428571428571424,0.6317142857142857,-0.25084761904762054,0.4286544771018455,Siltie
878,2020,16.265416666666667,58.432916666666664,99.81228571428572,0.4534285714285714,1.0007142857142857,-0.21390714285714196,0.7638111756664387,Siltie
878,2021,16.454833333333333,44.528333333333336,99.14885714285715,-1.0050000000000001,-0.3810714285714286,-0.04488333333333472,-0.6518178400546821,Siltie
878,2022,16.376083333333334,49.05083333333334,97.46957142857143,-1.348142857142857,-1.4512142857142858,-0.1440261904761897,-1.7558039986329461,Siltie
878,2023,16.826083333333333,46.78666666666666,99.64800000000001,-0.9388571428571428,1.5917857142857144,0.28558095238095405,1.2533526999316473,Siltie
878,2024,16.542416666666664,61.60233333333333,99.79057142857143,1.131857142857143,0.7266428571428571,-0.018478571428573787,0.35436654135338347,Siltie
878,2025,16.5045,50.12016666666667,99.79257142857143,-0.3141428571428571,0.14857142857142858,-0.07678809523809349,-0.25754818865345175,Siltie
878,2026,17.2242,36.9671,99.0932,-2.5964,0.4107,0.622519047619047,-0.02926291866028702,Siltie
879,1989,22.613833333333332,38.1455,,0.4644285714285714,,-0.19352142857142596,,South Omo
879,1990,23.1865,24.506,,-0.9047142857142857,,0.35904523809524136,,South Omo
879,1991,22.761,26.043666666666667,87.72557142857143,-0.04614285714285715,,-0.08655476190476108,,South Omo
879,1992,22.595250000000004,28.805333333333333,83.24257142857142,-0.12128571428571429,,-0.27240476190475604,,South Omo
879,1993,23.04041666666667,19.915666666666667,74.02071428571428,-1.1994285714285715,,0.15266190476191,,South Omo
879,1994,22.773749999999996,23.862083333333334,88.80985714285714,0.22714285714285712,,-0.13410476190476217,,South Omo
879,1995,23.1925,23.906583333333334,85.274,-0.21,,0.26454523809524133,,South Omo
879,1996,22.396416666666667,35.914,92.44142857142857,0.8505714285714285,,-0.5516380952380935,,South Omo
879,1997,23.504916666666663,20.5395,79.68957142857143,-0.7251428571428571,,0.536761904761903,,South Omo
879,1998,22.86125,25.294833333333333,85.58157142857144,0.33214285714285713,,-0.12700476190476095,,South Omo
879,1999,23.360166666666668,26.570833333333336,82.735,-0.5595714285714285,,0.3518119047619095,,South Omo
879,2000,22.824416666666664,24.407083333333333,83.63142857142857,-0.348,,-0.20403809523809358,,South Omo
879,2001,22.83158333333333,31.693083333333334,83.71071428571429,-0.2894285714285714,-0.1117857142857143,-0.21697142857142993,0.132312925170068,South Omo
879,2002,23.467416666666665,18.981166666666667,76.28728571428572,-1.1071428571428572,-0.40035714285714286,0.3987619047619049,-0.17660005668934242,South Omo
879,2003,22.555916666666665,33.26991666666667,91.551,0.4657142857142857,0.027285714285714274,-0.5328380952380947,0.23070124716553286,South Omo
879,2004,23.141833333333334,25.328999999999997,78.89057142857143,-1.0022857142857142,-0.9369999999999999,0.03297857142857552,-0.7539260204081633,South Omo
879,2005,23.343166666666665,20.226583333333334,83.7717142857143,-0.43014285714285716,0.13957142857142857,0.21421190476190688,0.30230385487528344,South Omo
879,2006,23.498333333333335,30.88508333333333,90.15228571428572,0.34771428571428575,0.3223571428571429,0.34927857142857377,0.4647480158730159,South Omo
879,2007,22.581416666666666,51.75608333333333,95.87514285714285,1.7737142857142858,0.665,-0.5877380952380946,0.7870493197278912,South Omo
879,2008,23.422833333333333,36.7165,87.47628571428571,0.1858571428571429,-0.2924285714285714,0.2335785714285734,-0.19072080498866212,South Omo
879,2009,23.928833333333333,19.487666666666666,74.88814285714285,-1.0865714285714285,-1.5125714285714285,0.7194785714285743,-1.431205215419501,South Omo
879,2010,23.342583333333334,32.11958333333333,90.377,0.38499999999999995,0.398,0.11312857142857524,0.4590246598639456,South Omo
879,2011,22.806166666666666,39.24633333333333,93.29071428571429,1.2531428571428571,0.15635714285714286,-0.4433880952380953,0.19704024943310658,South Omo
879,2012,22.966416666666664,44.640166666666666,93.62442857142857,1.4067142857142856,0.30264285714285716,-0.30323809523809686,0.32298441043083903,South Omo
879,2013,23.16275,30.532583333333335,88.79299999999999,-0.22885714285714287,0.03814285714285715,-0.12700476190476095,0.03814285714285715,South Omo
879,2014,23.28833333333333,31.48391666666667,88.0022857142857,0.3537142857142857,0.018785714285714284,-0.021521428571428913,-0.0015558390022675748,South Omo
879,2015,24.102500000000003,26.49208333333333,86.50514285714287,0.04985714285714286,-0.3522857142857143,0.772545238095244,-0.39296882086167806,South Omo
879,2016,23.54075,24.39316666666667,78.2867142857143,-0.7264285714285714,-0.4293571428571428,0.19069523809523758,-0.4903818027210884,South Omo
879,2017,23.448999999999998,36.437999999999995,88.59785714285714,0.5441428571428572,-0.5383571428571429,0.07884523809523714,-0.6197233560090702,South Omo
879,2018,23.06383333333333,26.812166666666666,88.28414285714287,-0.20614285714285716,0.1285,-0.32642142857142886,0.02679223356009071,South Omo
879,2019,22.993,37.57208333333333,91.57528571428573,1.1065714285714285,0.33935714285714286,-0.41735476190476106,0.2173078231292517,South Omo
879,2020,22.703166666666664,44.656,93.94285714285715,1.3255714285714286,0.8185714285714286,-0.7272880952380945,0.6761805555555556,South Omo
879,2021,23.361,32.03658333333333,84.13085714285715,-0.19985714285714287,0.06464285714285714,-0.0895547619047612,-0.09808956916099773,South Omo
879,2022,23.496416666666665,18.964833333333335,83.48785714285714,-0.8751428571428572,-0.7982857142857143,0.025761904761903764,-0.9813596938775511,South Omo
879,2023,24.147750000000002,26.581166666666665,80.42842857142857,-0.859,0.16735714285714284,0.6569952380952415,-0.036058390022675746,South Omo
879,2024,23.461333333333332,40.207249999999995,91.07071428571429,0.9885714285714285,0.6852857142857143,-0.049521428571427606,0.46152862811791384,South Omo
879,2025,23.6575,35.81675,92.50857142857141,0.6794285714285715,0.9884285714285714,0.12654523809523965,0.7443299319727892,South Omo
879,2026,24.4619,11.605500000000001,65.2492,-2.0114,0.4174,0.9108452380952379,0.1529598072562358,South Omo
880,1989,17.562416666666667,53.85541666666666,,0.09,,-0.23513669467786968,,Wolayita
880,1990,17.779833333333332,34.4645,,-1.1662857142857141,,-0.03657787114845945,,Wolayita
880,1991,17.961666666666666,50.25383333333334,96.44614285714285,0.2968571428571428,,0.12639761904761926,,Wolayita
880,1992,17.567,46.746833333333335,95.08728571428571,-0.022714285714285718,,-0.2871268907563014,,Wolayita
880,1993,17.956083333333336,39.44883333333333,91.96257142857144,-0.408,,0.08309859943977926,,Wolayita
880,1994,17.69333333333333,56.05466666666666,97.67942857142857,1.1128571428571428,,-0.19850924369747958,,Wolayita
880,1995,18.115166666666667,44.07391666666666,95.56171428571429,-0.4185714285714286,,0.20446624649860112,,Wolayita
880,1996,17.625333333333334,69.876,97.75142857142858,1.5625714285714287,,-0.304224929971987,,Wolayita
880,1997,18.490416666666665,42.153416666666665,93.81085714285715,-0.5977142857142858,,0.5420005602240892,,Wolayita
880,1998,18.224500000000003,47.349916666666665,94.943,0.09842857142857142,,0.2572260504201722,,Wolayita
880,1999,18.285333333333334,48.91491666666667,91.86871428571429,0.17328571428571427,,0.2992015406162487,,Wolayita
880,2000,17.388749999999998,44.59525,94.82571428571428,-0.25085714285714283,,-0.6162396358543418,,Wolayita
880,2001,17.553416666666667,53.0555,97.48185714285715,0.431,0.1085,-0.47043081232492767,0.49876785714285715,Wolayita
880,2002,18.332083333333333,37.9895,89.99157142857143,-1.058142857142857,-0.43392857142857144,0.2893780112044837,-0.07618303571428575,Wolayita
880,2003,17.53708333333333,50.024750000000004,96.85342857142858,-0.06400000000000003,-0.1432857142857143,-0.5244798319327728,0.18193749999999997,Wolayita
880,2004,17.978833333333334,41.90266666666667,91.268,-0.6185714285714285,-0.20735714285714285,-0.10158767507002509,0.08534375,Wolayita
880,2005,18.134583333333335,51.64183333333333,96.80657142857142,0.4907142857142857,0.18707142857142856,0.035304481792721276,0.44725,Wolayita
880,2006,18.421,49.065,97.14928571428572,0.30442857142857144,0.20307142857142857,0.30286330532213057,0.4307276785714286,Wolayita
880,2007,18.07316666666667,67.33216666666667,97.69642857142857,1.3337142857142859,0.24421428571428572,-0.06382787114845456,0.4393482142857143,Wolayita
880,2008,18.121,56.24516666666667,95.84271428571428,0.5734285714285713,-0.5852857142857143,-0.03485238095237975,-0.42267410714285714,Wolayita
880,2009,18.92775,35.449999999999996,84.44914285714286,-1.2822857142857143,-1.4058571428571427,0.7530397759103664,-1.275767857142857,Wolayita
880,2010,18.314833333333333,49.871833333333335,96.2852857142857,-0.08542857142857144,0.6287142857142858,0.12126526610644461,0.7262812500000001,Wolayita
880,2011,17.675083333333333,55.6895,95.81700000000001,0.7300000000000001,-0.24278571428571427,-0.5373425770308096,-0.17774107142857143,Wolayita
880,2012,18.091333333333335,53.838750000000005,97.93557142857142,0.4532857142857143,-0.17828571428571427,-0.1399504201680628,-0.14576339285714285,Wolayita
880,2013,17.944416666666665,64.29950000000001,97.96614285714286,1.3184285714285713,0.36057142857142854,-0.3057249299719871,0.36057142857142854,Wolayita
880,2014,18.462,49.368,96.06942857142857,0.24771428571428572,0.2758571428571429,0.1930005602240925,0.2433348214285715,Wolayita
880,2015,19.014166666666668,50.186499999999995,95.404,0.22,-0.8009285714285714,0.726309383753506,-0.8659732142857143,Wolayita
880,2016,18.47191666666667,35.994,93.46357142857143,-1.04,-0.12014285714285713,0.16520154061625192,-0.21770982142857143,Wolayita
880,2017,18.41825,53.02983333333333,95.16871428571429,0.23857142857142857,-1.093,0.09267703081232881,-1.2230892857142857,Wolayita
880,2018,18.088166666666666,39.6065,94.26542857142856,-0.8877142857142858,0.8041428571428572,-0.2562641456582604,0.64153125,Wolayita
880,2019,18.106583333333333,62.37291666666667,98.61642857142856,1.4264285714285714,0.20935714285714285,-0.2567053221288482,0.01422321428571427,Wolayita
880,2020,18.088416666666667,60.41466666666667,98.61300000000001,1.035,1.0095714285714286,-0.2937298319327688,0.7819151785714286,Wolayita
880,2021,18.316,39.30475,90.50742857142858,-0.8781428571428572,-0.30792857142857144,-0.08500434173669191,-0.5681071428571429,Wolayita
880,2022,18.41475,36.58575,87.49014285714286,-1.4107142857142858,-1.4346428571428569,-0.005112184873944159,-1.7273437499999997,Wolayita
880,2023,18.815583333333333,30.682666666666666,92.28528571428572,-1.8831428571428572,1.0964999999999998,0.3768633053221322,0.7712767857142855,Wolayita
880,2024,18.39375,50.75133333333333,97.47228571428572,0.5204285714285714,0.9838571428571429,-0.06382787114845456,0.6261116071428572,Wolayita
880,2025,18.453083333333336,45.24391666666667,97.09471428571429,-0.08171428571428571,0.9507142857142857,-0.023352380952374574,0.5604464285714286,Wolayita
880,2026,19.2769,30.2163,89.5714,-1.9876,0.6008,0.7816064425770364,0.1780098214285714,Wolayita
885,1989,20.09075,3.7560000000000002,,0.7826666666666666,,-0.17842321428571495,,Daawa
885,1990,20.186875,2.496375,,-0.9163333333333333,,-0.1316285714285712,,Daawa
885,1991,19.9705,10.933875,54.49133333333333,1.8046666666666666,,-0.39733392857142746,,Daawa
885,1992,20.27675,5.61175,50.489666666666665,0.24033333333333337,,-0.14041428571428582,,Daawa
885,1993,19.9465,3.24675,47.04666666666666,0.8956666666666666,,-0.5199946428571423,,Daawa
885,1994,20.78725,7.04125,45.03633333333334,0.11933333333333336,,0.2714250000000007,,Daawa
885,1995,20.915625,4.170875,42.63166666666667,-0.4673333333333333,,0.3504696428571421,,Daawa
885,1996,20.284875,3.049125,44.942,1.0473333333333332,,-0.32961071428571387,,Daawa
885,1997,21.187375,4.425875,38.467000000000006,-0.8896666666666667,,0.523558928571429,,Daawa
885,1998,20.267,5.384875,43.666666666666664,0.18933333333333335,,-0.44614642857142783,,Daawa
885,1999,20.740125,3.14575,30.98166666666667,-0.8436666666666667,,-0.0223517857142852,,Daawa
885,2000,20.581500000000002,3.01375,29.688333333333333,-0.19566666666666666,,-0.23030714285713927,,Daawa
885,2001,20.612875,3.659375,38.23,-0.887,-0.7474333333333334,-0.24826249999999916,-0.37699230769230774,Daawa
885,2002,20.760875,3.6717500000000003,46.19366666666667,-0.34733333333333327,0.1966,-0.14959285714285997,0.5361709401709401,Daawa
885,2003,20.712,3.0467500000000003,41.213,-0.0043333333333333375,-0.09683333333333331,-0.2477982142857158,0.21186752136752135,Daawa
885,2004,21.119625,2.939875,32.776666666666664,-1.1293333333333333,-0.2114666666666667,0.11049642857142672,0.06636410256410252,Daawa
885,2005,21.150125,3.296375,33.789,0.35600000000000004,-0.30263333333333337,0.09166607142856975,-0.05567264957264961,Daawa
885,2006,21.78975,3.2439999999999998,35.60033333333333,-0.8813333333333332,-0.21776666666666666,0.6819607142857151,-0.0016760683760683737,Daawa
885,2007,21.915625,8.331,43.77466666666667,0.165,0.6985333333333335,0.7585053571428553,0.8837538461538463,Daawa
885,2008,21.31625,3.753,38.068333333333335,-0.103,0.07156666666666667,0.1097999999999999,0.225917094017094,Daawa
885,2009,21.763125,2.6455,33.97266666666667,-0.541,-0.5790666666666666,0.5073446428571415,-0.45558632478632477,Daawa
885,2010,21.482625,4.2048749999999995,37.190666666666665,-0.7959999999999999,-0.23560000000000003,0.17751428571428463,-0.14298974358974362,Daawa
885,2011,21.851375,3.162125,24.188,-0.8803333333333333,-1.8425333333333334,0.4969339285714298,-1.7807931623931623,Daawa
885,2012,21.49525,3.029875,37.339666666666666,0.496,0.053133333333333345,0.09147857142857063,0.08400341880341881,Daawa
885,2013,20.855375,3.885375,38.33233333333333,-0.588,0.7686666666666667,-0.5977267857142863,0.7686666666666667,Daawa
885,2014,21.7245,3.5669999999999997,39.050333333333334,-0.10500000000000002,-0.12930000000000003,0.22206785714285715,-0.1601700854700855,Daawa
885,2015,21.831375,4.73775,37.97666666666667,0.102,0.16676666666666667,0.2796125000000025,0.10502649572649574,Daawa
885,2016,21.226875,2.8838749999999997,29.998333333333335,-0.4013333333333333,-0.37326666666666664,-0.3742178571428596,-0.4658769230769231,Daawa
885,2017,22.10425,4.060625,43.481,0.84,-0.8354333333333334,0.45382678571428414,-0.9589136752136752,Daawa
885,2018,21.078125,6.81575,54.062000000000005,0.9473333333333334,0.665,-0.6216285714285732,0.5106495726495727,Daawa
885,2019,21.985375,4.7515,45.849333333333334,0.9096666666666667,-0.26243333333333335,0.2362910714285711,-0.4476538461538462,Daawa
885,2020,21.658,6.156875,41.922000000000004,0.422,1.2740333333333334,-0.14041428571428582,1.057942735042735,Daawa
885,2021,21.920125,2.860875,35.727,0.37600000000000006,0.1431,0.07238035714285473,-0.10386068376068375,Daawa
885,2022,21.38625,3.560125,34.76266666666667,-0.8316666666666667,-1.6886666666666668,-0.5108250000000005,-1.9664974358974359,Daawa
885,2023,21.69875,3.548125,33.550000000000004,0.12966666666666668,0.9055666666666666,-0.24765535714285747,0.5968658119658119,Daawa
885,2024,22.0415,4.2509999999999994,35.98733333333333,0.2226666666666667,1.3711,0.04576428571428437,1.0315290598290598,Daawa
885,2025,21.788249999999998,2.35575,36.12433333333333,-1.1303333333333334,0.4477,-0.2568160714285739,0.07725897435897433,Daawa
885,2026,21.791,2.3932857142857142,38.664500000000004,-1.5505,0.9758333333333333,-0.30339642857142834,0.5745222222222222,Daawa
1078,1989,19.895416666666666,46.02316666666667,,0.13885714285714285,,-0.15140595238095145,,Gofa
1078,1990,20.340666666666667,30.70958333333333,,-0.9534285714285715,,0.27571904761904875,,Gofa
1078,1991,20.08275,39.268499999999996,98.15414285714284,0.07414285714285715,,-0.0003226190476190993,,Gofa
1078,1992,19.825583333333334,41.816250000000004,99.07557142857142,-0.15799999999999997,,-0.27561428571428337,,Gofa
1078,1993,20.228083333333334,29.60375,90.43842857142856,-0.9837142857142858,,0.10876071428571521,,Gofa
1078,1994,19.905333333333335,34.20575,97.58014285714285,0.25257142857142856,,-0.23211428571428527,,Gofa
1078,1995,20.417833333333334,41.379583333333336,98.439,-0.0064285714285714345,,0.2622607142857163,,Gofa
1078,1996,19.454583333333336,49.692,99.10785714285714,1.1397142857142857,,-0.7191142857142836,,Gofa
1078,1997,20.627083333333335,37.28941666666667,95.71271428571428,-0.3058571428571429,,0.43526071428571456,,Gofa
1078,1998,20.439583333333335,36.10108333333333,97.453,0.07485714285714284,,0.22963571428571683,,Gofa
1078,1999,20.4875,35.24483333333333,98.27642857142857,-0.35842857142857143,,0.25942738095238127,,Gofa
1078,2000,19.79425,38.18033333333333,98.04157142857142,0.24814285714285716,,-0.45194761904761904,,Gofa
1078,2001,19.968833333333333,47.237500000000004,97.44328571428572,0.3708571428571429,0.4536428571428571,-0.2954892857142859,0.41912593984962404,Gofa
1078,2002,20.74475,29.6575,91.38971428571429,-1.0294285714285714,0.10057142857142859,0.4623023809523801,0.0689309210526316,Gofa
1078,2003,19.787000000000003,51.654583333333335,98.55742857142857,0.8004285714285714,0.1547142857142857,-0.5135726190476184,0.1259501879699248,Gofa
1078,2004,20.343666666666667,31.5575,90.75914285714285,-0.9247142857142857,-0.5143571428571428,0.024969047619048723,-0.5402448308270676,Gofa
1078,2005,20.517666666666667,33.93575,95.88542857142856,-0.20214285714285712,0.47214285714285714,0.18084404761904693,0.44913157894736844,Gofa
1078,2006,20.61075,34.20525,98.25557142857143,-0.2937142857142857,0.3444285714285714,0.25580238095237817,0.3242937030075188,Gofa
1078,2007,20.080333333333332,62.158500000000004,99.05157142857142,1.4585714285714286,0.3801428571428571,-0.292739285714287,0.3628843984962406,Gofa
1078,2008,20.501166666666666,52.01533333333333,97.90928571428572,0.5078571428571429,0.048,0.10996904761904602,0.033617951127819554,Gofa
1078,2009,21.22608333333333,27.139166666666668,88.12757142857143,-1.4205714285714284,-1.2900714285714285,0.8167607142857101,-1.301577067669173,Gofa
1078,2010,20.448833333333333,47.91941666666667,98.33157142857144,0.5578571428571429,0.4412857142857143,0.021385714285713675,0.432656484962406,Gofa
1078,2011,19.808333333333334,49.43691666666666,99.62014285714285,0.8928571428571429,0.13635714285714287,-0.637239285714287,0.13060432330827068,Gofa
1078,2012,20.207416666666667,56.46275,99.27485714285714,1.2621428571428572,-0.11492857142857142,-0.25628095238095483,-0.11780498120300752,Gofa
1078,2013,20.198083333333333,43.10841666666667,98.77057142857143,0.08971428571428573,0.2985714285714286,-0.28373928571428664,0.2985714285714286,Gofa
1078,2014,20.574833333333334,33.85516666666667,96.99385714285714,-0.35571428571428576,0.17942857142857144,0.07488571428571333,0.18230498120300753,Gofa
1078,2015,21.490166666666667,37.27066666666666,96.00014285714285,0.08614285714285717,-0.40421428571428564,0.9720940476190449,-0.39846146616541345,Gofa
1078,2016,20.92125,32.33533333333333,94.41,-0.8891428571428571,-0.18207142857142855,0.3850523809523807,-0.1734421992481203,Gofa
1078,2017,20.528333333333332,45.82383333333333,98.16128571428571,0.47214285714285714,-0.40121428571428575,-0.025989285714288712,-0.38970864661654137,Gofa
1078,2018,20.292666666666666,36.639583333333334,95.39185714285715,-0.47271428571428575,0.30664285714285716,-0.2797809523809569,0.32102490601503764,Gofa
1078,2019,20.295083333333334,54.08533333333333,99.75114285714287,1.5894285714285716,0.43021428571428577,-0.2954892857142859,0.4474727443609023,Gofa
1078,2020,19.933916666666665,63.57641666666667,99.718,1.667,0.7084285714285714,-0.6747809523809565,0.728563439849624,Gofa
1078,2021,20.532166666666665,38.55675,93.22714285714287,-0.5501428571428572,-0.226,-0.09465595238095759,-0.20298872180451127,Gofa
1078,2022,20.679416666666665,27.132583333333333,90.81928571428571,-1.2487142857142857,-1.5816428571428571,0.034469047619044346,-1.5557551691729323,Gofa
1078,2023,21.375249999999998,34.131166666666665,93.57728571428571,-1.5425714285714285,-0.08707142857142858,0.7121773809523759,-0.05830733082706768,Gofa
1078,2024,20.487750000000002,52.269,97.84471428571429,1.3602857142857143,0.41814285714285715,-0.1934476190476211,0.44978336466165414,Gofa
1078,2025,20.875583333333335,46.95708333333334,99.06842857142858,0.5957142857142858,0.3837857142857143,0.17626071428571422,0.41830263157894737,Gofa
1078,2026,21.732,19.927699999999998,80.9552,-1.9198,0.24839999999999998,1.0145523809523773,0.28579332706766913,Gofa
1079,1989,15.467083333333333,66.36675000000001,,-0.3337142857142857,,-0.08738690476190314,,Guraghe
1079,1990,15.555,62.947750000000006,,-0.32757142857142857,,-0.019428571428569796,,Guraghe
1079,1991,15.936,68.99141666666667,96.7962857142857,0.5051428571428571,,0.3416130952380989,,Guraghe
1079,1992,15.375833333333333,75.155,97.86814285714286,0.7535714285714287,,-0.23851190476190354,,Guraghe
1079,1993,15.70975,71.06691666666667,99.30214285714285,0.5288571428571428,,0.07544642857142847,,Guraghe
1079,1994,15.527083333333332,75.87650000000001,98.50642857142857,0.8524285714285714,,-0.12717857142857092,,Guraghe
1079,1995,15.952083333333334,57.86625,98.69514285714286,-0.599,,0.27786309523810004,,Guraghe
1079,1996,15.570916666666667,83.65925,99.60014285714286,1.6780000000000002,,-0.12326190476190213,,Guraghe
1079,1997,16.058583333333335,57.718333333333334,97.65457142857143,-0.626,,0.3444464285714339,,Guraghe
1079,1998,16.11225,77.37525000000001,99.28342857142857,1.114,,0.3781547619047636,,Guraghe
1079,1999,15.788583333333333,58.69966666666667,95.29014285714285,-0.30214285714285716,,0.0345297619047642,,Guraghe
1079,2000,15.256083333333335,62.0165,98.63028571428572,-0.6932857142857143,,-0.517928571428568,,Guraghe
1079,2001,15.350166666666667,64.03341666666667,99.44985714285714,0.178,0.29964285714285716,-0.4438035714285693,0.5710285714285714,Guraghe
1079,2002,15.8895,52.589666666666666,97.18785714285715,-1.2055714285714285,-0.11692857142857144,0.07557142857143262,0.13184166666666663,Guraghe
1079,2003,15.438166666666667,65.0005,98.3092857142857,-0.31042857142857144,-0.5037142857142858,-0.39572023809523493,-0.27755952380952387,Guraghe
1079,2004,15.5465,53.57491666666667,96.99385714285714,-1.4901428571428572,-0.3329285714285714,-0.30734523809523573,-0.1293892857142857,Guraghe
1079,2005,15.952916666666667,63.169333333333334,99.15614285714287,-0.199,0.3816428571428572,0.07911309523809607,0.5625666666666667,Guraghe
1079,2006,15.973083333333333,63.70583333333334,99.40757142857144,-0.023142857142857153,0.06021428571428571,0.07932142857142921,0.21852261904761905,Guraghe
1079,2007,15.909,72.20133333333332,99.23,0.7607142857142858,-0.2651428571428571,-0.004720238095234919,-0.12944999999999998,Guraghe
1079,2008,15.768749999999999,73.74308333333333,99.06242857142857,0.724,-0.12892857142857145,-0.16492857142856998,-0.015851190476190505,Guraghe
1079,2009,16.403333333333332,58.49258333333333,94.09057142857144,-0.7917142857142857,-1.4767857142857141,0.449696428571432,-1.3863238095238093,Guraghe
1079,2010,16.205666666666666,70.4205,99.88728571428571,0.38242857142857145,0.22800000000000004,0.23207142857143026,0.2958464285714286,Guraghe
1079,2011,15.677416666666666,78.069,99.086,1.1607142857142858,-0.0615,-0.3161369047619029,-0.01626904761904762,Guraghe
1079,2012,16.003833333333333,76.61108333333333,98.62542857142857,0.5897142857142857,-0.7546428571428572,-0.009678571428569427,-0.732027380952381,Guraghe
1079,2013,15.81825,73.90825,99.33342857142858,1.0554285714285714,0.1,-0.2152202380952346,0.1,Guraghe
1079,2014,16.349083333333333,57.60008333333334,98.89457142857144,-0.8587142857142858,-0.1825714285714286,0.29565476190476403,-0.2051869047619048,Guraghe
1079,2015,16.622833333333332,57.4775,98.37285714285714,-0.7508571428571429,-0.11992857142857144,0.5494464285714322,-0.1651595238095238,Guraghe
1079,2016,16.240083333333335,53.53708333333333,98.78785714285713,-1.0311428571428571,0.7092142857142858,0.14673809523809922,0.6413678571428573,Guraghe
1079,2017,16.23425,70.33883333333334,98.85657142857143,0.03728571428571429,-0.046857142857142854,0.12094642857143256,-0.13731904761904762,Guraghe
1079,2018,15.960583333333332,67.84708333333333,99.526,0.151,0.3984285714285714,-0.17267857142856968,0.28535119047619045,Guraghe
1079,2019,15.9475,75.50925,99.16814285714285,0.8345714285714286,0.17014285714285715,-0.20572023809523543,0.03445000000000001,Guraghe
1079,2020,16.037499999999998,69.75,99.728,0.2795714285714286,0.9089285714285713,-0.13567857142857065,0.750620238095238,Guraghe
1079,2021,16.090416666666666,58.96308333333334,98.58814285714286,-0.5845714285714285,0.09064285714285714,-0.10272023809523567,-0.09028095238095238,Guraghe
1079,2022,16.040416666666665,62.47983333333334,95.83028571428572,-1.0847142857142857,-0.7592857142857143,-0.17267857142856968,-0.962825,Guraghe
1079,2023,16.4545,65.72541666666667,99.48971428571429,-0.3792857142857143,1.3642142857142856,0.22144642857142927,1.1380595238095237,Guraghe
1079,2024,16.2565,67.17608333333334,99.13757142857142,0.38014285714285717,0.11978571428571427,0.003488095238097344,-0.1289845238095238,Guraghe
1079,2025,16.221333333333334,69.83666666666666,99.10457142857142,0.23228571428571426,0.2177142857142857,-0.05163690476190119,-0.05367142857142859,Guraghe
1079,2026,16.7135,45.555099999999996,97.24940000000001,-2.9052,0.3654,0.4205714285714315,0.07139880952380956,Guraghe
1114,1989,19.179583333333333,80.37183333333333,,0.7662857142857142,,-0.21611031746031628,,Mirab Omo
1114,1990,19.589000000000002,60.39758333333333,,-0.1992857142857143,,0.189028571428576,,Mirab Omo
1114,1991,18.99683333333333,66.38175,97.81914285714286,-0.06328571428571429,,-0.40741587301587145,,Mirab Omo
1114,1992,19.277916666666666,63.81575,97.81728571428572,0.2715714285714285,,-0.1306103174603166,,Mirab Omo
1114,1993,19.79975,38.58141666666667,89.62471428571429,-1.9587142857142859,,0.3869452380952403,,Mirab Omo
1114,1994,19.21291666666667,68.26483333333333,97.53714285714285,0.7417142857142858,,-0.2041658730158673,,Mirab Omo
1114,1995,19.543833333333335,58.47291666666666,96.33457142857142,-0.4154285714285714,,0.12247301587301962,,Mirab Omo
1114,1996,18.577666666666666,78.66041666666666,98.143,0.7822857142857143,,-0.8479714285714266,,Mirab Omo
1114,1997,19.712666666666667,50.47366666666667,94.77742857142857,-0.820857142857143,,0.28275079365079847,,Mirab Omo
1114,1998,19.66825,72.85691666666666,97.72985714285714,0.7141428571428571,,0.23405634920635165,,Mirab Omo
1114,1999,19.747916666666665,49.22675,90.59714285714287,-1.3291428571428572,,0.3094452380952397,,Mirab Omo
1114,2000,19.286916666666666,51.98583333333334,93.8002857142857,-0.5432857142857143,,-0.1558325396825353,,Mirab Omo
1114,2001,19.31,67.83575,95.61114285714287,-0.14528571428571427,-0.05550000000000002,-0.1370269841269831,0.3073392857142858,Mirab Omo
1114,2002,19.971333333333334,46.65766666666667,92.08200000000001,-1.1817142857142857,-0.7850000000000001,0.5200285714285755,-0.45239732142857153,Mirab Omo
1114,2003,19.051666666666666,84.08608333333333,96.93542857142857,0.5761428571428572,-0.4102857142857143,-0.40391587301586895,-0.10791964285714284,Mirab Omo
1114,2004,19.582333333333334,67.67,94.12842857142857,-0.02542857142857142,-0.7121428571428572,0.12247301587301962,-0.44001339285714286,Mirab Omo
1114,2005,19.663666666666668,58.20325,95.77842857142856,-0.13585714285714284,0.09764285714285711,0.19952857142857638,0.3395357142857143,Mirab Omo
1114,2006,19.709166666666665,70.192,97.56514285714286,0.5618571428571428,0.41628571428571426,0.24075079365079688,0.6279419642857142,Mirab Omo
1114,2007,18.923666666666666,84.49566666666666,98.25742857142858,1.1944285714285716,-0.06735714285714287,-0.5490269841269821,0.11406250000000004,Mirab Omo
1114,2008,19.512833333333333,70.627,97.11014285714285,0.22557142857142856,-0.3313571428571429,0.03586190476190865,-0.18017410714285717,Mirab Omo
1114,2009,20.50316666666667,50.844833333333334,89.34414285714286,-1.112142857142857,-0.49078571428571427,1.0219174603174679,-0.3698392857142857,Mirab Omo
1114,2010,19.581666666666667,68.74091666666666,96.41885714285715,0.28585714285714287,-0.005357142857142852,0.09613968253968608,0.0853526785714286,Mirab Omo
1114,2011,18.897666666666666,104.41375,98.49942857142857,2.114,0.4050714285714285,-0.5921380952380915,0.4655446428571428,Mirab Omo
1114,2012,18.935416666666665,91.54583333333333,98.29114285714286,1.3627142857142858,-0.019428571428571406,-0.5586658730158689,0.010808035714285742,Mirab Omo
1114,2013,19.203500000000002,67.80791666666667,96.56171428571429,-0.204,0.11328571428571428,-0.29486031746031216,0.11328571428571428,Mirab Omo
1114,2014,19.467916666666664,58.23558333333333,96.22642857142857,-0.4428571428571429,0.1960714285714286,-0.03472142857142657,0.16583482142857145,Mirab Omo
1114,2015,20.290333333333333,56.87366666666667,96.51057142857142,-0.38,0.20928571428571427,0.783417460317466,0.14881249999999996,Mirab Omo
1114,2016,19.759666666666664,51.177166666666665,94.05542857142858,-0.7841428571428571,-0.08842857142857143,0.2484730158730173,-0.1791383928571429,Mirab Omo
1114,2017,19.53125,73.95183333333334,95.86628571428571,0.094,-0.4355,0.015778571428576527,-0.5564464285714286,Mirab Omo
1114,2018,19.4345,58.389250000000004,97.20542857142857,-0.20857142857142857,0.28864285714285715,-0.08524920634920008,0.1374598214285714,Mirab Omo
1114,2019,19.04075,90.38133333333333,98.80285714285715,1.6384285714285713,0.09728571428571428,-0.48327698412698084,-0.08413392857142862,Mirab Omo
1114,2020,18.828333333333333,77.42941666666667,98.83928571428571,0.5767142857142857,0.11307142857142859,-0.6999714285714234,-0.09858482142857146,Mirab Omo
1114,2021,19.53275,60.237,94.61028571428572,-0.48857142857142855,0.27735714285714286,0.0001674603174670608,0.03546428571428567,Mirab Omo
1114,2022,19.60425,53.024499999999996,93.60128571428572,-0.6062857142857142,-0.52,0.06738968253968736,-0.7921294642857144,Mirab Omo
1114,2023,20.310083333333335,60.10058333333333,93.23628571428571,-0.8095714285714285,0.7427142857142858,0.7689452380952453,0.4403482142857143,Mirab Omo
1114,2024,19.634333333333334,82.60091666666666,98.31114285714285,1.0962857142857143,0.2501428571428571,0.08891746031746806,-0.0824598214285715,Mirab Omo
1114,2025,19.58908333333333,92.51566666666668,98.3577142857143,1.558,0.6583571428571429,0.03938968253968511,0.29551785714285705,Mirab Omo
1114,2026,21.0225,36.879000000000005,85.64259999999999,-1.502,0.09999999999999999,1.4685285714285783,-0.29307589285714297,Mirab Omo
1118,1989,19.406000000000002,58.458499999999994,,-0.4902857142857143,,0.3127333333333375,,Central
1118,1990,19.723,43.20066666666667,,-1.8671428571428572,,0.6137333333333359,,Central
1118,1991,19.65825,79.02025,95.75999999999999,0.4967142857142858,,0.532983333333334,,Central
1118,1992,19.15791666666667,51.59458333333333,95.67557142857143,-1.027,,0.016650000000005605,,Central
1118,1993,18.8655,62.95533333333333,96.45414285714286,-0.2158571428571429,,-0.29176666666666407,,Central
1118,1994,18.738166666666668,91.43466666666666,97.93957142857143,1.2711428571428571,,-0.43509999999999494,,Central
1118,1995,19.6255,59.216,96.18228571428573,-0.3432857142857143,,0.4362333333333339,,Central
1118,1996,18.963083333333334,72.7875,95.82371428571427,0.20542857142857143,,-0.24218333333332964,,Central
1118,1997,19.607333333333333,55.7245,91.95985714285715,-0.3955714285714286,,0.3860666666666681,,Central
1118,1998,19.611583333333332,85.005,96.89157142857142,1.08,,0.3743166666666653,,Central
1118,1999,19.41991666666667,62.347,97.059,-0.47585714285714287,,0.16665000000000418,,Central
1118,2000,19.12366666666667,61.503083333333336,96.18071428571429,-0.19442857142857142,,-0.14559999999999818,,Central
1118,2001,18.887666666666664,77.99908333333333,96.47942857142857,1.0657142857142856,0.9922142857142857,-0.3976000000000006,1.314574925074925,Central
1118,2002,19.908833333333334,56.758250000000004,94.71142857142857,-1.0605714285714287,-0.5661428571428572,0.607566666666667,-0.2706456043956044,Central
1118,2003,19.198916666666666,76.48158333333333,97.66,0.163,0.021500000000000005,-0.11834999999999951,0.29013386613386616,Central
1118,2004,19.246,58.80733333333333,93.69114285714285,-0.44585714285714284,-0.3821428571428571,-0.08726666666666816,-0.1403723776223776,Central
1118,2005,19.04425,62.17316666666667,96.77042857142858,-0.7401428571428571,-0.14242857142857143,-0.3050166666666634,0.07247852147852149,Central
1118,2006,19.062833333333334,67.88783333333333,97.58642857142857,-0.157,-0.2025714285714286,-0.3024333333333331,-0.014527722277722283,Central
1118,2007,18.828333333333333,84.29691666666666,97.8492857142857,1.0857142857142856,0.5685714285714285,-0.5529333333333319,0.7297517482517482,Central
1118,2008,19.107833333333335,71.49891666666666,97.02942857142857,0.284,-0.2375,-0.28943333333333143,-0.10318306693306692,Central
1118,2009,19.984666666666666,64.58208333333333,95.26957142857144,-0.13499999999999998,-0.6513571428571429,0.571399999999997,-0.5439035964035964,Central
1118,2010,19.349083333333336,69.02591666666667,97.85928571428572,-0.41685714285714287,-0.5599285714285714,-0.08018333333333061,-0.4793384115884116,Central
1118,2011,19.058833333333332,63.639833333333335,97.62557142857143,-0.047857142857142855,-0.47457142857142864,-0.3864333333333363,-0.4208446553446554,Central
1118,2012,19.16058333333333,76.61825,97.33257142857143,0.7178571428571429,-0.22464285714285714,-0.3006833333333354,-0.19777947052947054,Central
1118,2013,19.455416666666668,54.25325,96.72385714285714,-0.7582857142857142,-0.2725714285714286,-0.02185000000000059,-0.2725714285714286,Central
1118,2014,19.31983333333333,73.94008333333333,97.948,0.45985714285714285,0.19414285714285717,-0.17343333333333533,0.16727947052947056,Central
1118,2015,20.19216666666667,64.15050000000001,97.41285714285713,-0.5812857142857143,-0.6732142857142858,0.6829000000000001,-0.726941058941059,Central
1118,2016,19.671833333333336,70.53958333333334,96.91457142857143,0.171,-0.020285714285714282,0.1465666666666685,-0.10087587412587413,Central
1118,2017,19.827583333333333,71.32741666666666,96.80428571428571,0.21757142857142858,-0.03064285714285714,0.28631666666666433,-0.1380964035964036,Central
1118,2018,19.004333333333335,80.2145,97.94742857142856,0.7568571428571429,-0.10371428571428572,-0.5529333333333319,-0.2380312187812188,Central
1118,2019,19.08075,87.29591666666666,98.69457142857142,0.6981428571428572,0.9463571428571429,-0.4925166666666705,0.7851768231768232,Central
1118,2020,19.434916666666666,75.43741666666666,97.27742857142857,0.2112857142857143,0.4929285714285714,-0.15435000000000443,0.30488486513486507,Central
1118,2021,19.830083333333334,60.778416666666665,96.92371428571428,-0.5311428571428571,-0.40214285714285714,0.22481666666666555,-0.61704995004995,Central
1118,2022,19.279416666666666,79.85308333333333,97.6507142857143,0.9658571428571429,-0.26385714285714285,-0.34185000000000443,-0.5056276223776224,Central
1118,2023,20.456500000000002,75.49283333333334,96.50542857142857,0.14257142857142857,1.6762142857142859,0.819233333333333,1.4075804195804198,Central
1118,2024,19.783833333333334,84.07933333333334,97.43185714285714,0.7177142857142857,0.8739285714285714,0.13056666666666317,0.5784313186813186,Central
1118,2025,19.958916666666667,63.31116666666667,98.74714285714286,-0.6315714285714286,0.4346428571428571,0.2896499999999982,0.1122822177822177,Central
1118,2026,21.2976,43.8515,96.6986,-2.8506,-0.6031,1.6123333333333285,-0.952324025974026,Central
1119,1989,16.571250000000003,26.50508333333333,,-1.3861428571428571,,0.19791385281385487,,Eastern
1119,1990,16.529,23.903499999999998,,-1.4617142857142855,,0.13963354978355014,,Eastern
1119,1991,16.68583333333333,29.34658333333333,88.73071428571428,-0.9941428571428571,,0.28043658008657957,,Eastern
1119,1992,16.194,36.53458333333334,87.87185714285715,-0.5252857142857142,,-0.22742705627705817,,Eastern
1119,1993,16.306,31.827916666666667,88.50757142857142,-0.619,,-0.13145735930735825,,Eastern
1119,1994,16.139666666666667,54.798750000000005,95.71400000000001,1.268857142857143,,-0.3138209956709943,,Eastern
1119,1995,16.68916666666667,46.513083333333334,93.97585714285715,0.8545714285714286,,0.21964870129870562,,Eastern
1119,1996,16.55125,37.594833333333334,89.45742857142857,-0.006999999999999991,,0.06570173160173098,,Eastern
1119,1997,16.832416666666667,33.78325,84.98514285714285,-0.21857142857142856,,0.3308380952380965,,Eastern
1119,1998,16.892416666666666,62.644083333333334,95.75471428571429,1.5534285714285716,,0.37480779220779326,,Eastern
1119,1999,16.700583333333334,41.971916666666665,93.323,-0.18842857142857142,,0.16694415584415623,,Eastern
1119,2000,16.561083333333332,42.230666666666664,92.54114285714286,0.1504285714285714,,0.011413852813852543,,Eastern
1119,2001,16.21875,52.34916666666666,94.05771428571428,1.089,1.612142857142857,-0.3469497835497819,2.2591555812608446,Eastern
1119,2002,17.085416666666667,34.20283333333333,80.62657142857142,-0.8517142857142856,-1.0458571428571428,0.5036865800865833,-0.4527621457489879,Eastern
1119,2003,16.420333333333335,41.86666666666667,90.65114285714286,-0.18142857142857144,-0.2937142857142857,-0.1774270562770539,0.24546298438403702,Eastern
1119,2004,16.573249999999998,32.796166666666664,86.80242857142856,-0.752,-1.0462857142857143,-0.040540692640693266,-0.5610261711972238,Eastern
1119,2005,16.420666666666666,39.783833333333334,94.94757142857144,-0.19385714285714287,-0.24171428571428566,-0.20915432900432762,0.18962753036437252,Eastern
1119,2006,16.415333333333333,37.731249999999996,94.75257142857143,-0.45357142857142857,-0.35185714285714287,-0.23051796536796232,0.02556694621168304,Eastern
1119,2007,16.258083333333335,56.834666666666664,95.83614285714286,1.4432857142857143,1.2614999999999998,-0.4037982683982655,1.5850063620589934,Eastern
1119,2008,16.572,33.27158333333333,92.34185714285715,-0.6434285714285715,-0.8968571428571428,-0.10591190476190349,-0.6272685078079814,Eastern
1119,2009,16.996583333333334,35.175666666666665,90.58285714285715,-0.7034285714285715,-0.7065,0.302641125541129,-0.4908290919606709,Eastern
1119,2010,16.77775,48.4365,95.18071428571429,0.40771428571428575,-0.3335714285714286,0.06777748917749093,-0.17181824754193176,Eastern
1119,2011,16.22725,40.089,93.92671428571428,0.2958571428571429,0.014857142857142857,-0.49875281385281056,0.1226925968768074,Eastern
1119,2012,16.434833333333334,40.10525,92.65971428571427,0.339,0.5110714285714286,-0.3071997835497804,0.564989155581261,Eastern
1119,2013,16.464666666666666,35.56166666666667,92.83285714285715,-0.3757142857142857,0.20350000000000001,-0.29339675324674985,0.20350000000000001,Eastern
1119,2014,16.596666666666668,40.15266666666667,90.82171428571428,-0.12357142857142857,-0.10592857142857144,-0.1774270562770539,-0.1598462984384037,Eastern
1119,2015,17.354833333333332,32.12175,83.93657142857144,-0.9058571428571429,-0.7753571428571429,0.5647093073593084,-0.8831925968768074,Eastern
1119,2016,16.972333333333335,45.46616666666667,91.50528571428572,0.8242857142857142,0.4006428571428572,0.16617900432900967,0.23888967611336037,Eastern
1119,2017,17.258166666666668,42.37825,92.74928571428572,-0.01657142857142857,-0.3437857142857143,0.43598203463204044,-0.5594566223250435,Eastern
1119,2018,16.429083333333335,48.17133333333334,95.937,0.6974285714285714,0.1667142857142857,-0.40913160173159824,-0.10287434933487566,Eastern
1119,2019,16.701416666666667,31.461333333333332,92.70642857142856,-0.6568571428571428,0.17314285714285715,-0.15282857142856798,-0.15036350491613648,Eastern
1119,2020,16.847416666666668,46.66608333333334,91.50742857142858,1.0495714285714286,0.23814285714285716,-0.02285887445886914,-0.13928123192596875,Eastern
1119,2021,17.039916666666667,42.96375,90.458,0.472,0.38535714285714284,0.15361082251082436,-0.04598467322151534,Eastern
1119,2022,16.681583333333332,59.96808333333333,94.60828571428571,1.7267142857142856,0.29592857142857143,-0.22075281385281187,-0.18933097165991902,Eastern
1119,2023,17.405,29.6125,87.89371428571428,-0.881,0.4516428571428571,0.486633549783555,-0.0875344129554656,Eastern
1119,2024,17.04433333333333,53.88399999999999,95.16871428571429,1.022,0.7804285714285715,0.10993658008658258,0.18733357432041653,Eastern
1119,2025,16.978833333333334,46.486,95.68457142857143,0.06185714285714285,1.258,0.028406277056280516,0.6109872758820127,Eastern
1119,2026,17.8855,19.979300000000002,79.1764,-2.7504,-0.5686,0.9190426406926449,-1.2695304511278196,Eastern
1121,1989,20.64875,95.81691666666666,,0.8528571428571429,,0.06738968253968025,,North Western
1121,1990,21.474999999999998,69.93975,,-1.7402857142857144,,0.8676952380952336,,North Western
1121,1991,21.43975,98.65816666666667,99.01685714285715,0.7942857142857144,,0.8065007936507911,,North Western
1121,1992,20.646333333333335,68.94083333333333,98.60814285714287,-1.4702857142857142,,-0.012860317460319237,,North Western
1121,1993,20.547,97.08924999999999,99.6232857142857,0.5625714285714286,,-0.13813809523809795,,North Western
1121,1994,20.552,99.97333333333334,99.24142857142859,0.41171428571428575,,-0.1590825396825437,,North Western
1121,1995,21.134833333333333,80.81908333333334,99.31814285714286,-0.374,,0.3978063492063484,,North Western
1121,1996,20.298833333333334,96.82741666666665,99.27300000000001,0.35614285714285715,,-0.4641380952380949,,North Western
1121,1997,21.040583333333334,84.26491666666668,98.36800000000001,0.16528571428571429,,0.25166746031746,,North Western
1121,1998,21.279333333333334,94.08733333333333,98.02771428571428,0.42914285714285716,,0.4644730158730148,,North Western
1121,1999,20.714916666666667,82.52191666666667,99.07085714285714,-0.236,,-0.1258880952380963,,North Western
1121,2000,20.564333333333334,85.91575,98.93414285714286,-0.3598571428571429,,-0.3024158730158746,,North Western
1121,2001,20.5485,93.02625,98.76057142857142,0.363,0.6587142857142856,-0.3441936507936525,0.6272857142857142,North Western
1121,2002,21.51733333333333,80.06675,98.53885714285714,-0.6095714285714285,-0.21585714285714286,0.5986952380952317,-0.24466666666666662,North Western
1121,2003,20.573166666666665,93.13308333333333,99.66857142857144,0.0677142857142857,0.05735714285714287,-0.3714158730158772,0.03116666666666673,North Western
1121,2004,20.740416666666665,81.41208333333334,98.06071428571428,-0.18799999999999997,-0.08607142857142856,-0.23011031746031918,-0.10964285714285708,North Western
1121,2005,20.532333333333334,85.2135,99.47142857142858,-0.3901428571428571,0.05364285714285713,-0.4641380952380949,0.03269047619047622,North Western
1121,2006,20.7115,89.70616666666666,99.71242857142856,-0.11385714285714285,0.28314285714285714,-0.31091587301587253,0.26480952380952383,North Western
1121,2007,20.378916666666665,108.81075,99.57671428571429,1.4911428571428573,0.7226428571428571,-0.669443650793653,0.7069285714285715,North Western
1121,2008,20.715416666666666,100.32683333333334,99.26428571428572,0.7888571428571429,-0.10057142857142856,-0.35888809523809684,-0.11366666666666664,North Western
1121,2009,21.858,85.03566666666667,97.92014285714286,0.037714285714285735,-0.6272142857142857,0.7577507936507928,-0.6376904761904761,North Western
1121,2010,21.003,92.71058333333333,99.60228571428571,-0.27599999999999997,-0.4056428571428572,-0.12319365079365241,-0.41350000000000003,North Western
1121,2011,20.94725,79.86666666666666,99.67757142857143,-0.4054285714285714,-0.31592857142857145,-0.20488809523809692,-0.32116666666666666,North Western
1121,2012,20.799,102.76216666666666,99.53828571428572,0.9237142857142856,-0.012857142857142859,-0.3790825396825426,-0.015476190476190473,North Western
1121,2013,21.36691666666667,75.18241666666667,99.0547142857143,-0.9231428571428572,-0.5448571428571428,0.16288968253968505,-0.5448571428571428,North Western
1121,2014,21.02,100.57966666666665,99.65671428571429,0.9874285714285714,0.05421428571428572,-0.20997142857142848,0.05683333333333333,North Western
1121,2015,22.180833333333336,71.688,99.48214285714286,-1.5064285714285715,-0.4821428571428571,0.924917460317463,-0.4769047619047619,North Western
1121,2016,21.36425,91.15625,99.48257142857143,0.14071428571428574,-0.45992857142857146,0.08238968253968082,-0.4520714285714286,North Western
1121,2017,21.475166666666667,85.31,99.66785714285713,-0.054142857142857145,0.042857142857142844,0.16736190476190416,0.0533333333333333,North Western
1121,2018,20.715333333333334,89.63258333333334,99.65642857142858,0.08014285714285714,-0.13635714285714284,-0.6184158730158735,-0.12326190476190477,North Western
1121,2019,20.6095,114.14333333333333,99.93299999999999,1.2355714285714285,0.9671428571428571,-0.7501936507936513,0.9828571428571428,North Western
1121,2020,21.297250000000002,91.48633333333333,99.80671428571429,-0.29300000000000004,0.6835714285714285,-0.08838809523809488,0.7019047619047618,North Western
1121,2021,21.735166666666668,82.05741666666667,99.41542857142858,-0.9541428571428572,-0.5661428571428571,0.32358412698412664,-0.5451904761904761,North Western
1121,2022,21.059083333333334,94.8855,99.78857142857143,0.142,-0.43657142857142855,-0.37844365079364906,-0.41300000000000003,North Western
1121,2023,22.8225,94.40558333333333,99.68614285714285,0.07171428571428572,1.4912857142857143,1.3590285714285741,1.5174761904761904,North Western
1121,2024,21.546833333333336,97.75166666666667,99.68871428571428,0.2888571428571428,0.3435714285714286,0.05741746031746331,0.3723809523809523,North Western
1121,2025,21.86508333333333,76.52041666666666,99.21957142857143,-1.407,-0.30978571428571433,0.349723015873014,-0.27835714285714297,North Western
1121,2026,23.7654,69.2541,97.9042,-2.2168,-0.41169999999999995,2.224095238095238,-0.37765238095238096,North Western
1123,1989,23.346083333333336,101.69925,,0.738857142857143,,0.17821071428571855,,Western
1123,1990,24.4045,73.18708333333333,,-1.669285714285714,,1.2016690476190455,,Western
1123,1991,24.076166666666666,61.82725,98.18442857142857,-1.8782857142857143,,0.8383773809523802,,Western
1123,1992,23.39816666666667,83.2335,99.89057142857143,-0.9772857142857143,,0.12541904761905087,,Western
1123,1993,23.54525,99.04141666666668,99.98485714285714,0.7249999999999999,,0.23754404761904624,,Western
1123,1994,23.238833333333332,84.84316666666668,99.61885714285714,-0.523,,-0.10383095238095308,,Western
1123,1995,23.53533333333333,98.75183333333332,99.94171428571428,0.5787142857142857,,0.15771071428571304,,Western
1123,1996,22.82825,95.41566666666667,99.94414285714285,-0.07899999999999999,,-0.5843309523809488,,Western
1123,1997,23.75916666666667,90.99966666666667,99.85757142857143,0.12557142857142858,,0.31162738095238396,,Western
1123,1998,23.804833333333335,97.75183333333332,99.465,0.169,,0.3223357142857175,,Western
1123,1999,23.223083333333335,107.43225,99.87228571428571,1.1151428571428572,,-0.29437261904761414,,Western
1123,2000,23.179833333333335,102.53783333333332,99.83571428571429,0.45528571428571435,,-0.37258095238095024,,Western
1123,2001,23.205916666666667,84.92916666666666,99.66600000000001,-0.45585714285714285,0.2540714285714286,-0.38145595238095,0.07367983193277317,Western
1123,2002,24.177666666666667,85.74925,99.60471428571428,0.008428571428571433,0.08914285714285713,0.555335714285718,-0.07621610644257704,Western
1123,2003,23.102083333333336,101.14183333333334,99.85714285714286,0.5765714285714285,0.37042857142857144,-0.5552059523809447,0.22010224089635855,Western
1123,2004,23.558666666666667,84.53516666666667,98.24185714285714,-0.2677142857142857,0.19214285714285714,-0.13358095238094947,0.056849159663865556,Western
1123,2005,23.220916666666668,87.23741666666666,99.93228571428573,-0.15942857142857145,0.6000714285714286,-0.5062892857142813,0.47981036414565825,Western
1123,2006,23.455916666666667,91.07941666666666,99.8972857142857,-0.06414285714285714,0.2297857142857143,-0.306247619047614,0.12455728291316527,Western
1123,2007,22.919833333333333,118.83825,99.94399999999999,1.8571428571428572,0.5463571428571429,-0.8772892857142836,0.45616134453781515,Western
1123,2008,23.454083333333333,101.6725,99.94128571428571,0.6957142857142857,0.5780714285714286,-0.37799761904761553,0.5029082633053221,Western
1123,2009,24.670083333333334,82.50741666666666,99.503,-0.7774285714285715,-0.2674285714285714,0.8030440476190535,-0.3275591036414566,Western
1123,2010,23.540333333333333,112.20016666666668,99.90585714285714,1.5271428571428571,-0.5942857142857143,-0.36166428571428355,-0.6393836134453782,Western
1123,2011,23.79733333333333,76.28133333333334,99.57414285714286,-1.09,-0.361,-0.13962261904761775,-0.39106526610644254,Western
1123,2012,23.31341666666667,102.47758333333333,99.94642857142857,0.6657142857142857,0.2810714285714285,-0.658497619047612,0.26603879551820725,Western
1123,2013,23.972166666666666,82.18333333333334,99.47500000000001,-0.6148571428571429,-1.0092142857142856,-0.034705952380946314,-1.0092142857142856,Western
1123,2014,23.731666666666666,90.22125,99.85942857142857,0.16314285714285717,-0.2725714285714286,-0.3101642857142828,-0.2575387955182073,Western
1123,2015,25.25825,65.55058333333334,98.35900000000001,-1.6581428571428571,-1.2026428571428573,1.1814607142857199,-1.1725775910364147,Western
1123,2016,24.16325,93.625,99.90285714285714,0.016714285714285716,-0.3787142857142857,0.051502380952388904,-0.3336163865546219,Western
1123,2017,24.458333333333332,90.895,99.97728571428571,0.16957142857142857,0.2772857142857143,0.31162738095238396,0.33741624649859947,Western
1123,2018,23.452166666666667,91.03983333333333,99.95514285714286,0.3067142857142858,0.3042142857142857,-0.7294976190476135,0.37937745098039216,Western
1123,2019,23.508750000000003,106.55975000000001,99.98971428571429,0.607,0.8620000000000001,-0.7078726190476097,0.9521957983193279,Western
1123,2020,24.073416666666663,95.77516666666666,99.92871428571428,-0.23757142857142857,0.11464285714285713,-0.1781642857142849,0.21987128851540616,Western
1123,2021,24.8015,96.384,99.35128571428571,0.03585714285714287,-0.2559285714285714,0.5149607142857207,-0.13566750700280109,Western
1123,2022,23.97575,105.456,99.78014285714286,0.603,-0.2257857142857143,-0.34574761904761075,-0.09049201680672272,Western
1123,2023,26.431916666666666,86.18933333333332,99.49157142857143,-0.5607142857142857,0.8476428571428571,2.075460714285718,0.99796918767507,Western
1123,2024,24.345249999999997,96.81216666666667,99.87814285714285,0.01271428571428571,0.09442857142857143,-0.04616428571428344,0.2597875350140056,Western
1123,2025,24.94525,75.34725,98.60457142857142,-1.0562857142857143,-0.8195714285714286,0.5188773809523894,-0.6391798319327732,Western
1123,2026,26.9697,76.81129999999999,98.9256,-1.3821999999999999,-0.8442000000000001,2.5083690476190554,-0.6487757703081233,Western
1409,1989,17.261583333333334,31.720416666666665,,0.729,,-0.2246416666666633,,West Guji
1409,1990,17.75883333333333,21.272833333333335,,-0.5457142857142857,,0.2437333333333349,,West Guji
1409,1991,17.77725,22.818083333333334,88.20257142857143,-0.49314285714285716,,0.23327500000000256,,West Guji
1409,1992,17.310583333333334,19.5585,87.90414285714284,-0.6822857142857143,,-0.26226666666666176,,West Guji
1409,1993,17.514916666666668,18.567833333333333,83.92828571428572,-0.9082857142857144,,-0.08680833333333027,,West Guji
1409,1994,17.581666666666667,29.380166666666668,91.65242857142857,0.7859999999999999,,-0.04893333333333061,,West Guji
1409,1995,17.912333333333333,28.133499999999998,89.89185714285713,0.040428571428571446,,0.25285833333333585,,West Guji
1409,1996,17.492916666666666,40.63483333333333,95.357,1.3611428571428572,,-0.19543333333333024,,West Guji
1409,1997,18.429,31.255499999999998,85.48714285714286,0.35842857142857143,,0.7117749999999994,,West Guji
1409,1998,17.815583333333333,24.951999999999998,86.17514285714286,-0.2104285714285714,,0.06948333333333423,,West Guji
1409,1999,17.923750000000002,23.011083333333335,84.68971428571429,-0.6247142857142858,,0.1487750000000041,,West Guji
1409,2000,17.080833333333334,19.797333333333334,84.12628571428571,-0.8207142857142857,,-0.7230166666666626,,West Guji
1409,2001,17.455333333333332,28.82116666666667,91.29671428571429,-0.05071428571428572,0.28928571428571426,-0.37739166666666435,0.39896428571428566,West Guji
1409,2002,17.810916666666667,20.178,81.94042857142857,-0.7387142857142858,-0.325,-0.05068333333333186,-0.22446130952380955,West Guji
1409,2003,17.403833333333335,24.345333333333333,89.95171428571429,-0.168,0.06485714285714285,-0.48664166666666375,0.15625595238095236,West Guji
1409,2004,17.875916666666665,20.512666666666664,78.02342857142857,-1.1428571428571428,-0.5631428571428572,-0.04343333333333277,-0.4808839285714286,West Guji
1409,2005,17.97125,21.957916666666666,86.91099999999999,-0.3631428571428571,0.3412142857142857,0.02302500000000407,0.41433333333333333,West Guji
1409,2006,18.372583333333335,26.771083333333333,88.27871428571429,0.09585714285714286,0.00114285714285714,0.39548333333333474,0.0651220238095238,West Guji
1409,2007,18.062416666666667,43.930416666666666,92.88471428571428,1.2091428571428573,0.43585714285714283,0.056441666666668056,0.49069642857142853,West Guji
1409,2008,18.19575,26.897583333333333,87.417,-0.38757142857142857,-0.6261428571428571,0.1609000000000016,-0.5804434523809523,West Guji
1409,2009,18.549666666666667,17.848666666666666,79.36614285714286,-1.1048571428571428,-0.6995,0.48594166666666894,-0.6629404761904762,West Guji
1409,2010,18.211916666666667,28.53425,90.251,0.18442857142857141,0.8049999999999999,0.11931666666666985,0.8324196428571428,West Guji
1409,2011,17.849999999999998,35.492916666666666,87.70842857142858,1.098142857142857,0.0302142857142857,-0.27147500000000235,0.0484940476190476,West Guji
1409,2012,18.103833333333334,36.34275,91.98799999999999,0.8437142857142856,-0.13592857142857143,-0.04651666666666543,-0.12678869047619049,West Guji
1409,2013,17.874416666666665,36.46516666666667,91.66585714285715,0.7894285714285714,0.2528571428571429,-0.3048083333333338,0.2528571428571429,West Guji
1409,2014,18.336916666666667,28.047166666666666,87.569,-0.1437142857142857,-0.11042857142857143,0.12881666666666902,-0.11956845238095239,West Guji
1409,2015,18.94875,24.689833333333336,88.13342857142857,-0.058714285714285705,-0.247,0.7117749999999994,-0.2652797619047619,West Guji
1409,2016,18.4005,20.970499999999998,83.45071428571428,-0.6848571428571429,-0.24457142857142855,0.1346500000000006,-0.27199107142857143,West Guji
1409,2017,18.411666666666665,33.86991666666666,90.502,0.6958571428571428,-0.6256428571428572,0.11694166666666561,-0.6622023809523809,West Guji
1409,2018,17.88533333333333,25.013583333333333,88.39942857142857,-0.26071428571428573,0.5347857142857143,-0.43826666666666725,0.48908630952380955,West Guji
1409,2019,18.209166666666665,37.59491666666667,93.99571428571429,1.2495714285714286,0.15114285714285713,-0.1433083333333336,0.09630357142857143,West Guji
1409,2020,18.084166666666665,41.361666666666665,95.97528571428572,1.4764285714285716,1.0092857142857143,-0.29718333333333646,0.9453065476190476,West Guji
1409,2021,18.32075,28.023416666666666,82.91442857142856,-0.03171428571428571,-0.4455714285714285,-0.0894750000000002,-0.5186904761904761,West Guji
1409,2022,18.26,23.06141666666667,80.73928571428571,-0.9701428571428572,-1.172857142857143,-0.17909999999999826,-1.2551160714285716,West Guji
1409,2023,18.76575,23.33383333333333,84.4887142857143,-0.5531428571428572,0.4094285714285714,0.29777500000000146,0.3180297619047619,West Guji
1409,2024,18.462500000000002,28.703833333333336,89.53728571428572,0.45385714285714285,0.7991428571428572,-0.03434999999999988,0.6986041666666667,West Guji
1409,2025,18.557583333333334,29.476916666666668,88.28128571428572,0.2025714285714286,0.36142857142857143,0.03185833333333221,0.25175000000000003,West Guji
1409,2026,19.0272,9.6958,73.4888,-1.723,0.2289,0.4725999999999999,0.11008154761904762,West Guji
1410,1989,19.454333333333334,47.086666666666666,,-0.3434285714285714,,-0.10078917748917604,,West Hararge
1410,1990,19.980083333333333,38.774,,-0.8015714285714285,,0.3967183982683977,,West Hararge
1410,1991,19.672166666666666,46.571,91.36971428571428,0.044428571428571435,,0.06055930735930559,,West Hararge
1410,1992,19.493083333333335,54.15975,93.80642857142857,1.2028571428571428,,-0.1467664502164503,,West Hararge
1410,1993,19.864333333333335,37.502833333333335,85.3637142857143,-1.0278571428571428,,0.19624112554112472,,West Hararge
1410,1994,19.465,63.160833333333336,95.21157142857143,1.5485714285714285,,-0.23133463203463478,,West Hararge
1410,1995,20.039,41.18183333333334,89.06371428571428,-0.5692857142857143,,0.31442294372294555,,West Hararge
1410,1996,19.15025,62.350750000000005,96.67742857142856,1.3927142857142858,,-0.602569480519481,,West Hararge
1410,1997,20.15675,44.02558333333334,88.95042857142857,-0.18785714285714286,,0.3756880952380932,,West Hararge
1410,1998,20.269416666666668,43.86841666666667,87.39557142857143,-0.41900000000000004,,0.4601123376623377,,West Hararge
1410,1999,19.8695,54.702916666666674,86.28457142857143,0.8207142857142857,,0.03195324675324329,,West Hararge
1410,2000,19.308916666666665,40.411833333333334,85.93499999999999,-0.5517142857142857,,-0.5568725108225117,,West Hararge
1410,2001,19.288416666666667,45.556999999999995,90.25728571428571,0.3282857142857143,-0.3391428571428571,-0.6056149350649349,0.13386813186813185,West Hararge
1410,2002,20.393,35.89025,72.20371428571428,-1.2205714285714286,-1.4162142857142856,0.4707259740259744,-0.982620879120879,West Hararge
1410,2003,19.387166666666666,50.31741666666667,92.60000000000001,0.32657142857142857,-0.5271428571428571,-0.5633497835497856,-0.132967032967033,West Hararge
1410,2004,20.175,38.79025,80.83914285714286,-1.0254285714285714,-0.2522142857142857,0.19624112554112472,0.102543956043956,West Hararge
1410,2005,20.09991666666667,37.97833333333333,91.39800000000001,-0.4867142857142857,0.35707142857142854,0.09291536796536803,0.6724120879120878,West Hararge
1410,2006,20.03675,43.072583333333334,90.81428571428572,-0.3695714285714286,0.1442857142857143,0.0015062770562792593,0.4202087912087912,West Hararge
1410,2007,19.848833333333335,55.35483333333334,94.20700000000001,0.3301428571428571,0.4781428571428572,-0.21465281385281187,0.7146483516483517,West Hararge
1410,2008,19.8615,41.886833333333335,91.49642857142858,-0.009285714285714284,-0.34550000000000003,-0.23022857142857234,-0.14841208791208796,West Hararge
1410,2009,21.201249999999998,34.71458333333333,74.51057142857142,-0.9461428571428572,-1.162785714285714,1.0812790043290015,-1.0051153846153844,West Hararge
1410,2010,20.060666666666666,47.407666666666664,91.64757142857142,0.05357142857142857,0.5927857142857142,-0.08754675324675532,0.7110384615384615,West Hararge
1410,2011,19.938916666666668,57.679,88.8247142857143,1.1391428571428572,-0.2032142857142857,-0.2375391774891753,-0.12437912087912088,West Hararge
1410,2012,20.149916666666666,65.65716666666667,91.00614285714286,1.3232857142857142,-0.43957142857142856,-0.054781601731601626,-0.40015384615384614,West Hararge
1410,2013,19.6675,52.248083333333334,92.90957142857143,0.5441428571428572,0.36478571428571427,-0.5654406926406921,0.36478571428571427,West Hararge
1410,2014,20.469083333333334,44.32725,85.38871428571429,-0.43128571428571433,-0.09578571428571428,0.2079002164502164,-0.1352032967032967,West Hararge
1410,2015,21.3275,36.08833333333333,74.20614285714285,-1.139857142857143,-1.0941428571428573,1.0380744588744584,-1.1729780219780221,West Hararge
1410,2016,20.444916666666668,39.66341666666667,88.88385714285714,-0.3495714285714286,0.2702857142857143,0.1272487012987007,0.15203296703296706,West Hararge
1410,2017,20.646833333333333,53.465833333333336,90.35528571428571,0.9102857142857143,-0.6177142857142857,0.30092294372294504,-0.7753846153846153,West Hararge
1410,2018,20.105583333333332,41.70575,90.83,-0.49714285714285716,0.4395,-0.2685694805194814,0.24241208791208793,West Hararge
1410,2019,19.878583333333335,56.61366666666667,93.49857142857142,0.6130000000000001,0.2907142857142857,-0.523811904761903,0.05420879120879124,West Hararge
1410,2020,20.008,60.81908333333333,93.802,0.9485714285714285,1.4082142857142859,-0.42263766233766376,1.132291208791209,West Hararge
1410,2021,20.25525,50.15958333333333,85.11471428571429,0.29085714285714287,0.16985714285714287,-0.20363008658008752,-0.14548351648351643,West Hararge
1410,2022,20.425250000000002,41.336999999999996,72.58928571428571,-1.0242857142857142,-0.6477142857142857,-0.06187251082250711,-1.0024725274725275,West Hararge
1410,2023,21.079333333333334,44.73875,88.81671428571428,-0.4521428571428571,1.0430000000000001,0.5639683982684005,0.648824175824176,West Hararge
1410,2024,20.576166666666666,57.54441666666667,94.98400000000001,1.1122857142857143,1.3502142857142858,0.0325593073593069,0.9166208791208792,West Hararge
1410,2025,20.59675,53.43275,82.878,0.4375714285714286,-0.10635714285714284,0.02490021645021656,-0.5793681318681317,West Hararge
1410,2026,21.666800000000002,29.9658,72.84259999999999,-1.5372,-0.0701,1.0667077922077937,-0.5825285714285713,West Hararge
1890,1989,26.473083333333335,19.209333333333333,,-1.3338571428571429,,0.03038008658008806,,Siti
1890,1990,27.147333333333332,20.947416666666665,,-1.272,,0.6763194805194779,,Siti
1890,1991,26.949083333333334,16.81983333333333,44.670428571428566,-1.2595714285714286,,0.4497588744588761,,Siti
1890,1992,26.297749999999997,27.627499999999998,65.19214285714285,-0.2712857142857143,,-0.22988506493506833,,Siti
1890,1993,26.69633333333333,19.548416666666668,51.29528571428572,-0.8985714285714286,,0.14038766233766253,,Siti
1890,1994,26.31641666666667,38.01241666666667,74.44828571428572,0.7634285714285713,,-0.2678396103896077,,Siti
1890,1995,26.80475,30.0335,71.94828571428572,0.6245714285714286,,0.19218311688311474,,Siti
1890,1996,25.980416666666667,30.94633333333333,56.36157142857143,0.9254285714285714,,-0.6604608225108208,,Siti
1890,1997,27.4105,29.724999999999998,46.99314285714286,0.07342857142857144,,0.7413119047619041,,Siti
1890,1998,26.632583333333333,35.31641666666667,70.3527142857143,0.40614285714285714,,-0.06491536796536934,,Siti
1890,1999,26.433916666666665,30.500333333333334,66.32428571428571,0.445,,-0.291892640692641,,Siti
1890,2000,26.274083333333333,30.238333333333333,73.08871428571429,0.2978571428571429,,-0.4800365800865798,,Siti
1890,2001,26.121,33.45325,83.03585714285714,1.1562857142857141,0.5997142857142858,-0.6614305194805219,1.222582251082251,Siti
1890,2002,27.179833333333335,21.311916666666665,55.01057142857143,-0.9768571428571429,-0.5105714285714286,0.3690922077922103,0.06039087301587298,Siti
1890,2003,26.418333333333333,31.661583333333336,61.273857142857146,0.07228571428571429,-0.4065,-0.42071839826839863,0.11255663780663783,Siti
1890,2004,26.988833333333332,22.73625,55.92585714285714,-0.896,-0.544142857142857,0.12147099567099673,-0.07699188311688299,Siti
1890,2005,27.37275,23.664749999999998,53.85285714285715,-0.24028571428571427,-0.14828571428571427,0.4770770562770572,0.26695959595959595,Siti
1890,2006,26.733333333333334,29.88208333333333,72.54071428571429,0.029857142857142884,-0.21964285714285714,-0.19065021645021574,0.1436967893217893,Siti
1890,2007,26.94333333333333,33.225249999999996,73.65385714285715,0.869,0.13285714285714284,-0.008960822510822197,0.44429112554112554,Siti
1890,2008,26.86375,25.101916666666668,58.300000000000004,0.0002857142857142939,-0.7470714285714286,-0.11685476190476152,-0.4875431096681097,Siti
1890,2009,27.855999999999998,18.989,45.47428571428571,-1.260142857142857,-1.0825714285714285,0.8470846320346297,-0.8749487734487734,Siti
1890,2010,26.729083333333335,38.245583333333336,74.47914285714286,1.1292857142857142,-0.00807142857142857,-0.30814264069263686,0.1476455627705628,Siti
1890,2011,26.995333333333335,27.916749999999997,63.00828571428571,-0.04071428571428571,-0.6304285714285714,-0.07020324675324474,-0.5266172438672438,Siti
1890,2012,27.377,31.670666666666666,69.36871428571429,0.8387142857142857,0.14885714285714285,0.2831528138528121,0.20076280663780663,Siti
1890,2013,26.57466666666667,33.764583333333334,78.071,0.7734285714285714,0.8025,-0.5474911255411214,0.8025,Siti
1890,2014,27.03033333333333,24.914083333333334,63.69685714285714,-0.403,-0.602,-0.12013506493506654,-0.6539056637806637,Siti
1890,2015,28.17125,18.14525,31.75714285714286,-1.4268571428571428,-1.0447857142857142,0.992470995670999,-1.1485970418470417,Siti
1890,2016,27.1985,21.349500000000003,67.99457142857143,-0.07857142857142858,0.5905,-0.008589610389609703,0.4347830086580087,Siti
1890,2017,27.778583333333334,31.369416666666666,60.23514285714286,0.3338571428571428,-0.6314285714285715,0.5431831168831174,-0.8390512265512265,Siti
1890,2018,27.049166666666665,25.02475,54.79842857142857,0.24528571428571427,-0.2027142857142857,-0.21454415584415543,-0.4622426046176046,Siti
1890,2019,27.016666666666666,32.19175,59.38285714285714,0.20585714285714288,-0.15278571428571427,-0.2753547619047616,-0.464219696969697,Siti
1890,2020,26.923666666666666,33.012166666666666,70.69442857142857,0.6492857142857142,0.42314285714285715,-0.3966653679653689,0.059803210678210705,Siti
1890,2021,27.056749999999997,30.315250000000002,64.61557142857143,0.5359999999999999,1.0614285714285714,-0.291892640692641,0.6461832611832612,Siti
1890,2022,26.999166666666667,31.832416666666663,60.882428571428576,0.399,0.9319285714285714,-0.3777865800865783,0.4647775974025974,Siti
1890,2023,28.2995,23.26733333333333,39.891571428571424,-0.29999999999999993,-0.062,0.8942361471861453,-0.5810566378066377,Siti
1890,2024,27.461583333333333,40.523,82.703,1.2794285714285714,2.1655714285714285,0.028008874458876676,1.594609126984127,Siti
1890,2025,27.386916666666664,32.68875,55.99614285714286,0.07085714285714287,0.7361428571428572,-0.07496839826839974,0.1132748917748918,Siti
1890,2026,28.5169,12.7083,38.8058,-2.3416,-0.6231,1.0267043290043318,-1.2978736291486292,Siti
1891,1989,16.547416666666667,96.42191666666668,,0.30628571428571433,,-0.12339761904761204,,Bench Sheko
1891,1990,16.7385,90.05916666666667,,0.4471428571428571,,0.05535238095238526,,Bench Sheko
1891,1991,16.698416666666667,82.06833333333333,99.95085714285713,-0.43971428571428567,,0.0029357142857193708,,Bench Sheko
1891,1992,16.446833333333334,95.43825,99.95328571428571,0.5534285714285715,,-0.26098095238094743,,Bench Sheko
1891,1993,16.96275,66.31824999999999,99.93157142857142,-1.4562857142857142,,0.24260238095238407,,Bench Sheko
1891,1994,16.576,95.065,99.95899999999999,0.8932857142857143,,-0.15648095238094584,,Bench Sheko
1891,1995,16.876166666666666,69.47516666666667,99.965,-1.0614285714285714,,0.13135238095238577,,Bench Sheko
1891,1996,16.423583333333333,88.23066666666666,99.98214285714286,-0.05228571428571429,,-0.33356428571428154,,Bench Sheko
1891,1997,17.17025,69.1315,99.91471428571428,-1.3352857142857142,,0.4007690476190504,,Bench Sheko
1891,1998,17.060083333333335,104.24466666666667,99.95942857142857,0.7648571428571429,,0.27826904761905524,,Bench Sheko
1891,1999,16.916166666666665,65.94033333333333,99.925,-1.3298571428571428,,0.12201904761905169,,Bench Sheko
1891,2000,16.522583333333333,58.763,99.74728571428571,-1.123,,-0.28389761904761457,,Bench Sheko
1891,2001,16.5685,86.20108333333333,99.86671428571428,0.10685714285714286,0.9092142857142858,-0.25031428571428194,1.0266198979591838,Bench Sheko
1891,2002,17.104666666666667,66.25533333333333,99.86742857142858,-1.1941428571428572,0.11757142857142858,0.2735190476190539,0.2251932397959184,Bench Sheko
1891,2003,16.526416666666666,106.7885,99.94814285714286,0.26357142857142857,-0.2282142857142857,-0.3170642857142809,-0.13037627551020403,Bench Sheko
1891,2004,16.777083333333334,85.40266666666666,99.84485714285714,-0.15885714285714286,-0.11864285714285713,-0.07873095238094763,-0.030588647959183632,Bench Sheko
1891,2005,16.967916666666667,89.17099999999999,99.92085714285714,0.42457142857142854,-0.061642857142857166,0.09976904761905203,0.016627551020408166,Bench Sheko
1891,2006,17.022833333333335,91.72666666666667,99.973,0.6681428571428573,-0.12521428571428572,0.14235238095238856,-0.05672767857142856,Bench Sheko
1891,2007,16.76025,100.92608333333334,99.91442857142856,0.8497142857142858,0.005071428571428588,-0.13256428571428103,0.06377423469387758,Bench Sheko
1891,2008,16.794583333333332,88.31583333333333,99.94628571428572,0.045,0.047214285714285716,-0.11056428571428256,0.09613329081632654,Bench Sheko
1891,2009,17.501833333333334,65.35058333333333,99.73571428571428,-1.4728571428571429,-0.19485714285714287,0.5843523809523852,-0.15572193877551022,Bench Sheko
1891,2010,17.008583333333334,93.10050000000001,99.95857142857143,0.3617142857142857,-0.34199999999999997,0.07876904761905124,-0.31264859693877545,Bench Sheko
1891,2011,16.584833333333332,132.62008333333333,99.98800000000001,2.271714285714286,0.000285714285714285,-0.35731428571428125,0.019853316326530618,Bench Sheko
1891,2012,16.695083333333333,112.30166666666666,99.96528571428573,1.0467142857142857,-0.6362142857142858,-0.2593976190476148,-0.6264304846938776,Bench Sheko
1891,2013,16.761416666666666,102.63816666666666,99.96585714285713,0.5775714285714286,-0.09564285714285714,-0.20539761904761633,-0.09564285714285714,Bench Sheko
1891,2014,16.983333333333334,81.91475,99.90985714285715,-0.18371428571428572,-0.028785714285714283,0.004185714285718234,-0.038569515306122445,Bench Sheko
1891,2015,17.5565,75.81683333333334,99.81285714285715,-0.6648571428571428,0.10149999999999999,0.5650190476190531,0.08193239795918367,Bench Sheko
1891,2016,17.19666666666667,70.12633333333333,99.83857142857143,-0.7514285714285714,0.13092857142857145,0.1928523809523881,0.10157716836734695,Bench Sheko
1891,2017,17.0335,84.04525,99.95128571428572,-0.5055714285714286,0.05835714285714286,0.017352380952385005,0.01922193877551019,Bench Sheko
1891,2018,16.93875,78.33716666666668,99.93585714285713,-0.15542857142857142,0.4003571428571429,-0.08973095238095041,0.3514381377551021,Bench Sheko
1891,2019,16.83491666666667,119.91408333333334,99.99971428571429,1.777,0.6659999999999999,-0.2058976190476116,0.6072971938775509,Bench Sheko
1891,2020,16.8145,97.17308333333334,99.97971428571428,0.6702857142857143,-0.3041428571428572,-0.23864761904761522,-0.37262946428571436,Bench Sheko
1891,2021,16.939083333333333,95.34958333333333,99.955,0.26657142857142857,0.4792142857142857,-0.1263976190476157,0.40094387755102034,Bench Sheko
1891,2022,16.955666666666666,75.33891666666666,99.93357142857143,-0.6851428571428572,-0.37485714285714283,-0.12214761904761673,-0.46291135204081635,Bench Sheko
1891,2023,17.520500000000002,91.40833333333335,99.90014285714285,0.195,0.6581428571428571,0.4303523809523888,0.5603048469387755,Bench Sheko
1891,2024,17.175666666666668,96.19758333333334,99.974,0.6777142857142857,-0.29350000000000004,0.07318571428572085,-0.40112181122448987,Bench Sheko
1891,2025,17.00425,118.5435,99.99042857142857,1.727142857142857,0.1368571428571429,-0.11056428571428256,0.019451530612244902,Bench Sheko
1891,2026,17.9467,60.142700000000005,99.922,-0.8398,0.1088,0.8195523809523841,-0.018389413265306173,Bench Sheko
2050,1989,15.942083333333334,84.62433333333333,,0.368,,-0.11119047619047606,,Kefa
2050,1990,16.079833333333333,99.82216666666666,,1.056,,0.015559523809521636,,Kefa
2050,1991,16.115583333333333,79.38258333333333,99.90885714285714,-0.018428571428571423,,0.040309523809522574,,Kefa
2050,1992,15.846333333333334,86.48308333333334,99.92842857142857,0.5214285714285715,,-0.2399404761904762,,Kefa
2050,1993,16.24775,71.68075,99.85842857142858,-0.5931428571428572,,0.1504761904761871,,Kefa
2050,1994,15.942583333333333,84.53408333333333,99.90314285714285,0.96,,-0.16569047619047694,,Kefa
2050,1995,16.24866666666667,71.31866666666666,99.85585714285715,-0.8505714285714285,,0.1293928571428573,,Kefa
2050,1996,15.826333333333332,76.58749999999999,99.92257142857143,-0.16757142857142857,,-0.3039404761904798,,Kefa
2050,1997,16.409000000000002,64.021,99.84528571428572,-1.7318571428571428,,0.2677261904761892,,Kefa
2050,1998,16.406499999999998,88.25816666666667,99.89385714285713,0.5151428571428571,,0.2542261904761851,,Kefa
2050,1999,16.27575,64.46283333333334,99.83942857142857,-1.172857142857143,,0.11247619047618684,,Kefa
2050,2000,15.881,62.66608333333334,99.58028571428572,-0.9301428571428572,,-0.29327380952381077,,Kefa
2050,2001,15.994750000000002,84.14108333333333,99.87542857142857,0.5631428571428572,0.5333571428571429,-0.19052380952381043,0.522452380952381,Kefa
2050,2002,16.3965,64.71258333333334,99.81000000000002,-1.3277142857142858,0.39907142857142863,0.20022619047618662,0.3890753968253969,Kefa
2050,2003,15.9065,89.71591666666666,99.922,0.10928571428571428,-0.17778571428571427,-0.30077380952381283,-0.18687301587301586,Kefa
2050,2004,16.151,76.89491666666667,99.7387142857143,-0.3577142857142857,-0.1247857142857143,-0.06727380952381168,-0.13296428571428573,Kefa
2050,2005,16.342916666666667,79.795,99.87371428571429,0.39171428571428574,0.2790714285714286,0.11364285714285671,0.2718015873015873,Kefa
2050,2006,16.369083333333332,84.32183333333333,99.93114285714286,0.735,0.08299999999999999,0.12880952380951882,0.07663888888888888,Kefa
2050,2007,16.132416666666668,87.56891666666667,99.90671428571429,0.3638571428571429,-0.18207142857142855,-0.11885714285714499,-0.1875238095238095,Kefa
2050,2008,16.1925,84.66441666666667,99.83157142857144,0.7379999999999999,0.02242857142857143,-0.06977380952381296,0.017884920634920635,Kefa
2050,2009,16.862416666666665,65.5165,99.73814285714286,-1.0922857142857143,-0.4450714285714286,0.5891428571428534,-0.4487063492063493,Kefa
2050,2010,16.329916666666666,85.067,99.89328571428572,0.14442857142857143,-0.4514285714285714,0.04564285714285532,-0.4541547619047619,Kefa
2050,2011,15.950416666666667,100.19558333333333,99.90957142857143,1.4888571428571429,0.15835714285714286,-0.3448571428571441,0.15653968253968253,Kefa
2050,2012,16.115750000000002,93.32741666666668,99.90771428571429,0.9011428571428571,-0.5561428571428572,-0.19052380952381043,-0.5570515873015873,Kefa
2050,2013,16.139583333333334,89.72091666666667,99.9212857142857,0.642,-0.29592857142857143,-0.1776904761904774,-0.29592857142857143,Kefa
2050,2014,16.384916666666665,71.2445,99.87771428571429,-0.45,0.24257142857142858,0.05664285714285455,0.24348015873015874,Kefa
2050,2015,16.89891666666667,71.96816666666668,99.87857142857142,-0.4217142857142857,0.5386428571428572,0.5596428571428547,0.5404603174603175,Kefa
2050,2016,16.5505,72.52725,99.80314285714287,-0.384,0.2865714285714286,0.20022619047618662,0.2892976190476191,Kefa
2050,2017,16.418,77.30733333333333,99.93585714285715,-0.5827142857142856,-0.117,0.0567261904761871,-0.11336507936507938,Kefa
2050,2018,16.24775,72.98583333333333,99.87357142857142,-0.3092857142857143,-0.056857142857142856,-0.12452380952381148,-0.05231349206349206,Kefa
2050,2019,16.168083333333332,96.56691666666667,99.99057142857143,1.3880000000000001,0.12414285714285717,-0.21519047619047882,0.12959523809523812,Kefa
2050,2020,16.166083333333333,87.58875,99.954,0.6378571428571428,-0.013000000000000005,-0.2281904761904805,-0.006638888888888892,Kefa
2050,2021,16.295583333333333,86.5075,99.8,0.3678571428571429,-0.10828571428571429,-0.10969047619047956,-0.10101587301587302,Kefa
2050,2022,16.300583333333332,65.06766666666667,99.75471428571429,-1.2912857142857141,-0.4242142857142857,-0.11569047619047979,-0.4160357142857143,Kefa
2050,2023,16.79425,84.40216666666667,99.85285714285715,-0.18957142857142856,0.6623571428571429,0.36697619047619057,0.6714444444444445,Kefa
2050,2024,16.497,82.38741666666667,99.94585714285714,0.4127142857142857,-0.1255,0.05872619047618599,-0.11550396825396825,Kefa
2050,2025,16.374666666666666,99.24041666666666,99.98257142857142,1.5647142857142857,0.27985714285714286,-0.07460714285714687,0.2907619047619048,Kefa
2050,2026,17.193,63.2088,99.713,-1.1344,0.5863,0.732726190476189,0.5981134920634921,Kefa
2267,1989,15.600333333333333,55.51808333333333,,-0.15342857142857144,,-0.11662650103519567,,Hadiya
2267,1990,15.727416666666665,48.94875,,-0.5902857142857142,,-0.008506935817806038,,Hadiya
2267,1991,15.986833333333335,60.46458333333334,99.37842857142857,0.97,,0.23194596273292234,,Hadiya
2267,1992,15.521416666666667,60.171166666666664,99.44057142857143,0.8874285714285716,,-0.2524344720496874,,Hadiya
2267,1993,15.846833333333334,50.435583333333334,98.81785714285715,-0.10771428571428572,,0.054018426501038164,,Hadiya
2267,1994,15.718916666666667,56.0585,99.53599999999999,0.4481428571428571,,-0.0928620082815712,,Hadiya
2267,1995,16.033416666666668,53.22416666666667,99.44014285714286,0.0555714285714286,,0.20267422360248588,,Hadiya
2267,1996,15.825333333333333,62.11925,99.455,1.1125714285714285,,-0.02437287784679043,,Hadiya
2267,1997,16.212666666666667,51.592999999999996,99.15114285714286,-0.2518571428571429,,0.34399668737060196,,Hadiya
2267,1998,16.187083333333334,54.032916666666665,99.27271428571429,-0.03685714285714285,,0.29944958592132664,,Hadiya
2267,1999,15.963999999999999,48.235749999999996,98.81814285714286,-0.2982857142857143,,0.057402484472049764,,Hadiya
2267,2000,15.393,50.92516666666666,99.21642857142857,-0.6278571428571429,,-0.53256128364389,,Hadiya
2267,2001,15.568166666666665,56.92433333333333,99.71042857142857,0.617,0.37149999999999994,-0.37635838509316777,0.8251372670807453,Hadiya
2267,2002,16.044666666666668,54.31641666666667,99.10728571428571,-0.04128571428571428,0.0009999999999999992,0.08117784679089368,0.41683416149068325,Hadiya
2267,2003,15.589416666666667,54.23425,98.79899999999999,-0.35514285714285715,-0.8672142857142857,-0.3930359213250494,-0.4891832298136646,Hadiya
2267,2004,15.737083333333333,50.15025,97.41257142857144,-0.8198571428571428,-0.26342857142857146,-0.26433302277432524,0.07679937888198757,Hadiya
2267,2005,16.077833333333334,48.18866666666667,99.28914285714286,-0.6018571428571429,0.13564285714285715,0.057453209109734615,0.4380677018633541,Hadiya
2267,2006,16.187083333333334,57.2945,99.86014285714285,0.571,-0.1042142857142857,0.14773944099379221,0.1604074534161491,Hadiya
2267,2007,16.115583333333333,65.04325,99.28571428571429,0.9691428571428572,0.09171428571428572,0.05727567287785007,0.31853291925465843,Hadiya
2267,2008,15.93425,60.15358333333333,99.338,0.8755714285714286,-0.24585714285714286,-0.14302142857142464,-0.05684161490683229,Hadiya
2267,2009,16.461583333333333,45.58391666666666,97.31628571428571,-0.7955714285714286,-1.349357142857143,0.36534813664596655,-1.1981447204968945,Hadiya
2267,2010,16.3035,54.49775,99.36514285714286,-0.05799999999999999,0.3162142857142857,0.18830103519669095,0.42962360248447207,Hadiya
2267,2011,15.750666666666667,54.43016666666667,99.12485714285715,0.35828571428571426,-0.11442857142857144,-0.38349606625258303,-0.03882236024844721,Hadiya
2267,2012,16.102083333333333,67.72625000000001,99.10085714285715,1.1832857142857143,-0.8372142857142857,-0.05104316770185946,-0.7994111801242236,Hadiya
2267,2013,15.995666666666667,65.76191666666666,99.48385714285713,1.3511428571428572,0.11100000000000002,-0.17642360248446742,0.11100000000000002,Hadiya
2267,2014,16.423,53.88766666666667,99.1232857142857,0.08614285714285715,0.4323571428571429,0.23194596273292234,0.39455403726708077,Hadiya
2267,2015,16.698249999999998,53.48791666666667,99.39414285714285,-0.25585714285714284,-0.6666428571428571,0.4882321946169803,-0.7422490683229813,Hadiya
2267,2016,16.413166666666665,44.255833333333335,99.44257142857143,-1.1371428571428572,0.5970714285714285,0.18418509316770582,0.48366211180124213,Hadiya
2267,2017,16.317,58.38575,98.83214285714287,0.04357142857142858,-0.5158571428571428,0.06905465838509883,-0.6670695652173912,Hadiya
2267,2018,16.048833333333334,48.14158333333333,99.423,-0.6838571428571428,0.405,-0.21807577639750875,0.21598447204968946,Hadiya
2267,2019,16.16775,65.41216666666666,99.41228571428572,1.1007142857142858,0.496,-0.11812287784678333,0.2691813664596273,Hadiya
2267,2020,16.22925,53.689416666666666,99.68985714285714,-0.09471428571428571,0.8199285714285713,-0.07558664596272635,0.5553068322981365,Hadiya
2267,2021,16.210833333333333,49.715666666666664,97.91085714285714,-0.5854285714285714,-0.27664285714285713,-0.1129670807453369,-0.5790677018633541,Hadiya
2267,2022,16.243750000000002,51.41166666666666,98.046,-0.9387142857142857,-0.8973571428571427,-0.09901418219461,-1.2375850931677017,Hadiya
2267,2023,16.601583333333334,41.01475,98.886,-2.1004285714285715,1.1867142857142858,0.23985538302278187,0.8086832298136647,Hadiya
2267,2024,16.425,58.48708333333334,99.58285714285715,0.7881428571428571,0.6875714285714286,0.04430828157350675,0.27173726708074536,Hadiya
2267,2025,16.369,57.5765,99.90742857142857,0.5601428571428572,0.8587142857142858,-0.030655486542435995,0.4050770186335404,Hadiya
2267,2026,16.8381,43.6789,98.72720000000001,-1.8354,0.8871,0.41948074534162316,0.3956596273291925,Hadiya
2268,1989,25.967416666666665,2.2866666666666666,,-0.018857142857142847,,-0.030744444444451346,,Liban
2268,1990,26.322166666666664,1.7685833333333332,,-0.8101428571428572,,0.2770333333333248,,Liban
2268,1991,25.948416666666663,5.761,24.77414285714286,1.6650000000000003,,-0.1436888888888994,,Liban
2268,1992,26.136916666666668,3.4575833333333335,22.401571428571426,-0.07228571428571429,,-0.0021611111111141668,,Liban
2268,1993,25.760499999999997,2.2030833333333333,26.974857142857143,0.5044285714285714,,-0.4255500000000083,,Liban
2268,1994,26.43325,3.7213333333333334,20.21028571428571,0.5084285714285715,,0.2002277777777728,,Liban
2268,1995,26.6375,1.8711666666666666,27.143571428571427,-0.3412857142857143,,0.3575055555555515,,Liban
2268,1996,26.199416666666668,2.0210833333333333,24.227285714285717,-0.08285714285714285,,-0.12755000000000294,,Liban
2268,1997,26.90308333333333,3.1804166666666664,29.505428571428574,-0.4784285714285715,,0.5291444444444373,,Liban
2268,1998,26.122,2.3235833333333336,25.884285714285713,-0.18328571428571427,,-0.29891111111111357,,Liban
2268,1999,26.354,1.9455,16.823,-0.6875714285714285,,-0.11388333333333733,,Liban
2268,2000,26.188833333333335,2.053166666666667,19.56642857142857,-0.0682857142857143,,-0.32602222222222466,,Liban
2268,2001,26.43275,2.8028333333333335,16.964857142857145,-0.29471428571428565,-1.3656428571428572,-0.1290777777777805,-0.9365535714285714,Liban
2268,2002,26.494083333333332,3.1604166666666664,30.812714285714286,-0.3677142857142857,0.721,-0.11471666666666991,1.1143318452380953,Liban
2268,2003,26.673833333333334,1.5104166666666667,26.925428571428572,-0.05242857142857144,0.24521428571428572,0.018061111111109085,0.6027886904761905,Liban
2268,2004,26.755416666666665,2.6475833333333334,16.681,-0.26671428571428574,-0.9731428571428571,0.052672222222220455,-0.6513258928571428,Liban
2268,2005,26.9945,3.2722499999999997,17.485000000000003,0.7385714285714285,0.0487142857142857,0.2447833333333307,0.33477380952380953,Liban
2268,2006,27.120500000000003,4.435083333333334,23.274285714285718,-0.016714285714285713,-0.04685714285714286,0.3238111111111124,0.2034449404761905,Liban
2268,2007,27.3045,4.3105,24.579,0.5611428571428572,0.14607142857142857,0.46083888888889035,0.36061607142857144,Liban
2268,2008,26.80258333333333,2.1035,23.013857142857145,0.1377142857142857,-0.7397857142857143,-0.08805000000000263,-0.5609985119047619,Liban
2268,2009,27.2595,2.855166666666667,17.959142857142858,-0.03285714285714286,-1.3837142857142857,0.3218944444444425,-1.2406845238095237,Liban
2268,2010,27.074166666666667,2.548583333333333,25.526714285714288,0.1684285714285714,0.435,0.0895888888888905,0.5422723214285714,Liban
2268,2011,27.50191666666667,2.37725,13.266571428571428,-0.49542857142857144,-0.8852142857142857,0.4703666666666706,-0.8136994047619048,Liban
2268,2012,27.079166666666666,4.062916666666667,15.053571428571429,-0.08314285714285716,0.16564285714285715,0.0006444444444433373,0.20140029761904762,Liban
2268,2013,26.612666666666666,1.9144166666666667,26.684285714285714,-0.4408571428571429,0.6097857142857144,-0.5128277777777761,0.6097857142857144,Liban
2268,2014,27.426083333333334,2.293416666666667,17.529857142857143,-0.3598571428571428,-0.6717142857142857,0.2536166666666695,-0.7074717261904762,Liban
2268,2015,27.55425,2.4559166666666665,18.691285714285716,-0.44728571428571434,-0.1855,0.3348111111111116,-0.25701488095238095,Liban
2268,2016,26.64816666666667,1.8738333333333335,25.490571428571428,-0.665,0.36742857142857144,-0.6182444444444393,0.26015625,Liban
2268,2017,27.633333333333336,2.5741666666666667,19.96557142857143,-0.196,-0.30364285714285716,0.31995000000000573,-0.44667261904761907,Liban
2268,2018,26.95475,2.7399166666666663,31.042571428571428,0.023714285714285712,0.06971428571428571,-0.4056055555555531,-0.10907291666666667,Liban
2268,2019,27.607,2.551416666666667,20.993714285714287,0.4872857142857142,-0.481,0.19967222222222603,-0.6955446428571428,Liban
2268,2020,27.218416666666666,2.893916666666667,30.56942857142857,-0.15742857142857142,1.0417857142857143,-0.23588333333333011,0.791483630952381,Liban
2268,2021,27.387833333333333,3.6209166666666666,24.993,0.17528571428571427,0.46285714285714286,-0.11343888888888642,0.17679761904761904,Liban
2268,2022,27.12708333333333,2.277083333333333,19.99542857142857,-0.21342857142857147,-0.3829285714285714,-0.42116111111110754,-0.7047455357142857,Liban
2268,2023,27.84883333333333,3.05875,22.48542857142857,-0.307,0.7033571428571429,0.2536166666666695,0.34578273809523813,Liban
2268,2024,27.66325,3.123083333333333,31.425857142857144,0.4714285714285715,0.9773571428571428,0.021061111111116304,0.5840252976190475,Liban
2268,2025,27.313666666666666,1.8699166666666667,27.953285714285716,-0.4838571428571429,0.05607142857142858,-0.37549444444443836,-0.3730178571428572,Liban
2268,2026,27.7757,0.5939,19.862000000000002,-0.5641999999999999,1.498,0.039566666666672745,1.033153273809524,Liban
2328,1989,16.822666666666667,87.90791666666667,,-0.13014285714285714,,-0.1245668430335094,,Dawuro
2328,1990,16.98275,78.67091666666667,,-0.6558571428571429,,0.0180658730158747,,Dawuro
2328,1991,17.099833333333333,83.97208333333333,99.20414285714286,-0.030857142857142854,,0.11769858906525599,,Dawuro
2328,1992,16.79,84.51966666666667,99.45314285714286,-0.057,,-0.20958536155202978,,Dawuro
2328,1993,17.091,78.4775,97.84214285714286,-0.4921428571428571,,0.07396402116402356,,Dawuro
2328,1994,16.907,83.1655,98.763,0.43785714285714283,,-0.12748659611992963,,Dawuro
2328,1995,17.274416666666667,79.34,98.91471428571428,-0.4974285714285714,,0.22247945326278895,,Dawuro
2328,1996,16.838166666666666,95.00058333333334,98.82542857142857,0.7247142857142858,,-0.23122116402116433,,Dawuro
2328,1997,17.36525,74.7415,98.45985714285715,-0.8518571428571429,,0.27841155202822065,,Dawuro
2328,1998,17.333583333333333,85.80883333333333,98.88942857142857,0.5559999999999999,,0.22929426807760223,,Dawuro
2328,1999,17.195666666666668,80.78266666666667,99.30614285714286,-0.327,,0.07392698412698451,,Dawuro
2328,2000,16.723583333333334,83.03225,97.95442857142858,0.047142857142857146,,-0.41560696649029794,,Dawuro
2328,2001,16.91541666666667,99.79941666666667,99.50642857142857,0.8605714285714287,-0.07907142857142857,-0.241224250440915,0.11608241758241758,Dawuro
2328,2002,17.38233333333333,80.06308333333332,98.985,-0.3504285714285714,0.6262142857142857,0.20824179894179906,0.8051053113553114,Dawuro
2328,2003,16.770416666666666,110.22991666666667,99.35557142857144,0.9501428571428571,-0.5284285714285715,-0.42112548500881886,-0.36580036630036633,Dawuro
2328,2004,17.053083333333333,80.65425,97.52785714285714,-0.4358571428571429,-0.10628571428571428,-0.1559094356261035,0.040079670329670344,Dawuro
2328,2005,17.29575,83.42108333333333,98.68942857142858,0.079,0.08971428571428572,0.06930661375661629,0.21981684981684982,Dawuro
2328,2006,17.368666666666666,77.62816666666667,99.27885714285715,-0.23342857142857146,0.19592857142857145,0.12477266313932844,0.30976831501831503,Dawuro
2328,2007,17.239250000000002,104.37416666666667,98.9497142857143,0.9948571428571429,0.07985714285714285,-0.022094620811284216,0.1774340659340659,Dawuro
2328,2008,17.18825,100.14683333333333,98.30414285714286,0.9434285714285714,0.11314285714285716,-0.09054523809523829,0.19445695970695973,Dawuro
2328,2009,17.85291666666667,73.185,98.14714285714285,-0.8228571428571428,-0.8290714285714285,0.5566708112874785,-0.7640201465201464,Dawuro
2328,2010,17.39108333333333,78.54066666666667,98.55242857142856,-0.7747142857142857,-0.08892857142857143,0.07738686067019174,-0.04014010989010989,Dawuro
2328,2011,16.884416666666667,95.36833333333334,98.69671428571428,0.5688571428571428,-0.0945,-0.44673042328042456,-0.061974358974358976,Dawuro
2328,2012,17.226333333333333,110.33458333333333,98.89,1.3291428571428572,-0.7664285714285713,-0.12226437389770695,-0.7501657509157509,Dawuro
2328,2013,17.13175,110.76158333333332,99.46742857142858,1.4308571428571428,0.030428571428571437,-0.23429832451499166,0.030428571428571437,Dawuro
2328,2014,17.5395,90.23683333333334,97.89114285714287,0.21357142857142858,0.12771428571428572,0.15600105820105625,0.1114514652014652,Dawuro
2328,2015,17.96075,88.05866666666667,99.19271428571427,0.39585714285714285,-0.055857142857142855,0.5598004409171082,-0.08838278388278388,Dawuro
2328,2016,17.72,65.51341666666666,97.01214285714286,-1.4005714285714286,0.28307142857142864,0.3015998236331541,0.2342829670329671,Dawuro
2328,2017,17.454583333333336,87.18466666666666,98.85128571428571,-0.33742857142857147,-0.3414285714285714,0.018732539682542182,-0.4064798534798535,Dawuro
2328,2018,17.244333333333334,71.03858333333334,98.40828571428571,-1.1004285714285715,0.4673571428571429,-0.208968077601412,0.3860430402930404,Dawuro
2328,2019,17.258916666666668,110.23591666666665,99.64414285714285,1.7931428571428571,0.13014285714285712,-0.21183536155202987,0.03256593406593404,Dawuro
2328,2020,17.254083333333334,103.42825,99.57857142857142,1.0478571428571428,0.4363571428571429,-0.23411931216931237,0.3225173992673993,Dawuro
2328,2021,17.37816666666667,79.66308333333333,96.38342857142857,-0.5940000000000001,-0.4451428571428572,-0.12748659611992963,-0.5752454212454212,Dawuro
2328,2022,17.5065,63.06525,97.66614285714286,-1.7328571428571427,-1.0087857142857142,-0.016603880070547916,-1.155151098901099,Dawuro
2328,2023,17.912583333333334,69.05825,98.47342857142857,-1.5438571428571428,0.8097857142857143,0.37202883597883485,0.6471575091575092,Dawuro
2328,2024,17.612583333333333,90.22041666666667,99.22685714285714,0.5398571428571428,0.3305,0.05457821869488555,0.15160897435897439,Dawuro
2328,2025,17.597666666666665,90.98708333333333,99.46628571428572,0.3925714285714286,0.5448571428571428,0.022210934744265387,0.3497032967032967,Dawuro
2328,2026,18.4847,66.5798,96.8428,-1.5906,1.0115,0.8917936507936481,0.8000833333333334,Dawuro
2375,1989,14.86425,31.2865,,-0.363,,-0.12438735119047628,,Bale
2375,1990,15.192916666666667,28.617250000000002,,-0.9558571428571428,,0.17521160714285777,,Bale
2375,1991,15.17575,30.473166666666668,95.27671428571429,0.08742857142857142,,0.12897723214285683,,Bale
2375,1992,14.8195,35.309416666666664,95.32728571428571,0.11657142857142858,,-0.25634047619047706,,Bale
2375,1993,15.003416666666666,33.16766666666667,93.96914285714286,-0.5037142857142858,,-0.10149151785714317,,Bale
2375,1994,15.166416666666665,34.49733333333334,93.54314285714285,0.3498571428571428,,0.03244077380952071,,Bale
2375,1995,15.483083333333333,30.798166666666663,94.71871428571428,-0.1437142857142857,,0.3200397321428561,,Bale
2375,1996,15.017166666666666,38.42375,97.433,0.7202857142857143,,-0.1749446428571435,,Bale
2375,1997,15.74675,32.06841666666667,91.204,-0.4605714285714285,,0.5255709821428578,,Bale
2375,1998,15.527583333333332,36.464416666666665,92.99871428571429,0.05257142857142857,,0.27733660714285513,,Bale
2375,1999,15.27375,31.9365,94.44028571428571,-0.06757142857142857,,-0.005564434523810391,,Bale
2375,2000,14.703333333333333,32.755500000000005,89.88314285714286,-0.3507142857142857,,-0.6050488095238098,,Bale
2375,2001,15.019583333333335,38.40116666666667,95.37585714285714,0.3481428571428572,0.4552142857142857,-0.3178665178571407,0.3615952380952381,Bale
2375,2002,15.289666666666667,25.21341666666667,89.43385714285715,-1.2644285714285712,-0.19614285714285715,-0.0768508928571432,-0.28196031746031747,Bale
2375,2003,15.0645,35.28925,94.51214285714286,0.4065714285714286,-0.025214285714285703,-0.33108526785714254,-0.10323015873015873,Bale
2375,2004,15.2975,30.99366666666667,87.9007142857143,-0.7111428571428571,-0.3096428571428571,-0.1271529761904766,-0.37985714285714284,Bale
2375,2005,15.491166666666667,24.406833333333335,92.4827142857143,-1.0027142857142857,0.20385714285714285,0.03744598214285766,0.14144444444444443,Bale
2375,2006,15.776083333333332,39.18566666666667,93.97728571428571,0.24428571428571427,0.24442857142857144,0.29329494047618887,0.18981746031746033,Bale
2375,2007,15.45875,50.00941666666666,96.52257142857142,1.3244285714285715,0.6178571428571429,-0.053106101190476096,0.571047619047619,Bale
2375,2008,15.524583333333334,36.60791666666667,93.681,0.1645714285714286,-0.188,-0.016340476190475073,-0.22700793650793652,Bale
2375,2009,15.88725,29.72175,87.59128571428572,-0.6581428571428571,-0.6894285714285715,0.3172584821428579,-0.7206349206349207,Bale
2375,2010,15.795666666666667,36.29016666666667,93.76428571428572,0.23414285714285715,0.6739285714285714,0.19660744047619083,0.6505238095238095,Bale
2375,2011,15.5585,43.59891666666667,92.448,1.5071428571428573,-0.14571428571428574,-0.06962693452380897,-0.16131746031746036,Bale
2375,2012,15.65,41.499,92.00800000000001,0.3565714285714285,0.11621428571428574,-0.007194642857141886,0.10841269841269843,Bale
2375,2013,15.26625,42.54333333333333,95.32528571428573,0.9714285714285714,0.5515714285714286,-0.42001235119047564,0.5515714285714286,Bale
2375,2014,15.926083333333333,33.957166666666666,88.099,-0.561,-0.03057142857142857,0.2107532738095248,-0.022769841269841266,Bale
2375,2015,16.38225,28.906333333333333,91.58671428571428,-0.46485714285714286,-0.7110714285714286,0.6378522321428566,-0.695468253968254,Bale
2375,2016,15.77425,26.702166666666667,90.46414285714286,-0.6338571428571429,-0.02135714285714286,0.000784523809524984,0.002047619047619048,Bale
2375,2017,16.082916666666666,46.80325,93.21028571428572,0.13742857142857143,-0.3532857142857143,0.2803834821428577,-0.3220793650793651,Bale
2375,2018,15.480083333333333,34.02025,95.11885714285714,-0.21828571428571428,0.5834285714285714,-0.35151755952380803,0.622436507936508,Bale
2375,2019,15.682083333333333,49.20633333333333,96.76371428571429,1.283,-0.06092857142857143,-0.17858526785714268,-0.014119047619047614,Bale
2375,2020,15.675083333333333,49.663916666666665,97.40557142857143,1.6004285714285713,0.5518571428571429,-0.2146529761904752,0.6064682539682541,Bale
2375,2021,15.831000000000001,31.763583333333333,90.27085714285714,-0.5484285714285714,-0.19678571428571429,-0.08780401785713998,-0.13437301587301587,Bale
2375,2022,15.769083333333333,35.005916666666664,90.514,-0.192,-0.6753571428571429,-0.17878839285714143,-0.6051428571428572,Bale
2375,2023,16.21141666666667,26.892333333333337,93.11014285714285,-0.8095714285714285,0.3663571428571428,0.23447723214285965,0.44437301587301586,Bale
2375,2024,15.989666666666666,42.63158333333333,92.63957142857143,0.9820000000000001,0.2057142857142857,-0.016340476190475073,0.29153174603174603,Bale
2375,2025,16.132166666666667,28.72758333333333,89.356,-1.0244285714285715,-0.5112857142857142,0.09709181547619217,-0.41766666666666663,Bale
2375,2026,16.4421,20.3287,84.036,-2.133,-0.17259999999999998,0.37795744047619273,-0.07117936507936504,Bale
2376,1989,19.386666666666667,8.617916666666666,,0.08457142857142859,,-0.3905329365079382,,Borena
2376,1990,19.98375,6.833833333333334,,-0.6980000000000001,,0.167980952380951,,Borena
2376,1991,19.880666666666666,6.7547500000000005,61.35585714285714,-0.10185714285714287,,0.026328174603172272,,Borena
2376,1992,19.554666666666666,7.736833333333333,57.055285714285716,-0.5024285714285714,,-0.3382412698412729,,Borena
2376,1993,19.677416666666666,5.376166666666666,55.329857142857136,-0.5685714285714286,,-0.25406071428571764,,Borena
2376,1994,20.075083333333335,7.167166666666667,56.013999999999996,-0.3614285714285715,,0.1050365079365072,,Borena
2376,1995,20.238583333333334,9.086833333333333,63.30171428571428,-0.11014285714285714,,0.22996706349206164,,Borena
2376,1996,19.744083333333332,11.221583333333333,72.02528571428572,0.709,,-0.3031023809523852,,Borena
2376,1997,20.841083333333334,6.052916666666666,48.43342857142857,-0.5318571428571428,,0.7553281746031715,,Borena
2376,1998,19.688666666666666,9.237583333333333,63.59657142857143,0.32357142857142857,,-0.4356579365079405,,Borena
2376,1999,20.348,7.93225,56.206714285714284,-0.627,,0.1851059523809475,,Borena
2376,2000,19.741583333333335,5.6490833333333335,48.36228571428571,-0.9212857142857143,,-0.4598801587301615,,Borena
2376,2001,19.97608333333333,7.551333333333333,60.10342857142857,-0.4982857142857143,-0.4759285714285715,-0.2639496031746056,-0.3591806722689076,Borena
2376,2002,20.222416666666664,8.016666666666667,58.83528571428571,-0.5654285714285715,-0.1457857142857143,-0.056185714285717836,-0.038766806722689076,Borena
2376,2003,19.905,7.4935,67.43785714285714,0.26457142857142857,0.4316428571428571,-0.4121718253968254,0.5289327731092437,Borena
2376,2004,20.450666666666667,7.8901666666666666,48.64528571428571,-0.9397142857142857,-0.3225,0.09492539682539558,-0.2349390756302521,Borena
2376,2005,20.448,6.97125,55.40957142857143,0.04114285714285713,0.3841428571428571,0.05368928571428455,0.46197478991596636,Borena
2376,2006,21.0,8.15275,58.338,-0.16985714285714287,0.06521428571428571,0.5671198412698395,0.1333172268907563,Borena
2376,2007,20.721416666666666,18.098333333333333,70.31228571428571,1.3834285714285717,0.7311428571428571,0.24996706349206121,0.789516806722689,Borena
2376,2008,20.954333333333334,9.886333333333333,62.41028571428571,-0.18757142857142853,-0.5327142857142857,0.44431428571428455,-0.4840693277310924,Borena
2376,2009,21.041833333333333,7.418833333333333,51.94714285714286,-0.731,-0.5234285714285714,0.4932448412698385,-0.4845126050420167,Borena
2376,2010,20.757833333333334,9.8745,64.73014285714285,0.01814285714285715,0.5182142857142857,0.1706753968253949,0.5474012605042017,Borena
2376,2011,20.57225,13.5575,55.409,1.0657142857142856,-0.8442142857142857,-0.05347738095238341,-0.8247563025210084,Borena
2376,2012,20.694416666666665,11.374833333333333,67.509,0.576,-0.06192857142857143,0.03011984126983691,-0.052199579831932776,Borena
2376,2013,20.234666666666666,9.922833333333333,65.40914285714287,-0.09071428571428572,0.047285714285714285,-0.4681996031746074,0.047285714285714285,Borena
2376,2014,20.691916666666668,14.295833333333334,66.23885714285714,1.0715714285714284,-0.26657142857142857,-0.04951904761905013,-0.2763004201680672,Borena
2376,2015,21.315749999999998,8.297583333333334,55.60871428571428,0.09771428571428573,-0.3077142857142857,0.5357448412698353,-0.327172268907563,Borena
2376,2016,20.637333333333334,6.670750000000001,51.934999999999995,-0.7061428571428571,-0.3593571428571429,-0.18124126984126931,-0.3885441176470589,Borena
2376,2017,21.017583333333334,15.129083333333334,64.09257142857143,1.1869999999999998,-0.878,0.16043928571428623,-0.9169159663865546,Borena
2376,2018,20.374333333333333,8.36675,64.34885714285714,0.019857142857142858,0.7255,-0.5213801587301603,0.6768550420168068,Borena
2376,2019,20.9615,11.862666666666668,67.00214285714286,0.7887142857142857,0.017357142857142863,0.02721706349206343,-0.04101680672268908,Borena
2376,2020,20.817249999999998,13.395666666666665,68.20171428571429,1.1534285714285715,1.2287142857142856,-0.15560238095238432,1.160611344537815,Borena
2376,2021,21.002416666666665,8.2185,62.35114285714286,-0.11757142857142855,-0.15485714285714286,-0.009005158730161611,-0.2326890756302521,Borena
2376,2022,20.71175,6.347666666666666,57.284,-0.7621428571428571,-1.1551428571428572,-0.3382412698412729,-1.2427037815126052,Borena
2376,2023,21.193166666666666,9.882833333333334,58.63771428571429,0.22557142857142856,0.0407142857142857,0.10460595238095038,-0.056575630252100856,Borena
2376,2024,21.14625,9.517083333333334,62.596428571428575,0.47328571428571425,0.8599285714285714,0.01911984126983768,0.7529096638655461,Borena
2376,2025,21.212666666666667,10.150333333333334,64.15928571428572,-0.30457142857142855,0.5016428571428572,0.04696706349206181,0.3848949579831933,Borena
2376,2026,21.2033,3.9692999999999996,45.4816,-1.3547999999999998,0.7015,-0.0009690476190513664,0.5750231092436975,Borena
2377,1989,16.742583333333332,35.59641666666666,,0.09085714285714284,,-0.1621880952380934,,East Bale
2377,1990,17.18075,16.1595,,-1.253857142857143,,0.24352619047619228,,East Bale
2377,1991,17.108833333333333,25.72875,90.63828571428571,0.2621428571428571,,0.13915714285714387,,East Bale
2377,1992,16.781833333333335,29.67941666666667,90.02157142857143,0.29871428571428565,,-0.22029523809523255,,East Bale
2377,1993,16.98691666666667,26.22675,89.18757142857143,-0.2758571428571428,,-0.04766428571427994,,East Bale
2377,1994,17.03875,27.521833333333333,91.95057142857142,0.1977142857142857,,-0.028283333333330773,,East Bale
2377,1995,17.503,23.874,87.43657142857144,-0.6592857142857144,,0.40351428571428727,,East Bale
2377,1996,16.86616666666667,38.604,95.74885714285713,1.2322857142857142,,-0.2657714285714263,,East Bale
2377,1997,17.813333333333333,29.290833333333335,82.77742857142857,-0.15285714285714286,,0.6489428571428597,,East Bale
2377,1998,17.451416666666667,25.292416666666668,87.177,-0.27285714285714285,,0.25457380952381214,,East Bale
2377,1999,17.113,23.260416666666668,89.65271428571428,-0.7591428571428571,,-0.1162952380952369,,East Bale
2377,2000,16.575666666666667,25.03525,84.74085714285715,-0.6384285714285715,,-0.6860809523809515,,East Bale
2377,2001,17.0325,27.985333333333333,92.16757142857143,0.13485714285714284,-0.2067142857142857,-0.2616999999999976,-0.26105000000000006,East Bale
2377,2002,17.226583333333334,23.823833333333337,82.09771428571428,-1.3128571428571427,-0.5294285714285714,-0.10006904761904423,-0.5792363095238096,East Bale
2377,2003,16.918333333333333,28.273583333333335,89.70342857142857,0.1677142857142857,-0.07042857142857142,-0.44077142857142704,-0.11570833333333339,East Bale
2377,2004,17.496916666666667,20.026,83.295,-0.9704285714285714,-0.09749999999999999,0.10535952380952551,-0.13825178571428576,East Bale
2377,2005,17.512333333333334,23.949749999999998,82.74585714285715,-0.19342857142857145,-0.13485714285714284,0.08832380952381058,-0.17108095238095242,East Bale
2377,2006,17.72475,29.43216666666667,88.86928571428572,0.008000000000000005,0.09792857142857143,0.2682880952380984,0.06623273809523805,East Bale
2377,2007,17.38533333333333,45.413999999999994,93.69271428571429,1.034142857142857,0.7959285714285714,-0.10358095238095189,0.7687607142857142,East Bale
2377,2008,17.429333333333336,28.204583333333332,87.449,-0.21585714285714283,0.16521428571428573,-0.09203333333332964,0.14257440476190475,East Bale
2377,2009,18.043166666666668,22.755166666666668,79.77842857142856,-1.01,-0.5674285714285714,0.4893476190476207,-0.5855404761904762,East Bale
2377,2010,17.747,28.96975,88.87928571428571,0.4208571428571428,0.7842857142857143,0.1607285714285709,0.7707017857142857,East Bale
2377,2011,17.581166666666665,39.512499999999996,89.52357142857143,1.1811428571428573,0.21271428571428572,-0.03755714285714262,0.20365833333333333,East Bale
2377,2012,17.61925,38.42133333333334,90.071,0.5832857142857143,0.1724285714285714,-0.031926190476188054,0.1679005952380952,East Bale
2377,2013,17.214166666666667,32.2365,90.776,0.6655714285714286,0.5601428571428572,-0.4694619047619035,0.5601428571428572,East Bale
2377,2014,18.09,30.615750000000002,83.72457142857142,-0.0028571428571428437,0.21121428571428574,0.37391904761904726,0.21574226190476195,East Bale
2377,2015,18.480833333333333,25.74608333333333,86.19785714285715,-0.1447142857142857,-0.7016428571428572,0.7323000000000022,-0.6925869047619049,East Bale
2377,2016,17.793,23.50175,85.026,-0.5094285714285715,-0.17707142857142855,0.012014285714286643,-0.16348749999999995,East Bale
2377,2017,18.008166666666664,37.011,89.06885714285714,0.1462857142857143,-0.48971428571428577,0.1947285714285698,-0.471602380952381,East Bale
2377,2018,17.406666666666666,23.519666666666666,84.49199999999999,-0.7402857142857143,-0.011642857142857142,-0.4392238095238099,0.010997023809523842,East Bale
2377,2019,17.62575,46.661249999999995,93.76785714285714,1.609142857142857,0.09557142857142857,-0.25259285714285795,0.12273928571428575,East Bale
2377,2020,17.63025,48.99991666666667,93.89271428571429,1.9912857142857143,0.957,-0.280545238095236,0.9886958333333333,East Bale
2377,2021,17.839666666666666,28.968083333333336,83.97271428571428,-0.1957142857142857,-0.3102142857142857,-0.10358095238095189,-0.2739904761904761,East Bale
2377,2022,17.8165,26.369833333333332,82.78599999999999,-0.6849999999999999,-0.7412142857142857,-0.15919999999999845,-0.7004625,East Bale
2377,2023,18.29341666666667,25.221166666666665,88.40014285714285,-0.14742857142857144,-0.267,0.2852642857142875,-0.22172023809523805,East Bale
2377,2024,18.0925,35.64,88.52957142857143,0.6795714285714285,0.4209285714285714,0.05189523809523777,0.4707363095238095,East Bale
2377,2025,18.00133333333333,21.363083333333332,83.46285714285715,-1.0524285714285715,-0.37607142857142856,-0.07172380952381019,-0.3217357142857142,East Bale
2377,2026,18.4979,13.6587,80.0058,-1.4654,-0.4647,0.39239047619047795,-0.40583630952380945,East Bale
2448,1989,14.723999999999998,56.58358333333334,,0.42442857142857143,,-0.14437142857142682,,Sidama
2448,1990,14.865916666666665,36.531416666666665,,-0.8982857142857144,,-0.022026190476188034,,Sidama
2448,1991,15.087666666666665,44.47925,98.21400000000001,-0.23985714285714285,,0.18015238095238217,,Sidama
2448,1992,14.71725,48.001666666666665,98.40957142857143,0.01571428571428571,,-0.20983571428571146,,Sidama
2448,1993,15.003083333333334,42.3035,95.67314285714285,-0.7374285714285714,,0.056426190476194904,,Sidama
2448,1994,14.926499999999999,59.0605,99.27142857142857,1.4440000000000002,,-0.03972857142857045,,Sidama
2448,1995,15.210083333333332,45.57366666666667,98.49971428571429,-0.121,,0.22428333333333406,,Sidama
2448,1996,14.94825,64.97441666666667,98.84957142857142,1.439142857142857,,-0.05712142857142588,,Sidama
2448,1997,15.46325,52.69483333333333,97.68999999999998,0.2692857142857143,,0.43830714285714656,,Sidama
2448,1998,15.297916666666666,48.52441666666667,97.40914285714287,0.11757142857142856,,0.253402380952382,,Sidama
2448,1999,15.143500000000001,44.89458333333334,96.80371428571428,0.010999999999999994,,0.07941428571428943,,Sidama
2448,2000,14.479333333333335,41.755583333333334,96.948,-0.4695714285714286,,-0.6043238095238053,,Sidama
2448,2001,14.68275,50.21491666666666,99.16471428571428,0.005999999999999993,0.34578571428571425,-0.4204785714285677,0.5407641831852358,Sidama
2448,2002,15.1925,38.10633333333333,95.06014285714286,-0.9667142857142856,-0.08235714285714285,0.06970000000000276,0.0963731203007519,Sidama
2448,2003,14.70275,45.438250000000004,98.235,-0.3771428571428571,-0.07607142857142857,-0.43962142857142616,0.08641062884483941,Sidama
2448,2004,14.893333333333333,39.5085,95.76814285714285,-0.7848571428571428,-0.28635714285714287,-0.26860952380952163,-0.1401232911825017,Sidama
2448,2005,15.23025,40.04925,98.10614285714287,-0.40071428571428575,0.13792857142857143,0.048735714285717435,0.2679142173615858,Sidama
2448,2006,15.401416666666668,50.6025,98.97542857142857,0.31585714285714284,0.2637142857142857,0.20033095238095733,0.3774517259056732,Sidama
2448,2007,15.241916666666667,60.70075,98.663,1.0151428571428571,0.5019285714285715,0.021259523809526115,0.5994178058783323,Sidama
2448,2008,15.177750000000001,52.39666666666667,98.24542857142856,0.5334285714285715,-0.45607142857142857,-0.062478571428567165,-0.3748303998632946,Sidama
2448,2009,15.600083333333332,34.71483333333333,91.56114285714285,-1.3492857142857144,-1.0297142857142858,0.3402833333333355,-0.9647214627477786,Sidama
2448,2010,15.461083333333335,48.371916666666664,98.65314285714285,-0.10885714285714286,0.30564285714285716,0.1817119047619098,0.35438747436773754,Sidama
2448,2011,14.8685,57.757666666666665,96.72214285714286,1.266714285714286,-0.2542142857142857,-0.4304428571428556,-0.22171787423103212,Sidama
2448,2012,15.21475,54.06125,98.93214285714285,0.43442857142857144,-0.35050000000000003,-0.10376428571428242,-0.33425179425837326,Sidama
2448,2013,15.141166666666665,55.30833333333333,99.12028571428571,0.8658571428571429,0.17007142857142854,-0.19691904761904588,0.17007142857142854,Sidama
2448,2014,15.5555,47.26408333333333,98.39985714285714,-0.05657142857142857,0.23885714285714282,0.1978428571428612,0.22260893711551602,Sidama
2448,2015,15.8765,47.349250000000005,98.03971428571428,0.09957142857142855,-0.1902857142857143,0.49927142857143103,-0.2227821257689679,Sidama
2448,2016,15.496083333333333,33.092666666666666,96.01871428571428,-1.3291428571428572,-0.06671428571428573,0.09928333333333583,-0.11545890293916611,Sidama
2448,2017,15.562166666666668,55.702666666666666,98.191,0.6938571428571428,-0.7167142857142856,0.14579523809524275,-0.7817071086807929,Sidama
2448,2018,15.261666666666665,46.32108333333334,97.16971428571428,-0.5638571428571428,0.7872142857142856,-0.17427619047619025,0.7059732570061517,Sidama
2448,2019,15.33675,64.38583333333334,99.46042857142857,1.518,0.39149999999999996,-0.11876428571428299,0.2940107655502392,Sidama
2448,2020,15.36025,56.640166666666666,99.4782857142857,0.8002857142857144,0.652,-0.11483571428571082,0.5382625598086125,Sidama
2448,2021,15.434166666666668,42.17783333333333,95.21028571428572,-0.8317142857142857,-0.5129285714285714,-0.060490476190471654,-0.6429142173615858,Sidama
2448,2022,15.474499999999999,40.71658333333333,94.17442857142858,-1.01,-1.2582142857142857,-0.03972857142857045,-1.4044481373889268,Sidama
2448,2023,15.802999999999999,40.79533333333333,97.10471428571428,-1.0152857142857143,0.7061428571428572,0.26920000000000144,0.5436607997265892,Sidama
2448,2024,15.58325,52.627833333333335,98.65085714285715,0.7337142857142858,0.806,0.029878571428573863,0.6272697368421053,Sidama
2448,2025,15.579083333333335,52.46841666666666,98.91499999999999,0.396,0.31807142857142856,0.006140476190481081,0.123092959671907,Sidama
2448,2026,16.129399999999997,27.7962,94.0854,-1.937,0.5645,0.5368857142857149,0.35327332535885164,Sidama
2449,1989,19.37925,30.35225,,-0.7645714285714286,,-0.09735476190475367,,Fafan
2449,1990,20.0665,21.506083333333333,,-1.8291428571428572,,0.563942857142866,,Fafan
2449,1991,19.478166666666667,26.20341666666667,53.83942857142857,-0.9031428571428571,,-0.05034285714284792,,Fafan
2449,1992,19.72641666666667,35.372,60.09442857142857,0.48328571428571426,,0.17195476190477166,,Fafan
2449,1993,19.547583333333332,30.831916666666668,57.681,-0.32828571428571424,,-0.03283095238094447,,Fafan
2449,1994,19.3915,37.44766666666667,70.03114285714285,0.8861428571428572,,-0.21486666666665855,,Fafan
2449,1995,19.935666666666666,30.94758333333333,65.75971428571428,0.09157142857142857,,0.3033476190476243,,Fafan
2449,1996,18.93466666666667,36.27325,82.999,1.0614285714285714,,-0.7236047619047525,,Fafan
2449,1997,20.21858333333333,46.7825,67.02771428571428,1.3984285714285714,,0.5343595238095276,,Fafan
2449,1998,19.83425,27.0515,50.35742857142857,-1.1874285714285715,,0.12407380952381786,,Fafan
2449,1999,19.34058333333333,33.715250000000005,55.46,0.035571428571428566,,-0.39554523809523445,,Fafan
2449,2000,19.570249999999998,33.143,53.96528571428571,-0.12985714285714287,,-0.19183095238094694,,Fafan
2449,2001,19.83225,32.44283333333333,61.120000000000005,0.37014285714285716,-0.4178571428571428,0.04421666666667079,-0.046971428571428664,Fafan
2449,2002,19.922250000000002,33.91425,51.745285714285714,-0.02285714285714286,-0.5760714285714286,0.10826428571429147,-0.23609285714285722,Fafan
2449,2003,19.790666666666667,42.00816666666666,62.33614285714286,0.6218571428571428,-0.20564285714285716,-0.04927142857142286,0.10342857142857134,Fafan
2449,2004,20.044666666666668,28.90925,49.65085714285714,-0.5915714285714285,-0.4243571428571429,0.17877619047619575,-0.14619285714285724,Fafan
2449,2005,19.954166666666666,36.733,65.73442857142857,0.351,0.689,0.06232380952381433,0.9362571428571427,Fafan
2449,2006,19.52225,40.06766666666667,60.431714285714285,0.5854285714285714,0.10642857142857141,-0.39554523809523445,0.32277857142857136,Fafan
2449,2007,19.812833333333334,44.580999999999996,72.68514285714285,1.163714285714286,0.4917142857142857,-0.13091428571427954,0.6771571428571428,Fafan
2449,2008,19.793499999999998,31.376416666666668,53.59214285714285,0.15885714285714284,-0.9884285714285714,-0.1761999999999979,-0.8338928571428572,Fafan
2449,2009,20.633166666666668,29.445083333333333,46.172285714285714,-0.15814285714285714,-1.0125714285714285,0.637514285714289,-0.888942857142857,Fafan
2449,2010,19.58025,35.41616666666666,77.18214285714285,0.1002857142857143,0.7132857142857143,-0.4413547619047584,0.8060071428571428,Fafan
2449,2011,20.222083333333334,42.36666666666667,58.64085714285714,1.2081428571428572,-0.3987142857142857,0.17452619047619322,-0.3369,Fafan
2449,2012,20.133666666666667,44.147083333333335,63.458000000000006,1.034857142857143,-0.2445,0.060157142857146795,-0.21359285714285714,Fafan
2449,2013,19.649,29.960416666666664,62.84242857142857,-0.32,0.2605,-0.4504619047619016,0.2605,Fafan
2449,2014,20.21858333333333,35.5375,60.50657142857143,-0.007714285714285706,-0.30614285714285716,0.09316904761904965,-0.33705,Fafan
2449,2015,20.75225,26.373166666666666,47.33042857142857,-0.9834285714285714,-0.6318571428571429,0.6008833333333357,-0.6936714285714286,Fafan
2449,2016,20.0595,24.048666666666666,59.775571428571425,-1.0964285714285713,0.32557142857142857,-0.11781904761904727,0.23285000000000003,Fafan
2449,2017,20.559083333333334,28.38875,49.82142857142857,-0.6277142857142858,-0.6661428571428571,0.35581190476190727,-0.7897714285714286,Fafan
2449,2018,19.708833333333335,29.4755,69.51528571428571,-0.11942857142857144,0.41528571428571426,-0.5203904761904745,0.26075000000000004,Fafan
2449,2019,20.175833333333333,48.10125,65.52842857142858,1.2710000000000001,0.04292857142857142,-0.07934285714285494,-0.14251428571428565,Fafan
2449,2020,20.033333333333335,36.975,67.452,0.43957142857142856,1.3527857142857143,-0.24779523809523596,1.1364357142857142,Fafan
2449,2021,20.049416666666666,33.19741666666667,61.23271428571429,-0.1918571428571429,0.32621428571428573,-0.25766428571428435,0.07895714285714295,Fafan
2449,2022,20.07525,29.941166666666664,40.55828571428572,-0.9942857142857143,-1.1725714285714286,-0.25778333333333237,-1.4507357142857142,Fafan
2449,2023,20.970666666666666,29.603916666666667,59.59957142857143,-0.8765714285714286,1.446214285714286,0.6116809523809508,1.1371428571428575,Fafan
2449,2024,21.01816666666667,43.804916666666664,66.76628571428571,1.1937142857142857,0.8596428571428572,0.6332285714285746,0.5196642857142858,Fafan
2449,2025,20.450166666666668,32.01441666666667,42.83085714285715,-0.6395714285714286,-0.40264285714285714,0.039276190476190465,-0.7735285714285713,Fafan
2449,2026,21.1573,24.472,43.69,-0.7300000000000001,-0.0001999999999999988,0.7204571428571427,-0.401992857142857,Fafan
2450,1989,21.9495,13.148083333333332,,0.05499999999999997,,0.1856862637362653,,Jarar
2450,1990,22.45325,8.519083333333333,,-1.5728571428571427,,0.6559683150183169,,Jarar
2450,1991,21.94558333333333,8.4145,42.423,-0.7837142857142857,,0.11483369963369938,,Jarar
2450,1992,21.970333333333333,8.6225,38.91314285714286,-0.8441428571428571,,0.10611575091575176,,Jarar
2450,1993,21.848416666666665,8.679583333333333,46.33871428571428,0.12714285714285714,,-0.04926886446886414,,Jarar
2450,1994,21.651,8.325666666666667,44.11342857142857,0.08214285714285714,,-0.28015347985347816,,Jarar
2450,1995,22.21975,16.649833333333333,51.12914285714286,0.017428571428571408,,0.2551285714285747,,Jarar
2450,1996,21.36583333333333,14.824,57.10485714285715,0.9434285714285714,,-0.6322560439560441,,Jarar
2450,1997,22.589583333333334,20.540666666666667,47.67628571428571,0.9721428571428571,,0.5580260073260099,,Jarar
2450,1998,22.305083333333332,10.514333333333333,37.611285714285714,0.25357142857142856,,0.24005805860806007,,Jarar
2450,1999,21.603416666666664,10.336333333333334,40.585142857142856,-0.6195714285714286,,-0.4950765567765565,,Jarar
2450,2000,21.849500000000003,13.104166666666666,40.505428571428574,-0.2745714285714286,,-0.28246117216116673,,Jarar
2450,2001,22.35383333333333,11.727916666666665,40.29485714285715,-0.41514285714285715,-0.21842857142857142,0.18840421245421268,0.18558241758241756,Jarar
2450,2002,22.15216666666667,16.45958333333333,43.94542857142857,-0.18028571428571424,-0.45407142857142857,-0.04673040293040032,-0.08372802197802198,Jarar
2450,2003,22.346249999999998,17.995833333333334,46.29685714285714,0.7465714285714286,-0.3889285714285714,0.11388498168497918,-0.052252747252747256,Jarar
2450,2004,22.513666666666666,12.918333333333335,40.41042857142857,-0.08928571428571429,-0.6742142857142857,0.2478336996336985,-0.37120604395604395,Jarar
2450,2005,22.402583333333336,19.9725,45.304428571428566,1.1442857142857144,0.6065714285714287,0.1032824175824203,0.875912087912088,Jarar
2450,2006,21.977,13.33475,43.48771428571428,0.42714285714285716,-0.7303571428571428,-0.3557688644688639,-0.4946840659340659,Jarar
2450,2007,22.297916666666666,21.873416666666667,60.284,0.9061428571428571,0.2953571428571429,-0.06832014652014706,0.49736263736263736,Jarar
2450,2008,22.023833333333332,9.866999999999999,35.61014285714286,-0.8512857142857142,-0.8345714285714285,-0.3758714285714291,-0.6662335164835165,Jarar
2450,2009,22.940749999999998,10.184833333333334,25.803714285714285,-0.3504285714285714,-0.9033571428571427,0.5075772893772879,-0.7686868131868131,Jarar
2450,2010,22.003666666666664,11.6215,64.00885714285714,0.5158571428571428,0.8242857142857143,-0.4629739926739944,0.9252884615384616,Jarar
2450,2011,22.981916666666667,15.623666666666667,41.93242857142857,0.9991428571428571,0.01914285714285715,0.48180805860805975,0.08647802197802198,Jarar
2450,2012,22.928833333333333,17.7615,43.406285714285715,0.6188571428571429,-0.34085714285714286,0.3952567765567778,-0.30718956043956047,Jarar
2450,2013,22.13791666666667,11.536166666666666,46.97271428571429,-0.45285714285714285,0.2257857142857143,-0.429127838827835,0.2257857142857143,Jarar
2450,2014,22.788916666666665,18.89483333333333,48.11171428571429,0.724,0.13914285714285712,0.18840421245421268,0.10547527472527471,Jarar
2450,2015,23.049666666666667,10.114083333333333,37.62828571428572,-0.3952857142857143,-0.46471428571428575,0.41568626373626216,-0.5320494505494506,Jarar
2450,2016,22.435916666666667,8.9465,41.41328571428572,-0.7081428571428571,0.32307142857142856,-0.23153168498168597,0.22206868131868132,Jarar
2450,2017,22.85983333333333,9.7935,36.81057142857143,-0.8224285714285714,-0.649,0.15891703296702886,-0.7836703296703297,Jarar
2450,2018,22.10775,11.015583333333334,43.329,-0.742,0.8386428571428571,-0.6266342490842511,0.6703049450549451,Jarar
2450,2019,22.712999999999997,19.929583333333333,49.72071428571429,1.3840000000000001,-0.07792857142857143,-0.05485219780220163,-0.2799340659340659,Jarar
2450,2020,22.690916666666666,17.781583333333334,50.60271428571429,0.7822857142857143,1.0631428571428572,-0.1104034798534812,0.8274697802197802,Jarar
2450,2021,22.558083333333332,15.019916666666667,42.03171428571428,-0.29471428571428576,-0.3382142857142857,-0.2767047619047638,-0.607554945054945,Jarar
2450,2022,22.61825,7.9235,21.902428571428572,-0.8332857142857143,-0.9981428571428572,-0.250006043956045,-1.3011510989010988,Jarar
2450,2023,23.407083333333333,11.21925,42.57271428571429,-0.49657142857142855,1.4599285714285712,0.5053593406593393,1.1232527472527472,Jarar
2450,2024,23.505583333333334,15.030166666666668,48.55114285714286,0.37128571428571433,0.9456428571428571,0.5703913919413921,0.5752994505494505,Jarar
2450,2025,22.84583333333333,13.883666666666668,37.49671428571429,-0.14742857142857144,0.11292857142857143,-0.12282655677655896,-0.29108241758241754,Jarar
2450,2026,23.2796,8.140699999999999,30.959600000000002,-0.505,0.02639999999999999,0.27747216117215956,-0.4112785714285714,Jarar
2453,1989,17.336166666666667,89.51733333333334,,-0.3708571428571429,,-0.22848095238095567,,Konta Special
2453,1990,17.5855,101.31158333333333,,0.1842857142857143,,0.008102380952376365,,Konta Special
2453,1991,17.635166666666667,89.90575,99.75942857142857,-0.016428571428571428,,0.045019047619046404,,Konta Special
2453,1992,17.327583333333333,96.52041666666668,99.80257142857143,0.09442857142857142,,-0.2753142857142876,,Konta Special
2453,1993,17.745833333333334,68.63583333333334,99.14842857142857,-1.3167142857142857,,0.13018571428571235,,Konta Special
2453,1994,17.453666666666667,95.79616666666668,99.5987142857143,1.0317142857142856,,-0.17473095238095482,,Konta Special
2453,1995,17.867833333333333,87.80741666666667,99.62385714285713,-0.5055714285714286,,0.22668571428571127,,Konta Special
2453,1996,17.329916666666666,87.78474999999999,99.63942857142857,0.03928571428571431,,-0.3239809523809569,,Konta Special
2453,1997,17.91875,73.00025000000001,99.23385714285713,-1.5762857142857143,,0.25210238095237614,,Konta Special
2453,1998,17.91975,92.40375,99.478,0.39699999999999996,,0.24035238095238043,,Konta Special
2453,1999,17.80333333333333,81.14133333333334,99.63742857142857,-0.7168571428571429,,0.11118571428571045,,Konta Special
2453,2000,17.308666666666667,77.98966666666666,98.44157142857144,-0.5078571428571428,,-0.39623095238095374,,Konta Special
2453,2001,17.540583333333334,102.57716666666666,99.65657142857143,0.6834285714285714,0.3057142857142857,-0.17706428571428745,0.37638265306122454,Konta Special
2453,2002,17.96708333333333,77.40308333333333,99.50485714285715,-0.9202857142857143,0.599,0.23668571428570928,0.6637793367346938,Konta Special
2453,2003,17.268,115.51658333333334,99.65685714285713,0.671,-0.09957142857142856,-0.4751476190476218,-0.040681122448979576,Konta Special
2453,2004,17.62783333333333,91.13783333333333,98.91942857142858,0.05657142857142856,-0.12650000000000003,-0.12806428571429151,-0.07349872448979594,Konta Special
2453,2005,17.83925,87.86508333333335,99.57942857142858,0.33185714285714285,0.3227857142857143,0.07060238095237992,0.36989795918367346,Konta Special
2453,2006,17.9515,95.09608333333334,99.72557142857143,0.4597142857142857,0.18914285714285717,0.17010238095237895,0.23036607142857146,Konta Special
2453,2007,17.66825,112.31349999999999,99.73128571428572,0.9648571428571427,-0.16614285714285715,-0.12589761904762042,-0.13080867346938774,Konta Special
2453,2008,17.807583333333334,107.91383333333333,98.92428571428572,1.1748571428571428,-0.043142857142857136,0.0006857142857121801,-0.013697704081632643,Konta Special
2453,2009,18.541,78.75275,99.26042857142856,-0.651,-0.8337142857142856,0.7213523809523785,-0.810158163265306,Konta Special
2453,2010,17.867833333333333,95.49208333333333,99.68828571428571,-0.16842857142857143,-0.5559285714285714,0.03543571428571113,-0.5382614795918368,Konta Special
2453,2011,17.373250000000002,116.05083333333334,99.72214285714287,1.185,0.10521428571428573,-0.4718976190476205,0.11699234693877553,Konta Special
2453,2012,17.62066666666667,111.14566666666667,99.45171428571429,1.010857142857143,-0.8421428571428571,-0.23723095238095127,-0.8362538265306122,Konta Special
2453,2013,17.661166666666666,113.70108333333333,99.81171428571429,0.9735714285714285,-0.2267857142857143,-0.20948095238095377,-0.2267857142857143,Konta Special
2453,2014,18.03425,90.25066666666667,99.35214285714287,0.03428571428571429,0.41928571428571426,0.1508523809523794,0.4133966836734694,Konta Special
2453,2015,18.603916666666667,92.81166666666667,99.56071428571428,0.42457142857142854,0.1422142857142857,0.7077690476190455,0.13043622448979592,Konta Special
2453,2016,18.27541666666667,75.30166666666666,98.81428571428572,-1.070142857142857,0.2509285714285714,0.36651904761904675,0.23326147959183668,Konta Special
2453,2017,17.996,94.28016666666667,99.73299999999999,-0.38785714285714284,-0.09692857142857142,0.0743523809523765,-0.12048469387755101,Konta Special
2453,2018,17.695916666666665,74.18241666666667,99.699,-1.2202857142857142,0.3246428571428571,-0.23848095238095723,0.29519770408163265,Konta Special
2453,2019,17.70991666666667,120.31716666666667,99.94842857142858,1.7911428571428571,0.40542857142857147,-0.23723095238095127,0.37009438775510206,Konta Special
2453,2020,17.698583333333335,107.4095,99.76928571428572,0.6417142857142857,0.09792857142857143,-0.2613142857142847,0.05670535714285714,Konta Special
2453,2021,17.806,98.04200000000002,99.36571428571428,0.056285714285714286,-0.1772142857142857,-0.1666476190476196,-0.2243265306122449,Konta Special
2453,2022,17.8825,69.66908333333333,98.754,-1.8018571428571428,-1.061,-0.10289761904762074,-1.114001275510204,Konta Special
2453,2023,18.519666666666666,84.73908333333333,99.58171428571428,-0.99,0.6492142857142857,0.5215190476190443,0.5903239795918368,Konta Special
2453,2024,18.005666666666666,99.05708333333332,99.76642857142858,0.5008571428571429,0.05085714285714285,-0.0052309523809555,-0.013922193877551031,Konta Special
2453,2025,17.969083333333334,107.72433333333333,99.92228571428572,1.0967142857142858,0.6736428571428571,-0.05456428571428873,0.6029744897959183,Konta Special
2453,2026,18.9222,69.7856,98.8388,-1.4766,0.7476,0.8858023809523807,0.6710426020408163,Konta Special
2456,1989,18.067083333333333,97.59866666666666,,0.4127142857142857,,-0.11598012820513404,,Sheka
2456,1990,18.21108333333333,99.49216666666666,,0.6851428571428572,,0.013651282051274194,,Sheka
2456,1991,18.334583333333335,89.81983333333334,99.99571428571429,-0.08914285714285712,,0.12278269230768757,,Sheka
2456,1992,17.955583333333333,94.41924999999999,100.0,0.5504285714285715,,-0.27058589743590034,,Sheka
2456,1993,18.404,68.23608333333333,99.99614285714286,-1.2242857142857144,,0.16346217948717623,,Sheka
2456,1994,18.08908333333333,91.06091666666667,99.99957142857143,0.7292857142857143,,-0.16582307692308262,,Sheka
2456,1995,18.41275,73.70575,99.99828571428573,-0.9551428571428572,,0.14347499999999513,,Sheka
2456,1996,18.09991666666667,83.60074999999999,99.99414285714286,-0.45985714285714285,,-0.18372692307692517,,Sheka
2456,1997,18.699,65.28325,99.99042857142857,-1.699857142857143,,0.40098782051281745,,Sheka
2456,1998,18.58791666666667,104.10516666666666,99.99585714285715,0.8448571428571429,,0.27553589743589413,,Sheka
2456,1999,18.357583333333334,68.194,99.996,-1.1048571428571428,,0.030833974358973393,,Sheka
2456,2000,18.034333333333333,59.60841666666666,99.98385714285713,-1.1734285714285715,,-0.3067846153846183,,Sheka
2456,2001,18.0915,84.16541666666667,99.99371428571429,-0.05757142857142856,1.3890714285714285,-0.2639865384615412,1.3559857142857141,Sheka
2456,2002,18.542583333333333,72.65633333333334,99.99371428571429,-1.044857142857143,0.40614285714285714,0.17272820512820175,0.3758142857142857,Sheka
2456,2003,18.102083333333333,97.97608333333334,99.99342857142857,0.06999999999999998,-0.19342857142857145,-0.2821403846153885,-0.22100000000000003,Sheka
2456,2004,18.259166666666665,83.03325,99.98485714285714,-0.323,0.23164285714285712,-0.13942564102564603,0.20682857142857142,Sheka
2456,2005,18.499166666666667,94.00633333333333,99.99571428571429,0.8488571428571429,0.19699999999999998,0.08620576923076939,0.17494285714285712,Sheka
2456,2006,18.533916666666666,97.67575,99.99614285714286,1.1507142857142856,0.16149999999999998,0.10658717948717822,0.1422,Sheka
2456,2007,18.418916666666668,96.23641666666667,99.99585714285715,0.5662857142857143,-0.24285714285714285,-0.02278141025641034,-0.25939999999999996,Sheka
2456,2008,18.319666666666667,83.02408333333334,99.99942857142857,0.06085714285714285,0.12278571428571429,-0.13640000000000185,0.10900000000000001,Sheka
2456,2009,18.880333333333333,65.155,99.98528571428571,-1.7505714285714287,-0.29135714285714287,0.40989807692307423,-0.3023857142857143,Sheka
2456,2010,18.557166666666664,95.31208333333332,99.995,0.5074285714285715,-0.2809285714285714,0.07236282051281506,-0.2892,Sheka
2456,2011,18.226583333333334,119.562,100.0,2.1261428571428573,-0.038000000000000006,-0.27258910256410473,-0.04351428571428572,Sheka
2456,2012,18.358833333333333,96.72699999999999,99.99657142857143,0.5692857142857143,-0.6820714285714284,-0.1547076923076922,-0.6848285714285713,Sheka
2456,2013,18.367083333333333,96.89524999999999,99.9692857142857,1.0121428571428572,-0.4947857142857143,-0.16082628205128202,-0.4947857142857143,Sheka
2456,2014,18.567083333333333,78.99900000000001,99.99414285714286,-0.3102857142857142,-0.05592857142857142,0.024805128205127147,-0.053171428571428564,Sheka
2456,2015,19.063,74.176,99.98928571428571,-0.8842857142857143,0.2704285714285714,0.5063532051282031,0.2759428571428571,Sheka
2456,2016,18.74025,70.43091666666668,99.999,-0.8644285714285714,0.15342857142857144,0.16923461538461382,0.1617,Sheka
2456,2017,18.625916666666665,82.86791666666666,100.0,-0.6347142857142857,-0.14264285714285713,0.04053269230768919,-0.1316142857142857,Sheka
2456,2018,18.495833333333334,80.16083333333333,100.0,-0.027857142857142882,-0.22814285714285712,-0.10391923076922893,-0.21435714285714283,Sheka
2456,2019,18.489,96.40016666666666,100.0,0.9657142857142856,0.18821428571428572,-0.12512115384615186,0.20475714285714286,Sheka
2456,2020,18.504583333333333,91.71191666666668,100.0,0.5654285714285715,-0.061571428571428576,-0.12390641025641003,-0.042271428571428585,Sheka
2456,2021,18.486666666666668,98.29641666666667,100.0,0.897,0.05071428571428571,-0.15619166666666473,0.07277142857142857,Sheka
2456,2022,18.473499999999998,73.182,99.99614285714286,-0.8027142857142857,-0.6131428571428572,-0.18372692307692517,-0.5883285714285715,Sheka
2456,2023,19.025000000000002,100.45025,99.99571428571429,0.8352857142857142,0.8174285714285714,0.353404487179489,0.845,Sheka
2456,2024,18.794666666666668,92.70716666666668,100.0,0.6411428571428571,0.33414285714285713,0.10870256410256474,0.36447142857142856,Sheka
2456,2025,18.565083333333334,112.28266666666667,100.0,1.773,0.37921428571428567,-0.13524935897435597,0.41229999999999994,Sheka
2456,2026,19.2608,66.60170000000001,99.9946,-0.6582000000000001,0.863,0.5460987179487198,0.8988428571428572,Sheka
2458,1989,17.3599,24.094500000000004,,-1.8771428571428572,,0.15670527472526885,,Mekelle
2458,1990,17.4772,24.3725,,-1.6515714285714285,,0.2573129670329628,,Mekelle
2458,1991,17.3916,25.283,94.07814285714286,-1.6992857142857143,,0.15502065934065712,,Mekelle
2458,1992,16.947,38.646699999999996,96.485,-0.768,,-0.3062716483516539,,Mekelle
2458,1993,17.0843,37.4435,96.17257142857143,-0.7505714285714286,,-0.18566395604396035,,Mekelle
2458,1994,16.9376,64.9657,97.39800000000001,0.9304285714285714,,-0.3490562637362693,,Mekelle
2458,1995,17.422800000000002,53.837300000000006,97.41428571428571,0.722857142857143,,0.11945142857142699,,Mekelle
2458,1996,17.3417,45.2796,96.43842857142856,-0.08185714285714285,,0.02165912087911792,,Mekelle
2458,1997,17.9005,38.5425,93.50357142857142,-0.16528571428571429,,0.5637668131868097,,Mekelle
2458,1998,17.7274,67.46090000000001,98.96057142857144,1.2967142857142857,,0.37397450549450184,,Mekelle
2458,1999,17.2732,57.310300000000005,98.19671428571428,0.20314285714285715,,-0.0969178021978081,,Mekelle
2458,2000,17.191399999999998,45.165200000000006,95.9557142857143,-0.155,,-0.19541010989011554,,Mekelle
2458,2001,17.2053,57.65500000000001,97.72742857142858,1.147,0.7817142857142857,-0.19820241758241863,1.1730701298701298,Mekelle
2458,2002,18.0151,38.691199999999995,94.26557142857143,-0.6647142857142858,-0.4185714285714286,0.5949052747252708,-0.05982857142857145,Mekelle
2458,2003,17.3119,46.7211,96.726,0.06457142857142857,0.3176428571428571,-0.1249870329670344,0.6437727272727272,Mekelle
2458,2004,17.537200000000002,36.2118,91.5792857142857,-0.633,-1.319,0.0836206593406601,-1.0254831168831169,Mekelle
2458,2005,17.3851,47.8657,97.78099999999999,-0.05042857142857143,0.17450000000000002,-0.08517164835165048,0.43540389610389607,Mekelle
2458,2006,17.2582,48.8392,97.65428571428572,0.238,-0.12892857142857145,-0.22876395604395938,0.09936233766233762,Mekelle
2458,2007,17.0995,58.327,98.13728571428571,1.3207142857142855,0.9966428571428572,-0.4041562637362688,1.1923207792207793,Mekelle
2458,2008,17.440800000000003,36.1894,97.56171428571429,-0.9424285714285715,-1.0745,-0.07954857142857108,-0.911435064935065,Mekelle
2458,2009,17.7393,40.402,95.39200000000001,-0.6531428571428571,-0.47228571428571425,0.2022591208791198,-0.3418337662337662,Mekelle
2458,2010,17.469,61.2279,98.07857142857142,0.8625714285714287,-0.10057142857142856,-0.08473318681318887,-0.0027324675324675307,Mekelle
2458,2011,17.1058,48.9668,97.13542857142856,0.7512857142857142,-0.22292857142857145,-0.4646254945054977,-0.15770259740259743,Mekelle
2458,2012,17.2815,40.7337,95.45057142857142,0.16671428571428573,0.5200714285714286,-0.3056178021978049,0.5526844155844156,Mekelle
2458,2013,17.5028,40.824400000000004,97.92585714285714,-0.566,-0.5317857142857143,-0.10101010989011172,-0.5317857142857143,Mekelle
2458,2014,17.4223,49.39790000000001,98.94128571428573,0.1822857142857143,-0.015499999999999996,-0.19820241758241863,-0.04811298701298701,Mekelle
2458,2015,18.5138,34.7413,94.68914285714287,-0.8597142857142857,-1.268,0.8766052747252715,-1.333225974025974,Mekelle
2458,2016,17.9817,55.4991,98.12614285714287,1.0664285714285715,0.48550000000000004,0.3278129670329655,0.387661038961039,Mekelle
2458,2017,17.9951,45.0978,97.76771428571429,-0.46985714285714286,-0.6457857142857143,0.32452065934066,-0.7762376623376623,Mekelle
2458,2018,17.3065,53.302200000000006,99.20385714285715,0.34299999999999997,-0.4245714285714286,-0.3807716483516508,-0.5876363636363636,Mekelle
2458,2019,17.438,45.189800000000005,98.95771428571427,-0.08885714285714286,0.8552142857142857,-0.26596395604395795,0.6595363636363636,Mekelle
2458,2020,17.823900000000002,54.7675,97.05542857142858,0.9767142857142856,0.6510714285714286,0.10324373626373529,0.42278051948051953,Mekelle
2458,2021,17.7361,58.73479999999999,97.54757142857143,1.1754285714285715,0.3911428571428571,-0.001248571428572376,0.13023896103896104,Mekelle
2458,2022,17.347299999999997,68.3416,99.09,1.5794285714285716,0.14507142857142857,-0.40674087912088197,-0.1484454545454545,Mekelle
2458,2023,18.4177,30.781200000000002,97.24457142857143,-0.8951428571428571,0.21871428571428572,0.6469668131868112,-0.10741558441558438,Mekelle
2458,2024,17.9769,63.3704,96.98928571428571,1.1158571428571429,0.8855,0.1894745054945055,0.5267571428571428,Mekelle
2458,2025,17.6839,57.570899999999995,99.11857142857143,0.4564285714285714,0.9837857142857143,-0.12021780219780354,0.5924298701298701,Mekelle
2458,2026,18.825375,22.48675,96.26259999999999,-2.827,-1.1781000000000001,1.00456489010989,-1.6020688311688311,Mekelle
2466,1989,18.875249999999998,33.52041666666667,,-1.4805714285714286,,0.05967380952380097,,Southern
2466,1990,18.98875,27.619333333333334,,-2.0518571428571426,,0.1556738095238046,,Southern
2466,1991,19.060416666666665,39.0415,90.73828571428571,-0.8427142857142857,,0.20984047619047175,,Southern
2466,1992,18.57725,48.961999999999996,95.51271428571428,-0.16071428571428573,,-0.29082619047619573,,Southern
2466,1993,18.769166666666667,36.03716666666667,93.11885714285714,-0.9695714285714285,,-0.1164095238095264,,Southern
2466,1994,18.673583333333333,67.24024999999999,96.32828571428571,0.9501428571428571,,-0.22949285714286205,,Southern
2466,1995,19.144000000000002,47.886583333333334,94.29857142857144,0.19314285714285714,,0.22342380952380836,,Southern
2466,1996,18.93375,53.578583333333334,96.17142857142858,0.753,,-0.004326190476195535,,Southern
2466,1997,19.447666666666667,36.185,86.80785714285715,-0.4857142857142857,,0.49209047619047297,,Southern
2466,1998,19.201333333333334,70.97733333333333,98.11957142857143,1.514,,0.22825714285713872,,Southern
2466,1999,19.029833333333332,60.44200000000001,98.189,0.49814285714285716,,0.03925714285713866,,Southern
2466,2000,18.770166666666665,56.09166666666667,96.19328571428572,0.38,,-0.23790952380952746,,Southern
2466,2001,18.562250000000002,66.11633333333333,96.69157142857144,1.3797142857142857,0.3793571428571429,-0.4633261904761916,0.5167961038961039,Southern
2466,2002,19.54675,42.438250000000004,93.68971428571429,-0.7728571428571429,-0.10528571428571429,0.5036738095238071,0.020699999999999913,Southern
2466,2003,18.824833333333334,52.97566666666666,95.36985714285713,0.12000000000000001,0.011285714285714288,-0.23574285714285992,0.12581818181818175,Southern
2466,2004,19.053083333333333,40.4015,93.96742857142858,-0.733,-0.08928571428571429,-0.024992857142859037,0.013793506493506427,Southern
2466,2005,19.041083333333333,49.59041666666667,95.58885714285714,-0.03985714285714285,0.29807142857142854,-0.05449285714286134,0.3896974025974025,Southern
2466,2006,19.026083333333332,52.318666666666665,96.18014285714285,0.2434285714285714,-0.2857857142857143,-0.0869928571428602,-0.20561298701298708,Southern
2466,2007,18.9295,60.55416666666667,97.18885714285715,1.1282857142857143,0.7481428571428572,-0.20107619047619352,0.8168623376623377,Southern
2466,2008,19.130416666666665,40.756083333333336,96.15857142857143,-0.8411428571428571,-0.9152857142857143,-0.0176595238095274,-0.8580194805194805,Southern
2466,2009,19.66175,35.63466666666667,89.37957142857144,-1.0967142857142858,-0.29592857142857143,0.4961738095238104,-0.25011558441558446,Southern
2466,2010,19.089166666666667,59.230500000000006,96.33914285714286,0.6315714285714286,-0.165,-0.09390952380952555,-0.13064025974025978,Southern
2466,2011,18.676416666666668,46.81941666666666,95.44085714285714,0.213,-0.015500000000000003,-0.5241595238095229,0.00740649350649349,Southern
2466,2012,18.992916666666666,46.552249999999994,95.25642857142859,-0.01671428571428571,0.1182857142857143,-0.22515952380952697,0.12973896103896104,Southern
2466,2013,18.914333333333335,48.25641666666667,95.04657142857143,0.07414285714285715,0.058642857142857135,-0.32124285714285605,0.058642857142857135,Southern
2466,2014,19.225333333333335,48.754083333333334,93.55014285714286,-0.09314285714285715,-0.42592857142857143,-0.027742857142857957,-0.4373818181818182,Southern
2466,2015,20.109083333333334,31.623833333333334,82.80785714285715,-1.4431428571428573,-0.8056428571428571,0.8385071428571429,-0.8285493506493506,Southern
2466,2016,19.422,53.189083333333336,96.85842857142858,0.5274285714285715,0.21007142857142855,0.13392380952380734,0.17571168831168832,Southern
2466,2017,19.702333333333332,50.02408333333333,96.85714285714286,-0.16985714285714287,-0.15864285714285714,0.39675714285714037,-0.2044558441558441,Southern
2466,2018,19.041,55.01541666666666,98.76714285714286,0.15557142857142855,-0.006000000000000005,-0.2820761904761895,-0.06326623376623373,Southern
2466,2019,19.246666666666666,43.97775000000001,95.46514285714285,-0.3135714285714286,0.3798571428571429,-0.09390952380952555,0.3111376623376624,Southern
2466,2020,19.280583333333336,59.7835,96.73400000000001,1.2005714285714286,0.18778571428571428,-0.07749285714285392,0.10761298701298705,Southern
2466,2021,19.427833333333336,61.751000000000005,96.48728571428572,1.1015714285714284,0.5570714285714286,0.05225714285714389,0.4654454545454546,Southern
2466,2022,19.022000000000002,66.13641666666668,96.89757142857142,1.179142857142857,0.08885714285714287,-0.3710761904761881,-0.014222077922077844,Southern
2466,2023,19.867416666666667,39.350833333333334,95.25942857142857,-0.6377142857142857,0.4721428571428571,0.4568404761904752,0.3576103896103896,Southern
2466,2024,19.426833333333335,68.52966666666667,95.58571428571429,1.332,0.43685714285714283,-0.0012428571428557689,0.31087142857142863,Southern
2466,2025,19.355833333333333,53.95258333333334,95.35185714285714,0.0024285714285714544,-0.2993571428571429,-0.08974285714285912,-0.43679610389610385,Southern
2466,2026,20.255000000000003,27.016,88.93260000000001,-2.3532,-0.9020000000000001,0.7919238095238121,-1.0508922077922078,Southern
2469,1989,19.613833333333336,31.648833333333332,,0.3597142857142857,,-0.14878831168831042,,Alle
2469,1990,20.089333333333332,18.054416666666665,,-0.662,,0.30686320346320173,,Alle
2469,1991,19.81325,17.63,94.18371428571429,-0.45042857142857146,,0.01093138528138482,,Alle
2469,1992,19.55275,23.059916666666666,95.16514285714285,0.17214285714285715,,-0.2694170995671037,,Alle
2469,1993,19.95175,16.392666666666667,83.56914285714286,-0.7267142857142856,,0.10973441558441266,,Alle
2469,1994,19.743583333333333,19.048666666666666,93.56085714285715,0.0011428571428571438,,-0.11828073593073896,,Alle
2469,1995,20.103666666666665,21.960916666666666,93.53728571428572,-0.8197142857142856,,0.22195411255410846,,Alle
2469,1996,19.511750000000003,26.70958333333333,98.2807142857143,0.5478571428571428,,-0.38981103896103875,,Alle
2469,1997,20.473583333333334,18.587,88.22557142857143,-0.45257142857142857,,0.5521738095238078,,Alle
2469,1998,19.783083333333334,21.64616666666667,93.62,-0.04699999999999998,,-0.15817467532467688,,Alle
2469,1999,20.22941666666667,21.965249999999997,88.848,-0.163,,0.2683101731601738,,Alle
2469,2000,19.695249999999998,17.372083333333332,90.1507142857143,-0.804,,-0.2857049783549819,,Alle
2469,2001,19.7195,24.025583333333334,93.37828571428572,-0.43028571428571427,-0.06099999999999999,-0.28130346320346433,-0.15569090909090907,Alle
2469,2002,20.459,16.041333333333334,84.27328571428572,-1.3178571428571428,0.051000000000000004,0.4383480519480507,-0.03579999999999997,Alle
2469,2003,19.542416666666668,23.0615,97.17242857142857,0.10357142857142856,0.31321428571428567,-0.49808376623376915,0.2343051948051948,Alle
2469,2004,20.157999999999998,17.81533333333333,78.3157142857143,-1.4617142857142855,-0.6486428571428572,0.0976510822510761,-0.719661038961039,Alle
2469,2005,20.173333333333336,17.0855,90.55085714285714,-0.27685714285714286,0.1462142857142857,0.0931359307359294,0.083087012987013,Alle
2469,2006,20.309416666666667,24.73075,93.41828571428572,0.28185714285714286,0.3738571428571429,0.20937077922077663,0.31862077922077925,Alle
2469,2007,19.74983333333333,50.178333333333335,98.5942857142857,2.0805714285714285,0.10157142857142859,-0.3700610389610439,0.05422597402597405,Alle
2469,2008,20.403833333333335,38.934666666666665,92.90757142857144,0.5155714285714286,-0.3187142857142857,0.264090476190475,-0.3581688311688312,Alle
2469,2009,20.907333333333334,17.466166666666666,81.62642857142858,-1.0507142857142857,-0.7432142857142856,0.7477419913419894,-0.774777922077922,Alle
2469,2010,20.109583333333333,27.39,95.03314285714285,0.2784285714285714,0.5432857142857143,-0.06985649350649581,0.519612987012987,Alle
2469,2011,19.805083333333332,33.912416666666665,97.47114285714285,1.4404285714285714,0.534357142857143,-0.39420497835498125,0.5185753246753247,Alle
2469,2012,19.937833333333334,41.83991666666667,97.90171428571429,1.2040000000000002,0.22907142857142856,-0.28130346320346433,0.22118051948051948,Alle
2469,2013,20.031833333333335,28.216250000000002,94.494,0.04614285714285714,0.277,-0.2071519480519477,0.277,Alle
2469,2014,20.234083333333334,32.23775,93.92185714285714,0.6049999999999999,0.08499999999999999,-0.024750432900436437,0.09289090909090908,Alle
2469,2015,21.02375,24.569333333333333,94.85957142857144,0.1962857142857143,0.1455,0.7450677489177444,0.16128181818181817,Alle
2469,2016,20.458583333333333,19.4975,87.56871428571428,-0.6665714285714286,-0.06635714285714285,0.16005259740259348,-0.04268441558441558,Alle
2469,2017,20.33525,30.464833333333335,94.11028571428571,0.22399999999999998,-0.5102142857142857,0.016870779220774068,-0.4786506493506494,Alle
2469,2018,19.991,19.908416666666668,93.57485714285714,-0.4645714285714285,-0.0912142857142857,-0.3472277056277093,-0.05175974025974026,Alle
2469,2019,20.02775,32.556000000000004,98.60985714285714,1.1422857142857143,0.245,-0.3303261904761925,0.2923454545454545,Alle
2469,2020,19.783,36.52758333333333,99.44814285714286,1.2185714285714286,0.5982142857142857,-0.5949246753246769,0.6534506493506493,Alle
2469,2021,20.390166666666666,33.24183333333334,88.76385714285713,0.28214285714285714,0.03728571428571429,-0.007606493506497003,0.10041298701298701,Alle
2469,2022,20.435,14.790916666666666,88.3772857142857,-0.9865714285714285,-1.2050714285714288,0.017378354978351496,-1.134053246753247,Alle
2469,2023,20.9605,27.1605,92.82857142857142,0.026142857142857145,0.14692857142857144,0.5230298701298679,0.22583766233766234,Alle
2469,2024,20.41525,26.335166666666666,95.37599999999999,0.32342857142857145,-0.05292857142857144,-0.042068614718616004,0.03387142857142853,Alle
2469,2025,20.671583333333334,31.453166666666664,94.82485714285714,0.4045714285714285,-0.19121428571428573,0.19441623376622985,-0.09652337662337665,Alle
2469,2026,21.062,8.302,72.732,-2.2624,-0.0005000000000000004,0.5649844155844121,0.10208181818181816,Alle
2475,1989,17.790833333333335,31.25016666666666,,1.0224285714285715,,-0.19766638655462287,,Amaro
2475,1990,18.315166666666666,16.757,,-0.8812857142857143,,0.3025787114845926,,Amaro
2475,1991,18.229166666666668,19.951416666666667,90.794,-0.2612857142857143,,0.19249047619047488,,Amaro
2475,1992,17.743,19.40725,90.00457142857144,-0.34385714285714286,,-0.3177644257703136,,Amaro
2475,1993,18.048000000000002,11.913916666666667,79.31842857142858,-1.0398571428571428,,-0.03685266106442597,,Amaro
2475,1994,18.05241666666667,24.57841666666667,92.90014285714285,0.793,,-0.05652422969187754,,Amaro
2475,1995,18.281833333333335,21.528666666666666,89.67071428571428,-0.16971428571428573,,0.14880420168067232,,Amaro
2475,1996,17.9485,28.27725,95.64485714285715,0.7631428571428571,,-0.20861736694678257,,Amaro
2475,1997,18.82925,20.0535,81.56171428571429,-0.020000000000000007,,0.6480443977590973,,Amaro
2475,1998,18.262333333333334,20.238833333333336,86.32042857142858,-0.25857142857142856,,0.057039495798317574,,Amaro
2475,1999,18.36916666666667,16.295833333333334,82.65957142857143,-0.5952857142857143,,0.1397845938375326,,Amaro
2475,2000,17.579,12.075249999999999,84.42328571428571,-0.9731428571428572,,-0.6744703081232508,,Amaro
2475,2001,17.96775,22.292416666666668,90.68914285714285,-0.29728571428571426,0.5211428571428571,-0.30980854341737185,0.5168142857142858,Amaro
2475,2002,18.345333333333333,14.889333333333333,78.68328571428572,-1.1205714285714286,-0.0797857142857143,0.04368655462184634,-0.08375357142857136,Amaro
2475,2003,17.812583333333333,20.8645,92.15942857142856,0.15457142857142855,-0.006142857142857144,-0.5131516806722729,-0.009749999999999925,Amaro
2475,2004,18.367583333333332,16.043833333333335,74.95114285714286,-1.2584285714285717,-0.4571428571428571,0.017760084033607626,-0.46038928571428556,Amaro
2475,2005,18.417916666666667,18.470416666666665,85.00785714285713,-0.1917142857142857,0.22185714285714286,0.04400518207282644,0.21897142857142865,Amaro
2475,2006,18.696749999999998,19.623916666666666,87.14771428571429,0.1717142857142857,0.10107142857142856,0.2987502801120385,0.09854642857142862,Amaro
2475,2007,18.363833333333332,40.766666666666666,95.64128571428571,1.7252857142857143,0.33192857142857146,-0.05825462184874297,0.3297642857142858,Amaro
2475,2008,18.643583333333336,25.097416666666664,84.65014285714285,-0.34885714285714287,-0.31342857142857145,0.19740714285714134,-0.31523214285714285,Amaro
2475,2009,18.97875,15.607166666666666,76.51357142857144,-0.8457142857142858,-0.6202142857142857,0.5084855742296881,-0.6216571428571428,Amaro
2475,2010,18.593666666666667,23.03675,88.62942857142856,0.20714285714285713,0.5357142857142858,0.09931400560223835,0.534632142857143,Amaro
2475,2011,18.240833333333335,26.96166666666667,88.777,1.0158571428571428,-0.002214285714285724,-0.2776075630252137,-0.0029357142857142802,Amaro
2475,2012,18.500249999999998,33.83508333333334,92.36,1.1347142857142858,-0.11871428571428572,-0.04227913165266628,-0.119075,Amaro
2475,2013,18.385083333333334,25.624750000000002,90.54271428571428,0.3232857142857143,0.15357142857142858,-0.181534033613449,0.15357142857142858,Amaro
2475,2014,18.657,23.14708333333333,88.94585714285714,0.015285714285714283,0.3215714285714286,0.06629439775909773,0.3219321428571429,Amaro
2475,2015,19.358416666666667,23.4545,87.92057142857142,0.2744285714285714,0.03292857142857142,0.7436228291316489,0.03364999999999997,Amaro
2475,2016,18.770833333333332,15.988750000000001,82.0222857142857,-0.8622857142857143,-0.11607142857142859,0.13195126050419503,-0.11498928571428575,Amaro
2475,2017,18.72008333333333,28.65625,90.02914285714284,0.627,-0.5026428571428572,0.05711302521007866,-0.5012000000000001,Amaro
2475,2018,18.275916666666667,16.439,87.49257142857142,-0.447,0.3587142857142857,-0.4111418767507047,0.3605178571428571,Amaro
2475,2019,18.564833333333333,29.61916666666667,94.74657142857143,1.0462857142857143,0.2704285714285714,-0.14631344537815494,0.2725928571428571,Amaro
2475,2020,18.432083333333335,37.34375,97.38985714285715,1.5975714285714286,0.8835,-0.30315168067227205,0.886025,Amaro
2475,2021,18.718333333333334,25.209333333333333,82.76828571428571,0.258,-0.2097857142857143,-0.04098991596639223,-0.20690000000000008,Amaro
2475,2022,18.679583333333333,16.030416666666667,80.33728571428571,-0.8252857142857143,-1.0387857142857144,-0.10382815126050815,-1.035539285714286,Amaro
2475,2023,19.10625,20.173833333333334,84.27085714285714,-0.3657142857142857,0.031714285714285695,0.2987502801120385,0.035321428571428476,Amaro
2475,2024,18.809416666666667,22.614500000000003,88.6032857142857,0.3364285714285714,0.19478571428571428,-0.02217128851540906,0.19875357142857134,Amaro
2475,2025,18.866833333333332,24.403166666666667,86.76842857142857,0.13785714285714287,0.030714285714285722,0.011157142857136648,0.035042857142857056,Amaro
2475,2026,19.3374,4.6925,64.5216,-2.5347999999999997,0.1277,0.45763557422968404,0.13238928571428563,Amaro
2477,1989,18.6165,72.95333333333333,,0.9347142857142857,,-0.1323275910364181,,Basketo
2477,1990,19.04008333333333,50.79916666666667,,-1.0114285714285713,,0.2674469187675008,,Basketo
2477,1991,18.841166666666666,56.3725,99.54928571428572,0.10957142857142857,,0.04472142857142458,,Basketo
2477,1992,18.569916666666668,63.155249999999995,99.5592857142857,0.5627142857142857,,-0.25033739495798457,,Basketo
2477,1993,19.02375,46.296416666666666,92.55757142857144,-0.7171428571428572,,0.17968711484593314,,Basketo
2477,1994,18.706833333333332,43.3855,99.386,-0.1524285714285714,,-0.1610383753501452,,Basketo
2477,1995,19.127083333333335,49.86291666666667,99.50914285714285,-0.34214285714285714,,0.23540280112044698,,Basketo
2477,1996,18.587166666666665,75.122,99.655,1.3464285714285715,,-0.3283226890756339,,Basketo
2477,1997,19.348916666666668,42.91625,99.14914285714285,-1.0522857142857143,,0.40961848739495466,,Basketo
2477,1998,19.204416666666667,60.45341666666667,99.441,0.6048571428571429,,0.2413096638655432,,Basketo
2477,1999,19.18975,50.39566666666667,99.02300000000001,-0.3544285714285714,,0.20283417366946566,,Basketo
2477,2000,18.602,56.810583333333334,98.702,0.48228571428571426,,-0.4087246498599484,,Basketo
2477,2001,18.800083333333333,60.86416666666667,98.73757142857143,0.006714285714285713,-0.07600000000000001,-0.23445014005602616,0.2521571428571428,Basketo
2477,2002,19.334583333333335,35.0775,96.36185714285715,-1.3907142857142856,-0.2075,0.27624103641456443,0.09331071428571427,Basketo
2477,2003,18.568833333333334,73.584,99.38442857142857,0.809142857142857,-0.26292857142857146,-0.5133177871148504,0.01053571428571426,Basketo
2477,2004,18.960166666666666,53.1535,97.90728571428572,-0.3557142857142857,-0.7370714285714285,-0.14579327731092917,-0.4909535714285713,Basketo
2477,2005,19.249333333333336,45.052249999999994,98.91471428571428,-0.20757142857142855,0.182,0.11956456582633024,0.40077142857142856,Basketo
2477,2006,19.44183333333333,51.04708333333334,99.553,0.05814285714285715,0.16142857142857145,0.288255742296915,0.35285357142857143,Basketo
2477,2007,18.927833333333336,73.28416666666666,99.70414285714286,1.1501428571428571,-0.05771428571428572,-0.2495530812324951,0.10636428571428569,Basketo
2477,2008,19.245916666666666,66.07549999999999,99.33257142857143,0.2032857142857143,0.0347142857142857,0.04472142857142458,0.17144642857142856,Basketo
2477,2009,19.71675,42.75066666666667,95.15928571428572,-1.1092857142857142,-1.8746428571428573,0.49174593837534886,-1.765257142857143,Basketo
2477,2010,19.437583333333333,64.067,99.49942857142857,0.3922857142857143,0.5444285714285715,0.18877044817926603,0.6264678571428572,Basketo
2477,2011,18.739583333333332,68.65308333333333,99.74242857142858,1.0050000000000001,0.2705714285714286,-0.5330383753501451,0.32526428571428573,Basketo
2477,2012,18.933416666666666,77.745,99.72657142857143,1.3031428571428572,0.286,-0.36301386554622184,0.3133464285714285,Basketo
2477,2013,19.096999999999998,52.3245,99.52471428571428,-0.3774285714285714,-0.12728571428571428,-0.22323935574230092,-0.12728571428571428,Basketo
2477,2014,19.427416666666666,53.65975,99.10614285714284,-0.16014285714285714,0.3081428571428571,0.08336848739495295,0.28079642857142856,Basketo
2477,2015,20.02658333333333,52.30891666666667,98.97342857142857,0.03985714285714286,-0.3722142857142857,0.6587263305322075,-0.4269071428571429,Basketo
2477,2016,19.6895,39.892500000000005,96.49300000000001,-1.1992857142857143,-0.21600000000000003,0.2978341736694645,-0.29803928571428573,Basketo
2477,2017,19.469083333333334,64.52533333333334,98.95314285714286,0.3078571428571429,0.015999999999999986,0.0536086834733851,-0.0933857142857143,Basketo
2477,2018,19.149833333333333,49.44825,98.84842857142857,-0.3455714285714286,-0.15542857142857144,-0.2894501400560259,-0.29216071428571433,Basketo
2477,2019,19.139083333333335,75.27391666666666,99.63342857142857,1.718142857142857,0.6027142857142858,-0.32400896358543463,0.43863571428571435,Basketo
2477,2020,19.12325,83.51541666666667,99.66685714285714,1.5612857142857144,0.5307857142857143,-0.3636511204481856,0.33936071428571435,Basketo
2477,2021,19.46175,42.68541666666667,97.22485714285713,-1.122857142857143,-0.05885714285714287,-0.04895994397759651,-0.27762857142857145,Basketo
2477,2022,19.552,39.031666666666666,96.439,-1.1581428571428571,-0.5327857142857143,0.017481232492993826,-0.7789035714285715,Basketo
2477,2023,20.093416666666666,46.92125000000001,98.56328571428571,-1.5411428571428571,0.2880714285714286,0.5350890756302498,0.014607142857142874,Basketo
2477,2024,19.649833333333333,75.14399999999999,99.10071428571428,1.6912857142857143,0.6762857142857144,0.06769691876750272,0.3754750000000001,Basketo
2477,2025,19.606166666666667,65.40525,99.68842857142856,0.816,0.7034285714285715,0.00022142857142526395,0.3752714285714287,Basketo
2477,2026,20.5474,27.3399,89.42060000000001,-2.2038,0.0922,0.9176459383753475,-0.2633035714285714,Basketo
2480,1989,18.205166666666667,19.565083333333334,,0.5467142857142857,,-0.2322502463054157,,Burji
2480,1990,18.796416666666666,13.844416666666667,,-0.6912857142857142,,0.33045377668308973,,Burji
2480,1991,18.75225,12.444666666666665,85.44557142857143,-0.5152857142857143,,0.25774113300493084,,Burji
2480,1992,18.184583333333332,13.748166666666668,79.00585714285714,-0.615,,-0.33847151067323367,,Burji
2480,1993,18.426166666666667,10.15,72.66857142857143,-0.6082857142857143,,-0.12543415435139238,,Burji
2480,1994,18.630750000000003,12.063249999999998,81.81314285714286,-0.5464285714285715,,0.050603201970449874,,Burji
2480,1995,18.7995,13.646,84.72471428571428,-0.5675714285714285,,0.1908072249589523,,Burji
2480,1996,18.437083333333334,21.85625,92.32057142857143,0.9055714285714286,,-0.20015541871920917,,Burji
2480,1997,19.3505,16.116666666666667,71.26599999999999,-0.30742857142857144,,0.6847152709359641,,Burji
2480,1998,18.633,14.330166666666665,82.35842857142858,-0.12757142857142859,,-0.06133070607553037,,Burji
2480,1999,18.8845,14.842583333333332,79.86842857142857,-0.7347142857142857,,0.16162331691297283,,Burji
2480,2000,18.04125,9.759916666666667,77.54585714285714,-1.0878571428571429,,-0.7101726600985181,,Burji
2480,2001,18.47625,17.45958333333333,82.74242857142858,-0.184,0.2377142857142857,-0.3037186371100127,0.3868357142857143,Burji
2480,2002,18.84725,10.710333333333333,72.52971428571428,-1.0431428571428571,-0.1789285714285714,0.03873538587849268,-0.04223392857142852,Burji
2480,2003,18.30216666666667,14.7675,86.7277142857143,0.23214285714285715,-0.4525,-0.5348939244663349,-0.32823214285714286,Burji
2480,2004,18.913666666666668,11.996583333333334,69.62585714285714,-1.2818571428571428,-0.861,0.0480600985221713,-0.7491589285714285,Burji
2480,2005,18.86916666666667,11.19825,82.09771428571428,-0.17528571428571427,-0.18785714285714283,-0.024985878489321323,-0.0884428571428571,Burji
2480,2006,19.30366666666667,17.596,81.55085714285714,0.25957142857142856,0.25257142857142856,0.38096814449918526,0.33955892857142855,Burji
2480,2007,18.937166666666666,32.053666666666665,92.36642857142859,1.4755714285714288,0.48264285714285715,-0.014077832512313648,0.5572035714285715,Burji
2480,2008,19.282166666666665,20.854833333333335,84.43157142857142,0.01371428571428571,-0.8363571428571428,0.3023761904761919,-0.7742232142857142,Burji
2480,2009,19.499416666666665,10.317749999999998,68.79614285714285,-0.7658571428571428,-0.3185,0.49108021346469855,-0.26879285714285717,Burji
2480,2010,19.164166666666667,17.422583333333332,86.15542857142857,0.44657142857142856,0.45771428571428574,0.1272842364532032,0.4949946428571429,Burji
2480,2011,18.826583333333335,22.979666666666663,87.73571428571428,1.1875714285714287,0.24864285714285714,-0.23884507389162124,0.2734964285714286,Burji
2480,2012,19.094083333333334,23.59175,90.17885714285714,0.768,0.43314285714285716,0.0001089490968837481,0.4455696428571429,Burji
2480,2013,18.8635,18.393416666666667,84.28357142857143,0.05585714285714284,0.06478571428571428,-0.2590203612479449,0.06478571428571428,Burji
2480,2014,19.18041666666667,21.250916666666665,82.57600000000001,0.32657142857142857,0.20635714285714285,0.029350328407229398,0.19393035714285714,Burji
2480,2015,19.86675,19.22775,80.43242857142857,0.4508571428571429,0.2247142857142857,0.6871376847290662,0.19986071428571428,Burji
2480,2016,19.205833333333334,13.658999999999999,75.84771428571428,-0.688,-0.2114285714285714,-0.0023249589490923483,-0.24870892857142857,Burji
2480,2017,19.248083333333334,22.138666666666666,87.70542857142857,0.6892857142857143,-0.41842857142857137,0.011379064039413578,-0.4681357142857142,Burji
2480,2018,18.75166666666667,14.500916666666667,84.23942857142856,0.09214285714285715,0.40921428571428575,-0.5135835796387482,0.3470803571428572,Burji
2480,2019,19.216916666666666,21.51425,89.52085714285714,0.8045714285714285,0.26535714285714285,-0.07687955665024404,0.19079642857142853,Burji
2480,2020,19.03558333333333,30.62516666666666,94.70485714285714,1.7378571428571428,0.7164999999999999,-0.286758866995072,0.6295124999999999,Burji
2480,2021,19.28825,23.80633333333333,78.86171428571429,0.7244285714285714,-0.13392857142857145,-0.06263817733989896,-0.23334285714285719,Burji
2480,2022,19.254,9.986333333333333,81.13085714285714,-0.8068571428571428,-1.119357142857143,-0.12543415435139238,-1.2311982142857143,Burji
2480,2023,19.700833333333332,15.507416666666666,81.58028571428572,-0.00028571428571430184,0.43407142857142855,0.29285320197044484,0.3098035714285714,Burji
2480,2024,19.481333333333335,19.56116666666667,85.62628571428571,0.5067142857142858,0.24257142857142858,0.04480722495895506,0.10587678571428569,Burji
2480,2025,19.544166666666666,18.742083333333333,83.79842857142856,0.29057142857142854,0.28221428571428575,0.07909458128078839,0.13309285714285715,Burji
2480,2026,19.8128,5.8139,62.0884,-1.6458,0.24439999999999998,0.3191819376026288,0.08285178571428567,Burji
2490,1989,18.747,31.6245,,0.2452857142857143,,-0.34386709956709893,,Derashe
2490,1990,19.267416666666666,23.62875,,-0.6668571428571429,,0.1546025974025973,,Derashe
2490,1991,19.17175,20.39275,92.21771428571428,-0.4422857142857143,,0.03698896103896132,,Derashe
2490,1992,18.813083333333335,29.853583333333333,95.93114285714286,0.28114285714285714,,-0.3436246753246728,,Derashe
2490,1993,19.196916666666667,17.540333333333333,82.97314285714286,-0.9167142857142857,,0.018261688311689284,,Derashe
2490,1994,19.214583333333334,27.566999999999997,92.82371428571427,0.1992857142857143,,0.013981385281386594,,Derashe
2490,1995,19.462416666666666,29.822916666666668,90.45485714285714,-0.8735714285714286,,0.23986774891774942,,Derashe
2490,1996,18.78325,30.34583333333333,97.46571428571428,0.508,,-0.46124588744588735,,Derashe
2490,1997,19.805666666666667,21.570166666666665,88.11585714285715,-0.546,,0.5392238095238113,,Derashe
2490,1998,19.158333333333335,27.90091666666667,93.70114285714286,0.005714285714285704,,-0.1300564935064905,,Derashe
2490,1999,19.677833333333336,25.416,86.7432857142857,-0.0942857142857143,,0.3674965367965406,,Derashe
2490,2000,18.827583333333333,19.791749999999997,87.39785714285713,-0.883,,-0.5047004329004317,,Derashe
2490,2001,19.084666666666667,31.3125,90.26914285714285,-0.28071428571428575,0.5324285714285715,-0.2695640692640673,0.4267032967032967,Derashe
2490,2002,19.777583333333332,18.149333333333335,80.3307142857143,-1.2725714285714285,-0.12628571428571428,0.4014056277056284,-0.22320054945054946,Derashe
2490,2003,18.835333333333335,26.97583333333333,94.80871428571429,0.12314285714285714,0.10371428571428573,-0.5627913419913391,0.015609890109890112,Derashe
2490,2004,19.509833333333333,21.492916666666662,75.15485714285714,-1.3292857142857142,-0.6486428571428571,0.08976168831168962,-0.7279368131868131,Derashe
2490,2005,19.477416666666667,21.215666666666667,89.76985714285715,-0.2105714285714286,0.4872142857142857,0.03539805194805368,0.41673076923076924,Derashe
2490,2006,19.807416666666665,27.261916666666664,90.63385714285714,0.22971428571428573,0.5297142857142858,0.34345108225108234,0.46804120879120886,Derashe
2490,2007,19.120749999999997,54.46966666666666,98.25914285714285,1.9268571428571428,0.6295,-0.3651625541125547,0.5766373626373625,Derashe
2490,2008,19.785,42.060249999999996,88.84728571428572,0.2287142857142857,-0.43585714285714283,0.2771404761904783,-0.47990934065934066,Derashe
2490,2009,20.489833333333333,19.632,79.59157142857143,-1.074142857142857,-0.8763571428571428,0.9600268398268419,-0.9115989010989011,Derashe
2490,2010,19.602999999999998,31.732333333333333,92.66114285714286,0.3524285714285714,0.688,0.0512465367965369,0.6615686813186813,Derashe
2490,2011,19.105833333333333,39.91941666666667,96.1422857142857,1.449,0.17607142857142855,-0.4678670995670977,0.15845054945054943,Derashe
2490,2012,19.38275,48.12708333333333,96.82557142857142,1.3504285714285713,-0.13585714285714284,-0.21289740259739887,-0.1446675824175824,Derashe
2490,2013,19.257583333333333,32.132416666666664,91.88214285714285,0.1522857142857143,0.19207142857142856,-0.36001103896103714,0.19207142857142856,Derashe
2490,2014,19.743416666666665,36.61166666666667,91.25828571428572,0.3657142857142857,0.4203571428571429,0.10387532467532523,0.42916758241758246,Derashe
2490,2015,20.49383333333333,28.738333333333333,93.53485714285715,0.337,-0.0132142857142857,0.8323450216450219,0.004406593406593426,Derashe
2490,2016,19.715666666666667,21.018333333333334,84.51485714285715,-0.7505714285714286,-0.04985714285714286,0.03223138528138847,-0.02342582417582417,Derashe
2490,2017,19.756,35.588,90.12042857142856,0.364,-0.7305714285714286,0.050617748917751726,-0.6953296703296704,Derashe
2490,2018,19.399166666666666,22.141499999999997,90.98257142857143,-0.4855714285714286,-0.03128571428571428,-0.32816255411255213,0.012766483516483532,Derashe
2490,2019,19.40941666666667,35.12733333333333,97.70928571428571,1.0582857142857143,0.24678571428571427,-0.339859523809519,0.29964835164835163,Derashe
2490,2020,19.24383333333333,45.209,98.86385714285714,1.4438571428571427,0.7634285714285715,-0.5273898268398263,0.8251016483516485,Derashe
2490,2021,19.824,35.79658333333334,86.01285714285713,0.2928571428571428,0.07142857142857142,0.030829870129874593,0.14191208791208793,Derashe
2490,2022,19.761333333333333,17.209500000000002,84.81371428571428,-1.0852857142857144,-1.5582857142857143,-0.053783766233763686,-1.4789917582417582,Derashe
2490,2023,20.360333333333333,30.804999999999996,90.70885714285714,0.0057142857142857195,0.24242857142857144,0.5232692640692669,0.3305329670329671,Derashe
2490,2024,19.734833333333334,29.84075,92.61842857142857,0.24371428571428572,0.025499999999999995,-0.12417770562770158,0.12241483516483519,Derashe
2490,2025,19.98483333333333,36.746583333333334,92.26614285714287,0.5285714285714286,0.029142857142857147,0.10387532467532523,0.1348681318681319,Derashe
2490,2026,20.7207,9.5413,66.80160000000001,-2.4102,-0.0661,0.8177950216450256,0.048435714285714304,Derashe
2494,1989,11.605333333333334,56.54866666666667,,0.39057142857142857,,-0.08366190476190027,,Gedeo
2494,1990,11.786666666666667,37.29016666666667,,-0.7784285714285714,,0.07655476190476485,,Gedeo
2494,1991,11.992833333333332,33.58383333333334,99.64328571428572,-1.3494285714285714,,0.26160476190476345,,Gedeo
2494,1992,11.592166666666666,39.654583333333335,99.78742857142858,-0.8531428571428572,,-0.1601785714285704,,Gedeo
2494,1993,11.763333333333334,40.14725,98.25185714285715,-1.1962857142857144,,-0.010128571428568378,,Gedeo
2494,1994,11.855916666666666,58.70316666666667,99.80542857142858,1.1427142857142856,,0.06133809523809752,,Gedeo
2494,1995,12.026499999999999,48.55625,99.82828571428571,0.2524285714285714,,0.21080476190476283,,Gedeo
2494,1996,11.950083333333334,74.92999999999999,99.91085714285714,1.3234285714285714,,0.1132714285714318,,Gedeo
2494,1997,12.34075,57.95641666666666,94.93657142857144,0.42957142857142855,,0.4828214285714303,,Gedeo
2494,1998,12.002416666666667,45.969166666666666,98.80142857142857,-0.65,,0.12337142857143135,,Gedeo
2494,1999,11.856916666666665,40.62475,99.70314285714286,-0.5552857142857143,,-0.043245238095236616,,Gedeo
2494,2000,11.295833333333334,39.98716666666667,99.42914285714286,-0.7798571428571429,,-0.6254452380952351,,Gedeo
2494,2001,11.66325,55.69341666666667,99.82871428571427,0.103,0.5855,-0.2791452380952357,0.3978956043956044,Gedeo
2494,2002,11.82925,40.46341666666667,99.39771428571429,-0.6175714285714285,0.5519285714285715,-0.13426190476190314,0.37995787545787557,Gedeo
2494,2003,11.660416666666668,50.04083333333333,99.5807142857143,-0.149,-0.13907142857142857,-0.324211904761901,-0.2954084249084249,Gedeo
2494,2004,11.734250000000001,42.56608333333333,98.505,-0.9315714285714286,-0.005928571428571427,-0.271495238095234,-0.14663186813186815,Gedeo
2494,2005,12.040583333333332,39.59591666666667,99.37342857142858,-0.7617142857142857,0.17292857142857143,0.013721428571429328,0.04785897435897435,Gedeo
2494,2006,12.234166666666667,51.99541666666667,99.80828571428572,0.30528571428571427,0.21200000000000002,0.18618809523809787,0.10256410256410257,Gedeo
2494,2007,12.19825,76.08791666666667,99.79957142857143,1.3677142857142857,0.13164285714285714,0.12915476190476305,0.03784065934065933,Gedeo
2494,2008,12.077083333333334,51.92516666666666,99.70899999999999,-0.07085714285714287,-0.26342857142857146,-0.013128571428568492,-0.34159706959706965,Gedeo
2494,2009,12.213833333333334,41.3345,96.23842857142857,-0.7458571428571429,0.03285714285714286,0.10250476190476476,-0.02967765567765568,Gedeo
2494,2010,12.271416666666667,52.21408333333333,99.69457142857142,0.12614285714285714,-0.017571428571428564,0.13897142857143052,-0.06447252747252746,Gedeo
2494,2011,11.870583333333334,56.97175000000001,98.662,1.1224285714285716,-0.07614285714285714,-0.2829785714285684,-0.10741025641025641,Gedeo
2494,2012,12.098833333333333,70.16258333333333,99.92557142857143,1.1352857142857142,-0.08592857142857142,-0.07584523809523702,-0.10156227106227106,Gedeo
2494,2013,12.005083333333333,62.88066666666666,99.90114285714286,0.8657142857142858,-0.5797142857142857,-0.19071190476190303,-0.5797142857142857,Gedeo
2494,2014,12.342333333333334,55.01566666666667,99.74842857142858,-0.12999999999999998,-0.12235714285714286,0.1254214285714319,-0.10672344322344322,Gedeo
2494,2015,12.588500000000002,54.77525,98.06757142857143,0.22728571428571429,0.9049285714285715,0.35047142857143143,0.9361959706959708,Gedeo
2494,2016,12.298083333333333,38.287416666666665,98.34457142857143,-1.0324285714285715,0.4586428571428572,0.03893809523809644,0.5055439560439561,Gedeo
2494,2017,12.4305,57.49058333333334,99.82671428571429,0.43400000000000005,-0.7211428571428571,0.1502380952380964,-0.6586080586080585,Gedeo
2494,2018,12.085833333333333,56.782833333333336,99.38414285714285,0.04014285714285714,0.12857142857142856,-0.2155452380952365,0.20673992673992675,Gedeo
2494,2019,12.348166666666666,71.60991666666666,99.85799999999999,1.6212857142857142,0.18978571428571428,0.0256714285714299,0.2835879120879121,Gedeo
2494,2020,12.349833333333335,72.13875,99.96157142857143,1.461,-0.07457142857142857,0.00622142857143082,0.03486446886446888,Gedeo
2494,2021,12.2795,49.03116666666667,99.16557142857143,-0.4534285714285714,-0.5018571428571428,-0.08522857142856921,-0.3767875457875457,Gedeo
2494,2022,12.225666666666667,43.7275,98.78085714285714,-0.7751428571428571,-0.9096428571428572,-0.1601785714285704,-0.7689395604395605,Gedeo
2494,2023,12.622083333333334,48.03375,98.60542857142858,-0.5418571428571428,0.5038571428571429,0.21512142857143068,0.6601941391941393,Gedeo
2494,2024,12.537333333333335,59.36891666666667,99.85485714285714,0.7891428571428571,0.25235714285714284,0.10925476190476502,0.4243278388278388,Gedeo
2494,2025,12.475833333333334,64.012,99.82742857142857,0.7348571428571429,-0.03750000000000001,0.026638095238096682,0.15010439560439562,Gedeo
2494,2026,12.6151,22.4218,96.82860000000001,-2.2244,0.9217,0.14478809523809666,1.1249380952380952,Gedeo
2497,1989,26.084600000000002,2.5311,,-0.04199999999999998,,0.17491771428571923,,Korahe
2497,1990,26.4036,1.5642,,-0.7668,,0.45678971428571913,,Korahe
2497,1991,25.9837,2.2430999999999996,29.037,1.4138,,-0.00023828571428552436,,Korahe
2497,1992,26.1084,2.3396999999999997,20.977600000000002,0.07340000000000002,,0.08733371428571601,,Korahe
2497,1993,25.980700000000002,1.6356000000000002,22.321199999999997,-0.09580000000000001,,-0.07749428571428041,,Korahe
2497,1994,26.1575,3.7209000000000003,29.727200000000003,0.39499999999999996,,0.062177714285716945,,Korahe
2497,1995,26.430500000000002,1.4974,23.621199999999998,-1.1368,,0.298049714285721,,Korahe
2497,1996,25.6375,1.5061,25.7746,0.46299999999999997,,-0.5320782857142845,,Korahe
2497,1997,26.520100000000003,3.3005000000000004,26.3868,-0.09200000000000001,,0.31339371428571994,,Korahe
2497,1998,26.538,1.9697,24.7774,-0.1344,,0.29416571428571814,,Korahe
2497,1999,26.077999999999996,1.5493999999999999,13.777199999999999,-0.2474,,-0.20296228571428543,,Korahe
2497,2000,26.128300000000003,1.5371000000000001,18.1924,-0.21780000000000005,,-0.18979028571427747,,Korahe
2497,2001,26.24,2.3014,18.726599999999998,-0.1822,-0.6655285714285715,-0.11521828571428472,0.2689903846153844,Korahe
2497,2002,26.4775,1.9131999999999998,22.1672,-0.493,-0.3409714285714286,0.08515371428571683,0.5156709478021976,Korahe
2497,2003,26.3844,1.9134999999999998,18.708199999999998,0.007400000000000006,-0.7545285714285714,-0.04507428571428207,0.02423722527472516,Korahe
2497,2004,26.3024,1.8851,17.3062,-0.7626,-0.7875142857142857,-0.16420228571428197,-0.0866250686813188,Korahe
2497,2005,26.2951,3.8655999999999997,23.7568,0.8737999999999999,-0.2549857142857143,-0.20863028571427833,0.3680269230769229,Korahe
2497,2006,26.6378,2.6963999999999997,28.5294,0.4062,-0.8050285714285714,0.09694171428571607,-0.2598925137362639,Korahe
2497,2007,26.6735,2.5762,28.9998,1.4114,0.0986142857142857,0.09551371428571898,0.5658737637362636,Korahe
2497,2008,26.4096,1.5737,12.1664,-0.3522,-0.927,-0.20551428571427977,-0.5376171016483517,Korahe
2497,2009,26.9253,1.6149,17.25,0.009799999999999986,-0.9719,0.27305771428572,-0.6603936813186814,Korahe
2497,2010,26.665300000000002,1.7512999999999999,20.9358,-0.5916,-0.4166857142857143,-0.024070285714277162,-0.18305597527472536,Korahe
2497,2011,27.1259,2.2393,15.7046,0.0718,-0.7956,0.3994017142857196,-0.6398468406593407,Korahe
2497,2012,26.8773,3.7829,24.105200000000004,0.9276,-0.5078142857142857,0.1136737142857207,-0.429937706043956,Korahe
2497,2013,26.4138,1.6911999999999998,24.7234,-0.6444,0.09825714285714286,-0.3869542857142818,0.09825714285714286,Korahe
2497,2014,27.1974,2.5780000000000003,16.6286,-0.4678,-0.2251142857142857,0.3595177142857189,-0.3029908653846154,Korahe
2497,2015,27.2596,2.3611999999999997,23.1418,0.2286,0.1112,0.3845897142857204,-0.044553159340659315,Korahe
2497,2016,26.6766,1.4994,22.7566,-0.6684,0.25739999999999996,-0.2355382857142807,0.023770260989011,Korahe
2497,2017,27.1841,1.7383,12.938400000000001,-0.6484,-0.36115714285714284,0.23483371428572042,-0.6726634615384615,Korahe
2497,2018,26.588,2.9332000000000003,32.4782,0.5564,0.8654857142857142,-0.3983942857142786,0.4761028159340659,Korahe
2497,2019,27.124599999999997,2.7761,20.9768,0.569,0.4920714285714286,0.10107771428571866,0.02481195054945068,Korahe
2497,2020,27.098599999999998,4.3666,26.092000000000002,0.4768,1.4548999999999999,0.03794971428571969,0.9097639423076923,Korahe
2497,2021,26.736900000000002,1.5176,22.8268,-0.3004,1.0691714285714287,-0.3608782857142785,0.4461587912087914,Korahe
2497,2022,26.6113,1.9312,14.083400000000001,-0.6222000000000001,-0.23145714285714286,-0.5236062857142798,-0.9323463598901098,Korahe
2497,2023,27.3842,1.6671,18.619999999999997,-0.2278,0.9493714285714285,0.21216571428572095,0.17060563186813194,Korahe
2497,2024,27.620600000000003,2.0645,25.4782,0.2792,1.3804,0.41143771428572506,0.5237576236263739,Korahe
2497,2025,27.0565,1.6736,16.623,-0.442,0.5978428571428571,-0.18979028571427747,-0.33667609890109873,Korahe
2497,2026,27.34822222222222,1.005,16.63225,-0.13549999999999998,0.026025000000000006,0.06480393650793914,-0.9863705357142856,Korahe
2592,1989,18.064333333333334,29.96975,,-1.4315714285714287,,0.08431190476189343,,South Eastern
2592,1990,18.344916666666666,22.590666666666667,,-2.032857142857143,,0.3488119047618916,,South Eastern
2592,1991,18.302,39.298750000000005,93.50442857142856,-0.432,,0.2898119047618941,,South Eastern
2592,1992,17.93925,38.074333333333335,95.14214285714286,-0.559,,-0.08902142857143858,,South Eastern
2592,1993,17.82016666666667,31.51391666666667,93.70357142857142,-0.777,,-0.22418809523810168,,South Eastern
2592,1994,17.795583333333333,64.12958333333333,96.10514285714285,1.090142857142857,,-0.26485476190477186,,South Eastern
2592,1995,18.436333333333334,41.71458333333333,95.56842857142858,0.03957142857142857,,0.3598119047618944,,South Eastern
2592,1996,17.927833333333336,48.592999999999996,95.23357142857142,0.4958571428571429,,-0.16477142857143434,,South Eastern
2592,1997,18.535500000000003,34.827000000000005,90.06885714285714,-0.26471428571428574,,0.4268119047619017,,South Eastern
2592,1998,18.605833333333333,61.90425,98.07014285714286,1.359142857142857,,0.4810619047618978,,South Eastern
2592,1999,18.16391666666667,52.34475,97.50385714285714,0.33442857142857146,,0.0230619047618994,,South Eastern
2592,2000,17.992166666666666,42.74158333333333,95.03200000000001,-0.20557142857142857,,-0.16477142857143434,,South Eastern
2592,2001,17.7545,55.33658333333333,96.59171428571429,1.3017142857142858,0.9912857142857143,-0.4185214285714345,1.4364758812615956,South Eastern
2592,2002,18.78625,36.438833333333335,94.26842857142857,-0.8178571428571428,-0.3693571428571429,0.5971452380952336,0.03873384353741499,South Eastern
2592,2003,18.014166666666664,52.034,95.042,0.141,-0.004142857142857143,-0.19102142857143534,0.3668489486703773,South Eastern
2592,2004,18.154166666666665,34.89816666666667,92.401,-0.7204285714285714,-0.8786428571428571,-0.06710476190476555,-0.5447502319109461,South Eastern
2592,2005,18.000666666666667,41.48383333333334,96.21314285714286,-0.2805714285714286,-0.06142857142857144,-0.23668809523809742,0.2353648732220161,South Eastern
2592,2006,18.100666666666665,47.562916666666666,95.07585714285715,0.16399999999999998,-0.2327142857142857,-0.15277142857143033,0.026979978354978396,South Eastern
2592,2007,17.829833333333333,52.96333333333334,97.11057142857143,1.0424285714285715,0.9837857142857143,-0.43968809523809327,1.206380797773655,South Eastern
2592,2008,18.031499999999998,33.653416666666665,96.15471428571428,-1.2381428571428572,-0.5813571428571429,-0.25410476190476317,-0.3958612399505257,South Eastern
2592,2009,18.770416666666666,34.98441666666667,92.34985714285713,-0.8385714285714286,-0.7662857142857143,0.46872857142857427,-0.6178889919604206,South Eastern
2592,2010,18.29225,51.9515,96.98042857142858,0.6017142857142856,-0.2681428571428571,-0.025521428571426696,-0.1568453153988868,South Eastern
2592,2011,17.890666666666664,46.690583333333336,95.99357142857143,0.6467142857142857,-0.06864285714285714,-0.44318809523809577,0.005555504019789742,South Eastern
2592,2012,18.00525,42.276666666666664,94.92857142857143,0.12014285714285713,0.4115,-0.34468809523809085,0.4485991805813234,South Eastern
2592,2013,18.099999999999998,40.874833333333335,96.49042857142857,-0.316,-0.23678571428571427,-0.26602142857142397,-0.23678571428571427,South Eastern
2592,2014,18.205916666666667,45.85166666666667,96.95742857142857,-0.008571428571428572,-0.28764285714285714,-0.1761880952380892,-0.3247420377241806,South Eastern
2592,2015,19.21891666666667,33.00416666666667,90.53571428571429,-0.8961428571428571,-0.9494285714285714,0.8207285714285781,-1.0236269325912182,South Eastern
2592,2016,18.55225,50.60433333333333,97.04214285714285,0.809142857142857,0.11214285714285716,0.1379785714285795,0.0008453153988868256,South Eastern
2592,2017,18.823583333333332,43.39533333333333,94.96385714285715,-0.37157142857142855,-0.4375714285714286,0.39322857142857615,-0.5859681508967224,South Eastern
2592,2018,18.007833333333334,56.17216666666667,98.5697142857143,0.6001428571428572,-0.06949999999999999,-0.4386047619047524,-0.2549959029066172,South Eastern
2592,2019,18.08491666666667,50.561,97.50828571428572,0.17685714285714285,0.4051428571428572,-0.37760476190475245,0.18254777365491653,South Eastern
2592,2020,18.497416666666666,49.449666666666666,96.31585714285714,0.7194285714285714,0.5850714285714286,0.018811904761914633,0.3253771645021645,South Eastern
2592,2021,18.63325,49.53516666666667,96.50928571428572,0.7571428571428571,0.5572142857142857,0.138561904761918,0.2604208410636981,South Eastern
2592,2022,18.237750000000002,63.51983333333334,97.88814285714285,1.4365714285714286,0.03457142857142856,-0.27302142857141476,-0.2993211966604824,South Eastern
2592,2023,19.02875,36.53275,94.74914285714284,-0.5298571428571428,0.5355,0.5018952380952477,0.16450819418676554,South Eastern
2592,2024,18.73966666666667,54.56641666666667,95.94028571428571,0.8851428571428571,0.773,0.19672857142858646,0.36490901360544215,South Eastern
2592,2025,18.717,49.09733333333333,97.7807142857143,0.1417142857142857,0.8140714285714286,0.15797857142858263,0.36888126159554724,South Eastern
2592,2026,19.6841,22.7109,92.04639999999999,-2.9964,-0.9197,1.108995238095254,-1.4019893475572047,South Eastern
2735,1989,24.273875,6.284000000000001,,0.3503333333333334,,0.23244354395604816,,Nogob
2735,1990,24.687625,3.183875,,-0.8530000000000001,,0.6084002747252768,,Nogob
2735,1991,24.016625,4.819375,48.00133333333333,0.762,,-0.10039299450549066,,Nogob
2735,1992,24.3885,7.46925,42.29933333333333,0.014333333333333309,,0.23368873626374054,,Nogob
2735,1993,24.154,3.36625,40.17666666666667,0.010666666666666639,,-0.0386045329670317,,Nogob
2735,1994,24.281625,6.417375,34.282000000000004,0.018000000000000016,,0.05122719780219853,,Nogob
2735,1995,24.478625,4.31175,40.989666666666665,-0.8816666666666667,,0.21043392857142962,,Nogob
2735,1996,23.592875,4.533375,53.236999999999995,0.5079999999999999,,-0.7131093406593401,,Nogob
2735,1997,24.81475,7.52725,39.57233333333333,0.1406666666666667,,0.47097239010989256,,Nogob
2735,1998,24.777,4.550875,43.06,0.18600000000000003,,0.39542912087912185,,Nogob
2735,1999,24.155125,5.052875,35.76566666666667,-0.656,,-0.2642391483516455,,Nogob
2735,2000,23.96375,4.1118749999999995,49.778,0.11233333333333334,,-0.49340741758241435,,Nogob
2735,2001,24.50725,5.839499999999999,43.38833333333333,-0.07400000000000002,-0.21766666666666667,0.0122993131868121,0.21801666666666653,Nogob
2735,2002,24.422874999999998,9.829625,69.441,1.159,0.4912916666666667,-0.10986895604395741,0.8906680555555555,Nogob
2735,2003,24.64525,4.538875,31.74366666666667,-0.45233333333333325,-0.22570833333333334,0.0747127747252776,0.137361111111111,Nogob
2735,2004,24.705875,4.239,42.115,-0.243,-0.83925,0.09754450549450411,-0.5124875000000002,Nogob
2735,2005,24.603375,5.133,25.977,0.3426666666666667,0.19983333333333336,-0.04274876373626313,0.49028888888888883,Nogob
2735,2006,24.704250000000002,7.0205,51.291999999999994,0.7016666666666667,-0.60625,0.020332967032970828,-0.3521013888888889,Nogob
2735,2007,24.690375,9.83125,66.656,1.7139999999999997,0.6722083333333333,-0.03133530219780312,0.8900499999999999,Nogob
2735,2008,24.462,3.536375,32.872,-0.25866666666666666,-0.7482916666666666,-0.297503571428571,-0.5667569444444445,Nogob
2735,2009,25.37225,3.2563750000000002,24.961333333333332,-0.5123333333333333,-0.5418749999999999,0.5749531593406623,-0.39664722222222215,Nogob
2735,2010,24.59725,5.216125,62.99533333333333,0.4263333333333333,-0.19870833333333332,-0.2378401098901115,-0.08978750000000002,Nogob
2735,2011,25.38775,4.307,33.379,-0.10133333333333334,-0.5751666666666666,0.5148666208791219,-0.5025527777777777,Nogob
2735,2012,25.085125,2.706375,25.054000000000002,-0.33499999999999996,-0.38766666666666666,0.17444835164835482,-0.3513597222222222,Nogob
2735,2013,24.455625,2.982375,30.87833333333333,-0.9129999999999999,0.04187500000000001,-0.492844917582417,0.04187500000000001,Nogob
2735,2014,25.340625,3.5575,45.07233333333334,-0.22033333333333335,0.371875,0.3543618131868129,0.3355680555555556,Nogob
2735,2015,25.4285,5.5655,39.983333333333334,0.204,0.3959166666666667,0.4044435439560452,0.32330277777777783,Nogob
2735,2016,24.826249999999998,2.935875,42.525,-0.9133333333333334,-0.42416666666666664,-0.23559972527472794,-0.5330874999999999,Nogob
2735,2017,25.144625,3.61925,44.245666666666665,-0.443,-0.8271249999999999,0.04498200549450715,-0.9723527777777776,Nogob
2735,2018,24.639875,6.342,33.25866666666666,-0.221,0.64475,-0.4975612637362623,0.4632152777777779,Nogob
2735,2019,25.017625000000002,5.524125,39.44533333333333,0.44799999999999995,-0.23204166666666667,-0.15760453296703147,-0.4498833333333333,Nogob
2735,2020,25.26425,6.314,36.78733333333333,0.15,0.7321666666666666,0.05122719780219853,0.4780180555555556,Nogob
2735,2021,24.775875,6.826625000000001,46.458333333333336,0.7246666666666667,0.2935833333333333,-0.4749410714285709,0.0031277777777778404,Nogob
2735,2022,24.94425,3.145875,24.91333333333333,-0.9089999999999999,-0.8002916666666666,-0.3443593406593415,-1.1270541666666665,Nogob
2735,2023,25.574125,4.5865,34.976333333333336,-0.4366666666666667,0.8930416666666667,0.24772239010988883,0.5299722222222224,Nogob
2735,2024,25.943875,3.710375,41.82866666666666,0.13866666666666666,1.1379583333333332,0.579679120879117,0.7385819444444444,Nogob
2735,2025,25.420625,5.5225,49.153999999999996,0.117,0.5301666666666667,0.018635851648351576,0.09448333333333347,Nogob
2735,2026,25.248333333333335,1.5158333333333334,33.8,-0.25,-0.5840000000000001,-0.1914490842490828,-1.0559902777777777,Nogob
3225,1989,28.271833333333333,0.6726666666666666,,-0.1617142857142857,,0.1845294973544931,,Shabelle
3225,1990,28.541083333333333,0.45725,,-0.6521428571428572,,0.4178952380952339,,Shabelle
3225,1991,28.1845,1.4433333333333334,15.371142857142857,1.9122857142857141,,0.025427645502642093,,Shabelle
3225,1992,28.419916666666666,0.6716666666666667,6.1971428571428575,-0.16114285714285717,,0.22496005291004906,,Shabelle
3225,1993,28.058833333333336,0.5476666666666666,13.744,-0.26471428571428574,,-0.1720075396825429,,Shabelle
3225,1994,28.331416666666666,0.6078333333333333,17.281142857142857,-0.13657142857142854,,0.0646915343915282,,Shabelle
3225,1995,28.642,0.5673333333333334,13.125428571428571,-0.43328571428571433,,0.3393906084656031,,Shabelle
3225,1996,28.07166666666667,0.4708333333333334,13.983285714285715,-0.018714285714285715,,-0.26682698412698613,,Shabelle
3225,1997,28.693,0.691,13.609285714285715,-0.43257142857142855,,0.3186220899470875,,Shabelle
3225,1998,28.629583333333333,0.7094166666666667,15.652285714285714,-0.10271428571428573,,0.2193211640211601,,Shabelle
3225,1999,28.206166666666665,0.47641666666666665,8.046857142857144,-0.3814285714285714,,-0.23997976190476678,,Shabelle
3225,2000,28.2145,0.4815833333333333,10.789714285714286,-0.07957142857142856,,-0.26753068783069267,,Shabelle
3225,2001,28.416083333333333,0.6003333333333333,8.205714285714285,-0.14428571428571432,-0.6124285714285713,-0.10183161375661953,-0.034660714285714045,Shabelle
3225,2002,28.59875,1.0502500000000001,9.056000000000001,-0.5935714285714286,-0.4172857142857143,0.0449507936507878,0.11233482142857149,Shabelle
3225,2003,28.589,0.7102499999999999,12.368571428571428,0.44257142857142856,0.11264285714285714,-0.0006834656084713231,0.5941160714285715,Shabelle
3225,2004,28.41433333333333,0.52625,7.664142857142857,-0.7081428571428571,-0.4245714285714286,-0.21123439153439705,0.008754464285714303,Shabelle
3225,2005,28.538749999999997,0.53875,15.25542857142857,0.3725714285714286,0.012428571428571431,-0.12270198412699429,0.39760714285714294,Shabelle
3225,2006,28.671750000000003,1.0821666666666667,12.73857142857143,0.5642857142857143,-0.0765,-0.02558624338624682,0.26053125000000005,Shabelle
3225,2007,28.83775,2.826916666666667,15.157428571428571,1.1167142857142858,0.04821428571428571,0.10452949735449124,0.33709821428571435,Shabelle
3225,2008,28.3685,0.6888333333333333,6.2625714285714285,-0.4092857142857143,-1.1605714285714286,-0.40060476190476635,-0.9198348214285714,Shabelle
3225,2009,29.015583333333336,0.5366666666666667,7.4557142857142855,-0.3258571428571429,-1.1439285714285714,0.21059431216930946,-0.9513392857142857,Shabelle
3225,2010,28.888166666666667,0.6420833333333333,12.850428571428571,0.3628571428571429,0.01042857142857144,0.047293386243381974,0.15487053571428577,Shabelle
3225,2011,29.299166666666665,0.6568333333333334,8.892857142857142,0.16314285714285712,-0.4822142857142857,0.4224091269841175,-0.38591964285714286,Shabelle
3225,2012,28.977333333333334,6.070666666666667,15.063714285714285,0.5142857142857142,-0.5359285714285714,0.0646915343915282,-0.48778125,Shabelle
3225,2013,28.543499999999998,0.5859166666666668,14.156714285714287,-0.6634285714285715,0.23099999999999998,-0.4050260582010665,0.23099999999999998,Shabelle
3225,2014,29.165916666666664,0.5052500000000001,10.967285714285714,-0.24985714285714283,-0.6602857142857143,0.1815063492063409,-0.7084330357142857,Shabelle
3225,2015,29.41033333333333,0.6973333333333334,11.242428571428572,0.14657142857142857,0.10892857142857143,0.3900387566137482,0.01263392857142856,Shabelle
3225,2016,28.62975,0.46575000000000005,12.663571428571428,-0.6639999999999999,0.2742142857142857,-0.4264288359788395,0.12977232142857137,Shabelle
3225,2017,29.356416666666664,0.6546666666666666,7.714285714285714,-0.024571428571428577,-0.3073571428571429,0.2643535714285612,-0.4999464285714286,Shabelle
3225,2018,28.81975,1.079,18.43957142857143,0.2762857142857143,0.8585,-0.30819735449736285,0.6177633928571429,Shabelle
3225,2019,29.439833333333336,0.9516666666666667,12.242857142857144,0.6965714285714286,0.2215,0.2760017195767155,-0.06738392857142864,Shabelle
3225,2020,29.25316666666667,1.0081666666666667,16.64785714285714,0.743,0.9440714285714286,0.05345079365078931,0.6070401785714286,Shabelle
3225,2021,29.03725,0.44275,12.174000000000001,-0.6558571428571429,0.7687857142857143,-0.19835013227513798,0.3836071428571428,Shabelle
3225,2022,28.75883333333333,0.8649166666666668,6.158857142857143,-0.1922857142857143,-0.2779285714285714,-0.5126510582010653,-0.7112544642857144,Shabelle
3225,2023,29.626333333333335,1.3010833333333334,9.665571428571427,-0.03442857142857144,0.45992857142857146,0.3189646825396757,-0.02154464285714286,Shabelle
3225,2024,29.61425,1.05425,17.42042857142857,0.9608571428571429,1.1567857142857143,0.2709970899470804,0.6271651785714285,Shabelle
3225,2025,29.196583333333333,0.517,10.00242857142857,-0.3171428571428571,0.27385714285714285,-0.1825538359788439,-0.3039107142857144,Shabelle
3225,2026,29.3099,0.4638,12.5312,0.1594,0.5862,-0.10512142857143658,-0.03971517857142859,Shabelle
