region_id,year,t,rain,wsi,spi,z,t_dt,z_dt,region_name
87,1989,20.374916666666667,71.74425000000001,,0.488,,0.1236369047619057,,Jalapa
87,1990,20.499083333333335,52.8645,,-0.3092857142857143,,0.20295238095238233,,Jalapa
87,1991,20.640333333333334,61.44825,98.18257142857144,0.27971428571428575,,0.29935119047619096,,Jalapa
87,1992,20.454666666666665,65.43666666666667,97.89114285714285,0.7337142857142858,,0.06883333333333042,,Jalapa
87,1993,20.55575,54.97266666666667,99.64857142857143,-0.3708571428571429,,0.1250654761904748,,Jalapa
87,1994,20.512916666666666,46.98525,99.13528571428571,-0.8388571428571429,,0.03738095238094985,,Jalapa
87,1995,20.714833333333335,71.46275,99.99514285714285,0.37957142857142856,,0.19444642857142824,,Jalapa
87,1996,20.431,69.21183333333333,99.997,1.2852857142857144,,-0.13423809523809638,,Jalapa
87,1997,20.864333333333335,47.76858333333333,99.04828571428571,-0.41114285714285714,,0.2542440476190464,,Jalapa
87,1998,21.129,51.10225,89.35671428571428,-0.5685714285714286,,0.47405952380952243,,Jalapa
87,1999,20.40225,63.997083333333336,99.91814285714285,0.41328571428571426,,-0.29754166666667103,,Jalapa
87,2000,20.252666666666666,61.51716666666667,99.29114285714286,0.4167142857142857,,-0.4919761904761941,,Jalapa
87,2001,20.434416666666667,48.93383333333333,99.5882857142857,-1.1781428571428572,-1.5322142857142858,-0.3550773809523804,-1.286902380952381,Jalapa
87,2002,20.910999999999998,46.84258333333333,96.74257142857142,-0.5292857142857142,-0.7109285714285715,0.07665476190475928,-0.48605932539682545,Jalapa
87,2003,21.188166666666667,55.712583333333335,99.90757142857144,0.12942857142857145,0.04557142857142857,0.30897023809523816,0.24999801587301584,Jalapa
87,2004,20.558333333333334,43.25475,99.8972857142857,-1.1684285714285714,-0.7125714285714286,-0.36571428571428655,-0.5285875000000001,Jalapa
87,2005,21.014916666666668,74.95558333333334,99.71542857142857,1.2782857142857142,-0.03614285714285716,0.04601785714285711,0.12739841269841268,Jalapa
87,2006,20.645083333333336,67.009,99.76942857142856,1.1107142857142858,-0.2367142857142857,-0.36866666666666603,-0.0936156746031746,Jalapa
87,2007,20.944666666666667,58.6475,97.41971428571428,-0.16742857142857143,-0.36678571428571427,-0.11393452380952596,-0.2441297619047619,Jalapa
87,2008,20.706500000000002,69.89675000000001,99.85914285714286,0.9782857142857143,-0.18271428571428572,-0.3969523809523814,-0.08050099206349208,Jalapa
87,2009,21.019916666666667,53.24,99.87928571428571,-0.3117142857142857,0.9404285714285714,-0.12838690476190706,1.0221992063492062,Jalapa
87,2010,21.409583333333334,91.7925,99.97814285714286,2.044857142857143,0.25492857142857145,0.21642857142856897,0.31625654761904765,Jalapa
87,2011,21.304083333333335,75.83741666666667,99.76585714285714,1.227142857142857,0.47678571428571426,0.06607738095237892,0.5176710317460317,Jalapa
87,2012,21.214333333333332,66.16525,99.96685714285715,0.08414285714285714,0.9642142857142858,-0.0685238095238141,0.9846569444444445,Jalapa
87,2013,21.030166666666666,57.540083333333335,99.97914285714286,-0.13242857142857142,-0.04185714285714286,-0.29754166666667103,-0.04185714285714286,Jalapa
87,2014,21.227166666666665,48.55625,98.277,-0.7568571428571429,0.0885,-0.14539285714286265,0.06805734126984127,Jalapa
87,2015,21.482166666666668,32.88325,98.68271428571428,-2.0814285714285714,-0.8420714285714286,0.06475595238094911,-0.882956746031746,Jalapa
87,2016,21.666416666666667,49.26091666666667,99.33271428571427,-0.8995714285714287,-0.18071428571428572,0.20415476190476056,-0.2420422619047619,Jalapa
87,2017,21.453500000000002,66.02258333333333,99.98457142857144,0.7658571428571428,0.6397857142857142,-0.0536130952380951,0.5580150793650793,Jalapa
87,2018,21.31625,50.562916666666666,98.60571428571428,-0.08742857142857142,0.05442857142857143,-0.23571428571428754,-0.04778472222222221,Jalapa
87,2019,21.968166666666665,45.20191666666667,99.70385714285715,-1.4952857142857143,0.9532857142857143,0.3713511904761866,0.8306297619047619,Jalapa
87,2020,21.56475,56.91191666666666,99.98642857142856,-0.08085714285714285,-0.02735714285714287,-0.07691666666666919,-0.17045575396825396,Jalapa
87,2021,21.670916666666667,56.31941666666666,99.851,-0.02142857142857143,0.8636428571428572,-0.015601190476193239,0.7001015873015873,Jalapa
87,2022,21.396833333333333,68.81958333333334,99.96442857142857,0.9902857142857143,-0.3067142857142857,-0.3345357142857175,-0.49069821428571425,Jalapa
87,2023,22.282916666666665,45.92641666666666,99.93142857142857,-1.205,0.05942857142857144,0.5066964285714235,-0.14499801587301583,Jalapa
87,2024,22.400750000000002,61.505583333333334,92.80885714285715,0.8695714285714286,-1.5532857142857144,0.5796785714285697,-1.7781549603174605,Jalapa
87,2025,21.852083333333336,47.64275,98.5067142857143,-0.7728571428571429,-0.1392142857142857,-0.01383928571428683,-0.3845261904761904,Jalapa
87,2026,22.318416666666668,30.312583333333336,90.17114285714285,-1.8390000000000002,-0.8553571428571429,0.40764285714285364,-1.1211117063492064,Jalapa
155,1989,15.795083333333332,78.97391666666667,,0.9167142857142857,,-0.10499202898551019,,Sacatepéquez
155,1990,16.05425,68.11841666666668,,0.87,,0.10843913043477826,,Sacatepéquez
155,1991,16.35375,67.3975,98.61042857142857,0.9785714285714285,,0.36220362318840316,,Sacatepéquez
155,1992,16.072416666666665,52.72658333333334,99.10799999999999,-0.15557142857142855,,0.035134782608690074,,Sacatepéquez
155,1993,16.158333333333335,65.48033333333333,99.92428571428572,0.273,,0.07531594202898262,,Sacatepéquez
155,1994,16.159,51.78225,99.66742857142857,-0.8177142857142857,,0.030247101449269564,,Sacatepéquez
155,1995,16.15675,69.36383333333333,99.97914285714286,0.37214285714285716,,-0.017738405797107504,,Sacatepéquez
155,1996,16.04075,69.41341666666666,99.997,0.8072857142857143,,-0.17947391304348415,,Sacatepéquez
155,1997,16.6775,46.23558333333333,99.72614285714285,-0.9097142857142858,,0.4115405797101417,,Sacatepéquez
155,1998,16.848333333333333,58.23641666666666,90.39099999999999,-0.5730000000000001,,0.536638405797099,,Sacatepéquez
155,1999,16.007666666666665,68.13083333333334,99.59957142857142,0.9338571428571428,,-0.34976376811594534,,Sacatepéquez
155,2000,16.0775,54.40525,99.4782857142857,-0.2804285714285714,,-0.32566594202898713,,Sacatepéquez
155,2001,16.19333333333333,49.587250000000004,99.05257142857143,-1.155,-0.6332142857142857,-0.2555681159420331,-0.9278571428571428,Sacatepéquez
155,2002,16.7135,48.51725,94.63114285714286,-0.6015714285714286,0.187,0.21886304347825813,-0.0830892857142857,Sacatepéquez
155,2003,16.818083333333334,59.286833333333334,99.91857142857143,0.30342857142857144,0.1402142857142857,0.2777108695652153,-0.10532142857142854,Sacatepéquez
155,2004,16.230333333333334,50.47691666666666,99.75157142857142,-0.5282857142857142,0.8901428571428571,-0.35577463768116147,0.6691607142857143,Sacatepéquez
155,2005,16.692333333333334,71.76558333333334,99.10728571428571,0.8842857142857142,0.4580714285714286,0.060489855072461296,0.2616428571428572,Sacatepéquez
155,2006,16.312166666666666,70.02291666666666,99.647,1.292857142857143,0.4852142857142857,-0.36541231884058334,0.3133392857142857,Sacatepéquez
155,2007,16.515083333333333,56.08775,98.574,-0.6792857142857143,-0.23614285714285715,-0.20823115942029347,-0.3834642857142857,Sacatepéquez
155,2008,16.04125,73.96241666666667,99.83900000000001,1.2255714285714288,-0.6757857142857143,-0.727800000000002,-0.7985535714285714,Sacatepéquez
155,2009,16.733333333333334,50.60516666666666,98.49471428571428,-0.5698571428571428,0.5097857142857143,-0.08145217391304627,0.4115714285714286,Sacatepéquez
155,2010,16.932416666666665,103.92741666666666,99.98,2.4427142857142856,-0.11378571428571425,0.07189565217390737,-0.18744642857142851,Sacatepéquez
155,2011,16.923333333333332,70.65208333333334,99.83214285714287,0.5631428571428572,-0.4457142857142857,0.017076811594197494,-0.4948214285714285,Sacatepéquez
155,2012,16.757833333333334,58.498916666666666,99.97485714285715,-0.5448571428571428,1.0147857142857142,-0.19415869565217747,0.9902321428571428,Sacatepéquez
155,2013,16.6735,62.409,99.12414285714286,-0.16142857142857145,-0.17707142857142855,-0.3242275362318878,-0.17707142857142855,Sacatepéquez
155,2014,17.002583333333334,55.46275,99.83771428571428,0.0040000000000000036,0.1707857142857143,-0.040879710144931636,0.19533928571428572,Sacatepéquez
155,2015,17.3635,44.98066666666667,99.85542857142858,-0.9534285714285714,0.1427142857142857,0.27430144927535594,0.19182142857142856,Sacatepéquez
155,2016,17.481333333333335,49.541583333333335,99.61414285714285,-0.8194285714285714,0.242,0.34639927536231596,0.3156607142857143,Sacatepéquez
155,2017,17.158833333333334,56.6795,99.30357142857143,-0.082,0.5679285714285714,-0.021836231884062585,0.6661428571428571,Sacatepéquez
155,2018,17.191666666666666,47.208416666666665,99.84328571428571,-0.7555714285714286,-0.43785714285714283,-0.034738405797106964,-0.31508928571428574,Sacatepéquez
155,2019,17.6775,42.25933333333334,99.05257142857144,-2.0581428571428573,-0.3922857142857143,0.40535942028984806,-0.24496428571428575,Sacatepéquez
155,2020,17.277833333333334,56.888666666666666,99.41014285714286,-0.334,-0.10957142857142857,-0.04004275362319376,0.0623035714285714,Sacatepéquez
155,2021,17.222666666666665,60.46275,99.997,-0.03371428571428571,0.16542857142857142,-0.14094492753623555,0.3618571428571428,Sacatepéquez
155,2022,17.059583333333332,72.94775,99.861,0.9935714285714285,-0.28842857142857137,-0.34976376811594534,-0.06744642857142855,Sacatepéquez
155,2023,17.87633333333333,49.447750000000006,99.279,-1.0904285714285715,0.15035714285714286,0.42125072463767665,0.3958928571428571,Sacatepéquez
155,2024,17.9945,61.82825,93.14885714285715,0.6398571428571429,-1.4259285714285714,0.49368188405796687,-1.1558392857142858,Sacatepéquez
155,2025,17.521916666666666,42.183,98.00285714285714,-1.5138571428571428,-0.8105714285714286,-0.024636956521742803,-0.5159285714285715,Sacatepéquez
155,2026,18.294416666666667,26.086916666666667,97.636,-2.738857142857143,-0.9434999999999999,0.7021275362318811,-0.6243035714285714,Sacatepéquez
293,1989,22.14741666666667,55.17966666666666,,-0.2357142857142857,,0.20440350140056296,,Chiquimula
293,1990,22.16208333333333,46.89291666666667,,-0.25942857142857145,,0.1710505602240886,,Chiquimula
293,1991,22.50675,39.658833333333334,98.34042857142857,-1.2182857142857144,,0.46769761904761964,,Chiquimula
293,1992,22.050666666666668,57.943749999999994,97.93314285714287,0.635,,-0.03640532212885006,,Chiquimula
293,1993,22.332583333333332,48.596,99.62171428571428,-0.15314285714285716,,0.19749173669467623,,Chiquimula
293,1994,22.242833333333333,43.09,98.38514285714287,-0.8904285714285713,,0.059722128851539935,,Chiquimula
293,1995,22.52616666666667,62.7425,99.95014285714285,0.3892857142857143,,0.2950358543417373,,Chiquimula
293,1996,22.05175,55.00691666666666,100.0,0.6015714285714286,,-0.22740042016806683,,Chiquimula
293,1997,22.555916666666665,40.7205,98.50028571428571,-0.49400000000000005,,0.22874663865546196,,Chiquimula
293,1998,22.924000000000003,48.82266666666666,93.264,-0.20700000000000002,,0.5488103641456625,,Chiquimula
293,1999,22.108249999999998,57.06458333333333,99.84528571428572,0.24685714285714289,,-0.31495924369747996,,Chiquimula
293,2000,21.82258333333333,57.92758333333333,99.105,0.5417142857142857,,-0.6486455182072852,,Chiquimula
293,2001,22.06975,49.494416666666666,98.34028571428573,-0.7647142857142857,-1.217285714285714,-0.4494984593837543,-0.8118132992327365,Chiquimula
293,2002,22.5535,39.73758333333333,96.56185714285714,-0.9387142857142857,-1.2824285714285715,-0.01376806722689139,-0.9107455242966753,Chiquimula
293,2003,22.94775,46.95583333333334,99.78742857142858,0.09471428571428572,0.0685,0.3324623249299705,0.4063936792108147,Chiquimula
293,2004,22.260499999999997,44.861916666666666,99.77971428571429,-0.5068571428571429,-0.4294285714285714,-0.4028072829131659,-0.12532426013883818,Chiquimula
293,2005,22.75391666666667,71.53233333333333,99.68499999999999,1.446,0.15642857142857142,0.04258977591036839,0.42674351479722317,Chiquimula
293,2006,22.241,61.334833333333336,99.894,1.1437142857142857,0.09214285714285715,-0.5183464985994384,0.32866843259042744,Chiquimula
293,2007,22.716416666666664,52.77058333333333,95.0792857142857,-0.14757142857142855,-0.8025,-0.09094943977591186,-0.5997637924735112,Chiquimula
293,2008,22.43375,69.9685,99.84457142857143,1.2702857142857142,-0.3562857142857143,-0.42163571428571345,-0.18733887468030697,Chiquimula
293,2009,22.867,50.68483333333333,99.72185714285715,-0.2827142857142857,0.6224285714285714,-0.03640532212885006,0.7575860431128973,Chiquimula
293,2010,23.07466666666667,81.13241666666666,99.96114285714285,1.9155714285714287,0.47235714285714286,0.12324173669468053,0.5737252466203873,Chiquimula
293,2011,23.224333333333334,67.52108333333334,99.6507142857143,1.1957142857142855,0.18342857142857144,0.22488879551820773,0.2510073072707344,Chiquimula
293,2012,23.048666666666666,61.66916666666666,99.91742857142857,0.31314285714285717,0.2957857142857143,0.0012025210084019022,0.32957508220679577,Chiquimula
293,2013,22.8575,51.03366666666667,99.967,-0.07442857142857143,-0.07042857142857142,-0.23798375350139622,-0.07042857142857142,Chiquimula
293,2014,22.9615,44.77441666666667,97.952,-0.6527142857142857,-0.1945,-0.18200336134453465,-0.22828936792108148,Chiquimula
293,2015,23.105416666666667,27.215999999999998,97.938,-2.272,-1.2448571428571427,-0.08610630252100648,-1.3124358786993056,Chiquimula
293,2016,23.427166666666665,45.852583333333335,99.20114285714286,-0.7021428571428572,-0.35264285714285715,0.18762408963585386,-0.45401096090610155,Chiquimula
293,2017,23.277416666666667,66.6355,99.98614285714287,1.3055714285714284,0.7131428571428572,-0.010145518207281157,0.5779853854585313,Chiquimula
293,2018,23.09583333333333,36.93441666666667,98.50142857142858,-1.0438571428571428,-0.2732857142857143,-0.23974845938375466,-0.44223255389112165,Chiquimula
293,2019,23.89925,43.08016666666666,99.53442857142856,-1.140857142857143,1.108857142857143,0.5156485994397748,0.9061209353306542,Chiquimula
293,2020,23.276083333333332,52.47275,99.99671428571428,-0.12385714285714286,0.2850714285714286,-0.15553767507002902,0.04854585312385831,Chiquimula
293,2021,23.474416666666666,55.20033333333333,99.81985714285715,0.13414285714285715,0.7190714285714286,-0.005223949579828968,0.44875648520277683,Chiquimula
293,2022,23.073999999999998,65.73241666666667,99.98771428571429,1.2494285714285716,0.27649999999999997,-0.453660224089635,-0.02760431128973323,Chiquimula
293,2023,24.271583333333336,48.8905,99.95957142857142,-0.3474285714285714,0.6665714285714286,0.695903501400565,0.3286777493606139,Chiquimula
293,2024,24.244083333333332,48.012750000000004,94.11228571428572,0.045571428571428575,-0.44014285714285717,0.620383893557424,-0.8118259042747533,Chiquimula
293,2025,23.6615,49.23875,97.64657142857142,0.12828571428571428,-0.21542857142857144,-0.010219047619045796,-0.620900986481549,Chiquimula
293,2026,23.978166666666667,23.372583333333335,89.00214285714286,-2.3598571428571424,-0.811357142857143,0.258428011204483,-1.2506189258312022,Chiquimula
298,1989,24.746666666666666,91.23833333333333,,-0.873,,0.29025133928571734,,Izabal
298,1990,24.564666666666668,114.35033333333332,,0.113,,0.06307946428571753,,Izabal
298,1991,24.820333333333334,98.67008333333332,95.72914285714286,-0.3592857142857143,,0.2735742559523864,,Izabal
298,1992,24.378249999999998,111.31891666666667,97.50742857142858,0.495,,-0.21368095238095108,,Izabal
298,1993,24.841083333333334,125.18233333333335,96.8437142857143,0.7015714285714285,,0.2039805059523836,,Izabal
298,1994,24.690083333333334,91.71741666666667,96.28842857142857,-1.130857142857143,,0.007808630952386153,,Izabal
298,1995,25.404083333333332,115.17491666666666,96.60185714285714,-0.2621428571428571,,0.6766367559523836,,Izabal
298,1996,24.65125,122.33216666666665,98.72442857142858,0.521,,-0.12136845238094907,,Izabal
298,1997,24.845583333333334,127.28791666666666,96.14571428571428,0.5277142857142857,,0.027793005952386096,,Izabal
298,1998,25.383916666666664,92.98424999999999,93.87685714285715,-1.038857142857143,,0.5209544642857153,,Izabal
298,1999,24.740750000000002,115.03733333333334,95.76871428571428,0.31614285714285717,,-0.16738407738094807,,Izabal
298,2000,24.324583333333333,132.76225,96.80785714285715,0.8264285714285714,,-0.6287226190476183,,Izabal
298,2001,24.43433333333333,103.78608333333334,95.18414285714286,-0.5037142857142858,-0.018571428571428572,-0.5641444940476177,-0.1765,Izabal
298,2002,24.875333333333334,115.18341666666667,96.20071428571428,-0.09971428571428571,0.4104285714285715,-0.16831636904761638,0.26566071428571436,Izabal
298,2003,25.259083333333333,97.76108333333333,96.34414285714286,-0.588,0.12321428571428573,0.17026175595238158,-0.008392857142857132,Izabal
298,2004,24.661833333333334,92.93,99.404,-0.598,0.42828571428571427,-0.472160119047615,0.3098392857142857,Izabal
298,2005,25.611666666666665,127.29341666666666,97.35785714285714,0.6449999999999999,0.22949999999999998,0.43250133928571444,0.1242142857142857,Izabal
298,2006,24.947666666666667,127.03358333333334,97.62542857142856,1.2695714285714286,-0.08564285714285713,-0.2766705357142847,-0.17776785714285714,Izabal
298,2007,25.25225,94.93708333333335,94.62114285714286,-1.1649999999999998,0.10292857142857144,-0.017259077380948895,0.02396428571428573,Izabal
298,2008,25.101,147.67,96.23242857142857,1.4737142857142858,-0.2825714285714286,-0.21368095238095108,-0.348375,Izabal
298,2009,25.362583333333333,114.35066666666667,96.97128571428571,-0.0812857142857143,-0.0013571428571428623,0.0027305059523818898,-0.054000000000000006,Izabal
298,2010,25.964166666666667,156.10441666666665,98.12814285714285,1.419,-0.03464285714285713,0.5591419642857183,-0.07412499999999998,Izabal
298,2011,25.792083333333334,134.11308333333332,97.53742857142856,0.8728571428571428,-0.1657857142857143,0.34188675595238394,-0.19210714285714287,Izabal
298,2012,25.34175,125.54875,97.35371428571429,0.6405714285714286,0.49,-0.1536184523809503,0.4768392857142857,Izabal
298,2013,25.213083333333334,117.6195,97.90457142857143,0.5937142857142856,-0.13692857142857143,-0.3274569940476155,-0.13692857142857143,Izabal
298,2014,25.15641666666667,123.50708333333334,98.28599999999999,0.5004285714285714,-0.015285714285714291,-0.4292955357142816,-0.0021250000000000054,Izabal
298,2015,25.20341666666667,76.06783333333333,97.8,-1.272857142857143,-0.40235714285714286,-0.4274674107142822,-0.3760357142857143,Izabal
298,2016,25.790166666666668,90.16250000000001,95.34542857142857,-1.1428571428571428,-0.6280714285714286,0.11411071428571873,-0.5885892857142858,Izabal
298,2017,25.799000000000003,128.88191666666668,97.85957142857144,1.227857142857143,0.2042142857142857,0.07777217261905278,0.25685714285714284,Izabal
298,2018,25.333166666666667,88.03725000000001,96.20714285714287,-0.6124285714285714,0.00021428571428570853,-0.4332330357142844,0.06601785714285714,Izabal
298,2019,26.0885,76.31675,97.77685714285714,-1.605,0.2512857142857143,0.27692842261904715,0.33025,Izabal
298,2020,26.066916666666668,100.41266666666667,97.38685714285714,-0.6894285714285715,0.37171428571428566,0.21017321428571734,0.4638392857142857,Izabal
298,2021,25.85925,114.14491666666667,98.92185714285714,-0.1511428571428571,0.3320714285714286,-0.04266532738095208,0.4373571428571429,Izabal
298,2022,25.492583333333332,127.47641666666668,97.51971428571429,0.9048571428571429,-0.040999999999999995,-0.4545038690476204,0.07744642857142858,Izabal
298,2023,26.566000000000003,102.3205,94.76742857142857,-0.8232857142857143,-0.28621428571428575,0.5737409226190522,-0.1546071428571429,Izabal
298,2024,26.830250000000003,95.5235,90.7612857142857,-0.7197142857142858,-0.7065714285714286,0.7928190476190515,-0.5618035714285715,Izabal
298,2025,25.931416666666667,90.68016666666666,94.46685714285715,-0.4347142857142857,-0.16214285714285714,-0.15118616071428548,-0.004214285714285726,Izabal
298,2026,26.00283333333333,91.753,97.25142857142858,-0.8581428571428571,0.32099999999999995,-0.12494136904761888,0.4920892857142857,Izabal
337,1989,24.509583333333335,67.02908333333333,,-0.6048571428571429,,0.24698201058201263,,Jutiapa
337,1990,24.80741666666667,67.03566666666667,,-0.3464285714285714,,0.4987690476190494,,Jutiapa
337,1991,24.896833333333333,52.617999999999995,95.09057142857144,-1.1594285714285715,,0.5421394179894179,,Jutiapa
337,1992,24.67325,69.09766666666667,86.38199999999999,-0.00885714285714285,,0.27250978835978756,,Jutiapa
337,1993,24.580083333333334,72.71441666666666,96.20714285714287,0.08742857142857142,,0.13329682539682608,,Jutiapa
337,1994,24.82975,70.39975,96.21071428571429,-0.13371428571428573,,0.3369171957671959,,Jutiapa
337,1995,24.343666666666667,77.07883333333334,97.65599999999999,0.0177142857142857,,-0.1952124338624337,,Jutiapa
337,1996,24.281833333333335,81.13766666666668,98.36685714285714,1.002,,-0.30309206349206264,,Jutiapa
337,1997,25.194083333333335,55.8525,94.49514285714285,-0.7067142857142857,,0.5631116402116412,,Jutiapa
337,1998,25.226333333333333,65.14766666666667,79.38300000000001,-0.7008571428571428,,0.5493153439153424,,Jutiapa
337,1999,24.240416666666665,76.1915,96.38357142857141,0.33442857142857146,,-0.4826476190476221,,Jutiapa
337,2000,24.39625,64.20833333333333,95.91528571428572,-0.3912857142857143,,-0.37286058201058125,,Jutiapa
337,2001,24.581833333333332,63.16558333333334,95.29342857142856,-0.6624285714285714,-0.9704285714285714,-0.23332354497354402,-0.8257142857142857,Jutiapa
337,2002,25.022166666666667,64.38858333333333,88.61414285714285,-0.2602857142857143,-0.7512857142857142,0.16096349206349458,-0.6186309523809523,Jutiapa
337,2003,25.09725,70.63408333333334,95.12028571428571,0.1622857142857143,0.02285714285714288,0.19000052910053,0.14345238095238097,Jutiapa
337,2004,24.833583333333333,62.89416666666667,96.19828571428572,-0.6662857142857143,0.11699999999999999,-0.11971243386243202,0.22553571428571428,Jutiapa
337,2005,24.7995,83.84041666666667,95.73642857142856,0.9814285714285714,0.061428571428571443,-0.19984206349206346,0.1579047619047619,Jutiapa
337,2006,24.653833333333335,85.57358333333333,96.22471428571428,1.2995714285714286,0.025857142857142856,-0.3915550264550234,0.11027380952380951,Jutiapa
337,2007,24.89408333333333,64.76866666666666,93.08742857142856,-0.6418571428571429,0.015785714285714292,-0.19735132275132372,0.08814285714285713,Jutiapa
337,2008,24.468416666666666,87.86583333333334,96.19085714285714,1.284857142857143,-0.5148571428571429,-0.6690642857142848,-0.45455952380952386,Jutiapa
337,2009,25.231666666666666,73.34783333333333,96.02157142857142,-0.053714285714285714,0.4352142857142857,0.04813941798941812,0.48345238095238097,Jutiapa
337,2010,24.943,116.05008333333335,97.35285714285715,2.1615714285714285,-0.19371428571428573,-0.2865735449735425,-0.1575357142857143,Jutiapa
337,2011,25.15833333333333,88.07041666666667,95.19557142857143,0.9988571428571429,0.22592857142857142,-0.11728650793650885,0.250047619047619,Jutiapa
337,2012,25.093999999999998,79.72008333333333,98.04542857142857,0.14771428571428571,0.7361428571428572,-0.22766613756613907,0.748202380952381,Jutiapa
337,2013,25.1725,76.94858333333333,95.9597142857143,0.1417142857142857,-0.19735714285714284,-0.1952124338624337,-0.19735714285714284,Jutiapa
337,2014,25.521333333333335,59.50583333333333,94.506,-0.6882857142857144,-0.1652142857142857,0.10757460317460499,-0.1772738095238095,Jutiapa
337,2015,25.913749999999997,40.9015,93.95328571428571,-2.072857142857143,-0.45321428571428574,0.45394497354497076,-0.47733333333333333,Jutiapa
337,2016,25.825833333333335,67.5785,95.50985714285714,-0.15514285714285717,-0.053214285714285714,0.31998201058201303,-0.08939285714285714,Jutiapa
337,2017,25.52725,80.67108333333333,96.41785714285713,0.7952857142857143,0.06885714285714287,-0.024647619047616587,0.020619047619047634,Jutiapa
337,2018,25.428250000000002,71.48141666666666,96.95185714285715,0.386,0.40114285714285713,-0.16969391534390965,0.3408452380952381,Jutiapa
337,2019,25.98391666666667,61.14175,97.90042857142858,-0.9435714285714286,0.39299999999999996,0.3399264550264611,0.3206428571428571,Jutiapa
337,2020,25.489,80.087,96.35028571428572,0.5518571428571428,0.106,-0.20103650793650374,0.021583333333333343,Jutiapa
337,2021,25.7435,68.80741666666667,97.41885714285715,-0.07257142857142858,0.8272857142857143,0.007417195767200013,0.7308095238095238,Jutiapa
337,2022,25.283916666666666,81.72449999999999,97.05228571428572,0.7131428571428572,-0.13371428571428573,-0.49821243386243097,-0.24225000000000002,Jutiapa
337,2023,26.435083333333335,57.76391666666667,91.74,-1.0167142857142857,0.10335714285714286,0.6069079365079411,-0.017238095238095233,Jutiapa
337,2024,26.048416666666668,87.48349999999999,88.36,1.2738571428571428,-1.1324285714285713,0.17419497354497793,-1.2650833333333331,Jutiapa
337,2025,25.99891666666667,71.50558333333333,93.75142857142858,0.049428571428571426,0.052428571428571435,0.07864867724868319,-0.09228571428571425,Jutiapa
337,2026,26.783,44.31333333333333,87.46957142857143,-1.3011428571428572,-0.029928571428571416,0.8166857142857182,-0.18670238095238093,Jutiapa
338,1989,25.08791666666667,100.86233333333332,,0.2454285714285714,,0.051726436781610374,,Petén
338,1990,24.97525,86.25775,,0.2722857142857143,,-0.12172758620689805,,Petén
338,1991,25.306416666666667,73.723,99.87814285714285,-0.6737142857142857,,0.14865172413793104,,Petén
338,1992,24.83725,74.3195,99.87985714285715,-0.7085714285714285,,-0.3813022988505743,,Petén
338,1993,25.099333333333334,85.07016666666667,99.49557142857144,0.17557142857142857,,-0.18000632183908039,,Petén
338,1994,25.565,65.34633333333333,99.92314285714285,-1.3932857142857142,,0.22487298850574788,,Petén
338,1995,26.10766666666667,93.44583333333333,99.90042857142858,0.0887142857142857,,0.7067522988505779,,Petén
338,1996,25.124416666666665,97.91358333333334,99.93028571428572,0.4704285714285715,,-0.33728505747126647,,Petén
338,1997,25.741249999999997,87.79033333333332,99.94357142857143,-0.10985714285714286,,0.2187609195402267,,Petén
338,1998,26.332250000000002,68.562,99.08928571428571,-1.3275714285714284,,0.7489735632183923,,Petén
338,1999,25.552333333333333,87.93900000000001,99.91757142857143,-0.06014285714285715,,-0.0917304597701154,,Petén
338,2000,25.13508333333333,112.86491666666666,99.87414285714286,0.7522857142857143,,-0.5697678160919573,,Petén
338,2001,25.220249999999997,89.61566666666666,99.93457142857143,-0.011142857142857145,0.8417142857142856,-0.5453885057471304,0.4269928894634777,Petén
338,2002,26.038666666666668,96.74058333333333,99.84557142857143,0.24100000000000002,0.9342857142857144,0.21224080459770178,0.5541244343891404,Petén
338,2003,26.37925,99.75875,99.81028571428571,0.45942857142857146,-0.11028571428571429,0.49203678160919395,-0.45588687782805426,Petén
338,2004,25.270833333333332,81.70041666666667,99.93757142857143,-0.2517142857142857,0.814,-0.677167241379312,0.502958952811894,Petén
338,2005,26.31833333333333,116.72091666666667,99.90857142857143,1.0735714285714286,-0.4054285714285714,0.3095454022988484,-0.6819095022624434,Petén
338,2006,25.430166666666665,115.37425,99.88842857142858,1.3812857142857144,0.33342857142857146,-0.6394086206896574,0.09150775694893348,Petén
338,2007,26.486166666666666,80.53066666666666,95.84185714285715,-1.1184285714285715,-0.23885714285714288,0.35580402298850444,-0.44621784098254685,Petén
338,2008,25.916583333333335,101.72041666666667,99.90457142857143,1.2297142857142858,0.07042857142857142,-0.27456666666666507,-0.10237201034259857,Petén
338,2009,26.554333333333332,66.90441666666666,99.88442857142857,-1.1811428571428573,0.35807142857142854,0.3023959770114928,0.21983096315449255,Petén
338,2010,26.753333333333334,140.22858333333332,99.88271428571429,1.891714285714286,0.3307857142857143,0.44060862068965534,0.2271053652230123,Petén
338,2011,27.00725,95.91866666666665,99.21014285714286,0.16242857142857142,0.02814285714285714,0.6337379310344815,-0.04097737556561086,Petén
338,2012,26.11366666666667,108.72991666666667,99.85942857142857,0.9182857142857143,0.21692857142857142,-0.3206327586206861,0.1823684550743374,Petén
338,2013,26.05775,114.24391666666668,99.87957142857144,1.284142857142857,-0.34500000000000003,-0.4373367816091971,-0.34500000000000003,Petén
338,2014,25.800749999999997,97.20975,99.91,0.5215714285714286,0.0030000000000000027,-0.7551241379310376,0.037560116354234,Petén
338,2015,26.434749999999998,63.62975,99.88485714285714,-0.8717142857142858,-0.1682142857142857,-0.18191149425287634,-0.09909405300581771,Petén
338,2016,26.949250000000003,92.89358333333332,99.90028571428572,0.07314285714285715,-0.6823571428571429,0.2718011494252899,-0.5786767937944409,Petén
338,2017,26.247249999999998,105.22941666666668,99.86114285714287,1.2267142857142856,0.3672142857142857,-0.4909862068965545,0.5054547511312217,Petén
338,2018,26.301833333333335,69.70524999999999,99.5592857142857,-0.9382857142857144,-0.10985714285714288,-0.49719022988505657,0.06294343891402712,Petén
338,2019,27.74083333333333,55.92958333333333,99.39428571428572,-1.5582857142857143,-0.34664285714285714,0.8810224137931009,-0.13928215901745317,Petén
338,2020,26.977,93.30133333333333,99.89371428571428,0.1222857142857143,0.4119285714285714,0.0564017241379311,0.6538493859082094,Petén
338,2021,26.600083333333334,78.8585,99.91557142857143,-0.318,0.41757142857142854,-0.3813022988505743,0.6940523594053005,Petén
338,2022,26.420916666666667,83.22525,99.76885714285716,0.16714285714285712,0.33935714285714286,-0.6212563218390805,0.6503981900452489,Petén
338,2023,27.860500000000002,53.355583333333335,78.06757142857143,-2.2014285714285715,-1.0462857142857143,0.7575396551724154,-0.7006845507433743,Petén
338,2024,27.719083333333334,92.7435,91.95957142857142,0.5847142857142857,-0.8296428571428571,0.5553356321839082,-0.4494815772462831,Petén
338,2025,27.29041666666667,63.19,96.28157142857143,-1.302,-0.34292857142857147,0.06588160919540442,0.07179282482223648,Petén
338,2026,26.921916666666664,74.41041666666666,98.921,-0.43128571428571433,0.09157142857142858,-0.36340574712643914,0.5408529411764705,Petén
339,1989,18.13416666666667,89.59750000000001,,-0.2644285714285714,,-0.10247142857142322,,Quetzaltenango
339,1990,18.28275,90.15816666666666,,-0.05014285714285714,,0.0027119047619095227,,Quetzaltenango
339,1991,18.499666666666666,76.19608333333333,99.44042857142857,-0.5411428571428571,,0.17622857142857384,,Quetzaltenango
339,1992,18.454,77.37691666666666,99.98942857142856,-0.7178571428571429,,0.08716190476190988,,Quetzaltenango
339,1993,18.512916666666666,94.25166666666667,99.97128571428571,0.1177142857142857,,0.10267857142857295,,Quetzaltenango
339,1994,18.313166666666667,73.06016666666666,99.42728571428572,-1.1052857142857142,,-0.14047142857142347,,Quetzaltenango
339,1995,18.455916666666667,105.90125,99.97942857142857,0.5609999999999999,,-0.041121428571425866,,Quetzaltenango
339,1996,18.456083333333336,91.09500000000001,99.84742857142858,0.3387142857142857,,-0.08435476190475555,,Quetzaltenango
339,1997,19.011,67.89358333333332,99.98485714285714,-1.3997142857142857,,0.4271619047619062,,Quetzaltenango
339,1998,19.261666666666667,83.03083333333333,84.44000000000001,-1.096142857142857,,0.6344285714285753,,Quetzaltenango
339,1999,18.366583333333335,98.84141666666666,99.94171428571428,0.6178571428571429,,-0.30405476190475866,,Quetzaltenango
339,2000,18.531083333333335,93.61883333333333,99.26057142857142,-0.06771428571428573,,-0.18295476190475668,,Quetzaltenango
339,2001,18.62366666666667,81.84166666666667,99.95242857142857,-0.5285714285714286,-1.1885714285714286,-0.13377142857142488,-0.7821201298701299,Quetzaltenango
339,2002,18.95075,84.92649999999999,98.84928571428573,-0.655,-0.8714999999999999,0.14991190476190752,-0.4989196428571428,Quetzaltenango
339,2003,18.955000000000002,91.30008333333335,99.53314285714285,0.04699999999999999,-0.7143571428571429,0.11076190476190817,-0.3756477272727273,Quetzaltenango
339,2004,18.5025,72.93291666666666,99.59371428571428,-1.2397142857142858,-0.4095714285714286,-0.3851380952380907,-0.10473295454545456,Quetzaltenango
339,2005,18.953416666666666,102.82658333333335,99.61685714285714,0.7987142857142857,-0.12914285714285714,0.022378571428571803,0.14182467532467533,Quetzaltenango
339,2006,18.857166666666668,87.82391666666666,99.72985714285714,0.10628571428571429,0.07557142857142857,-0.11727142857142425,0.3126680194805195,Quetzaltenango
339,2007,18.84375,92.98541666666667,99.66457142857143,-0.40471428571428575,0.13321428571428573,-0.1740880952380941,0.3364399350649351,Quetzaltenango
339,2008,18.529833333333332,102.30516666666666,99.98971428571429,0.6922857142857143,-0.12092857142857141,-0.5314047619047599,0.04842613636363638,Quetzaltenango
339,2009,19.219416666666667,88.24066666666666,98.55,-0.16085714285714287,-0.4416428571428571,0.11477857142857673,-0.3061590909090909,Quetzaltenango
339,2010,19.308416666666666,163.57325,99.98428571428572,2.466,0.08549999999999999,0.16037857142857348,0.18711282467532467,Quetzaltenango
339,2011,19.200166666666664,118.22241666666667,99.98814285714286,0.9244285714285715,0.20107142857142857,0.008728571428573417,0.2688133116883117,Quetzaltenango
339,2012,19.07525,108.26041666666667,99.95357142857142,0.5257142857142857,-0.2005,-0.15958809523809236,-0.16662905844155845,Quetzaltenango
339,2013,19.1885,102.42041666666667,99.86728571428571,0.43514285714285716,0.14100000000000001,-0.08973809523808995,0.14100000000000001,Quetzaltenango
339,2014,19.39816666666667,99.02708333333334,99.97757142857142,0.6154285714285714,0.32271428571428573,0.07652857142857528,0.2888433441558442,Quetzaltenango
339,2015,19.635916666666667,77.70666666666666,99.98128571428572,-0.8872857142857143,0.17235714285714288,0.2708785714285753,0.10461525974025976,Quetzaltenango
339,2016,19.584666666666667,97.58524999999999,99.30314285714284,-0.03985714285714286,0.24457142857142858,0.17622857142857384,0.1429586038961039,Quetzaltenango
339,2017,19.381333333333334,107.8845,99.88785714285714,0.9038571428571428,0.30364285714285716,-0.07050476190475763,0.16815909090909092,Quetzaltenango
339,2018,19.3505,85.59375,99.98228571428571,-0.19314285714285714,0.28864285714285715,-0.14473809523809322,0.11928814935064935,Quetzaltenango
339,2019,19.733,77.63674999999999,99.38057142857143,-0.8641428571428571,0.3377142857142857,0.19436190476190873,0.13448863636363634,Quetzaltenango
339,2020,19.576916666666666,99.31325,99.64128571428571,0.2862857142857143,0.16514285714285715,-0.005121428571428055,-0.07195373376623376,Quetzaltenango
339,2021,19.307166666666667,99.78716666666666,99.98242857142857,0.08671428571428572,0.5681428571428572,-0.31827142857142476,0.2971753246753247,Quetzaltenango
339,2022,19.154083333333332,110.86841666666668,99.93728571428572,0.43157142857142855,-0.14957142857142858,-0.5147547619047614,-0.4544099025974026,Quetzaltenango
339,2023,20.09241666666667,85.63024999999999,99.52385714285715,-0.40385714285714286,0.34292857142857147,0.38017857142857636,0.004219155844155886,Quetzaltenango
339,2024,20.073,107.94541666666667,98.09342857142857,0.863857142857143,-0.5580714285714286,0.3173619047619063,-0.9306517857142858,Quetzaltenango
339,2025,19.78625,84.06916666666666,99.92857142857143,-0.6128571428571429,0.21421428571428575,-0.012788095238093433,-0.19223701298701296,Quetzaltenango
339,2026,20.175916666666666,54.67341666666667,99.90114285714286,-2.07,-0.15699999999999997,0.3334785714285715,-0.5973222402597402,Quetzaltenango
340,1989,22.529916666666665,113.06741666666666,,-0.020999999999999994,,0.09944010989010721,,Quiché
340,1990,22.348333333333333,121.72716666666668,,0.546,,-0.1337201465201474,,Quiché
340,1991,22.679166666666664,95.92408333333333,99.59299999999999,-0.17071428571428568,,0.14553626373626116,,Quiché
340,1992,22.355083333333337,95.31183333333333,99.75942857142857,0.039142857142857146,,-0.2301239926739882,,Quiché
340,1993,22.601583333333334,107.75049999999999,99.91114285714286,0.3395714285714286,,-0.03520091575091655,,Quiché
340,1994,22.59775,77.2165,99.88842857142858,-1.1094285714285714,,-0.09061117216117154,,Quiché
340,1995,23.19333333333333,119.67333333333333,99.90314285714285,0.03257142857142857,,0.4533952380952364,,Quiché
340,1996,22.694916666666668,117.69041666666665,99.94014285714286,0.6432857142857143,,-0.09659835164834973,,Quiché
340,1997,22.883916666666664,112.62516666666666,99.881,0.13071428571428573,,0.04082472527472447,,Quiché
340,1998,23.57166666666667,88.40675,97.88857142857144,-0.8127142857142857,,0.6769978021978034,,Quiché
340,1999,22.770833333333332,104.08691666666668,99.49842857142858,0.2312857142857143,,-0.17541245421245577,,Quiché
340,2000,22.588166666666666,132.58475,99.73014285714285,1.377857142857143,,-0.40965604395604416,,Quiché
340,2001,22.678166666666666,103.26291666666667,99.73242857142857,-0.24242857142857144,-0.23378571428571426,-0.3712329670329666,-0.36578571428571427,Quiché
340,2002,23.155833333333334,99.30183333333332,99.13128571428571,0.12014285714285713,0.00014285714285716677,0.054856776556775344,-0.12085714285714283,Quiché
340,2003,23.40675,89.96658333333333,99.73042857142858,-0.9778571428571429,-0.1354285714285714,0.25419652014651817,-0.24542857142857138,Quiché
340,2004,22.692833333333336,74.57458333333334,99.83285714285715,-1.0044285714285714,0.565,-0.5112970695970667,0.46599999999999997,Quiché
340,2005,23.549833333333336,130.25725,99.87857142857142,0.6290000000000001,0.052071428571428574,0.29412600732601035,-0.03592857142857142,Quiché
340,2006,22.882916666666663,130.42333333333332,99.87599999999999,1.1771428571428573,-0.09514285714285715,-0.4243675824175881,-0.17214285714285715,Quiché
340,2007,23.555916666666665,99.4465,97.5747142857143,-0.9965714285714286,-0.28321428571428575,0.19705549450549142,-0.34921428571428575,Quiché
340,2008,23.103416666666664,124.75083333333333,99.795,1.016857142857143,-0.29135714285714287,-0.30702142857143144,-0.34635714285714286,Quiché
340,2009,23.59425,85.55433333333333,99.77771428571428,-0.8325714285714286,0.7369285714285714,0.13223498168498082,0.6929285714285713,Quiché
340,2010,24.018416666666667,158.6285,99.88671428571429,1.9922857142857142,0.37314285714285716,0.5048247252747267,0.3401428571428572,Quiché
340,2011,24.027083333333334,114.4045,99.83628571428572,-0.02842857142857144,0.028214285714285713,0.4619144688644674,0.006214285714285714,Quiché
340,2012,23.43875,125.78416666666668,99.83971428571428,0.8797142857142857,0.505,-0.1779957875457896,0.494,Quiché
340,2013,23.258666666666667,148.76275,99.79528571428571,1.5181428571428572,0.09228571428571429,-0.40965604395604416,0.09228571428571429,Quiché
340,2014,23.317333333333334,89.77841666666666,99.72857142857143,-0.21057142857142858,0.13364285714285717,-0.40256630036629915,0.14464285714285718,Quiché
340,2015,23.390833333333333,73.03891666666667,99.6467142857143,-1.1687142857142858,-0.14021428571428574,-0.38064322344322576,-0.11821428571428574,Quiché
340,2016,24.046666666666667,103.45625,99.37114285714286,-0.3177142857142857,-0.25285714285714284,0.22361318681318565,-0.21985714285714283,Quiché
340,2017,23.77175,121.90541666666667,99.87428571428572,1.0557142857142856,0.4193571428571429,-0.10288040293040268,0.46335714285714286,Quiché
340,2018,23.447083333333335,77.83041666666666,99.2912857142857,-0.6475714285714285,0.011142857142857142,-0.47912399267399053,0.06614285714285714,Quiché
340,2019,24.53108333333333,66.32000000000001,99.17942857142857,-1.6287142857142858,0.188,0.5532990842490797,0.254,Quiché
340,2020,24.124916666666667,103.90425,99.87457142857143,-0.30514285714285716,0.15628571428571428,0.0955554945054935,0.23328571428571426,Quiché
340,2021,23.734083333333334,96.10725000000001,99.91357142857143,-0.25057142857142856,0.5147857142857143,-0.34685476190476194,0.6027857142857143,Quiché
340,2022,23.60383333333333,115.8535,99.873,0.4785714285714286,-0.24721428571428572,-0.528681684981688,-0.14821428571428574,Quiché
340,2023,24.832250000000002,85.81108333333333,98.92814285714287,-1.4872857142857143,-0.3323571428571429,0.6481580586080611,-0.22235714285714292,Quiché
340,2024,25.024,100.41266666666667,95.33257142857143,0.08971428571428572,-0.8742857142857143,0.7883311355311342,-0.7532857142857143,Quiché
340,2025,24.24225,77.478,97.61457142857144,-1.0867142857142857,-1.1252142857142857,-0.04499578754579048,-0.9932142857142857,Quiché
340,2026,24.084,74.79133333333333,96.30614285714286,-0.8792857142857142,-0.7646428571428572,-0.25482271062271167,-0.6216428571428572,Quiché
341,1989,25.99925,89.66633333333334,,-0.3987142857142857,,-0.06607976190476705,,Retalhuleu
341,1990,26.164583333333336,103.15275000000001,,0.5865714285714285,,0.05779523809523468,,Retalhuleu
341,1991,26.46083333333333,70.61883333333333,97.79171428571429,-0.7565714285714286,,0.312586904761897,,Retalhuleu
341,1992,26.302666666666667,81.28866666666666,99.57242857142857,-0.26757142857142857,,0.11296190476189949,,Retalhuleu
341,1993,26.326333333333334,91.158,99.53742857142856,-0.05642857142857143,,0.09517023809523195,,Retalhuleu
341,1994,26.34091666666667,81.952,98.23542857142857,-0.7495714285714286,,0.06829523809523508,,Retalhuleu
341,1995,25.98175,107.88,99.79728571428572,0.7871428571428571,,-0.3323297619047665,,Retalhuleu
341,1996,26.173666666666666,92.4475,99.16014285714286,-0.054428571428571416,,-0.18187142857143712,,Retalhuleu
341,1997,27.062416666666667,64.06525,99.65499999999999,-1.202,,0.6654202380952334,,Retalhuleu
341,1998,27.094166666666666,84.54125,78.76085714285715,-0.799,,0.6557119047618976,,Retalhuleu
341,1999,26.08425,89.53116666666666,99.23157142857143,0.15257142857142858,,-0.39566309523809906,,Retalhuleu
341,2000,26.43341666666667,92.94816666666667,97.82971428571429,-0.21257142857142858,,-0.08795476190476492,,Retalhuleu
341,2001,26.564083333333333,65.78775,99.386,-1.6522857142857144,-0.8227857142857142,0.0012535714285633048,-0.2756928571428572,Retalhuleu
341,2002,26.758666666666667,85.45583333333333,97.92542857142858,-0.4977142857142857,-0.5617857142857143,0.15437857142856615,-0.06028392857142861,Retalhuleu
341,2003,26.648583333333335,95.86183333333334,98.57328571428572,0.49900000000000005,-0.34885714285714287,0.0028369047618994614,0.10705357142857141,Retalhuleu
341,2004,26.307166666666664,74.47991666666667,98.36985714285716,-1.1562857142857144,-0.3860714285714286,-0.3800380952381026,0.02424821428571422,Retalhuleu
341,2005,26.534333333333336,93.79258333333333,98.65971428571427,0.35285714285714287,-0.16814285714285715,-0.1943297619047648,0.19658571428571425,Retalhuleu
341,2006,26.584999999999997,90.41141666666665,98.61028571428572,-0.13785714285714284,-0.05135714285714285,-0.18512142857143843,0.2677803571428571,Retalhuleu
341,2007,26.531916666666664,107.3275,98.37485714285715,0.36600000000000005,-0.39928571428571424,-0.27966309523810295,-0.12573928571428572,Retalhuleu
341,2008,26.27841666666667,101.93516666666666,99.72642857142857,0.7855714285714287,-0.14314285714285716,-0.5746214285714331,0.08481249999999999,Retalhuleu
341,2009,27.056749999999997,85.70008333333334,96.78571428571429,-0.38757142857142857,-0.2707857142857143,0.16225357142856112,-0.0884214285714286,Retalhuleu
341,2010,26.718500000000002,175.19758333333334,99.66485714285714,2.5,-0.7992142857142857,-0.2174547619047651,-0.6624410714285713,Retalhuleu
341,2011,26.765666666666664,115.51591666666667,99.62228571428571,0.684142857142857,0.2205,-0.21174642857143766,0.31168214285714285,Retalhuleu
341,2012,26.875333333333334,102.24791666666665,99.55785714285715,0.3954285714285714,-0.14385714285714285,-0.14353809523810312,-0.09826607142857142,Retalhuleu
341,2013,26.98025,105.97449999999999,98.67957142857144,0.5278571428571429,-0.10557142857142858,-0.0800797619047664,-0.10557142857142858,Retalhuleu
341,2014,27.33475,93.93975,99.68214285714285,0.0557142857142857,0.4397142857142857,0.23296190476189693,0.3941232142857143,Retalhuleu
341,2015,27.742333333333335,69.49983333333334,99.65357142857144,-1.09,-0.1777142857142857,0.5990869047619007,-0.2688964285714286,Retalhuleu
341,2016,27.387583333333335,102.7935,97.88757142857142,0.5397142857142857,-0.19221428571428573,0.2028785714285668,-0.3289875,Retalhuleu
341,2017,27.061333333333334,99.97983333333333,99.15728571428572,0.35014285714285714,0.32907142857142857,-0.1648297619047696,0.14670714285714287,Retalhuleu
341,2018,27.276750000000003,86.73325,99.80814285714287,-0.1395714285714286,0.6606428571428572,0.009128571428568932,0.43268750000000006,Retalhuleu
341,2019,27.524583333333336,78.31241666666666,98.05971428571429,-0.7968571428571428,0.36364285714285716,0.2155035714285667,0.09009642857142863,Retalhuleu
341,2020,27.249,99.95958333333334,98.28999999999999,0.14742857142857144,0.06821428571428573,-0.10153809523810153,-0.25092321428571424,Retalhuleu
341,2021,27.094916666666666,102.91875,99.71685714285715,-0.028571428571428564,0.7037142857142857,-0.2970797619047687,0.33898571428571433,Retalhuleu
341,2022,26.866,119.87650000000001,99.32628571428572,0.9178571428571429,-0.28435714285714286,-0.5674547619047701,-0.6946767857142857,Retalhuleu
341,2023,28.055916666666665,78.40425,98.87457142857143,-0.6142857142857142,0.5533571428571429,0.581003571428564,0.0974464285714286,Retalhuleu
341,2024,27.74508333333333,114.073,97.84614285714285,1.3087142857142857,-0.08557142857142856,0.2287119047618944,-0.5870732142857142,Retalhuleu
341,2025,27.653000000000002,93.92675000000001,99.84842857142857,0.13599999999999998,0.7792857142857144,0.09517023809523195,0.2321928571428573,Retalhuleu
341,2026,28.328083333333336,49.63191666666666,98.662,-2.3035714285714284,-0.1495,0.728795238095234,-0.7421839285714285,Retalhuleu
343,1989,25.611583333333332,96.89066666666668,,-0.38414285714285706,,-0.16271666666666817,,San Marcos
343,1990,25.810333333333332,111.71233333333333,,0.3678571428571429,,-0.006550000000000722,,San Marcos
343,1991,26.041833333333333,70.51966666666667,98.26628571428571,-1.191,,0.18236666666666324,,San Marcos
343,1992,25.992166666666666,82.54225,99.70828571428571,-0.42542857142857143,,0.09011666666666329,,San Marcos
343,1993,26.028499999999998,102.27658333333333,99.52557142857142,-0.011571428571428566,,0.08386666666666187,,San Marcos
343,1994,25.950166666666664,76.99725,97.89471428571429,-1.3352857142857142,,-0.037050000000004246,,San Marcos
343,1995,25.791083333333333,118.84275000000001,99.53271428571429,0.6457142857142857,,-0.2387166666666687,,San Marcos
343,1996,25.916083333333333,82.69941666666666,99.298,-0.9462857142857143,,-0.15630000000000166,,San Marcos
343,1997,26.711166666666667,64.62158333333333,99.67757142857143,-1.8037142857142856,,0.5961999999999996,,San Marcos
343,1998,26.8655,88.60416666666667,75.50457142857144,-0.9232857142857143,,0.7079500000000003,,San Marcos
343,1999,25.85258333333333,97.14891666666666,99.53271428571429,0.10414285714285713,,-0.3475500000000018,,San Marcos
343,2000,26.126583333333333,97.94408333333332,98.25614285714286,-0.43714285714285717,,-0.11613333333333387,,San Marcos
343,2001,26.24875,83.962,99.52242857142858,-1.0912857142857142,-0.5611428571428572,-0.036549999999998306,-0.14323701298701297,San Marcos
343,2002,26.401833333333332,93.36441666666667,98.50085714285714,-0.4017142857142857,-0.18364285714285716,0.07394999999999996,0.1994375,San Marcos
343,2003,26.35875,107.36500000000001,98.39985714285714,0.35857142857142854,-0.3401428571428572,-0.011716666666668374,0.008112012987012973,San Marcos
343,2004,26.011666666666667,90.27583333333332,98.28314285714285,-0.8777142857142858,0.08292857142857143,-0.4013833333333352,0.39635795454545464,San Marcos
343,2005,26.311333333333334,110.50733333333334,98.78214285714286,0.32228571428571434,-0.24221428571428572,-0.1443000000000012,0.036389610389610416,San Marcos
343,2006,26.343083333333336,90.18275,98.81171428571429,-0.48800000000000004,-0.12850000000000003,-0.1551333333333318,0.11527840909090908,San Marcos
343,2007,26.319666666666667,106.42841666666668,99.14828571428572,-0.007285714285714285,0.04807142857142857,-0.2211333333333343,0.2570243506493507,San Marcos
343,2008,26.023,111.75433333333332,99.63071428571428,0.6395714285714286,-0.5924285714285714,-0.5603833333333341,-0.4183011363636363,San Marcos
343,2009,26.870666666666665,98.35308333333334,96.46642857142857,-0.2862857142857143,-0.26807142857142857,0.24469999999999814,-0.1287694805194805,San Marcos
343,2010,26.615416666666665,178.9176666666667,99.64528571428572,2.4881428571428574,-1.0057142857142856,-0.05313333333333503,-0.9012378246753245,San Marcos
343,2011,26.53708333333333,142.4425,99.55957142857143,1.2968571428571427,0.06964285714285715,-0.17405000000000115,0.13929383116883118,San Marcos
343,2012,26.639333333333337,111.52666666666666,99.45142857142856,0.28014285714285714,-0.23214285714285718,-0.11438333333332906,-0.19731737012987016,San Marcos
343,2013,26.75975,110.32966666666668,98.52942857142857,0.35914285714285715,-0.12928571428571425,-0.036549999999998306,-0.12928571428571425,San Marcos
343,2014,27.132,120.687,99.74828571428573,0.976,0.15592857142857142,0.29311666666666625,0.1211030844155844,San Marcos
343,2015,27.487750000000002,87.90366666666667,99.63885714285713,-0.5105714285714286,0.13685714285714287,0.6062833333333337,0.06720616883116884,San Marcos
343,2016,27.117500000000003,108.29375,97.31714285714285,0.318,-0.011714285714285712,0.19345000000000212,-0.11619074675324675,San Marcos
343,2017,26.807666666666666,125.29691666666668,99.54885714285714,1.046857142857143,0.256,-0.15896666666666803,0.11669805194805194,San Marcos
343,2018,27.0485,102.11325,99.75685714285714,0.22899999999999995,0.5816428571428571,0.03928333333333356,0.407515422077922,San Marcos
343,2019,27.233666666666664,85.33749999999999,97.90985714285715,-0.6341428571428571,0.2854285714285714,0.1818666666666644,0.07647564935064932,San Marcos
343,2020,27.00425,120.55125,99.07385714285715,0.9891428571428571,0.1455,-0.09013333333333406,-0.09827840909090912,San Marcos
343,2021,26.76075,113.37391666666667,99.66271428571429,0.29728571428571426,0.4217142857142857,-0.3762166666666644,0.14311038961038958,San Marcos
343,2022,26.540000000000003,119.52274999999999,99.09957142857142,0.5207142857142857,-0.04535714285714286,-0.6395499999999963,-0.35878652597402605,San Marcos
343,2023,27.72175,93.51566666666666,98.10028571428572,-0.21542857142857144,0.4172857142857143,0.49961666666666815,0.06903084415584415,San Marcos
343,2024,27.437583333333333,127.16633333333334,97.511,1.2268571428571426,-0.0016428571428571473,0.1728666666666676,-0.3847232142857143,San Marcos
343,2025,27.411,101.77758333333334,99.75271428571429,0.3625714285714286,0.5839285714285715,0.10370000000000346,0.16602272727272727,San Marcos
343,2026,27.934166666666666,60.40875,99.50571428571428,-1.6167142857142858,0.4037142857142857,0.5842833333333353,-0.04901704545454555,San Marcos
344,1989,26.410583333333335,81.02225,,-1.0938571428571429,,-0.011339393939390874,,Santa Rosa
344,1990,26.751916666666663,94.98925000000001,,0.16071428571428573,,0.2929863636363592,,Santa Rosa
344,1991,26.899416666666667,76.97233333333334,94.84914285714285,-0.5515714285714285,,0.40347878787878955,,Santa Rosa
344,1992,26.74191666666667,94.656,86.78142857142858,0.04871428571428571,,0.20897121212121306,,Santa Rosa
344,1993,26.70125,119.54050000000001,97.41542857142858,1.0471428571428572,,0.13129696969697235,,Santa Rosa
344,1994,26.76075,85.69683333333334,94.33842857142858,-0.8198571428571428,,0.15378939393939461,,Santa Rosa
344,1995,26.399,107.09916666666668,96.64528571428572,0.015428571428571427,,-0.24496818181818014,,Santa Rosa
344,1996,26.358833333333333,112.90116666666667,97.67814285714284,0.8694285714285714,,-0.32214242424242556,,Santa Rosa
344,1997,27.439166666666665,77.31808333333333,93.248,-0.6924285714285714,,0.7211833333333324,,Santa Rosa
344,1998,27.31925,91.79983333333332,72.88071428571429,-0.7492857142857143,,0.5642590909090934,,Santa Rosa
344,1999,26.314833333333336,102.01841666666667,95.53742857142856,0.22842857142857143,,-0.47716515151514827,,Santa Rosa
344,2000,26.62725,77.52508333333334,94.81371428571428,-1.020857142857143,,-0.20175606060605844,,Santa Rosa
344,2001,26.815833333333334,77.42033333333333,93.76599999999999,-0.8437142857142857,-0.19885714285714287,-0.0501803030303023,-0.1580510204081632,Santa Rosa
344,2002,27.043666666666667,92.17025000000001,83.853,-0.0010000000000000009,-0.6988571428571428,0.14064545454545652,-0.6614515306122448,Santa Rosa
344,2003,26.937583333333333,101.18775,93.15528571428571,0.2432857142857143,0.02885714285714286,-0.0024454545454553056,0.06286224489795922,Santa Rosa
344,2004,26.7765,79.23733333333332,93.162,-1.0307142857142857,0.27049999999999996,-0.2005363636363633,0.3011045918367347,Santa Rosa
344,2005,26.898833333333332,103.00975,95.35514285714285,0.5087142857142857,0.004142857142857143,-0.11521060606060729,0.03134693877551024,Santa Rosa
344,2006,26.901333333333337,112.08808333333333,95.38671428571429,0.821,0.19357142857142856,-0.14971818181817653,0.217375,Santa Rosa
344,2007,26.729916666666668,96.84258333333332,94.1377142857143,-0.644,-0.051928571428571435,-0.3581424242424234,-0.03152551020408161,Santa Rosa
344,2008,26.503583333333335,117.22166666666665,96.19314285714286,0.9928571428571429,-0.10092857142857144,-0.6214833333333303,-0.08392602040816326,Santa Rosa
344,2009,27.26516666666667,99.89608333333332,93.57071428571429,0.031285714285714285,0.12064285714285715,0.10309242424242981,0.1342448979591837,Santa Rosa
344,2010,26.97683333333333,184.92216666666664,95.83071428571428,2.495857142857143,-0.7103571428571429,-0.22224848484848536,-0.700155612244898,Santa Rosa
344,2011,26.973666666666663,115.8915,95.36171428571429,0.7928571428571428,0.2814285714285714,-0.2624227272727282,0.2882295918367347,Santa Rosa
344,2012,27.065416666666664,98.33491666666667,96.77642857142857,-0.2641428571428571,0.715,-0.2076803030303047,0.7184005102040816,Santa Rosa
344,2013,27.142583333333334,120.09591666666667,95.36699999999999,0.6747142857142858,-0.3588571428571429,-0.1675212121212084,-0.3588571428571429,Santa Rosa
344,2014,27.556083333333333,83.83675,94.44042857142857,-0.5511428571428572,0.010214285714285716,0.20897121212121306,0.006813775510204079,Santa Rosa
344,2015,27.934250000000002,64.29583333333333,95.72628571428572,-1.467,-0.15314285714285716,0.5501303030303077,-0.15994387755102044,Santa Rosa
344,2016,27.632166666666667,101.05541666666666,95.75328571428572,0.26171428571428573,-0.033642857142857134,0.21103939393939442,-0.04384438775510205,Santa Rosa
344,2017,27.413083333333333,103.46458333333332,93.31985714285715,0.38899999999999996,-0.20885714285714285,-0.0450515151515134,-0.2224591836734694,Santa Rosa
344,2018,27.397499999999997,94.55491666666667,97.53057142857142,-0.04642857142857142,0.308,-0.09764242424242653,0.2909974489795918,Santa Rosa
344,2019,27.726249999999997,78.55816666666666,96.26285714285714,-1.034,0.4893571428571428,0.19409999999999883,0.468954081632653,Santa Rosa
344,2020,27.498833333333334,121.24025,91.87757142857143,0.984,-0.1682857142857143,-0.07032424242423829,-0.19208928571428574,Santa Rosa
344,2021,27.456333333333333,81.76141666666666,95.69928571428571,-0.8701428571428572,0.3623571428571428,-0.14983181818181635,0.33515306122448973,Santa Rosa
344,2022,27.135583333333333,121.44075,96.40871428571428,1.2757142857142856,-0.1612142857142857,-0.5075893939393907,-0.19181887755102042,Santa Rosa
344,2023,28.240416666666665,82.17025,87.853,-0.9491428571428572,0.1474285714285714,0.5602363636363634,0.11342346938775505,Santa Rosa
344,2024,27.987,123.86874999999999,90.0412857142857,1.4142857142857144,-0.3662857142857143,0.26981212121212295,-0.40369132653061235,Santa Rosa
344,2025,27.80725,92.06374999999998,94.01857142857143,-0.21842857142857144,0.08092857142857143,0.0530545454545468,0.04012244897959179,Santa Rosa
344,2026,28.780416666666667,57.940999999999995,87.04742857142857,-1.6515714285714285,-0.46564285714285714,0.9892136363636403,-0.5098494897959184,Santa Rosa
347,1989,25.575166666666664,100.83116666666666,,-0.8931428571428571,,0.047393073593081425,,Suchitepéquez
347,1990,25.6665,119.40566666666666,,0.295,,0.0926582251082344,,Suchitepéquez
347,1991,25.963916666666666,83.83225,95.64585714285714,-0.9218571428571428,,0.34400670995671945,,Suchitepéquez
347,1992,25.835083333333333,95.74516666666666,97.356,-0.6797142857142857,,0.16910519480520136,,Suchitepéquez
347,1993,25.85575,125.24233333333332,98.91114285714286,0.57,,0.14370367965368658,,Suchitepéquez
347,1994,25.82875,103.62983333333334,96.3002857142857,-0.6812857142857143,,0.07063549783550371,,Suchitepéquez
347,1995,25.5675,132.64950000000002,99.29114285714286,0.6304285714285714,,-0.23668268398267855,,Suchitepéquez
347,1996,25.667666666666666,131.13633333333334,98.46014285714286,0.8072857142857143,,-0.18258419913419388,,Suchitepéquez
347,1997,26.540000000000003,84.77166666666666,99.068,-0.9454285714285715,,0.6436809523809615,,Suchitepéquez
347,1998,26.641499999999997,98.569,73.75457142857144,-1.2855714285714286,,0.699112770562774,,Suchitepéquez
347,1999,25.5835,125.3825,97.46571428571428,0.6008571428571428,,-0.40495541125540413,,Suchitepéquez
347,2000,25.85766666666667,116.35108333333334,96.52614285714286,-0.11257142857142856,,-0.17685692640691641,,Suchitepéquez
347,2001,26.033416666666668,92.77075,97.75857142857141,-0.9571428571428571,-0.5327857142857143,-0.04717510822510107,-0.11481512605042027,Suchitepéquez
347,2002,26.253666666666664,105.16958333333332,94.30228571428572,-0.48628571428571427,-0.3467857142857143,0.1270067099567136,0.036353991596638546,Suchitepéquez
347,2003,26.158083333333334,125.54966666666667,98.377,0.8221428571428572,-0.12185714285714286,-0.014644805194802046,0.22645168067226887,Suchitepéquez
347,2004,25.80258333333333,98.18299999999999,96.09528571428572,-0.6902857142857143,0.0465,-0.4162129870129867,0.35997794117647053,Suchitepéquez
347,2005,26.095583333333334,131.98958333333334,97.58257142857143,1.0685714285714287,-0.32771428571428574,-0.16928116883116573,-0.04906722689075638,Suchitepéquez
347,2006,26.074250000000003,131.68333333333334,97.059,0.7947142857142857,-0.18435714285714289,-0.23668268398267855,0.05945903361344529,Suchitepéquez
347,2007,26.059749999999998,117.60091666666666,97.50914285714285,-0.27914285714285714,-0.3028571428571429,-0.2972508658008657,-0.09387184873949586,Suchitepéquez
347,2008,25.791,126.93900000000001,99.28585714285714,0.49857142857142855,-0.32499999999999996,-0.6120690476190447,-0.1508455882352941,Suchitepéquez
347,2009,26.588583333333332,106.83191666666666,93.36342857142857,-0.2012857142857143,-0.6609285714285714,0.13944610389610546,-0.5216050420168068,Suchitepéquez
347,2010,26.262083333333333,206.13516666666666,99.06342857142856,2.4977142857142858,-0.5990714285714286,-0.23312207792207573,-0.4945787815126051,Suchitepéquez
347,2011,26.420416666666668,136.93583333333333,99.28142857142858,0.4887142857142857,0.17300000000000001,-0.12085692640692258,0.24266176470588235,Suchitepéquez
347,2012,26.3575,120.78583333333334,98.61,-0.043285714285714295,0.225,-0.2298417748917707,0.25983088235294116,Suchitepéquez
347,2013,26.449833333333334,130.17441666666667,96.7807142857143,0.5615714285714286,-0.4432857142857143,-0.18357662337662006,-0.4432857142857143,Suchitepéquez
347,2014,26.955416666666665,107.24475,99.28671428571428,-0.342,0.2820714285714286,0.27593852813852493,0.2472405462184874,Suchitepéquez
347,2015,27.3575,76.07183333333334,98.917,-1.6134285714285714,0.22135714285714286,0.6319536796536802,0.15169537815126052,Suchitepéquez
347,2016,26.919833333333333,115.10425,96.61771428571429,0.1162857142857143,-0.2962142857142857,0.14821883116882972,-0.4007069327731092,Suchitepéquez
347,2017,26.65308333333333,122.10933333333332,97.47142857142856,0.21057142857142858,-0.004857142857142858,-0.16459935064935394,-0.14418067226890754,Suchitepéquez
347,2018,26.864083333333337,109.66733333333333,99.426,-0.11314285714285713,0.7433571428571428,0.00033246753246984895,0.569202731092437,Suchitepéquez
347,2019,27.091083333333334,97.593,96.65328571428572,-0.9139999999999999,0.17642857142857143,0.18126428571428477,-0.032556722689075585,Suchitepéquez
347,2020,26.78516666666667,121.50758333333333,95.22742857142858,-0.1042857142857143,0.07142857142857142,-0.1707205627705619,-0.17238760504201675,Suchitepéquez
347,2021,26.786833333333334,130.44875,98.86942857142857,0.13985714285714285,0.6399999999999999,-0.2151220779220786,0.36135294117647054,Suchitepéquez
347,2022,26.511499999999998,150.54591666666667,98.80399999999999,1.1441428571428571,-0.08771428571428572,-0.5365235930735963,-0.4011922268907563,Suchitepéquez
347,2023,27.814333333333334,96.7305,96.99571428571429,-0.8461428571428572,0.41607142857142854,0.7202415584415576,0.06776260504201681,Suchitepéquez
347,2024,27.380333333333336,131.73758333333333,95.35557142857144,1.169142857142857,0.31114285714285717,0.24017337662337823,-0.07199684873949569,Suchitepéquez
347,2025,27.300166666666666,101.66216666666666,99.3287142857143,-0.562,0.39357142857142857,0.11393852813852234,-0.024399159663865466,Suchitepéquez
347,2026,28.173583333333337,52.575583333333334,96.06085714285715,-2.9690000000000003,0.14971428571428572,0.9412870129870115,-0.3030871848739495,Suchitepéquez
743,1989,25.858416666666667,92.64549999999998,,-0.8082857142857144,,0.04405446428571835,,Escuintla
743,1990,26.056250000000002,114.1725,,0.7602857142857143,,0.19756488095238822,,Escuintla
743,1991,26.326166666666666,83.83041666666666,91.62785714285714,-0.4601428571428571,,0.4231586309523827,,Escuintla
743,1992,26.1935,99.6065,92.54157142857142,-0.031285714285714285,,0.2461690476190519,,Escuintla
743,1993,26.126166666666666,120.93958333333335,95.74142857142859,0.8288571428571428,,0.13451279761905255,,Escuintla
743,1994,26.185333333333332,90.52558333333333,92.83257142857143,-0.8991428571428572,,0.1493565476190497,,Escuintla
743,1995,25.865916666666667,118.89041666666667,95.70914285714285,0.14985714285714286,,-0.21438303571428108,,Escuintla
743,1996,25.86175,118.72841666666666,96.18442857142858,0.6965714285714286,,-0.2628726190476165,,Escuintla
743,1997,26.83975,81.00225,94.81814285714286,-0.7322857142857142,,0.670804464285716,,Escuintla
743,1998,26.872249999999998,87.90325,73.10585714285715,-1.311142857142857,,0.6589815476190495,,Escuintla
743,1999,25.809583333333336,110.58983333333333,94.625,0.5398571428571428,,-0.44800803571428105,,Escuintla
743,2000,26.075916666666668,99.98341666666666,93.14014285714286,-0.29628571428571426,,-0.2259976190476145,,Escuintla
743,2001,26.29858333333333,82.59825000000001,91.86814285714286,-1.0,-0.16128571428571425,-0.04765386904761826,-0.0006785714285714173,Escuintla
743,2002,26.503416666666666,95.36316666666666,86.11028571428572,-0.16328571428571428,-0.6329285714285714,0.11285654761904951,-0.4857053571428571,Escuintla
743,2003,26.42425,119.068,94.58900000000001,0.9042857142857142,0.03057142857142857,-0.010633035714281647,0.1644107142857143,Escuintla
743,2004,26.1255,85.41358333333334,90.32528571428573,-0.8687142857142857,0.19092857142857142,-0.3537059523809525,0.31138392857142855,Escuintla
743,2005,26.356916666666667,114.92366666666665,94.42685714285714,0.752,-0.27385714285714285,-0.16661220238094998,-0.1667857142857143,Escuintla
743,2006,26.369833333333332,121.11483333333332,94.01714285714286,0.8181428571428572,-0.048928571428571425,-0.19801845238094984,0.04475892857142857,Escuintla
743,2007,26.335583333333332,104.1375,93.04985714285714,-0.4804285714285714,0.06464285714285714,-0.27659136904761894,0.14494642857142856,Escuintla
743,2008,26.055166666666665,116.10141666666665,95.19399999999999,0.4144285714285714,0.04492857142857143,-0.6013309523809518,0.11184821428571429,Escuintla
743,2009,26.818833333333334,99.58091666666667,90.70728571428572,-0.14642857142857144,-0.43414285714285716,0.11801279761905192,-0.38060714285714287,Escuintla
743,2010,26.491,190.47933333333333,95.90742857142857,2.495285714285714,-0.5716428571428571,-0.2541434523809514,-0.5314910714285714,Escuintla
743,2011,26.575083333333335,114.50883333333333,95.298,0.18557142857142855,0.2867142857142857,-0.21438303571428108,0.3134821428571428,Escuintla
743,2012,26.615,101.37416666666667,95.19057142857142,-0.49314285714285716,0.4662857142857143,-0.21878928571428347,0.47966964285714286,Escuintla
743,2013,26.7175,122.878,93.87171428571428,0.6118571428571428,-0.29992857142857143,-0.16061220238094975,-0.29992857142857143,Escuintla
743,2014,27.1405,96.83425,95.33585714285714,-0.4065714285714286,0.2445,0.21806488095238308,0.23111607142857143,Escuintla
743,2015,27.549166666666665,72.44791666666667,96.33928571428571,-1.3422857142857143,0.022071428571428565,0.5824086309523793,-0.004696428571428577,Escuintla
743,2016,27.18433333333333,100.4815,93.25142857142858,-0.03528571428571429,-0.07885714285714285,0.1732523809523805,-0.11900892857142856,Escuintla
743,2017,26.890083333333333,110.81575,92.01628571428571,0.38,-0.06292857142857143,-0.16532053571428307,-0.11646428571428571,Escuintla
743,2018,27.027833333333334,99.99608333333333,97.41971428571428,-0.09557142857142857,0.49385714285714283,-0.07189345238095157,0.42693749999999997,Escuintla
743,2019,27.353250000000003,83.95774999999999,93.604,-1.0902857142857143,0.029071428571428574,0.20920029761905212,-0.051232142857142844,Escuintla
743,2020,27.00708333333333,116.91875,90.21171428571428,0.4081428571428571,0.04692857142857143,-0.18128928571428915,-0.04675892857142856,Escuintla
743,2021,27.023666666666667,106.40983333333334,95.357,-0.35157142857142853,0.40264285714285714,-0.20902886904761786,0.2955714285714286,Escuintla
743,2022,26.688083333333335,138.68691666666666,95.19200000000001,1.4642857142857142,-0.1617142857142857,-0.5889351190476155,-0.28216964285714285,Escuintla
743,2023,28.081833333333332,85.55616666666667,87.66128571428571,-1.1444285714285714,0.1302142857142857,0.7604919642857126,-0.003625000000000017,Escuintla
743,2024,27.648,116.67758333333335,88.93685714285714,0.9315714285714286,-0.2427857142857143,0.2823357142857148,-0.39000892857142855,Escuintla
743,2025,27.540583333333334,87.64058333333332,95.41885714285715,-0.7252857142857143,0.3554285714285714,0.13059613095238376,0.1948214285714286,Escuintla
743,2026,28.433916666666665,50.71308333333334,87.09357142857142,-2.5567142857142855,-0.19078571428571428,0.9796065476190456,-0.36477678571428573,Escuintla
744,1989,18.17975,87.59025000000001,,0.19714285714285712,,-0.03056031746032417,,Guatemala
744,1990,18.359916666666667,83.42583333333333,,1.058142857142857,,0.10857857142856986,,Guatemala
744,1991,18.722083333333334,83.84725,99.822,1.0631428571428572,,0.42971746031745894,,Guatemala
744,1992,18.381083333333333,65.78466666666667,97.31871428571428,-0.0011428571428571438,,0.04768968253967998,,Guatemala
744,1993,18.38875,74.03258333333333,99.98714285714287,0.13414285714285712,,0.014328571428571024,,Guatemala
744,1994,18.582416666666667,59.294333333333334,99.73142857142857,-1.0892857142857142,,0.16696746031745846,,Guatemala
744,1995,18.432666666666666,86.89800000000001,99.995,0.43814285714285717,,-0.023810317460320363,,Guatemala
744,1996,18.320666666666664,77.13158333333334,100.0,0.6224285714285714,,-0.17683809523810012,,Guatemala
744,1997,18.9245,56.149,99.56171428571429,-0.7967142857142857,,0.3859674603174561,,Guatemala
744,1998,18.95975,75.36108333333333,88.09228571428571,-0.39685714285714285,,0.38018968253967955,,Guatemala
744,1999,18.31975,82.15741666666666,99.96885714285713,1.0044285714285714,,-0.3008380952380989,,Guatemala
744,2000,18.328666666666667,62.92175,99.94228571428572,-0.5437142857142857,,-0.332949206349209,,Guatemala
744,2001,18.50375,60.387,99.84014285714285,-1.1115714285714287,-0.4612142857142857,-0.19889365079365362,-0.2569999999999999,Guatemala
744,2002,18.93466666666667,58.29750000000001,94.73728571428572,-0.6897142857142857,-0.18971428571428572,0.19099523809523689,-0.0025178571428570995,Guatemala
744,2003,19.071166666666667,72.90675,99.94685714285713,0.4431428571428571,-0.17735714285714285,0.2864674603174606,-0.007178571428571395,Guatemala
744,2004,18.564666666666664,62.60658333333333,99.98371428571429,-0.4337142857142857,0.31971428571428573,-0.2610603174603199,0.47287500000000005,Guatemala
744,2005,18.881083333333333,82.87366666666667,99.68685714285714,0.6271428571428572,-0.007357142857142861,0.014328571428571024,0.1287857142857143,Guatemala
744,2006,18.428,85.09691666666667,99.99057142857143,1.358,-0.5530714285714285,-0.4797825396825388,-0.4339464285714285,Guatemala
744,2007,18.7985,70.7415,98.83628571428572,-0.5004285714285714,-0.4720714285714286,-0.15031031746031687,-0.3699642857142857,Guatemala
744,2008,18.301166666666667,88.70100000000001,99.95771428571427,1.2671428571428573,-0.05071428571428571,-0.6886714285714284,0.03437500000000002,Guatemala
744,2009,18.952916666666667,64.24499999999999,99.953,-0.3984285714285714,0.23285714285714282,-0.07794920634920643,0.30092857142857143,Guatemala
744,2010,18.9895,118.8775,100.0,2.410571428571429,-0.3360714285714286,-0.08239365079365157,-0.28501785714285716,Guatemala
744,2011,19.150916666666667,87.44225,99.97900000000001,0.8632857142857143,-0.06235714285714289,0.03799523809523819,-0.028321428571428595,Guatemala
744,2012,19.048833333333334,70.08033333333333,99.975,-0.5887142857142857,0.5315714285714286,-0.10511587301587255,0.5485892857142858,Guatemala
744,2013,18.903000000000002,80.39475,99.97228571428572,0.09457142857142857,-0.3705,-0.2919769841269826,-0.3705,Guatemala
744,2014,19.251749999999998,62.31008333333333,99.97314285714286,-0.444,0.5175714285714286,0.015745238095238534,0.5005535714285714,Guatemala
744,2015,19.5855,54.3025,99.96157142857143,-0.9348571428571428,0.26192857142857146,0.30846746031746264,0.22789285714285717,Guatemala
744,2016,19.603333333333335,55.622166666666665,99.97585714285715,-1.1757142857142857,0.07564285714285715,0.28527301587302034,0.02458928571428571,Guatemala
744,2017,19.308333333333334,70.30291666666666,99.98342857142858,-0.028285714285714286,0.04449999999999997,-0.05075476190475925,-0.023571428571428618,Guatemala
744,2018,19.38233333333333,58.58041666666667,99.963,-0.697,0.20878571428571427,-0.017782539682539067,0.12369642857142854,Guatemala
744,2019,19.807583333333334,51.231,99.96571428571428,-2.0054285714285713,0.3303571428571429,0.36643968253968495,0.22825,Guatemala
744,2020,19.383083333333335,72.90841666666667,99.98442857142857,-0.05228571428571428,0.4516428571428571,-0.09908809523809126,0.3325178571428571,Guatemala
744,2021,19.474,72.54083333333334,99.99571428571429,0.018571428571428565,0.6309285714285714,-0.04919920634920416,0.4947857142857142,Guatemala
744,2022,19.24566666666667,89.84933333333333,99.995,1.1582857142857144,-0.24335714285714286,-0.31856031746031377,-0.39651785714285714,Guatemala
744,2023,20.038999999999998,61.05008333333333,99.72057142857143,-1.0151428571428571,0.31607142857142856,0.4337452380952378,0.1458928571428571,Guatemala
744,2024,20.01275,79.95341666666667,97.61114285714287,0.8997142857142857,-1.2157857142857142,0.36646746031746247,-1.402982142857143,Guatemala
744,2025,19.662499999999998,56.258833333333335,99.44842857142858,-1.2518571428571428,-0.2442142857142857,-0.024810317460318032,-0.44842857142857145,Guatemala
744,2026,20.231916666666667,33.805749999999996,97.63657142857143,-2.447714285714286,-0.834642857142857,0.503578571428573,-1.055875,Guatemala
1121,1989,24.1435,113.26791666666666,,-0.8962857142857142,,0.21432525879917108,,Alta Verapaz
1121,1990,23.882416666666668,135.00283333333334,,-0.15785714285714286,,-0.09364937888198455,,Alta Verapaz
1121,1991,24.210166666666666,106.81908333333332,97.57914285714286,-0.6802857142857144,,0.18720931677018626,,Alta Verapaz
1121,1992,23.850083333333334,129.08608333333333,99.10871428571429,0.38499999999999995,,-0.21976532091097312,,Alta Verapaz
1121,1993,24.241833333333332,140.28175000000002,98.49785714285714,0.43742857142857144,,0.1250933747412013,,Alta Verapaz
1121,1994,24.174833333333336,107.52583333333332,98.34457142857143,-1.0397142857142858,,0.011202070393377284,,Alta Verapaz
1121,1995,24.876166666666666,143.55358333333334,98.84357142857142,-0.07399999999999998,,0.6656440993788806,,Alta Verapaz
1121,1996,24.10683333333333,149.1865,99.1512857142857,0.6877142857142857,,-0.1505805383022789,,Alta Verapaz
1121,1997,24.317166666666665,152.36741666666668,98.63757142857142,0.6050000000000001,,0.012861490683228283,,Alta Verapaz
1121,1998,24.97683333333333,114.58141666666667,93.56928571428571,-0.7631428571428571,,0.6256368530020708,,Alta Verapaz
1121,1999,24.265500000000003,131.46775,98.88199999999999,0.18571428571428572,,-0.13258778467908527,,Alta Verapaz
1121,2000,23.9515,162.9065,97.70142857142856,0.8741428571428571,,-0.4934790890269163,,Alta Verapaz
1121,2001,24.090666666666667,117.61116666666668,97.17328571428571,-0.6701428571428572,0.7508571428571429,-0.40120372670807214,0.11142380952380959,Alta Verapaz
1121,2002,24.4385,134.49616666666665,97.58528571428572,0.156,0.8755714285714286,-0.10026169772256566,0.2894242063492064,Alta Verapaz
1121,2003,24.785916666666665,121.24575,98.35542857142858,-0.5544285714285714,0.6805714285714286,0.20026366459627098,0.1477103174603176,Alta Verapaz
1121,2004,24.11675,107.47533333333332,99.07857142857142,-0.5694285714285714,0.8162857142857143,-0.5157943064182184,0.33671071428571436,Alta Verapaz
1121,2005,24.946916666666667,156.09358333333333,98.74257142857142,0.6838571428571428,0.31185714285714283,0.2674810559006211,-0.114431746031746,Alta Verapaz
1121,2006,24.323666666666668,150.82891666666666,98.95385714285715,1.089,-0.05035714285714286,-0.40266024844720505,-0.4233599206349206,Alta Verapaz
1121,2007,24.873666666666665,120.49158333333332,95.45899999999999,-0.8767142857142858,0.5350714285714286,0.10044844720496826,0.215354761904762,Alta Verapaz
1121,2008,24.5885,171.77783333333332,98.36442857142858,1.413,-0.1675,-0.23160952380952438,-0.4339305555555555,Alta Verapaz
1121,2009,24.978083333333334,128.86158333333333,98.09985714285715,-0.34128571428571425,0.5595714285714286,0.1110825051759825,0.3464269841269842,Alta Verapaz
1121,2010,25.290833333333335,196.38400000000001,98.57628571428572,1.7367142857142857,0.044571428571428574,0.37694120082815985,-0.11528690476190476,Alta Verapaz
1121,2011,25.396666666666665,165.00325,98.96671428571429,0.8578571428571429,-0.012428571428571426,0.4358832298136619,-0.11900079365079363,Alta Verapaz
1121,2012,24.852500000000003,147.95341666666667,98.84757142857143,0.6212857142857143,0.24292857142857144,-0.15517474120082753,0.18964246031746035,Alta Verapaz
1121,2013,24.672916666666666,151.86008333333334,98.83514285714286,0.7678571428571429,-0.24321428571428572,-0.38164937888198835,-0.24321428571428572,Alta Verapaz
1121,2014,24.619083333333332,146.10641666666666,98.614,0.33742857142857147,-0.351,-0.48237401656314915,-0.2977138888888889,Alta Verapaz
1121,2015,24.704250000000002,88.98825,98.58057142857142,-1.167,-0.219,-0.44409865424430706,-0.1124277777777778,Alta Verapaz
1121,2016,25.320333333333334,111.69908333333335,97.94685714285716,-1.0122857142857142,-0.47935714285714287,0.1250933747412013,-0.31949880952380955,Alta Verapaz
1121,2017,25.13875,156.16158333333334,98.40642857142858,1.2364285714285714,0.028785714285714283,-0.10338126293995842,0.2419301587301587,Alta Verapaz
1121,2018,24.891000000000002,107.93991666666666,98.20385714285715,-0.5491428571428572,-0.14785714285714285,-0.39802256728778573,0.11857341269841265,Alta Verapaz
1121,2019,25.858416666666667,87.93983333333334,98.14328571428572,-1.8088571428571427,-0.1355,0.5225027950310555,0.18421666666666664,Alta Verapaz
1121,2020,25.487,133.604,98.36114285714287,-0.3241428571428572,0.09428571428571428,0.10419482401655955,0.467288492063492,Alta Verapaz
1121,2021,25.27125,131.80125,99.06457142857143,-0.1295714285714286,0.019142857142857142,-0.15844648033126418,0.44543174603174596,Alta Verapaz
1121,2022,25.093166666666665,149.70491666666666,98.37428571428572,0.7001428571428571,-0.4466428571428571,-0.38342111801242496,0.0329321428571428,Alta Verapaz
1121,2023,26.202749999999998,119.06583333333333,97.50685714285714,-1.1471428571428572,-0.4751428571428572,0.6792709109730808,0.05771825396825381,Alta Verapaz
1121,2024,26.331833333333332,112.158,93.18157142857142,-0.5725714285714286,-1.0064285714285715,0.7614629399585908,-0.4202813492063493,Alta Verapaz
1121,2025,25.459500000000002,99.70383333333332,97.06271428571428,-0.7778571428571429,-0.4732142857142857,-0.15776169772256665,0.1662190476190476,Alta Verapaz
1121,2026,25.475416666666664,96.23391666666667,96.97757142857142,-0.8854285714285715,-0.19585714285714284,-0.18873633540373191,0.4968623015873015,Alta Verapaz
1259,1989,24.472083333333334,51.847500000000004,,-0.12728571428571428,,0.19711904761904364,,Zacapa
1259,1990,24.3935,49.516,,0.20500000000000002,,0.06898571428570932,,Zacapa
1259,1991,24.760666666666665,39.92841666666667,97.94128571428571,-0.6535714285714286,,0.3866023809523753,,Zacapa
1259,1992,24.3165,50.729166666666664,98.06185714285714,0.45699999999999996,,-0.10711428571428883,,Zacapa
1259,1993,24.726583333333334,53.01316666666667,96.48257142857143,0.319,,0.2534190476190439,,Zacapa
1259,1994,24.543333333333333,39.873583333333336,97.49028571428572,-1.0982857142857143,,0.020619047619042874,,Zacapa
1259,1995,25.143416666666667,58.525666666666666,98.62885714285714,0.06785714285714284,,0.5711523809523769,,Zacapa
1259,1996,24.4165,53.123250000000006,99.46514285714285,0.598,,-0.2053142857142909,,Zacapa
1259,1997,24.76733333333333,41.8895,96.74685714285715,-0.16599999999999998,,0.09596904761903957,,Zacapa
1259,1998,25.30033333333333,40.983250000000005,89.08685714285716,-0.7937142857142857,,0.5794190476190408,,Zacapa
1259,1999,24.566666666666666,55.06666666666666,97.53228571428572,0.35157142857142853,,-0.2037976190476236,,Zacapa
1259,2000,24.14108333333333,60.236250000000005,97.35585714285715,0.6658571428571429,,-0.6789309523809592,,Zacapa
1259,2001,24.423083333333334,45.71075,94.06742857142856,-0.8054285714285714,-0.6167857142857143,-0.44648095238095564,-0.6345714285714286,Zacapa
1259,2002,24.849166666666665,39.05133333333333,95.67457142857143,-0.8917142857142857,-0.32585714285714285,-0.0699476190476247,-0.34216071428571426,Zacapa
1259,2003,25.32841666666667,42.003,97.64014285714286,-0.1937142857142857,-0.5633571428571429,0.35975238095237927,-0.5781785714285714,Zacapa
1259,2004,24.499750000000002,40.26883333333333,97.78385714285714,-0.4507142857142857,-0.7385714285714287,-0.5184642857142876,-0.7519107142857144,Zacapa
1259,2005,25.216166666666666,64.22858333333333,98.269,1.0105714285714285,0.4422857142857143,0.14840238095237623,0.43042857142857144,Zacapa
1259,2006,24.629833333333334,51.727666666666664,98.9452857142857,0.6041428571428572,0.6722142857142857,-0.487480952380956,0.6618392857142856,Zacapa
1259,2007,25.127916666666668,53.36416666666667,90.02442857142857,0.06214285714285715,-0.06549999999999999,-0.03894761904762234,-0.07439285714285714,Zacapa
1259,2008,24.8995,67.0305,97.00042857142857,1.1385714285714286,0.2838571428571428,-0.31691428571429014,0.27644642857142854,Zacapa
1259,2009,25.19158333333333,49.03658333333334,99.09057142857144,-0.015428571428571434,0.5925714285714285,-0.07438095238095954,0.5866428571428571,Zacapa
1259,2010,25.569,87.08091666666667,98.96842857142857,2.1205714285714286,0.867,0.2534857142857092,0.8625535714285714,Zacapa
1259,2011,25.673666666666666,60.29725,98.95185714285715,0.8172857142857143,0.6177857142857143,0.3086023809523759,0.6148214285714285,Zacapa
1259,2012,25.385833333333334,55.378833333333326,98.36042857142857,0.30628571428571433,0.48357142857142854,-0.028780952380955682,0.48208928571428566,Zacapa
1259,2013,25.14725,45.45066666666667,99.23685714285715,-0.09514285714285713,0.005642857142857144,-0.31691428571429014,0.005642857142857144,Zacapa
1259,2014,25.153166666666667,52.23491666666666,97.79557142857142,0.05228571428571428,0.3277142857142857,-0.36054761904762245,0.32919642857142856,Zacapa
1259,2015,25.267666666666667,23.9675,94.82742857142857,-1.988,-1.400357142857143,-0.29559761904762283,-1.3973928571428573,Zacapa
1259,2016,25.72366666666667,36.46075,94.01700000000001,-1.430142857142857,-1.4052142857142857,0.11085238095238026,-1.4007678571428572,Zacapa
1259,2017,25.623416666666667,68.22941666666667,99.32185714285716,1.7685714285714285,0.5404285714285715,-0.03894761904762234,0.5463571428571429,Zacapa
1259,2018,25.381249999999998,31.83366666666667,97.57814285714286,-1.4102857142857144,-0.4794285714285714,-0.33066428571429185,-0.47201785714285716,Zacapa
1259,2019,26.270166666666668,36.89366666666667,98.31285714285715,-1.233,-0.02557142857142858,0.5087023809523785,-0.01667857142857143,Zacapa
1259,2020,25.778750000000002,54.606249999999996,99.13485714285714,0.12928571428571428,0.32542857142857146,-0.03226428571428741,0.3358035714285715,Zacapa
1259,2021,25.828666666666667,49.94358333333333,95.49685714285714,-0.15314285714285716,-0.09150000000000001,-0.03189761904762278,-0.07964285714285715,Zacapa
1259,2022,25.514083333333332,65.00291666666666,98.89457142857142,1.4122857142857141,0.32457142857142857,-0.39603095238095776,0.3379107142857143,Zacapa
1259,2023,26.6755,45.08183333333333,95.66214285714285,-0.5864285714285714,0.49657142857142855,0.7158357142857099,0.5113928571428571,Zacapa
1259,2024,26.785083333333333,36.51,86.53857142857143,-0.6724285714285714,-0.3502142857142857,0.7758690476190431,-0.3339107142857143,Zacapa
1259,2025,25.9495,40.47383333333333,92.58385714285714,-0.19842857142857143,-0.5362142857142858,-0.10926428571428914,-0.5184285714285715,Zacapa
1259,2026,26.168833333333335,23.03,89.23785714285714,-2.0235714285714286,-1.1899285714285714,0.06051904761904581,-1.1706607142857144,Zacapa
2264,1989,11.150583333333332,51.512750000000004,,0.11557142857142856,,-0.14441071428571028,,Totonicapán
2264,1990,11.357416666666666,44.03391666666667,,-0.16128571428571428,,0.014630952380956685,,Totonicapán
2264,1991,11.58,42.542,99.16128571428571,-0.3071428571428571,,0.18942261904762425,,Totonicapán
2264,1992,11.454500000000001,36.5255,99.64942857142857,-1.082857142857143,,0.01613095238095852,,Totonicapán
2264,1993,11.566083333333333,56.07066666666666,99.8727142857143,0.4495714285714286,,0.07992261904762366,,Totonicapán
2264,1994,11.241,37.413666666666664,99.68914285714285,-1.0198571428571428,,-0.29295238095237686,,Totonicapán
2264,1995,11.7465,61.84625,99.94057142857142,0.7938571428571429,,0.16475595238095586,,Totonicapán
2264,1996,11.58375,59.063583333333334,99.98142857142857,1.2482857142857142,,-0.0457857142857101,,Totonicapán
2264,1997,11.919833333333335,40.06641666666667,99.75471428571429,-1.0052857142857143,,0.24250595238095762,,Totonicapán
2264,1998,12.300083333333333,39.38891666666667,84.26657142857142,-1.5078571428571428,,0.5749642857142891,,Totonicapán
2264,1999,11.493333333333332,56.47866666666666,99.72357142857143,0.7965714285714286,,-0.2795773809523787,,Totonicapán
2264,2000,11.519666666666666,51.69716666666667,99.64485714285715,0.21485714285714286,,-0.3010357142857121,,Totonicapán
2264,2001,11.52675,50.27791666666667,99.59971428571428,-0.0802857142857143,-1.220357142857143,-0.341744047619045,-0.7138163265306123,Totonicapán
2264,2002,12.118416666666667,38.747166666666665,96.33228571428572,-1.0895714285714286,-0.7112142857142857,0.2021309523809549,-0.24688520408163261,Totonicapán
2264,2003,12.283833333333334,44.19466666666667,99.13457142857143,-0.14185714285714285,-0.7323571428571429,0.3197559523809552,-0.31023979591836737,Totonicapán
2264,2004,11.567166666666667,35.652,99.721,-1.2871428571428571,-0.15435714285714286,-0.44470238095237846,0.22554846938775513,Totonicapán
2264,2005,12.289333333333333,63.23499999999999,99.73400000000001,1.2961428571428573,-0.06178571428571429,0.22967261904762104,0.27590816326530615,Totonicapán
2264,2006,12.006,53.87591666666666,99.80771428571428,0.7721428571428571,0.06107142857142858,-0.10145238095237907,0.35655357142857147,Totonicapán
2264,2007,12.039083333333332,44.19016666666666,99.47942857142857,-0.8012857142857143,0.2789285714285714,-0.11616071428571395,0.5321989795918367,Totonicapán
2264,2008,11.638666666666666,59.77158333333333,99.50757142857142,0.8782857142857142,-0.2973571428571429,-0.5643690476190475,-0.0862984693877551,Totonicapán
2264,2009,12.207583333333332,47.80925,99.43471428571429,0.09885714285714285,-0.7070714285714286,-0.043244047619047876,-0.5382244897959183,Totonicapán
2264,2010,12.743416666666667,87.71441666666668,99.951,2.411142857142857,0.7912857142857143,0.4447976190476197,0.9179209183673469,Totonicapán
2264,2011,12.54575,58.67216666666667,99.87242857142857,0.6922857142857143,-0.20871428571428574,0.19933928571428616,-0.12429081632653063,Totonicapán
2264,2012,12.182333333333332,59.02033333333333,99.93842857142856,0.4852857142857143,0.2815,-0.21186904761904835,0.32371173469387754,Totonicapán
2264,2013,12.26025,55.32125,99.56357142857144,0.38742857142857146,-0.01492857142857143,-0.1817440476190484,-0.01492857142857143,Totonicapán
2264,2014,12.320500000000001,50.95466666666667,99.78585714285714,0.58,0.5737857142857143,-0.1692857142857136,0.5315739795918368,Totonicapán
2264,2015,12.37,34.77325,99.81414285714285,-1.2771428571428571,-0.5937142857142857,-0.16757738095238217,-0.6781377551020409,Totonicapán
2264,2016,12.806166666666668,43.92966666666667,99.64942857142857,-0.601,0.24692857142857141,0.22079761904761952,0.12029336734693877,Totonicapán
2264,2017,12.733416666666665,55.37133333333333,99.85571428571428,0.9029999999999999,0.11142857142857143,0.10025595238094986,-0.05741836734693878,Totonicapán
2264,2018,12.306166666666668,41.839333333333336,99.7807142857143,-0.379,0.004785714285714282,-0.3747857142857143,-0.2062729591836735,Totonicapán
2264,2019,13.009749999999999,39.321083333333334,99.64885714285715,-1.1845714285714286,0.18700000000000003,0.2810059523809496,-0.06627040816326527,Totonicapán
2264,2020,12.89725,49.49866666666667,99.60357142857143,-0.093,0.7314285714285714,0.12071428571428378,0.43594642857142857,Totonicapán
2264,2021,12.541666666666666,47.67758333333333,99.982,0.10585714285714287,0.8711428571428571,-0.2826607142857167,0.5334489795918367,Totonicapán
2264,2022,12.509666666666666,52.94825,99.80728571428571,0.26985714285714285,-0.2387142857142857,-0.36245238095238363,-0.6186198979591837,Totonicapán
2264,2023,13.200916666666666,44.730583333333335,99.77300000000001,-0.6602857142857143,1.1685714285714286,0.2810059523809496,0.746454081632653,Totonicapán
2264,2024,13.631916666666667,48.0,92.27642857142857,0.3492857142857143,-1.2873571428571429,0.6642142857142836,-1.751686224489796,Totonicapán
2264,2025,12.9655,33.85341666666667,98.28814285714286,-1.4907142857142859,-0.305,-0.04999404761904991,-0.8115408163265305,Totonicapán
2264,2026,13.227083333333333,25.069083333333335,98.87942857142856,-2.2848571428571427,0.1829285714285714,0.16379761904761558,-0.36582397959183677,Totonicapán
2425,1989,23.5525,72.90599999999999,,-0.22957142857142857,,0.1536190476190491,,El Progreso
2425,1990,23.582166666666666,65.20608333333332,,-0.07342857142857143,,0.13008834586466378,,El Progreso
2425,1991,23.853416666666664,56.17191666666667,97.1602857142857,-0.47528571428571426,,0.3481409774436095,,El Progreso
2425,1992,23.522166666666667,72.87875,98.56442857142858,0.7405714285714285,,-0.03630639097744037,,El Progreso
2425,1993,23.806250000000002,74.69991666666667,96.86500000000001,0.3101428571428571,,0.19457957393484193,,El Progreso
2425,1994,23.673916666666667,57.33141666666666,97.926,-0.7742857142857142,,0.009048872180454026,,El Progreso
2425,1995,24.199749999999998,95.86916666666667,99.92857142857143,0.644,,0.48168483709273247,,El Progreso
2425,1996,23.618499999999997,81.31266666666666,100.0,0.9035714285714286,,-0.15276253132832096,,El Progreso
2425,1997,23.989333333333335,66.26383333333334,95.8157142857143,0.09814285714285716,,0.16487343358396345,,El Progreso
2425,1998,24.44558333333333,57.03358333333333,84.67928571428571,-0.7955714285714286,,0.5679260651629079,,El Progreso
2425,1999,23.705333333333332,75.44891666666666,98.28714285714285,0.0982857142857143,,-0.22552130325814446,,El Progreso
2425,2000,23.35291666666667,85.14475,98.31685714285713,0.742,,-0.6311353383458602,,El Progreso
2425,2001,23.585416666666664,59.81908333333333,93.0,-1.0491428571428572,-0.8413571428571429,-0.45183270676691834,-0.7150287569573284,El Progreso
2425,2002,24.048416666666668,52.90708333333333,92.04914285714287,-0.9945714285714286,-0.4941428571428571,-0.04203007518796653,-0.37834183673469385,El Progreso
2425,2003,24.533916666666666,65.84216666666667,98.05571428571429,0.1512857142857143,-0.4035,0.390272556390979,-0.298226345083488,El Progreso
2425,2004,23.724083333333336,51.741749999999996,98.22642857142857,-0.8851428571428571,-0.8273571428571429,-0.47275814536340377,-0.732610853432282,El Progreso
2425,2005,24.37625,90.97391666666665,97.62,1.031,-0.25514285714285717,0.12621115288220608,-0.17092393320964752,El Progreso
2425,2006,23.887416666666667,78.26858333333332,99.41942857142858,1.0595714285714286,0.8460714285714286,-0.41581954887217876,0.9197629870129871,El Progreso
2425,2007,24.21966666666667,74.22333333333333,89.29914285714287,-0.040428571428571425,-0.08107142857142856,-0.13676691729322954,-0.017907235621521314,El Progreso
2425,2008,24.017083333333332,93.32208333333334,98.76342857142856,1.082,0.3612857142857143,-0.3925476190476189,0.41392254174397036,El Progreso
2425,2009,24.338083333333334,66.05916666666667,99.02385714285715,0.14757142857142855,0.1795,-0.12474498746867013,0.2216094619666048,El Progreso
2425,2010,24.864166666666666,122.77791666666667,99.65014285714287,2.134571428571429,1.0166428571428572,0.3481409774436095,1.0482249536178108,El Progreso
2425,2011,24.76125,85.97191666666667,99.85614285714284,0.7105714285714286,0.9847142857142858,0.19202694235589135,1.0057690166975881,El Progreso
2425,2012,24.567416666666663,79.39658333333334,98.91857142857144,0.24457142857142858,0.5798571428571428,-0.055003759398498886,0.5903845083487941,El Progreso
2425,2013,24.29116666666667,64.181,99.7282857142857,-0.11957142857142856,0.10242857142857142,-0.3844511278195455,0.10242857142857142,El Progreso
2425,2014,24.451333333333334,68.88116666666667,98.51228571428571,-0.07414285714285715,0.0802857142857143,-0.27748182957393297,0.06975834879406309,El Progreso
2425,2015,24.670749999999998,37.199083333333334,94.87271428571428,-1.6774285714285715,-1.5554285714285714,-0.11126253132832176,-1.5764833024118738,El Progreso
2425,2016,24.98975,53.82149999999999,96.41742857142857,-1.4568571428571429,-1.541785714285714,0.15454010025062814,-1.5733678107606677,El Progreso
2425,2017,24.835583333333332,92.21808333333333,99.86271428571429,1.4942857142857144,0.5732142857142857,-0.052823934837093134,0.5311048237476809,El Progreso
2425,2018,24.58875,45.3765,98.05685714285714,-1.2514285714285713,0.3062857142857143,-0.3528546365914771,0.25364888682745823,El Progreso
2425,2019,25.43375,46.89158333333334,98.43328571428572,-1.7395714285714285,0.19607142857142854,0.43894799498746906,0.1329072356215213,El Progreso
2425,2020,25.033583333333336,74.1755,99.80914285714286,0.004142857142857147,0.17485714285714288,-0.01441604010024733,0.10116558441558443,El Progreso
2425,2021,25.02825,68.26075,99.17714285714285,-0.18371428571428572,0.32407142857142857,-0.07294674185463634,0.23985250463821892,El Progreso
2425,2022,24.79625,84.50708333333334,99.19771428571428,0.9391428571428572,-0.17442857142857143,-0.3581441102756884,-0.2691748608534323,El Progreso
2425,2023,25.78425,65.76533333333333,97.95157142857144,-0.7265714285714286,0.2287857142857143,0.5766585213032585,0.12351205936920223,El Progreso
2425,2024,26.149083333333333,56.24308333333334,86.23385714285713,-0.20585714285714288,-0.25857142857142856,0.8882944862155391,-0.3743724489795918,El Progreso
2425,2025,25.19425,58.523500000000006,92.28942857142856,-0.1512857142857143,-0.36857142857142855,-0.11973621553884684,-0.49489981447124304,El Progreso
2425,2026,25.566916666666668,34.10425,91.35457142857142,-1.9338571428571427,-1.1999285714285715,0.19973308270676782,-1.3367843228200371,El Progreso
3619,1989,22.628666666666664,58.27658333333333,,-0.42828571428571427,,0.010868452380947247,,Huehuetenango
3619,1990,22.7495,55.978,,-0.13842857142857143,,0.08397261904761777,,Huehuetenango
3619,1991,22.846083333333336,48.69125,97.35142857142857,-0.5321428571428571,,0.1328267857142862,,Huehuetenango
3619,1992,22.60025,54.634166666666665,98.90214285714286,-0.326,,-0.16073571428571753,,Huehuetenango
3619,1993,22.94,76.91250000000001,91.91428571428571,0.7227142857142858,,0.13128511904761808,,Huehuetenango
3619,1994,22.70958333333333,50.49041666666667,98.98585714285716,-1.064,,-0.14686071428571879,,Huehuetenango
3619,1995,23.05725,96.67199999999998,99.792,1.461857142857143,,0.1530767857142834,,Huehuetenango
3619,1996,22.794083333333333,81.63,99.73028571428571,0.979,,-0.15781904761904997,,Huehuetenango
3619,1997,23.215416666666666,52.0315,98.94057142857142,-0.29157142857142854,,0.21578511904761655,,Huehuetenango
3619,1998,23.811833333333336,55.467999999999996,92.61685714285714,-0.8145714285714286,,0.7644726190476199,,Huehuetenango
3619,1999,22.987166666666667,83.20066666666666,98.0987142857143,1.1807142857142858,,-0.10792321428571583,,Huehuetenango
3619,2000,22.693749999999998,77.84683333333334,97.84142857142857,0.7617142857142857,,-0.44906904761905153,,Huehuetenango
3619,2001,23.047083333333333,53.564083333333336,98.6317142857143,-1.0282857142857142,-0.7206428571428571,-0.14346488095238286,-0.6429181818181817,Huehuetenango
3619,2002,23.309416666666667,45.592000000000006,98.18285714285715,-0.8511428571428572,-0.4907857142857143,0.07113928571428474,-0.41953809523809527,Huehuetenango
3619,2003,23.592083333333335,56.37358333333333,98.73400000000001,-0.37114285714285716,-0.1648571428571428,0.30607678571428565,-0.10008658008658002,Huehuetenango
3619,2004,23.01275,45.726333333333336,99.08257142857143,-0.8995714285714287,0.5366428571428571,-0.3209857142857153,0.5949363636363636,Huehuetenango
3619,2005,23.61691666666667,86.77575,99.35185714285714,1.2455714285714286,-0.2485714285714286,0.23545178571428593,-0.19675497835497838,Huehuetenango
3619,2006,23.2835,68.04608333333333,99.25814285714286,0.4907142857142857,0.5965,-0.14569404761904892,0.641839393939394,Huehuetenango
3619,2007,23.630916666666668,61.18016666666667,96.90714285714286,-0.8664285714285714,-0.3782857142857143,0.15399345238095208,-0.3394233766233766,Huehuetenango
3619,2008,22.87725,87.48725,99.1802857142857,1.1614285714285713,0.1967857142857143,-0.6474023809523821,0.22917099567099572,Huehuetenango
3619,2009,23.821749999999998,52.79116666666667,98.02185714285714,-0.5001428571428572,-0.4982857142857143,0.24936845238094918,-0.4723774891774892,Huehuetenango
3619,2010,23.857166666666668,113.30841666666667,99.616,1.6765714285714284,0.6253571428571428,0.23705595238095256,0.6447883116883116,Huehuetenango
3619,2011,24.026416666666666,80.20983333333334,96.69914285714286,0.48842857142857143,-0.9117142857142857,0.3585767857142841,-0.8987601731601731,Huehuetenango
3619,2012,23.534916666666664,74.96008333333333,99.53771428571429,0.28200000000000003,0.5382857142857143,-0.18065238095238456,0.5447627705627706,Huehuetenango
3619,2013,23.545583333333337,78.62091666666667,97.57557142857142,0.9255714285714286,-0.25235714285714284,-0.21771488095237856,-0.25235714285714284,Huehuetenango
3619,2014,23.518083333333333,59.984500000000004,98.48371428571429,0.07557142857142858,0.5547857142857142,-0.2929440476190486,0.5483086580086579,Huehuetenango
3619,2015,23.762833333333333,37.72933333333334,97.56857142857143,-1.6512857142857142,-0.2092857142857143,-0.09592321428571537,-0.22223982683982685,Huehuetenango
3619,2016,24.1815,64.65666666666667,98.96171428571428,-0.012142857142857153,-0.5220714285714285,0.27501428571428477,-0.5415025974025973,Huehuetenango
3619,2017,23.711166666666667,86.21641666666666,99.40228571428572,1.7149999999999999,0.4415,-0.24304821428571444,0.4155917748917749,Huehuetenango
3619,2018,23.71258333333333,40.18483333333334,96.69242857142856,-1.2372857142857143,-0.02607142857142858,-0.2893607142857171,-0.05845670995670998,Huehuetenango
3619,2019,24.499583333333334,44.62258333333333,98.79085714285715,-1.427,0.2915714285714286,0.4499101190476189,0.2527090909090909,Huehuetenango
3619,2020,24.057333333333332,69.58583333333333,99.187,0.1392857142857143,0.45285714285714285,-0.04006904761904906,0.4075177489177489,Huehuetenango
3619,2021,23.642166666666668,63.90891666666667,99.17314285714285,0.2935714285714286,0.6953571428571429,-0.5029648809523799,0.6435406926406927,Huehuetenango
3619,2022,23.636166666666668,59.01441666666667,98.92557142857143,-0.3218571428571429,0.2182857142857143,-0.5566940476190467,0.1599922077922078,Huehuetenango
3619,2023,24.739416666666667,59.71450000000001,98.46371428571429,-0.8415714285714285,-0.5812142857142857,0.49882678571428585,-0.6459848484848485,Huehuetenango
3619,2024,24.89825,65.77416666666666,96.81514285714286,0.412,-0.8036428571428571,0.6099309523809531,-0.8748904761904762,Huehuetenango
3619,2025,24.19258333333333,49.15016666666667,97.70285714285714,-1.0782857142857143,-0.06207142857142857,-0.14346488095238286,-0.13979610389610392,Huehuetenango
3619,2026,24.416916666666665,36.82425,97.00328571428572,-1.136,-0.1777142857142857,0.03313928571428448,-0.2619160173160173,Huehuetenango
3623,1989,14.107666666666667,71.65175,,0.18114285714285713,,-0.07780531135531454,,Sololá
3623,1990,14.29125,64.08041666666666,,-0.023857142857142855,,0.06749597069596724,,Sololá
3623,1991,14.448,58.28241666666667,99.48042857142858,-0.304,,0.18596391941391666,,Sololá
3623,1992,14.298250000000001,58.711166666666664,99.99300000000001,-0.5282857142857142,,-0.0020681318681337046,,Sololá
3623,1993,14.435916666666666,79.57091666666666,100.0,0.5105714285714286,,0.09731648351647948,,Sololá
3623,1994,14.222916666666668,54.42908333333333,100.0,-1.221857142857143,,-0.15396556776556913,,Sololá
3623,1995,14.564583333333333,84.22716666666666,100.0,0.5827142857142856,,0.14941904761904468,,Sololá
3623,1996,14.398833333333334,81.64483333333334,100.0,1.0637142857142856,,-0.0546130036630057,,Sololá
3623,1997,14.698500000000001,50.268166666666666,100.0,-1.1500000000000001,,0.20677161172161007,,Sololá
3623,1998,14.999833333333333,58.733583333333335,93.13585714285715,-1.1222857142857143,,0.469822893772891,,Sololá
3623,1999,14.336916666666667,78.949,100.0,0.7951428571428572,,-0.23137582417582614,,Sololá
3623,2000,14.38375,74.16516666666666,99.98799999999999,0.3387142857142857,,-0.2228245421245454,,Sololá
3623,2001,14.357416666666666,69.53608333333334,100.0,0.010571428571428574,-1.611357142857143,-0.28743992673993013,-1.325327380952381,Sololá
3623,2002,14.817583333333333,53.26175,98.40942857142856,-1.068,0.015357142857142857,0.13444468864468817,0.27755109126984123,Sololá
3623,2003,14.929666666666668,66.00758333333333,100.0,0.18314285714285714,0.06014285714285715,0.2082459706959714,0.29850099206349207,Sololá
3623,2004,14.40475,51.34158333333334,100.0,-1.147714285714286,0.44571428571428573,-0.3549527472527476,0.6602366071428571,Sololá
3623,2005,14.986666666666666,85.98424999999999,100.0,1.353142857142857,-0.3351428571428572,0.1886818681318676,-0.14445634920634925,Sololá
3623,2006,14.698749999999999,75.7165,100.0,0.8484285714285714,-0.5044285714285714,-0.1375168498168513,-0.337577876984127,Sololá
3623,2007,14.720583333333332,62.198,100.0,-0.8055714285714286,0.416,-0.15396556776556913,0.5590148809523809,Sololá
3623,2008,14.46625,88.61966666666666,100.0,1.326,-0.5247142857142857,-0.44658095238095186,-0.4055352182539682,Sololá
3623,2009,14.890916666666667,68.824,99.92,0.27399999999999997,-0.5473571428571429,-0.060196336996336086,-0.45201388888888894,Sololá
3623,2010,15.278583333333332,124.64316666666666,100.0,2.479,-0.08657142857142858,0.2891882783882771,-0.015063988095238096,Sololá
3623,2011,15.130666666666668,78.47383333333333,100.0,0.44571428571428573,-0.6491428571428571,0.10298956043956231,-0.6014712301587302,Sololá
3623,2012,14.900916666666667,75.74841666666667,100.0,0.251,0.20971428571428571,-0.1650424908424899,0.2335500992063492,Sololá
3623,2013,14.91075,72.53516666666667,100.0,-0.06614285714285714,0.31771428571428567,-0.19349120879120818,0.31771428571428567,Sololá
3623,2014,15.027500000000002,70.94891666666668,100.0,0.6775714285714286,-0.33007142857142857,-0.11502326007325792,-0.35390724206349206,Sololá
3623,2015,15.086916666666667,47.793416666666666,100.0,-1.302,0.18985714285714284,-0.09388864468864178,0.14218551587301587,Sololá
3623,2016,15.399000000000001,59.04566666666667,100.0,-0.6561428571428571,0.6826428571428572,0.17991263736264074,0.6111354166666667,Sololá
3623,2017,15.317916666666667,73.75008333333334,100.0,0.6481428571428571,-0.024928571428571435,0.0605472527472557,-0.1202718253968254,Sololá
3623,2018,15.065,52.58533333333333,100.0,-0.731,-0.17514285714285716,-0.23065146520146307,-0.29432192460317463,Sololá
3623,2019,15.568083333333334,54.35466666666667,100.0,-1.3647142857142858,0.4402857142857143,0.23414981684982017,0.2972708333333333,Sololá
3623,2020,15.448916666666667,67.19183333333334,100.0,-0.368,0.327,0.07670109890110233,0.16014930555555557,Sololá
3623,2021,15.247083333333334,70.75858333333333,100.0,0.11414285714285714,0.49057142857142855,-0.16341428571428196,0.2998849206349206,Sololá
3623,2022,15.188749999999999,72.25958333333334,100.0,0.1672857142857143,-0.1740714285714286,-0.2600296703296685,-0.38859375,Sololá
3623,2023,15.807,62.03841666666667,100.0,-0.8571428571428571,0.8724999999999999,0.3199382783882818,0.6341418650793651,Sololá
3623,2024,16.01775,71.58366666666667,96.56514285714286,0.8945714285714287,-1.0503571428571428,0.4924062271062297,-1.312551091269841,Sololá
3623,2025,15.494166666666667,51.726333333333336,99.91099999999999,-1.0332857142857144,-0.06328571428571428,-0.06945915750915432,-0.3493154761904762,Sololá
3623,2026,15.749333333333333,32.92608333333333,99.63457142857143,-2.5432857142857146,0.8324285714285713,0.14742545787546035,0.5225629960317459,Sololá
3668,1989,19.232166666666668,38.42,,-1.3131428571428572,,0.08764464285713913,,Baja Verapaz
3668,1990,19.287666666666667,42.172000000000004,,-0.5750000000000001,,0.09741547619046997,,Baja Verapaz
3668,1991,19.486666666666668,32.79416666666666,98.37599999999999,-1.5090000000000001,,0.2506863095238039,,Baja Verapaz
3668,1992,19.133333333333333,47.78708333333333,99.37457142857143,-0.1142857142857143,,-0.14837619047619555,,Baja Verapaz
3668,1993,19.489,61.73283333333333,99.905,0.8851428571428571,,0.16156130952380465,,Baja Verapaz
3668,1994,19.38025,42.29216666666667,99.77571428571427,-0.884,,0.007082142857136375,,Baja Verapaz
3668,1995,19.74116666666667,74.7785,99.92385714285714,0.7501428571428572,,0.3222696428571403,,Baja Verapaz
3668,1996,19.418166666666668,65.61458333333333,99.963,1.1215714285714287,,-0.04645952380952778,,Baja Verapaz
3668,1997,19.635833333333334,54.38283333333333,99.46128571428572,0.29442857142857143,,0.12547797619047074,,Baja Verapaz
3668,1998,20.028416666666665,49.11166666666667,91.39928571428572,-0.45128571428571435,,0.4723321428571374,,Baja Verapaz
3668,1999,19.368750000000002,56.00808333333333,99.75342857142857,0.44099999999999995,,-0.23306369047619313,,Baja Verapaz
3668,2000,19.182416666666665,72.619,99.59857142857143,1.34,,-0.4651261904761981,,Baja Verapaz
3668,2001,19.329166666666666,47.52925,98.712,-0.7362857142857143,-1.1514285714285715,-0.3641053571428614,-0.9472081043956044,Baja Verapaz
3668,2002,19.682750000000002,44.784333333333336,95.62857142857142,-0.4952857142857143,-1.2205714285714286,-0.05625119047619265,-1.0333693337912089,Baja Verapaz
3668,2003,20.052833333333336,46.52141666666666,99.23242857142858,-0.28414285714285714,-0.6280714285714286,0.2681029761904732,-0.4578877060439561,Baja Verapaz
3668,2004,19.421583333333334,41.26841666666667,99.48442857142857,-0.6735714285714286,-0.3115,-0.4088761904761924,-0.15833464972527475,Baja Verapaz
3668,2005,20.064916666666665,69.56400000000001,99.529,0.929142857142857,-7.142857142855563e-05,0.18872797619047077,0.13607554945054945,Baja Verapaz
3668,2006,19.631916666666665,64.90891666666666,99.86014285714285,1.2365714285714287,0.24892857142857147,-0.29000119047619677,0.36805717719780223,Baja Verapaz
3668,2007,19.79775,54.55866666666666,94.19671428571428,-0.16542857142857142,-0.47292857142857136,-0.16989702380952565,-0.37081833791208785,Baja Verapaz
3668,2008,19.568416666666668,72.26383333333332,99.62828571428572,1.034142857142857,0.1875,-0.4449595238095263,0.27259186126373625,Baja Verapaz
3668,2009,20.010916666666667,45.224,99.04685714285714,-0.2744285714285714,0.2444285714285714,-0.048188690476195006,0.3125020604395604,Baja Verapaz
3668,2010,20.49116666666667,84.93991666666666,99.95471428571429,1.7977142857142856,1.0722142857142858,0.38633214285714246,1.1232694024725276,Baja Verapaz
3668,2011,20.361166666666666,71.846,99.93857142857142,1.2212857142857143,0.49557142857142855,0.2106029761904722,0.5296081730769231,Baja Verapaz
3668,2012,20.236666666666668,60.39608333333334,99.56385714285715,0.3482857142857143,0.7653571428571428,0.04037380952380687,0.7823755151098901,Baja Verapaz
3668,2013,20.025083333333335,60.82116666666667,99.79242857142857,0.7237142857142859,0.6495714285714286,-0.21693869047619074,0.6495714285714286,Baja Verapaz
3668,2014,20.068583333333333,50.16975,99.54828571428571,0.06414285714285714,0.5788571428571428,-0.21916785714286036,0.5618387706043956,Baja Verapaz
3668,2015,20.29425,29.657916666666665,98.812,-1.4455714285714285,-0.5602857142857143,-0.03923035714285916,-0.5943224587912088,Baja Verapaz
3668,2016,20.522000000000002,46.93833333333333,99.74671428571428,-0.7247142857142856,-0.1747142857142857,0.14279047619047702,-0.22576940247252747,Baja Verapaz
3668,2017,20.494833333333332,63.92433333333333,99.88028571428572,0.9085714285714286,0.06821428571428571,0.06989464285713964,0.00014079670329671112,Baja Verapaz
3668,2018,20.169083333333333,40.669000000000004,99.18985714285714,-0.4564285714285714,-0.34564285714285714,-0.3015845238095274,-0.4307347184065934,Baja Verapaz
3668,2019,20.827916666666667,33.77925,99.15585714285714,-1.7937142857142858,-0.44007142857142856,0.3115196428571423,-0.5421816620879121,Baja Verapaz
3668,2020,20.584500000000002,51.85158333333334,99.831,-0.46071428571428574,-0.05957142857142858,0.02237380952380974,-0.17870003434065934,Baja Verapaz
3668,2021,20.52075,46.81608333333333,99.88728571428571,-0.45785714285714285,0.42528571428571427,-0.08710535714286038,0.28913873626373626,Baja Verapaz
3668,2022,20.320416666666667,59.58866666666666,99.85628571428572,0.7111428571428571,0.3620714285714286,-0.33316785714285757,0.20890607829670335,Baja Verapaz
3668,2023,21.121583333333334,50.941916666666664,99.80657142857142,-0.99,0.052142857142857144,0.42226964285714175,-0.11804086538461535,Baja Verapaz
3668,2024,21.432083333333335,56.69433333333333,91.89757142857142,0.8250000000000001,-0.15364285714285716,0.6870404761904751,-0.34084495192307696,Baja Verapaz
3668,2025,20.573833333333333,41.35758333333334,98.1272857142857,-0.4837142857142857,-0.7810714285714285,-0.21693869047619074,-0.9852918956043956,Baja Verapaz
3668,2026,20.952083333333334,34.00666666666667,95.84842857142857,-0.9238571428571429,-0.47157142857142853,0.11558214285714286,-0.6928102678571428,Baja Verapaz
3669,1989,14.376333333333333,71.47641666666667,,0.48514285714285715,,-0.12664027777777775,,Chimaltenango
3669,1990,14.653666666666666,63.47975,,0.4248571428571429,,0.10274166666666495,,Chimaltenango
3669,1991,14.8885,62.62858333333333,98.27371428571428,0.5104285714285715,,0.2896236111111108,,Chimaltenango
3669,1992,14.707333333333333,54.16425,98.98842857142857,-0.4361428571428571,,0.06050555555555448,,Chimaltenango
3669,1993,14.824166666666665,69.55825,99.88485714285714,0.3931428571428571,,0.1293874999999982,,Chimaltenango
3669,1994,14.650333333333334,50.517500000000005,99.79842857142856,-1.0335714285714286,,-0.09239722222222291,,Chimaltenango
3669,1995,14.786416666666668,66.86958333333332,99.97785714285715,0.041,,-0.004265277777777854,,Chimaltenango
3669,1996,14.7055,76.45016666666668,99.97299999999998,1.2907142857142857,,-0.13313333333333333,,Chimaltenango
3669,1997,15.321416666666666,45.46516666666667,99.6557142857143,-1.2531428571428571,,0.4348319444444435,,Chimaltenango
3669,1998,15.600083333333332,53.459916666666665,88.31485714285714,-1.0370000000000001,,0.6655472222222212,,Chimaltenango
3669,1999,14.594416666666667,70.6785,99.65785714285714,0.801,,-0.3880708333333338,,Chimaltenango
3669,2000,14.771416666666667,64.69083333333333,99.75314285714285,0.15857142857142856,,-0.2590222222222227,,Chimaltenango
3669,2001,14.817083333333334,58.024166666666666,99.64599999999999,-0.48357142857142854,-0.5321428571428571,-0.2613069444444438,-0.595938775510204,Chimaltenango
3669,2002,15.356,51.579,94.00757142857142,-0.582,-0.10064285714285713,0.2296583333333313,-0.15912244897959182,Chimaltenango
3669,2003,15.39325,62.512750000000004,99.89471428571429,0.37528571428571433,0.30842857142857144,0.21895694444444302,0.255265306122449,Chimaltenango
3669,2004,14.828333333333333,52.33383333333333,99.90814285714285,-0.6055714285714285,0.8739285714285714,-0.39391111111111243,0.8260816326530612,Chimaltenango
3669,2005,15.390500000000001,75.87083333333334,99.64457142857142,1.1777142857142857,0.04607142857142857,0.1203041666666671,0.0035408163265306172,Chimaltenango
3669,2006,15.102333333333334,72.32408333333333,99.85928571428572,1.2161428571428572,0.33171428571428574,-0.2158138888888903,0.29450000000000004,Chimaltenango
3669,2007,15.11625,55.36058333333333,99.18314285714287,-0.9025714285714287,-0.06785714285714287,-0.249848611111112,-0.09975510204081633,Chimaltenango
3669,2008,14.703083333333334,77.72566666666667,99.53085714285714,1.329857142857143,-0.44092857142857145,-0.7109666666666676,-0.4675102040816327,Chimaltenango
3669,2009,15.417833333333334,60.60733333333334,99.43514285714285,0.12671428571428572,0.33042857142857146,-0.044168055555555696,0.3091632653061225,Chimaltenango
3669,2010,15.722000000000001,111.4325,99.97514285714286,2.491857142857143,-0.28164285714285714,0.21204722222222294,-0.29759183673469386,Chimaltenango
3669,2011,15.576833333333333,68.10316666666667,99.87814285714285,0.22257142857142856,-0.5765,0.018929166666664443,-0.5871326530612245,Chimaltenango
3669,2012,15.346833333333334,65.47858333333333,99.9557142857143,0.022857142857142857,0.6647857142857143,-0.2590222222222227,0.6594693877551021,Chimaltenango
3669,2013,15.366916666666667,63.59266666666667,99.60685714285715,-0.2674285714285714,0.0015000000000000013,-0.2868902777777791,0.0015000000000000013,Chimaltenango
3669,2014,15.657333333333334,61.09958333333333,99.95985714285715,0.4255714285714286,-0.10328571428571429,-0.04442500000000216,-0.09796938775510204,Chimaltenango
3669,2015,15.928166666666668,47.39124999999999,99.86671428571428,-0.9284285714285714,0.38335714285714284,0.17845694444444327,0.3939897959183673,Chimaltenango
3669,2016,16.096,53.8885,99.71557142857144,-0.607,0.8161428571428572,0.29833888888888715,0.8320918367346939,Chimaltenango
3669,2017,15.859499999999999,60.62833333333333,99.89685714285714,0.11142857142857142,0.31642857142857145,0.013887499999997388,0.3376938775510204,Chimaltenango
3669,2018,15.775916666666667,49.72133333333334,99.8637142857143,-0.745,-0.48407142857142854,-0.11764722222222268,-0.4574897959183673,Chimaltenango
3669,2019,16.263666666666666,47.2055,99.62957142857142,-1.7722857142857145,-0.5981428571428571,0.3221513888888854,-0.5662448979591836,Chimaltenango
3669,2020,16.010749999999998,58.52216666666667,99.81785714285715,-0.5384285714285715,0.37257142857142855,0.021283333333329324,0.40978571428571425,Chimaltenango
3669,2021,15.829583333333334,62.79408333333333,99.99871428571429,-0.11985714285714286,0.42828571428571427,-0.20783472222222343,0.47081632653061223,Chimaltenango
3669,2022,15.71025,69.35775,99.93371428571429,0.41828571428571426,0.126,-0.37511944444444545,0.1738469387755102,Chimaltenango
3669,2023,16.5285,52.36325,99.14385714285716,-1.179142857142857,0.06028571428571429,0.3951791666666651,0.11344897959183672,Chimaltenango
3669,2024,16.6785,63.001916666666666,84.534,0.7074285714285714,-1.8294285714285716,0.49722777777777516,-1.770948979591837,Chimaltenango
3669,2025,16.16675,48.11108333333333,95.56042857142857,-1.0344285714285715,-0.5765714285714286,-0.062473611111112604,-0.5127755102040817,Chimaltenango
3669,2026,16.864583333333332,28.370166666666666,96.64357142857143,-2.8048571428571427,-0.3887142857142857,0.5874083333333306,-0.3196020408163265,Chimaltenango
