region_id,year,t,rain,wsi,spi,z,t_dt,z_dt,region_name
361,1989,19.930875,63.596625,,-0.5236,,-0.7905891625615737,,Migori
361,1990,20.239375,75.84975,,1.5514,,-0.4963995073891603,,Migori
361,1991,20.471874999999997,69.6385,100.0,-0.681,,-0.2782098522167509,,Migori
361,1992,21.091625,49.98125,99.9558,-1.6346,,0.3272298029556673,,Migori
361,1993,20.647,65.10624999999999,99.9556,-0.5820000000000001,,-0.13170554187191996,,Migori
361,1994,20.478875000000002,77.47675,99.9966,0.5218,,-0.314140886699505,,Migori
361,1995,20.9095,63.492125,99.9158,0.2202,,0.10217376847290893,,Migori
361,1996,20.84325,58.892250000000004,99.962,-0.502,,0.021613423645323593,,Migori
361,1997,21.020375,56.270375,97.9066,-1.7332,,0.18442807881773504,,Migori
361,1998,21.387,60.799625,99.977,-0.5798,,0.5367427339901489,,Migori
361,1999,20.343625,70.721625,99.9618,0.7535999999999999,,-0.5209426108374373,,Migori
361,2000,21.023125,63.218125,99.9922,-0.7384,,0.14424704433497482,,Migori
361,2001,20.582625,70.686,99.9996,-0.11019999999999999,0.16599999999999998,-0.3105633004926105,0.18034782608695651,Migori
361,2002,20.765625,79.167,99.9744,0.9184000000000001,0.28700000000000003,-0.14187364532019586,0.3001521739130435,Migori
361,2003,21.121375,63.47825,99.9882,-0.8954000000000001,-0.3692,0.1995660098522194,-0.35724347826086955,Migori
361,2004,21.033625,60.979375000000005,99.933,-0.5418000000000001,0.22240000000000001,0.09750566502463087,0.23316086956521742,Migori
361,2005,21.3445,73.7245,99.9888,-0.42000000000000004,0.7236,0.394070320197045,0.7331652173913044,Migori
361,2006,20.53675,78.262875,100.0,0.4798,0.5687,-0.4279900246305388,0.5770695652173913,Migori
361,2007,20.949125,63.234,99.9992,0.033399999999999985,0.4021,-0.02992536945813029,0.40927391304347827,Migori
361,2008,20.918875,61.31925,99.978,-0.6222000000000001,-0.19890000000000002,-0.07448571428571427,-0.1929217391304348,Migori
361,2009,21.079250000000002,67.94075000000001,99.991,-0.5736,-0.0978,0.07157894088670247,-0.09301739130434783,Migori
361,2010,21.161625,70.350875,99.9936,1.1418,0.9191,0.1396435960591127,0.9226869565217392,Migori
361,2011,21.09,63.22175,99.9884,-0.585,-0.3142,0.05370825123152656,-0.3118086956521739,Migori
361,2012,20.818875000000002,73.502375,99.9888,0.2264,-1.0975000000000001,-0.23172709359605648,-1.096304347826087,Migori
361,2013,20.667,85.584625,99.8084,1.2151999999999998,0.0844,-0.39791243842364565,0.0844,Migori
361,2014,20.907,62.088375,99.7988,-0.9027999999999998,-0.0621,-0.17222278325123241,-0.06329565217391304,Migori
361,2015,21.1235,80.119875,99.764,-0.259,-1.5602,0.029966871921182303,-1.5625913043478261,Migori
361,2016,21.540875,60.1755,99.995,-0.8550000000000001,-0.7920999999999999,0.43303152709359694,-0.795686956521739,Migori
361,2017,21.719375,64.031,99.9428,0.49079999999999996,-0.2016,0.5972211822660078,-0.20638260869565217,Migori
361,2018,20.32825,88.296625,100.0,0.9788,-0.0347,-0.8082141625615762,-0.04067826086956522,Migori
361,2019,22.14025,64.834,99.96459999999999,-0.6746,-1.2221,0.9894754926108398,-1.2292739130434782,Migori
361,2020,20.886875,81.95575,99.9968,1.9122,1.1335,-0.2782098522167509,1.1251304347826085,Migori
361,2021,20.902875,80.823875,99.97560000000001,0.9408,0.1224,-0.2765201970443343,0.11283478260869564,Migori
361,2022,21.3465,87.48112499999999,99.9936,1.1865999999999999,-0.1283,0.1527944581280778,-0.1390608695652174,Migori
361,2023,20.793875,81.794875,99.9934,0.8342,0.46140000000000003,-0.41414088669951,0.4494434782608696,Migori
361,2024,21.7755,60.461875,99.99300000000001,-0.3242,0.8044,0.5531737684729059,0.7912478260869565,Migori
361,2025,21.01725,93.76962499999999,100.0,0.5794,0.3489,-0.21938657635467962,0.3345521739130435,Migori
361,2026,21.222125,71.310375,99.952,1.4662,0.8958999999999999,-0.02882192118227067,0.8803565217391304,Migori
405,1989,18.192888888888888,64.27644444444444,,-0.4586,,-0.7242682539682512,,Bungoma
405,1990,18.43,80.38344444444445,,1.3288,,-0.5033873015872992,,Bungoma
405,1991,18.894444444444446,81.95655555555555,99.9984,0.3142,,-0.05517301587301304,,Bungoma
405,1992,19.44322222222222,61.42866666666666,99.998,-0.951,,0.4773746031746029,,Bungoma
405,1993,18.864444444444445,57.409000000000006,98.611,-1.2144,,-0.11763333333333037,,Bungoma
405,1994,18.823666666666668,72.90511111111113,99.998,-0.3782,,-0.17464126984126693,,Bungoma
405,1995,19.148777777777777,74.94999999999999,99.99780000000001,0.317,,0.13423968253968255,,Bungoma
405,1996,18.992222222222225,89.8201111111111,99.999,1.3115999999999999,,-0.03854603174602644,,Bungoma
405,1997,19.363333333333333,70.87355555555555,99.9414,0.1018,,0.3163349206349224,,Bungoma
405,1998,19.75322222222222,61.23788888888888,99.9968,-0.4638,,0.6899936507936495,,Bungoma
405,1999,18.69822222222222,74.578,99.998,-0.1298,,-0.3812365079365101,,Bungoma
405,2000,19.15688888888889,58.230888888888884,99.9854,-1.7152,,0.06120000000000303,,Bungoma
405,2001,18.56211111111111,74.00011111111111,99.999,-0.1524,-0.161,-0.5498079365079356,0.19011069518716575,Bungoma
405,2002,19.035444444444447,71.08333333333333,99.9982,-0.1722,0.11229999999999998,-0.09270476190475918,0.43415147058823533,Bungoma
405,2003,19.39577777777778,73.94577777777778,99.99780000000001,-0.4016,-0.8849,0.2513984126984177,-0.5923077540106951,Bungoma
405,2004,19.153333333333332,48.01622222222222,99.9742,-1.0562,-0.24670000000000003,-0.007276190476190436,0.016633021390374314,Bungoma
405,2005,19.457,71.00500000000001,99.99879999999999,-0.5994,0.0892,0.280160317460318,0.32327379679144386,Bungoma
405,2006,18.763555555555556,81.94388888888889,99.998,1.2875999999999999,1.0205,-0.42951428571428707,1.2253145721925134,Bungoma
405,2007,19.375777777777778,58.70155555555555,99.84079999999999,-0.6168,-0.1997,0.1664777777777786,-0.02414465240641711,Bungoma
405,2008,18.95811111111111,60.168111111111116,99.9712,-1.1934,-0.25970000000000004,-0.26741904761905033,-0.11340387700534763,Bungoma
405,2009,19.546222222222223,69.77722222222222,99.95320000000001,-0.1962,-0.9554,0.3044619047619044,-0.8383631016042781,Bungoma
405,2010,19.09222222222222,80.73700000000001,99.99980000000001,1.4243999999999999,0.7909999999999999,-0.16576825396825612,0.8787776737967914,Bungoma
405,2011,19.358555555555554,75.60711111111112,99.7182,-0.0784,-0.07339999999999999,0.08433492063491954,-0.01488155080213903,Bungoma
405,2012,18.968222222222224,75.24144444444444,99.8962,-0.3708,-1.5777,-0.3222285714285711,-1.5484407754010696,Bungoma
405,2013,18.938333333333333,80.1951111111111,99.9636,0.799,0.1558,-0.36834761904762203,0.1558,Bungoma
405,2014,19.26077777777778,75.11988888888888,99.9864,-0.11359999999999999,0.1046,-0.06213333333333182,0.07534077540106951,Bungoma
405,2015,19.288666666666668,88.42188888888889,99.9834,0.19780000000000003,-1.0649,-0.05047460317460306,-1.123418449197861,Bungoma
405,2016,19.72922222222222,66.53533333333333,99.99879999999999,-0.49720000000000003,-0.2315,0.37385079365078866,-0.31927767379679145,Bungoma
405,2017,19.780555555555555,73.73566666666666,99.998,0.10900000000000001,1.0211000000000001,0.408953968253968,0.9040631016042782,Bungoma
405,2018,18.361777777777778,109.94655555555556,99.9984,1.7774,0.46080000000000004,-1.0260539682539687,0.31450387700534765,Bungoma
405,2019,20.162777777777777,61.175000000000004,99.8878,-0.9199999999999999,-1.1389,0.7587158730158698,-1.314455347593583,Bungoma
405,2020,18.99077777777778,90.23388888888888,99.9992,1.7548000000000001,0.9019,-0.42951428571428707,0.6970854278074867,Bungoma
405,2021,19.172777777777778,75.93822222222222,99.9976,0.7323999999999999,0.2538,-0.2637444444444448,0.01972620320855617,Bungoma
405,2022,19.653000000000002,66.42433333333332,99.998,0.1928,-0.3355,0.20024761904761945,-0.5988330213903743,Bungoma
405,2023,19.390555555555554,75.88644444444444,99.9986,0.028799999999999992,0.4787,-0.07842698412698823,0.18610775401069518,Bungoma
405,2024,19.881555555555554,71.76722222222222,99.999,0.11639999999999999,0.9971000000000001,0.3963428571428551,0.6752485294117647,Bungoma
405,2025,19.477999999999998,82.63944444444445,99.99879999999999,0.1786,0.5806,-0.023442857142860873,0.22948930481283425,Bungoma
405,2026,19.373555555555555,78.54833333333333,99.8456,1.682,1.1604999999999999,-0.14411746031746375,0.7801300802139036,Bungoma
406,1989,26.60175,28.2865,,0.24100000000000002,,-0.7136810439560399,,Isiolo
406,1990,26.5155,33.983875,,1.3847999999999998,,-0.8225752747252706,,Isiolo
406,1991,27.345875,18.00775,42.5686,-0.2472,,-0.014844505494501448,,Isiolo
406,1992,27.65025,25.078000000000003,57.6798,0.38180000000000003,,0.2668862637362679,,Isiolo
406,1993,27.186625,9.36825,29.156600000000005,-0.9408,,-0.21938296703296345,,Isiolo
406,1994,27.809125,10.920125,29.259000000000004,-0.9376000000000001,,0.3804728021978079,,Isiolo
406,1995,27.198375,36.3735,70.31,1.2978,,-0.2529214285714261,,Isiolo
406,1996,27.768375,13.5375,30.0298,-0.9286,,0.29443434065934326,,Isiolo
406,1997,27.064625,44.960625,82.3278,1.383,,-0.4319598901098871,,Isiolo
406,1998,27.292,24.680625,61.1718,0.28500000000000003,,-0.22722912087911595,,Isiolo
406,1999,27.329250000000002,21.664625,42.4544,-0.1096,,-0.21262335164834667,,Isiolo
406,2000,27.829625,5.63325,16.246000000000002,-1.8864,,0.2651074175824206,,Isiolo
406,2001,27.636875,23.922625,53.424800000000005,0.1204,-0.3225,0.04971318681318948,-0.11218285714285703,Isiolo
406,2002,27.245874999999998,33.340375,61.9952,0.563,0.4327,-0.36393104395604325,0.6254907142857143,Isiolo
406,2003,27.757375,30.130375,57.162800000000004,0.5636,0.132,0.12492472527472742,0.3072642857142858,Isiolo
406,2004,27.611875,23.209,60.339,0.1342,-0.1308,-0.04321950549450193,0.026937857142857236,Isiolo
406,2005,28.446875,21.21675,31.9296,-0.39899999999999997,-0.3438,0.7691362637362644,-0.20358857142857134,Isiolo
406,2006,28.08275,19.36725,54.4976,0.0914,-0.05779999999999999,0.38236703296703567,0.06488500000000008,Isiolo
406,2007,28.11625,14.57175,35.6052,-0.7298,-0.04290000000000001,0.3932228021978048,0.06225857142857148,Isiolo
406,2008,27.53525,21.366374999999998,49.4508,0.048,-0.014299999999999998,-0.21042142857142565,0.07333214285714292,Isiolo
406,2009,28.06275,9.25225,27.892200000000003,-1.0366,-0.9801000000000001,0.29443434065934326,-0.9099942857142858,Isiolo
406,2010,27.834375,19.838625,58.623599999999996,0.6106,0.5923,0.043415109890112547,0.6448792857142858,Isiolo
406,2011,28.419875,7.1728749999999994,16.312,-1.9786000000000001,-1.1053,0.6062708791208813,-1.0702471428571427,Isiolo
406,2012,27.95775,15.97525,46.202999999999996,-0.22139999999999999,-0.4396,0.12150164835165,-0.4220735714285714,Isiolo
406,2013,27.345625,34.582125,72.2662,0.975,0.7121,-0.5132675824175834,0.7121,Isiolo
406,2014,27.572625000000002,25.066875,52.3652,0.2656,0.07430000000000002,-0.3089118131868105,0.05677357142857144,Isiolo
406,2015,27.98875,23.381125,64.6954,0.26480000000000004,-0.5515999999999999,0.08456895604395598,-0.5866528571428571,Isiolo
406,2016,28.289,17.16425,39.450599999999994,-0.2378,-0.1676,0.36217472527472694,-0.22017928571428574,Isiolo
406,2017,28.3295,7.370375,18.837600000000002,-1.3219999999999998,-1.0996,0.380030494505494,-1.1697057142857141,Isiolo
406,2018,26.294625,53.943875,87.49100000000001,2.1688,2.0297,-1.6774887362637365,1.9420678571428571,Isiolo
406,2019,28.867875,15.052625,23.6664,-0.4715999999999999,-0.7969999999999999,0.8731170329670341,-0.9021585714285714,Isiolo
406,2020,27.87125,39.776125,69.7054,1.3254,0.7287000000000001,-0.14615219780219846,0.6060150000000001,Isiolo
406,2021,28.029125,15.350875,26.697000000000003,-1.1732,-0.6489,-0.010921428571428748,-0.7891114285714287,Isiolo
406,2022,28.34225,16.699375,28.641399999999997,-0.49820000000000003,-0.9346000000000001,0.27955934065933974,-1.0923378571428572,Isiolo
406,2023,26.946,38.58275,87.5058,1.0308,0.5381,-1.1393348901098896,0.3628357142857142,Isiolo
406,2024,28.255875,40.2265,68.1336,0.9722,1.0867,0.14789587912087754,0.8939092857142856,Isiolo
406,2025,27.784,32.677,64.9248,0.7809999999999999,0.9862,-0.3466233516483541,0.775882857142857,Isiolo
406,2026,27.795125,23.0055,58.839,0.876,0.6394,-0.35814258241758523,0.4115564285714284,Isiolo
407,1989,20.965222222222224,48.36577777777778,,0.5908,,-0.5979140415140414,,Kajiado
407,1990,20.619777777777777,62.95977777777778,,1.9292000000000002,,-0.968084981684985,,Kajiado
407,1991,21.71622222222222,22.659,71.87819999999999,-1.0548,,0.10363296703296498,,Kajiado
407,1992,21.704555555555558,36.84177777777778,81.0806,0.11799999999999997,,0.06723980463980439,,Kajiado
407,1993,22.031111111111112,12.268888888888888,60.075599999999994,-1.5521999999999998,,0.3690688644688649,,Kajiado
407,1994,21.919888888888888,31.276444444444444,78.25739999999999,-0.1488,,0.23312014652014312,,Kajiado
407,1995,21.44066666666667,34.159,70.1818,0.1388,,-0.2708285714285701,,Kajiado
407,1996,21.668111111111113,33.01188888888888,75.7596,0.2598,,-0.06811062271061985,,Kajiado
407,1997,21.65711111111111,45.75644444444445,75.899,0.43,,-0.10383711843712007,,Kajiado
407,1998,21.800444444444445,45.489000000000004,91.9074,0.8784000000000001,,0.014769719169720474,,Kajiado
407,1999,21.455111111111112,35.74666666666666,79.7624,0.15360000000000001,,-0.35529010989010956,,Kajiado
407,2000,22.078555555555553,18.100444444444445,65.303,-1.2878,,0.24342783882783792,,Kajiado
407,2001,21.391222222222225,34.028666666666666,84.796,0.028600000000000004,0.762,-0.4686319902319873,0.9118928571428572,Kajiado
407,2002,21.628555555555558,33.16577777777778,81.068,-0.0702,0.039900000000000005,-0.25602515262514913,0.17730178571428573,Kajiado
407,2003,22.192333333333334,27.959444444444443,68.548,-0.7168,-0.19179999999999997,0.2830261294261298,-0.06688928571428569,Kajiado
407,2004,21.84722222222222,31.77733333333333,81.6806,0.259,0.023200000000000005,-0.08681147741147655,0.13561964285714284,Kajiado
407,2005,22.483,32.70111111111111,79.05640000000001,-0.2244,-0.48860000000000003,0.5242398046398051,-0.3886714285714286,Kajiado
407,2006,21.424666666666667,45.83744444444444,87.0228,0.5700000000000001,0.2614,-0.5588200244200223,0.3488375,Kajiado
407,2007,22.201222222222224,20.117,74.8134,-0.7904,0.195,0.19300903540903747,0.2699464285714286,Kajiado
407,2008,21.697777777777777,40.77155555555556,83.2896,0.534,0.047700000000000006,-0.3351619047619039,0.11015535714285715,Kajiado
407,2009,22.995555555555555,16.770222222222223,59.9542,-1.4266,-1.6204999999999998,0.9378893772893804,-1.5705357142857141,Kajiado
407,2010,21.876444444444445,36.59488888888889,90.4876,0.4532,0.7997000000000001,-0.2059482295482269,0.8371732142857143,Kajiado
407,2011,22.558,18.610555555555557,69.4006,-0.7130000000000001,-0.08510000000000001,0.45088083028083403,-0.06011785714285715,Kajiado
407,2012,22.10311111111111,42.57533333333333,75.6664,0.31799999999999995,-0.3116,-0.028734554334551632,-0.29910892857142857,Kajiado
407,2013,21.764666666666667,46.962999999999994,85.7458,0.7554000000000001,0.5357000000000001,-0.3919054945054903,0.5357000000000001,Kajiado
407,2014,21.90211111111111,24.346444444444444,79.7976,-0.002200000000000024,0.3668,-0.27918754578754346,0.3543089285714286,Kajiado
407,2015,22.338222222222225,36.74033333333333,82.9348,0.12879999999999997,-0.8190999999999999,0.13219706959707622,-0.8440821428571428,Kajiado
407,2016,22.513777777777776,35.69933333333333,86.3552,0.1062,0.1027,0.2830261294261298,0.06522678571428572,Kajiado
407,2017,22.837333333333333,20.965,62.36899999999999,-0.9906,-1.1221999999999999,0.5818551892551937,-1.1721642857142855,Kajiado
407,2018,20.872,75.93566666666668,90.2782,2.085,0.8064,-1.4082046398046373,0.7439446428571429,Kajiado
407,2019,23.357777777777777,20.511,45.3782,-1.2748000000000002,-1.0203000000000002,1.0528466422466458,-1.0952464285714287,Kajiado
407,2020,21.46911111111111,52.32522222222222,96.79339999999999,1.2848000000000002,1.4853,-0.8605465201465172,1.3978625,Kajiado
407,2021,22.230777777777778,32.07066666666666,78.434,0.0334,0.3603,-0.12360634920634439,0.2603714285714286,Kajiado
407,2022,22.867666666666665,21.647000000000002,66.0212,-0.45039999999999997,-0.7769,0.48855604395604857,-0.8893196428571428,Kajiado
407,2023,22.378555555555558,28.566333333333333,75.3184,-0.5516,-0.7419,-0.02528156288155614,-0.8668107142857143,Kajiado
407,2024,22.498555555555555,53.79833333333333,95.2244,0.9624,1.1455,0.06999194139194742,1.0080982142857142,Kajiado
407,2025,22.251444444444445,47.38966666666667,90.6034,0.5822,1.0082,-0.20184566544565996,0.8583071428571428,Kajiado
407,2026,21.554777777777776,64.08144444444444,83.38980000000001,1.904,1.3101000000000003,-0.9232388278388228,1.1477160714285717,Kajiado
492,1989,20.62411111111111,54.67611111111111,,0.9984,,-0.6329492063492097,,Machakos
492,1990,20.927,68.88033333333334,,2.075,,-0.36017142857143014,,Machakos
492,1991,21.32422222222222,34.06688888888888,90.93620000000001,-0.3204,,0.006939682539680803,,Machakos
492,1992,21.485555555555557,34.70155555555556,88.2116,-0.1312,,0.1381619047619047,,Machakos
492,1993,21.29788888888889,16.623444444444445,68.3342,-1.454,,-0.07961587301586803,,Machakos
492,1994,21.659888888888887,25.87666666666667,88.65360000000001,-0.5168,,0.25227301587301554,,Machakos
492,1995,21.24488888888889,29.281222222222222,68.709,-0.2334,,-0.19283809523809126,,Machakos
492,1996,21.442777777777778,26.63922222222222,73.233,-0.6992,,-0.025060317460315673,,Machakos
492,1997,21.607333333333333,53.54844444444444,89.70779999999999,0.8436,,0.10938412698412847,,Machakos
492,1998,21.75288888888889,44.346,94.64959999999999,0.6714,,0.22482857142857426,,Machakos
492,1999,21.196,25.539333333333335,86.8298,-0.5488,,-0.3621714285714255,,Machakos
492,2000,21.669444444444444,15.821222222222225,63.835,-1.6016,,0.0811619047619061,,Machakos
492,2001,21.416222222222224,31.028333333333332,83.47380000000001,-0.11679999999999999,0.023999999999999994,-0.20217142857142534,0.39602608695652175,Machakos
492,2002,21.230666666666664,42.408,83.834,0.1804,0.2633,-0.41783809523809623,0.6043239130434782,Machakos
492,2003,21.935555555555556,36.909666666666666,72.22619999999999,-0.31120000000000003,-0.7734000000000001,0.25693968253968436,-0.46337826086956535,Machakos
492,2004,21.68011111111111,24.402666666666665,81.8256,-0.6666000000000001,-0.0132,-0.028615873015873206,0.2658195652173913,Machakos
492,2005,22.17711111111111,33.004777777777775,91.59400000000001,-0.252,-0.6028,0.4382730158730155,-0.3547826086956522,Machakos
492,2006,21.429,38.71211111111111,95.8296,0.4678,-0.11979999999999999,-0.3399492063492069,0.09721521739130434,Machakos
492,2007,21.858,26.937444444444445,88.4796,-0.5578,-0.0374,0.05893968253968396,0.14861304347826088,Machakos
492,2008,21.433555555555554,33.736444444444444,88.664,0.1082,-0.0333,-0.3956158730158741,0.12171086956521737,Machakos
492,2009,22.43177777777778,17.270111111111113,75.553,-1.5942,-1.9670999999999998,0.5724952380952395,-1.8430913043478259,Machakos
492,2010,21.77188888888889,41.565777777777775,83.0516,0.7852,1.4061,-0.11750476190476178,1.4991065217391304,Machakos
492,2011,22.162666666666667,20.419888888888888,84.364,-0.7836000000000001,-0.3493,0.24316190476190513,-0.28729565217391306,Machakos
492,2012,22.211666666666666,43.483666666666664,85.8546,0.3762,-0.8200000000000001,0.2620507936507934,-0.7889978260869566,Machakos
492,2013,21.698111111111114,46.86911111111111,85.5702,0.876,0.5122,-0.28161587301586977,0.5122,Machakos
492,2014,21.615555555555556,31.640666666666668,85.3226,0.06559999999999999,0.4846,-0.3942825396825391,0.4535978260869565,Machakos
492,2015,22.067,40.723555555555556,90.3768,0.1268,-0.2873,0.02705079365079399,-0.34930434782608694,Machakos
492,2016,22.267333333333333,39.943555555555555,91.808,0.179,0.1129,0.19727301587301582,0.019893478260869568,Machakos
492,2017,22.374444444444446,25.863777777777777,81.797,-0.5104,-0.5859,0.27427301587301756,-0.7099086956521738,Machakos
492,2018,21.186,79.40855555555555,96.2624,2.228,1.1576,-0.9442825396825398,1.0025891304347825,Machakos
492,2019,22.982666666666667,22.482444444444443,44.817600000000006,-1.3834,-1.4272,0.8222730158730158,-1.613213043478261,Machakos
492,2020,21.95888888888889,66.75466666666667,96.0666,1.8829999999999998,1.4775999999999998,-0.2316158730158726,1.2605847826086956,Machakos
492,2021,22.227555555555554,38.654333333333334,93.18979999999999,0.13999999999999999,-0.029,0.006939682539680803,-0.2770173913043478,Machakos
492,2022,22.69011111111111,28.171888888888887,74.801,-0.2716,-0.2728,0.43938412698412677,-0.5518195652173913,Machakos
492,2023,21.862,35.99044444444444,93.6784,0.0316,0.1918,-0.4188380952380939,-0.11822173913043474,Machakos
492,2024,22.491333333333333,95.83066666666667,98.12100000000001,2.2466,0.7424,0.18038412698412998,0.4013760869565217,Machakos
492,2025,22.180888888888887,49.34988888888889,96.7022,0.7929999999999999,0.9709999999999999,-0.1601714285714273,0.5989739130434781,Machakos
492,2026,21.673666666666666,47.57066666666667,88.7544,1.7542000000000002,1.5509,-0.6975047619047601,1.1478717391304347,Machakos
493,1989,22.30622222222222,39.37666666666667,,0.8960000000000001,,-0.6362412698412676,,Makueni
493,1990,22.554,54.49111111111111,,1.9908000000000001,,-0.42153015873015676,,Makueni
493,1991,23.080333333333336,22.36777777777778,68.5066,-0.4404,,0.07173650793651376,,Makueni
493,1992,23.125555555555554,27.506,80.0154,-0.0598,,0.08389206349206546,,Makueni
493,1993,23.07311111111111,9.064666666666666,43.4868,-1.5444,,-0.0016190476190445224,,Makueni
493,1994,23.383444444444443,21.003333333333334,68.2076,-0.2326,,0.27564761904762136,,Makueni
493,1995,22.89966666666667,21.866666666666664,51.2226,-0.1856,,-0.24119682539681975,,Makueni
493,1996,23.06277777777778,22.525777777777776,69.512,-0.168,,-0.111152380952376,,Makueni
493,1997,23.16133333333333,34.31733333333333,79.325,0.35039999999999993,,-0.04566349206348974,,Makueni
493,1998,23.259777777777778,34.15011111111111,88.527,0.9042,,0.019714285714290014,,Makueni
493,1999,22.884777777777778,24.395333333333333,75.393,-0.11259999999999999,,-0.38835238095237656,,Makueni
493,2000,23.273777777777777,15.873222222222223,59.041999999999994,-1.0219999999999998,,-0.032419047619043795,,Makueni
493,2001,23.247666666666664,21.17988888888889,70.3066,-0.303,0.5615,-0.09159682539682379,0.609776923076923,Makueni
493,2002,23.133666666666667,28.967,69.0994,-0.0778,0.6465,-0.23866349206348758,0.690753846153846,Makueni
493,2003,23.782666666666668,22.54611111111111,63.312799999999996,-0.5042,-0.2763,0.37726984126984675,-0.23606923076923078,Makueni
493,2004,23.624333333333333,17.700333333333333,74.6436,-0.5724,0.11960000000000001,0.18586984126984518,0.1558076923076923,Makueni
493,2005,24.008444444444443,21.250888888888888,73.2714,-0.45380000000000004,-0.6965,0.536914285714289,-0.6643153846153846,Makueni
493,2006,23.218333333333334,32.78377777777777,87.1618,0.4866,-0.3166,-0.2862634920634868,-0.28843846153846153,Makueni
493,2007,23.62511111111111,12.14411111111111,55.03920000000001,-1.4752,0.3145,0.087447619047623,0.33863846153846155,Makueni
493,2008,23.166,25.44355555555556,73.5012,0.1998,0.2773,-0.4047301587301533,0.2974153846153846,Makueni
493,2009,24.19,9.720333333333334,47.602199999999996,-1.9131999999999998,-1.9323000000000001,0.586203174603181,-1.9162076923076925,Makueni
493,2010,23.593888888888888,38.105333333333334,78.2714,1.0556,1.0948,-0.042974603174599224,1.1068692307692307,Makueni
493,2011,23.988555555555553,20.27722222222222,68.584,0.053200000000000004,-0.1221,0.31862539682540003,-0.11405384615384616,Makueni
493,2012,23.894,32.06155555555556,73.9896,0.4708,-0.5730999999999999,0.1910031746031784,-0.569076923076923,Makueni
493,2013,23.560555555555553,31.924000000000003,77.6612,0.41739999999999994,0.11229999999999998,-0.17550793650793395,0.11229999999999998,Makueni
493,2014,23.233999999999998,24.464777777777776,69.8376,0.2434,0.6154,-0.5351301587301549,0.611376923076923,Makueni
493,2015,23.788555555555558,37.70933333333333,83.3366,0.5046,-0.6849,-0.013641269841262016,-0.6929461538461538,Makueni
493,2016,24.13133333333333,30.953333333333333,79.12039999999999,0.30720000000000003,-0.378,0.29606984126984415,-0.3900692307692308,Makueni
493,2017,24.096555555555554,22.194000000000003,53.025400000000005,-0.2806,-0.86,0.2282253968254011,-0.8760923076923077,Makueni
493,2018,22.881222222222224,68.19733333333333,90.43199999999999,2.3096,1.0536999999999999,-1.0201746031745955,1.0335846153846153,Makueni
493,2019,24.666444444444444,16.288333333333334,31.6964,-1.434,-1.1038000000000001,0.7319809523809582,-1.1279384615384616,Makueni
493,2020,23.637,48.78888888888889,89.4826,1.6149999999999998,1.4552,-0.3305301587301521,1.4270384615384617,Makueni
493,2021,23.99888888888889,23.296777777777777,66.8122,-0.10899999999999999,-0.014599999999999988,-0.001707936507930441,-0.046784615384615355,Makueni
493,2022,24.364333333333335,16.813111111111112,45.1416,-0.7356,-0.5888,0.3306698412698488,-0.6250076923076923,Makueni
493,2023,23.709,25.722444444444445,74.2944,-0.1452,-0.0753,-0.3577301587301527,-0.11553076923076921,Makueni
493,2024,24.33877777777778,55.74355555555556,93.6354,1.5302,1.0294,0.23898095238095962,0.985146153846154,Makueni
493,2025,23.891666666666666,34.193444444444445,89.3918,0.637,0.9041,-0.24119682539681975,0.855823076923077,Makueni
493,2026,23.317666666666668,39.20811111111111,83.143,2.0842,1.5103,-0.8482634920634844,1.458,Makueni
494,1989,27.382333333333335,29.239222222222224,,0.8390000000000001,,-0.3557924085576225,,Mandera
494,1990,27.174444444444443,32.611999999999995,,1.4216000000000002,,-0.5999373360938591,,Mandera
494,1991,27.943666666666665,24.90277777777778,74.096,0.5154,,0.13302884748102173,,Mandera
494,1992,28.648111111111113,12.005444444444445,45.8648,-0.7784000000000001,,0.801217253278125,,Mandera
494,1993,27.444333333333333,25.44411111111111,49.0024,-0.0702,,-0.4388165631469967,,Mandera
494,1994,28.017555555555557,14.857777777777777,53.123400000000004,-0.44139999999999996,,0.09814962042788267,,Mandera
494,1995,27.577777777777776,22.174555555555557,71.95939999999999,0.5666,,-0.37788419599723966,,Mandera
494,1996,27.701222222222224,15.671888888888889,60.2774,-0.3324,,-0.2906957902001359,,Mandera
494,1997,27.36011111111111,30.19388888888889,89.9284,1.2309999999999999,,-0.6680629399585918,,Mandera
494,1998,28.58711111111111,23.27188888888889,71.9358,0.33120000000000005,,0.5226810213940638,,Mandera
494,1999,27.829444444444444,13.07322222222222,43.0652,-0.1048,,-0.27124168391994274,,Mandera
494,2000,28.322666666666667,12.073222222222222,22.6078,-1.3152000000000001,,0.18572449965493476,,Mandera
494,2001,28.487444444444446,8.393555555555556,40.2376,-1.186,-1.0685,0.3142462387853726,-0.5050604395604396,Mandera
494,2002,28.188333333333333,18.418666666666667,69.3828,0.281,-0.2374,-0.021120910973085216,0.2790862637362637,Mandera
494,2003,28.605555555555554,22.02411111111111,60.17819999999999,0.4798,-0.3798,0.35984527260179533,0.08973296703296701,Mandera
494,2004,28.108333333333334,8.789333333333333,61.462599999999995,-1.0198,-0.5482,-0.1736329882677694,-0.12562032967032966,Mandera
494,2005,28.65933333333333,16.422555555555554,36.407000000000004,-0.607,-0.5604,0.34111097308488425,-0.18477362637362638,Mandera
494,2006,27.89988888888889,19.598555555555556,82.712,0.16960000000000003,-0.2258,-0.45458951000690107,0.1028730769230769,Mandera
494,2007,28.77633333333333,16.772333333333332,53.238200000000006,-0.21080000000000002,0.2137,0.38559889579019924,0.4954197802197802,Mandera
494,2008,28.076888888888888,17.586777777777776,61.94840000000001,0.017599999999999998,-0.38660000000000005,-0.35010158730158736,-0.15183351648351653,Mandera
494,2009,29.129222222222225,9.491777777777777,44.7552,-0.9784,-1.0815,0.6659757073844048,-0.8936868131868131,Mandera
494,2010,27.783666666666665,24.000555555555554,80.1942,1.1922000000000001,1.5188000000000001,-0.7158358868184962,1.6596598901098902,Mandera
494,2011,29.550666666666668,5.870888888888889,14.3916,-1.9622,-1.3236999999999999,1.014908074534162,-1.2297934065934064,Mandera
494,2012,28.766555555555556,11.18611111111111,33.4656,-0.8182,-0.1389,0.1945409247757084,-0.09194670329670329,Mandera
494,2013,27.807222222222222,25.734555555555556,88.78999999999999,1.075,1.5359,-0.8010484472049697,1.5359,Mandera
494,2014,28.777555555555555,10.386000000000001,52.242999999999995,-0.9039999999999999,-0.4747,0.13302884748102173,-0.5216532967032967,Mandera
494,2015,27.901666666666667,21.119888888888887,77.2264,0.3884,-0.4089,-0.7791160800552106,-0.5028065934065934,Mandera
494,2016,29.143777777777775,19.464,76.8134,0.41200000000000003,0.21239999999999998,0.4267389924085556,0.07154010989010987,Mandera
494,2017,29.312555555555555,11.939,46.8236,-0.7682,-0.5163,0.5592607315389913,-0.7041131868131868,Mandera
494,2018,27.466666666666665,40.65166666666667,93.1648,1.7841999999999998,0.8232999999999999,-1.32288419599724,0.5885335164835164,Mandera
494,2019,29.57288888888889,15.933666666666669,31.7738,-0.9442,-0.8174,0.7470819875776407,-1.0991197802197803,Mandera
494,2020,28.947999999999997,29.75,78.1668,1.168,0.8002999999999999,0.085937060041406,0.471626923076923,Mandera
494,2021,28.589555555555553,19.50711111111111,79.17920000000001,0.06239999999999999,0.2217,-0.30876342305038307,-0.15392637362637362,Mandera
494,2022,29.672444444444448,10.726,41.197199999999995,-0.9776,-0.8518,0.7378694271911712,-1.2743796703296704,Mandera
494,2023,28.35488888888889,35.95088888888889,84.376,1.5622,1.0031,-0.6159421670117311,0.533567032967033,Mandera
494,2024,29.049000000000003,28.48911111111111,89.8536,0.7948000000000001,1.0725,0.041912905452040405,0.5560137362637363,Mandera
494,2025,28.884222222222224,25.447333333333333,85.57239999999999,0.786,0.5474,-0.15912091097308334,-0.016039560439560452,Mandera
494,2026,28.86311111111111,24.930999999999997,83.5442,1.0484,1.0174,-0.21648806073153892,0.4070071428571429,Mandera
495,1989,26.28088888888889,37.598555555555556,,0.5684,,-0.4577169000933665,,Marsabit
495,1990,25.739,34.828,,1.1414,,-1.0281155929038235,,Marsabit
495,1991,27.117444444444445,22.885,56.2706,-0.1018,,0.32181904761905145,,Marsabit
495,1992,27.147555555555556,21.195888888888888,54.641,-0.41459999999999997,,0.32342035480859366,,Marsabit
495,1993,26.72244444444444,26.97877777777778,43.709199999999996,-0.020800000000000003,,-0.13020056022408966,,Marsabit
495,1994,27.270444444444443,22.735444444444443,51.5942,-0.521,,0.3892896358543432,,Marsabit
495,1995,26.43811111111111,32.95033333333333,54.6254,0.43920000000000003,,-0.4715535014005603,,Marsabit
495,1996,27.06211111111111,15.970666666666666,49.958,-0.7162,,0.12393669467787305,,Marsabit
495,1997,26.593333333333334,45.169999999999995,71.732,1.1206,,-0.37335088702147345,,Marsabit
495,1998,26.796777777777777,27.525111111111112,59.053399999999996,0.1688,,-0.19841624649859924,,Marsabit
495,1999,26.915,22.366111111111113,47.4812,-0.2344,,-0.108703828197946,,Marsabit
495,2000,27.860444444444443,6.2171111111111115,16.7882,-2.2484,,0.8082308123249327,,Marsabit
495,2001,27.005777777777777,24.673333333333332,61.665200000000006,0.06460000000000002,0.007000000000000006,-0.07494565826330302,0.24287552447552452,Marsabit
495,2002,26.458555555555556,30.921333333333337,64.5334,0.3468,0.024499999999999994,-0.6506776844070927,0.2407192307692308,Marsabit
495,2003,27.066111111111113,37.10477777777778,55.433400000000006,0.42840000000000006,-0.0893,-0.07163193277310498,0.10726293706293709,Marsabit
495,2004,27.31277777777778,28.91,62.580799999999996,0.2352,-0.21539999999999998,0.14652492997199218,-0.0384933566433566,Marsabit
495,2005,27.74311111111111,29.67388888888889,33.5764,-0.5518,-0.748,0.5483484593837531,-0.5907496503496503,Marsabit
495,2006,27.518333333333334,31.383333333333333,64.9832,0.497,-0.20679999999999998,0.2950608776844099,-0.06920594405594402,Marsabit
495,2007,27.73288888888889,21.877,46.271,-0.3148,-0.3151,0.481106629318397,-0.19716223776223774,Marsabit
495,2008,26.94688888888889,25.14966666666667,56.354200000000006,-0.0948,-0.157,-0.33340317460317337,-0.058718531468531454,Marsabit
495,2009,27.78322222222222,13.844444444444443,39.0718,-1.1865999999999999,-0.9556,0.4744203548085899,-0.8769748251748252,Marsabit
495,2010,26.96188888888889,24.011444444444447,65.1982,0.2934,0.5450999999999999,-0.3754227824463108,0.604068881118881,Marsabit
495,2011,28.381999999999998,6.4063333333333325,17.6498,-2.071,-1.092,1.0161785247432285,-1.0526874125874126,Marsabit
495,2012,27.487333333333332,29.57133333333333,54.7316,-0.1276,-0.23960000000000004,0.09300205415499363,-0.21994370629370633,Marsabit
495,2013,26.775666666666666,40.86322222222222,76.3538,1.1583999999999999,0.7958999999999999,-0.6471744164332414,0.7958999999999999,Marsabit
495,2014,27.104333333333333,24.898555555555554,56.248400000000004,-0.020200000000000006,0.1509,-0.34701755368814347,0.1312437062937063,Marsabit
495,2015,27.15577777777778,35.651777777777774,72.2004,0.6326,-0.2376,-0.3240829131652667,-0.2769125874125874,Marsabit
495,2016,28.002,36.04666666666666,58.02759999999999,0.472,-0.3174,0.4936295051353845,-0.3763688811188811,Marsabit
495,2017,28.12311111111111,22.158666666666665,40.0634,-0.6856,-0.8373999999999999,0.5862308123249313,-0.9160251748251748,Marsabit
495,2018,25.334777777777777,65.26855555555557,86.55499999999999,2.1716,1.8757,-2.2306123249299716,1.7774185314685313,Marsabit
495,2019,28.49411111111111,18.572333333333333,36.492399999999996,-0.7752000000000001,-0.7726999999999999,0.900211204481792,-0.8906377622377621,Marsabit
495,2020,27.334999999999997,39.409,69.4378,0.8586,0.7505,-0.2874097105508895,0.612905944055944,Marsabit
495,2021,27.724888888888888,20.442666666666668,43.9884,-0.6288,-0.3393,0.07396937441643203,-0.49655034965034966,Marsabit
495,2022,28.334999999999997,16.55622222222222,41.1842,-0.8474,-0.8766,0.6555706816059725,-1.0535066433566433,Marsabit
495,2023,26.705555555555556,51.60711111111111,78.76820000000001,1.3046,0.8016,-1.002383566760038,0.6050370629370629,Marsabit
495,2024,27.96588888888889,43.09488888888889,77.511,1.1280000000000001,1.0236,0.22943996265172828,0.8073807692307693,Marsabit
495,2025,27.43155555555556,36.651777777777774,70.31120000000001,0.612,1.4319000000000002,-0.33340317460317337,1.1960244755244758,Marsabit
495,2026,26.76488888888889,34.025333333333336,72.2488,0.917,1.5972,-1.0285796451914102,1.3416681818181817,Marsabit
496,1989,17.866111111111113,59.227777777777774,,-0.15460000000000002,,-0.7028578898225959,,Meru
496,1990,18.095444444444446,88.40155555555556,,1.345,,-0.4917337068160599,,Meru
496,1991,18.55011111111111,59.287444444444446,96.406,-0.238,,-0.055276190476192255,,Meru
496,1992,18.65,51.21277777777778,95.35260000000001,-0.6702,,0.02640354808589862,,Meru
496,1993,18.325666666666663,49.67922222222222,91.06320000000001,-0.6548,,-0.31613893557423367,,Meru
496,1994,18.700444444444443,47.41411111111111,95.1708,-0.7656,,0.040429691876749274,,Meru
496,1995,18.573,75.35366666666667,93.9194,0.4032,,-0.10522390289449035,,Meru
496,1996,18.86333333333333,42.59388888888889,87.71000000000001,-1.1461999999999999,,0.1669002801120385,,Meru
496,1997,18.606,93.924,94.66,1.1354,,-0.10864220354808651,,Meru
496,1998,18.81844444444444,72.007,98.9502,0.659,,0.08559309056955655,,Meru
496,1999,18.644333333333336,53.75177777777778,93.00280000000001,-0.5864,,-0.10672717086834638,,Meru
496,2000,19.080666666666666,27.55177777777778,80.2974,-1.7235999999999998,,0.3113970121381868,,Meru
496,2001,18.75633333333333,68.27699999999999,95.6062,0.3432,0.003,-0.031145471521945467,0.18525384615384616,Meru
496,2002,18.470555555555556,107.54788888888889,98.1848,1.2972,0.2496,-0.33513239962651653,0.4166660256410256,Meru
496,2003,18.85611111111111,83.54033333333334,95.0228,0.7008,0.09209999999999999,0.03221400560224197,0.24397820512820512,Meru
496,2004,18.738555555555553,54.837666666666664,96.6564,-0.16699999999999998,0.2661,-0.10355070028011681,0.40279038461538463,Meru
496,2005,19.164666666666665,54.897555555555556,94.9858,-0.8513999999999999,-0.5341,0.30435126050419825,-0.4125974358974359,Meru
496,2006,18.94388888888889,73.00266666666667,97.4372,0.20060000000000003,-0.1627,0.06536433239962491,-0.05638525641025642,Meru
496,2007,19.130222222222223,56.260888888888886,96.0684,-0.286,0.0839,0.23348851540616167,0.17502692307692308,Meru
496,2008,18.76077777777778,52.24744444444445,92.0726,-0.4446,-0.0333,-0.15416507936507884,0.04263910256410256,Meru
496,2009,19.20422222222222,43.562555555555555,90.91760000000001,-1.1991999999999998,-0.9694,0.2710702147525659,-0.9086487179487179,Meru
496,2010,18.992666666666665,79.61711111111111,98.1192,0.9028,0.9636999999999999,0.041305508870213004,1.0092634615384615,Meru
496,2011,19.35888888888889,53.906444444444446,79.46799999999999,-0.8022,-0.9614999999999999,0.38931858076564296,-0.9311243589743589,Meru
496,2012,18.897222222222222,62.740111111111105,94.4164,-0.2526,-0.7064,-0.09055723622782352,-0.6912121794871795,Meru
496,2013,18.83111111111111,87.93299999999999,92.6694,1.1352,0.571,-0.17487749766573657,0.571,Meru
496,2014,18.88111111111111,55.26766666666666,87.68199999999999,-0.24059999999999998,0.2226,-0.1430866479925328,0.2074121794871795,Meru
496,2015,19.072555555555553,80.46855555555555,96.3214,0.6232,-0.05700000000000001,0.030148646125113032,-0.08737564102564103,Meru
496,2016,19.283666666666665,60.69122222222222,95.3698,-0.2028,-0.1013,0.22305060690942824,-0.14686346153846153,Meru
496,2017,19.380222222222223,44.92466666666667,84.6186,-1.1018000000000001,-1.002,0.3013970121381888,-1.062751282051282,Meru
496,2018,18.224888888888888,149.6843333333333,98.045,2.3374,0.7548999999999999,-0.872145471521943,0.6789608974358974,Meru
496,2019,19.884444444444444,40.79555555555555,70.67060000000001,-1.0295999999999998,-1.0898999999999999,0.7692009337068164,-1.181026923076923,Meru
496,2020,19.038666666666668,107.80322222222222,98.7174,1.6244,0.9222999999999999,-0.09478599439775692,0.8159852564102563,Meru
496,2021,19.025333333333336,65.344,97.811,-0.10880000000000001,-0.1476,-0.12632847805788927,-0.2691025641025641,Meru
496,2022,19.392555555555553,39.39588888888889,87.1114,-0.9598000000000001,-0.7176,0.22268459383753125,-0.8542903846153846,Meru
496,2023,18.59688888888889,84.12655555555556,95.5966,0.7272000000000001,0.4501,-0.5911912231559278,0.2982217948717949,Meru
496,2024,19.25511111111111,117.769,98.22200000000001,1.537,0.9239999999999999,0.048821848739493134,0.7569339743589742,Meru
496,2025,19.070333333333334,93.24977777777778,96.79860000000001,0.843,0.9826,-0.15416507936507884,0.8003461538461538,Meru
496,2026,18.823777777777778,92.7291111111111,97.8854,1.1076000000000001,1.045,-0.41892978524743185,0.8475583333333332,Meru
517,1989,16.898,54.58933333333333,,0.5494,,-0.7362581196581246,,Narok
517,1990,16.862444444444446,52.34166666666667,,1.082,,-0.7866854700854731,,Narok
517,1991,17.628555555555558,42.25244444444444,89.5162,-0.7929999999999999,,-0.03544615384615568,,Narok
517,1992,17.77722222222222,37.025888888888886,91.5838,-0.6748,,0.09834871794871347,,Narok
517,1993,17.805,28.83866666666667,89.66,-1.0358,,0.11125470085469757,,Narok
517,1994,17.543555555555557,46.9268888888889,92.3606,0.08199999999999999,,-0.16506153846153993,,Narok
517,1995,17.632333333333335,45.434,96.2072,0.0838,,-0.09115555555555588,,Narok
517,1996,17.796333333333333,38.31344444444445,93.88199999999999,-0.08920000000000002,,0.05797264957264758,,Narok
517,1997,17.924777777777777,52.361555555555555,85.8646,0.045799999999999993,,0.17154529914529704,,Narok
517,1998,17.976222222222223,45.415,98.46979999999999,-0.1222,,0.2081179487179483,,Narok
517,1999,17.439222222222224,53.61855555555556,91.5384,0.40759999999999996,,-0.3437538461538452,,Narok
517,2000,18.314888888888888,30.96322222222222,82.79560000000001,-1.485,,0.5170410256410243,,Narok
517,2001,17.114,41.84311111111111,98.111,-0.23680000000000004,1.004,-0.6987196581196571,0.9766428571428571,Narok
517,2002,17.64322222222222,51.782444444444444,94.6392,0.22460000000000005,0.2116,-0.18436923076923506,0.18652261904761902,Narok
517,2003,18.053,48.66833333333333,90.9178,-0.49539999999999995,-0.0336,0.2105367521367505,-0.056397619047619064,Narok
517,2004,17.57477777777778,51.26822222222222,95.2264,0.5374,0.013000000000000012,-0.28255726495726563,-0.007517857142857149,Narok
517,2005,18.164666666666665,47.10633333333333,94.3852,-0.09119999999999999,0.08539999999999999,0.29245982905982615,0.06716190476190473,Narok
517,2006,17.428888888888892,61.09988888888889,91.7514,0.8640000000000001,-0.21,-0.45818974358974174,-0.22595833333333334,Narok
517,2007,17.78188888888889,36.35055555555555,98.212,-0.25880000000000003,0.8937,-0.12006153846153822,0.8800214285714286,Narok
517,2008,17.642222222222223,39.781,93.0066,-0.24479999999999996,-0.028399999999999998,-0.2745999999999995,-0.03979880952380953,Narok
517,2009,18.648777777777777,38.86588888888889,84.8222,-1.139,-1.0922999999999998,0.7170837606837601,-1.1014190476190475,Narok
517,2010,17.834111111111113,50.62744444444444,99.014,0.7048,0.6842000000000001,-0.11245470085469833,0.6773607142857144,Narok
517,2011,18.407555555555557,33.17366666666666,89.4174,-0.9396000000000001,-0.6597999999999999,0.4461179487179514,-0.6643595238095238,Narok
517,2012,17.632555555555555,62.660222222222224,91.825,0.7678,-0.2272,-0.3437538461538452,-0.2294797619047619,Narok
517,2013,17.512555555555554,58.06155555555555,97.4064,0.9178,0.32499999999999996,-0.47862564102564065,0.32499999999999996,Narok
517,2014,18.031555555555556,28.238666666666667,95.31,-0.9846,-0.1223,0.025502564102566794,-0.1200202380952381,Narok
517,2015,18.166,51.46166666666667,88.2192,-0.13740000000000002,-1.3244,0.14507521367521292,-1.3198404761904763,Narok
517,2016,18.396666666666665,47.038,98.26379999999999,0.038400000000000004,0.4444,0.3608700854700828,0.45123928571428573,Narok
517,2017,18.922666666666668,28.428555555555555,85.4126,-1.3278,-0.9792000000000001,0.8719982905982917,-0.9700809523809525,Narok
517,2018,17.042777777777776,90.25655555555555,95.2418,1.9914,-0.0107,-1.0227623931623953,0.0006988095238095338,Narok
517,2019,19.327,37.416777777777774,75.33919999999999,-1.0874000000000001,-1.0413,1.2465880341880364,-1.0276214285714285,Narok
517,2020,17.526666666666667,75.03333333333333,99.97380000000001,1.9132000000000002,1.2852000000000001,-0.5686170940170925,1.3011583333333334,Narok
517,2021,17.737111111111112,46.992333333333335,97.1348,0.2658,0.3607,-0.3730444444444423,0.3789380952380953,Narok
517,2022,18.424666666666667,44.91388888888889,95.9696,0.5978,-0.1119,0.2996393162393183,-0.09138214285714284,Narok
517,2023,17.977777777777778,50.56422222222223,92.9812,0.1548,-0.228,-0.1621213675213653,-0.20520238095238094,Narok
517,2024,18.324666666666666,64.48233333333333,99.5654,0.8458,1.0587999999999997,0.16989572649572793,1.0838773809523807,Narok
517,2025,17.93488888888889,57.31755555555555,97.9784,0.5156,0.7070000000000001,-0.23475384615384343,0.7343571428571429,Narok
517,2026,17.739111111111114,68.70377777777777,96.1104,1.5882,0.4868,-0.44540341880341217,0.5164369047619048,Narok
521,1989,13.745555555555557,57.67311111111111,,0.35839999999999994,,-0.4282888888888863,,Nyandarua
521,1990,13.98011111111111,69.66000000000001,,1.6764,,-0.206674853801168,,Nyandarua
521,1991,14.14111111111111,46.14644444444444,99.69579999999999,-0.2712,,-0.05861637426900579,,Nyandarua
521,1992,14.339222222222222,35.82555555555555,99.44539999999999,-0.5736000000000001,,0.12655321637427086,,Nyandarua
521,1993,14.012222222222222,19.76511111111111,94.118,-1.0668,,-0.21338830409356468,,Nyandarua
521,1994,14.142888888888889,46.06655555555556,99.9346,-0.1024,,-0.09566315789473556,,Nyandarua
521,1995,14.219888888888889,46.943000000000005,96.36580000000001,0.16399999999999998,,-0.03160467836257119,,Nyandarua
521,1996,14.421777777777777,32.31144444444445,96.7164,-0.8629999999999999,,0.15734269005847956,,Nyandarua
521,1997,14.277666666666667,60.181555555555555,99.51480000000001,0.938,,0.0002900584795337835,,Nyandarua
521,1998,14.836,59.06944444444444,99.98400000000001,0.46340000000000003,,0.5456818713450318,,Nyandarua
521,1999,14.133000000000001,34.92344444444444,99.784,-0.6073999999999999,,-0.170259649122805,,Nyandarua
521,2000,14.604777777777779,19.111333333333334,89.037,-2.0504,,0.28857660818713704,,Nyandarua
521,2001,13.867111111111111,47.48522222222223,99.971,0.38120000000000004,0.523,-0.46203157894736613,0.6423166666666666,Nyandarua
521,2002,14.243444444444444,37.12211111111111,97.3794,-0.1876,0.24609999999999999,-0.0986397660818703,0.3554736111111111,Nyandarua
521,2003,14.453,49.647666666666666,97.527,-0.002200000000000002,-0.8503,0.09797426900584938,-0.7508694444444444,Nyandarua
521,2004,14.260666666666667,45.553111111111114,99.71459999999999,0.52,0.4652,-0.10730058479532012,0.5546875,Nyandarua
521,2005,14.462222222222222,46.45155555555555,99.89020000000001,0.0712,-0.571,0.08131345029239867,-0.49145555555555553,Nyandarua
521,2006,14.292777777777777,50.72311111111111,99.9448,0.3194,0.9044,-0.1010725146198812,0.9740013888888889,Nyandarua
521,2007,14.262777777777778,31.522666666666666,99.436,-0.1486,0.1389,-0.14401403508771793,0.19855833333333334,Nyandarua
521,2008,13.848666666666666,35.845,99.339,-0.5439999999999999,-0.21810000000000002,-0.5710666666666651,-0.16838472222222223,Nyandarua
521,2009,14.706888888888889,27.871555555555556,99.484,-0.9795999999999999,-1.7077,0.2742140350877218,-1.6679277777777777,Nyandarua
521,2010,14.430666666666667,71.67455555555556,99.9568,1.4322,1.3878,-0.01494970760233727,1.4176291666666665,Nyandarua
521,2011,14.536777777777777,28.583666666666673,97.7416,-0.7032,-0.1849,0.07821988304093708,-0.1650138888888889,Nyandarua
521,2012,14.178888888888888,64.22377777777778,99.846,0.8674,-0.43279999999999996,-0.2926105263157872,-0.4228569444444444,Nyandarua
521,2013,14.269333333333334,65.73955555555557,99.9662,1.0044,0.5315000000000001,-0.21510760233917914,0.5315000000000001,Nyandarua
521,2014,14.151444444444444,26.933777777777777,98.7766,-0.3806,0.1483,-0.345938011695905,0.13835694444444444,Nyandarua
521,2015,14.426222222222224,48.21355555555556,99.9266,0.1852,-0.3192,-0.08410175438596212,-0.3390861111111111,Nyandarua
521,2016,14.945444444444446,55.92444444444445,99.9672,0.43360000000000004,0.4282,0.4221789473684243,0.39837083333333334,Nyandarua
521,2017,14.97411111111111,19.908333333333335,97.7982,-1.5006,-1.2588,0.4379040935672531,-1.2985722222222222,Nyandarua
521,2018,14.036222222222221,93.49944444444445,99.9768,2.0195999999999996,0.7543,-0.512926315789473,0.7045847222222222,Nyandarua
521,2019,15.491333333333333,24.705222222222222,78.58959999999999,-1.3232,-1.3367,0.9292432748538033,-1.3963583333333334,Nyandarua
521,2020,14.650666666666666,82.21922222222221,99.9786,1.6494,0.9109,0.07563508771930039,0.8412986111111111,Nyandarua
521,2021,14.398888888888889,33.13655555555555,99.4656,-0.5266,0.0964,-0.18908421052631397,0.016855555555555554,Nyandarua
521,2022,14.698888888888888,23.659222222222223,98.3938,-0.61,-0.7213,0.09797426900584938,-0.8107875,Nyandarua
521,2023,14.463444444444443,43.66,99.8086,0.0668,0.2393,-0.150411695906433,0.13986944444444446,Nyandarua
521,2024,14.956666666666669,100.92611111111111,99.982,1.3399999999999999,0.6607,0.3298690058479572,0.5513263888888889,Nyandarua
521,2025,14.555555555555555,51.635,99.97,0.4446,0.6898,-0.0841836257309918,0.5704833333333333,Nyandarua
521,2026,14.399777777777777,55.69155555555555,99.8126,1.1596,1.2304,-0.25290292397660785,1.1011402777777777,Nyandarua
522,1989,24.816222222222223,50.56188888888889,,0.5284,,-0.3961174603174591,,Kwale
522,1990,24.96411111111111,54.675,,1.0842,,-0.2689746031746054,,Kwale
522,1991,25.457444444444445,49.60711111111112,92.33840000000001,0.21939999999999998,,0.20361269841270158,,Kwale
522,1992,25.34877777777778,39.35211111111111,94.3496,-0.5384,,0.0742000000000047,,Kwale
522,1993,25.438222222222223,24.44188888888889,82.89880000000001,-1.6762000000000001,,0.14289841269841475,,Kwale
522,1994,25.300666666666665,57.734,93.0668,0.5442,,-0.015403174603175529,,Kwale
522,1995,25.179777777777776,54.32233333333333,80.17920000000001,-0.1902,,-0.15703809523809653,,Kwale
522,1996,25.052666666666667,69.31688888888888,94.52040000000001,0.9904,,-0.3048952380952379,,Kwale
522,1997,25.184222222222225,69.47155555555555,93.038,1.0974,,-0.19408571428571264,,Kwale
522,1998,25.602666666666668,59.080666666666666,97.03299999999999,1.2476,,0.20361269841270158,,Kwale
522,1999,25.05366666666667,46.98122222222222,95.0932,0.2742,,-0.3661333333333303,,Kwale
522,2000,25.120777777777775,36.952444444444446,94.36580000000001,-0.5740000000000001,,-0.31976825396825603,,Kwale
522,2001,25.448555555555558,27.384888888888888,94.065,-1.1640000000000001,0.1315,-0.012736507936505603,-0.17777368421052636,Kwale
522,2002,25.278888888888886,47.20377777777778,96.2056,0.7674000000000001,0.1881,-0.20314920634920952,-0.09540087719298251,Kwale
522,2003,25.985333333333333,32.00022222222222,84.92060000000001,-1.1238,0.2676,0.48254920634920495,0.009871929824561365,Kwale
522,2004,25.76077777777778,28.59722222222222,91.67139999999999,-0.17519999999999997,0.6085,0.23724761904761849,0.37654473684210527,Kwale
522,2005,25.842111111111112,38.96,86.7404,-0.7654,0.2957,0.2978349206349229,0.0895175438596491,Kwale
522,2006,25.266111111111112,63.40477777777778,96.1898,0.8048,0.7418,-0.29891111111111,0.5613903508771929,Kwale
522,2007,25.70588888888889,59.599222222222224,84.5218,-0.05920000000000001,0.8211999999999999,0.12012063492063518,0.6665631578947367,Kwale
522,2008,25.290888888888887,38.102000000000004,97.91479999999999,-0.6384000000000001,0.1449,-0.3156253968253999,0.01603596491228068,Kwale
522,2009,25.82988888888889,15.71788888888889,87.474,-1.8694000000000002,-1.0611000000000002,0.20262857142856916,-1.1641912280701756,Kwale
522,2010,25.786666666666665,53.120222222222225,96.287,0.3488,0.4533,0.13866031746031382,0.3759815789473684,Kwale
522,2011,25.731555555555556,36.055,94.69839999999999,-0.2218,0.2683,0.06280317460317164,0.21675438596491226,Kwale
522,2012,25.870555555555555,31.633888888888887,87.9502,-1.163,-0.6839999999999999,0.18105714285714214,-0.7097728070175437,Kwale
522,2013,25.672222222222224,44.24133333333333,96.2628,0.3016,-0.5414,-0.03802222222222085,-0.5414,Kwale
522,2014,25.380444444444446,45.11866666666666,92.958,0.1028,0.30679999999999996,-0.35054603174603116,0.3325728070175438,Kwale
522,2015,25.84488888888889,38.18311111111112,95.2004,-0.2444,-0.1028,0.09315238095237888,-0.051254385964912275,Kwale
522,2016,26.21811111111111,39.955666666666666,95.9764,-0.0020000000000000018,0.0629,0.4456285714285677,0.1402184210526316,Kwale
522,2017,25.69377777777778,48.361000000000004,97.5214,-0.3438,-1.2782,-0.09945079365079579,-1.1751087719298245,Kwale
522,2018,25.22711111111111,67.14266666666667,98.2554,1.3519999999999999,1.3325,-0.5868634920634968,1.4613640350877193,Kwale
522,2019,26.203222222222223,50.714111111111116,82.377,-0.9994,-0.8562000000000001,0.3685015873015871,-0.7015631578947369,Kwale
522,2020,25.508444444444443,72.09655555555555,99.1944,1.8001999999999998,1.2389000000000001,-0.34702222222222545,1.4193096491228072,Kwale
522,2021,25.917777777777776,43.070888888888895,80.702,-0.039200000000000006,-0.5301,0.04156507936507481,-0.3239175438596491,Kwale
522,2022,26.257333333333335,28.53488888888889,91.9912,-0.37220000000000003,-1.3883,0.360374603174602,-1.1563447368421054,Kwale
522,2023,25.81377777777778,56.83555555555555,96.3264,0.788,-1.1912,-0.10392698412698564,-0.9334719298245614,Kwale
522,2024,26.177777777777777,37.526,96.5024,-0.015999999999999993,0.6493,0.23932698412697917,0.9328008771929825,Kwale
522,2025,25.777,44.08022222222222,97.15360000000001,0.1658,0.2539,-0.18219682539682935,0.5631736842105264,Kwale
522,2026,25.468444444444444,34.87455555555555,91.92080000000001,0.571,1.0781999999999998,-0.5114984126984154,1.41324649122807,Kwale
524,1989,20.64,46.59422222222222,,0.6212,,-0.8940250440917161,,Samburu
524,1990,20.825222222222223,69.15766666666667,,2.2222,,-0.7244571428571476,,Samburu
524,1991,21.566111111111113,35.48188888888889,78.849,-0.0892,,0.0007774250440881758,,Samburu
524,1992,21.66422222222222,28.857555555555557,74.0818,-0.2352,,0.08323421516754337,,Samburu
524,1993,21.107777777777777,15.306111111111111,34.9442,-1.2872,,-0.4888645502645552,,Samburu
524,1994,21.64922222222222,27.281444444444443,62.2204,-0.39540000000000003,,0.036925573192235106,,Samburu
524,1995,21.654333333333334,25.590333333333334,56.1124,-0.3402,,0.026382363315690327,,Samburu
524,1996,22.089777777777776,23.457666666666668,65.1614,-0.7226,,0.446172486772479,,Samburu
524,1997,21.32766666666667,48.090444444444444,88.4386,0.9007999999999999,,-0.3315929453262818,,Samburu
524,1998,21.76488888888889,33.80811111111112,75.0334,-0.08420000000000001,,0.08997495590828564,,Samburu
524,1999,21.69633333333333,25.001666666666665,72.4554,-0.22679999999999997,,0.005765079365072978,,Samburu
524,2000,22.407888888888888,8.373555555555555,24.8748,-2.2752,,0.7016663139329751,,Samburu
524,2001,21.679444444444446,34.82688888888889,91.7946,0.2952,0.107,-0.04243245149912056,0.04627250000000005,Samburu
524,2002,21.248666666666665,55.461222222222226,94.6874,1.1809999999999998,0.316,-0.4888645502645552,0.26033312500000005,Samburu
524,2003,21.646444444444445,48.904666666666664,78.613,0.6626000000000001,0.0232,-0.1067410934744295,-0.02740624999999996,Samburu
524,2004,21.689,39.79855555555556,94.8268,0.5224,0.5205,-0.07983985890653145,0.474954375,Samburu
524,2005,22.11411111111111,34.93322222222222,64.1274,-0.254,-0.43110000000000004,0.3296169312169255,-0.47158500000000003,Samburu
524,2006,22.195444444444448,33.056000000000004,80.575,0.298,-0.0512,0.39529594356260844,-0.08662437499999998,Samburu
524,2007,21.887,29.89577777777778,85.00120000000001,0.1538,-0.0569,0.07119717813050741,-0.08726374999999997,Samburu
524,2008,21.614333333333335,25.794777777777778,74.0796,-0.42119999999999996,0.1066,-0.21712380952381238,0.08129687500000002,Samburu
524,2009,22.100444444444445,17.661777777777775,49.213,-1.425,-1.4238,0.2533329805996445,-1.4440425,Samburu
524,2010,21.699555555555555,46.824,96.7538,1.2086000000000001,1.3256000000000001,-0.1632102292768991,1.3104181250000002,Samburu
524,2011,22.301666666666666,14.724444444444446,48.9498,-1.1764,-1.0543,0.42324656084655743,-1.06442125,Samburu
524,2012,21.670222222222222,46.282000000000004,75.2588,0.351,0.0016000000000000042,-0.22385220458554045,-0.0034606249999999915,Samburu
524,2013,21.462333333333333,52.75588888888889,94.05199999999999,1.1986,0.9401,-0.4473954144620862,0.9401,Samburu
524,2014,21.768888888888892,22.903888888888886,76.1274,-0.47940000000000005,-0.2018,-0.15649417989418168,-0.19673937500000002,Samburu
524,2015,21.781333333333333,29.489333333333335,90.2064,-0.0466,-0.34309999999999996,-0.15970405643739483,-0.33297875,Samburu
524,2016,22.141888888888886,26.13977777777778,65.0906,-0.5324,-0.3701,0.18519717813050462,-0.354918125,Samburu
524,2017,22.323333333333334,18.897000000000002,43.6226,-1.1708,-1.1286999999999998,0.35098730158729907,-1.1084574999999999,Samburu
524,2018,20.53,76.57788888888889,99.6246,1.7482,0.9890999999999999,-1.4580003527336878,1.0144031249999999,Samburu
524,2019,23.077555555555556,20.98177777777778,48.838800000000006,-0.8741999999999999,-1.0996,1.0739008818342128,-1.0692362499999999,Samburu
524,2020,21.73577777777778,55.498555555555555,98.4858,1.0559999999999998,1.0295,-0.2835312169312161,1.0649243750000001,Samburu
524,2021,21.94033333333333,26.900555555555556,66.8616,-0.5338,-0.5087999999999999,-0.09462998236331899,-0.4683149999999999,Samburu
524,2022,22.49233333333333,26.135,64.449,-0.5292,-1.0431,0.4417156966490232,-0.997554375,Samburu
524,2023,21.333444444444446,47.150555555555556,93.63199999999999,0.6529999999999999,-0.08209999999999999,-0.7328275132275159,-0.031493750000000036,Samburu
524,2024,22.436444444444444,51.404555555555554,94.3552,0.8784000000000001,1.4007,0.3545181657848282,1.456366875,Samburu
524,2025,22.302777777777777,42.800333333333334,96.635,0.5386,1.1419,0.20519717813050775,1.2026275,Samburu
524,2026,21.993555555555556,34.87811111111111,89.092,0.536,1.1945999999999999,-0.11967936507936727,1.2603881249999997,Samburu
525,1989,22.36788888888889,50.29955555555556,,0.5594,,-0.4361379731379742,,Taita Taveta
525,1990,22.33866666666667,82.85433333333333,,2.4836,,-0.49044566544566237,,Taita Taveta
525,1991,23.046222222222223,37.296,85.26520000000001,-0.4868,,0.19202442002442055,,Taita Taveta
525,1992,22.891555555555556,49.479000000000006,84.71340000000001,0.2992,,0.012272283272285023,,Taita Taveta
525,1993,23.14622222222222,24.07766666666667,66.27680000000001,-1.2348000000000001,,0.2418534798534786,,Taita Taveta
525,1994,22.98922222222222,38.69444444444444,89.3776,0.027000000000000003,,0.059768009768010444,,Taita Taveta
525,1995,22.844555555555555,37.57066666666666,68.07419999999999,-0.278,,-0.10998412698412707,,Taita Taveta
525,1996,22.745444444444445,45.230222222222224,81.877,0.5764,,-0.23418070818070902,,Taita Taveta
525,1997,22.82988888888889,56.18311111111111,81.80499999999999,0.6458,,-0.17482173382173372,,Taita Taveta
525,1998,23.111666666666665,46.97566666666667,95.4582,1.2242,,0.08187057387057095,,Taita Taveta
525,1999,22.67588888888889,45.17933333333333,84.66900000000001,0.5432,,-0.37899267399267345,,Taita Taveta
525,2000,23.011555555555557,28.090999999999998,77.7014,-0.8774000000000001,,-0.0684114774114768,,Taita Taveta
525,2001,22.939,30.198999999999998,80.9798,-0.7194,-0.096,-0.16605250305250152,-0.10322337662337666,Taita Taveta
525,2002,22.92088888888889,36.09733333333333,90.985,-0.1934,0.004400000000000008,-0.20924908424908395,-0.002221428571428593,Taita Taveta
525,2003,23.686,28.371222222222222,71.9718,-1.2108,-0.4256,0.5307765567765586,-0.4316194805194805,Taita Taveta
525,2004,23.204555555555558,25.487333333333332,79.2006,-0.378,0.5225,0.024246642246644967,0.5170824675324674,Taita Taveta
525,2005,23.61011111111111,29.820111111111107,79.2546,-0.9077999999999999,-0.18249999999999997,0.4047167277167283,-0.1873155844155844,Taita Taveta
525,2006,22.846999999999998,45.128,95.6726,0.5262,0.441,-0.38347985347985514,0.43678636363636364,Taita Taveta
525,2007,23.37688888888889,24.35722222222222,65.0706,-1.2584,-0.022200000000000025,0.1213235653235678,-0.025811688311688355,Taita Taveta
525,2008,22.84288888888889,55.016444444444446,89.43820000000001,1.2067999999999999,0.4552,-0.4377619047619028,0.4521902597402597,Taita Taveta
525,2009,23.91111111111111,23.644111111111112,69.0064,-1.03,-1.2413,0.605374847374847,-1.2437077922077924,Taita Taveta
525,2010,23.471666666666668,37.39922222222222,93.35040000000001,-0.1908,0.40780000000000005,0.14084493284493504,0.4059941558441559,Taita Taveta
525,2011,23.525777777777776,31.240222222222226,81.4318,-0.3424,-0.11919999999999999,0.16987057387057192,-0.1204038961038961,Taita Taveta
525,2012,23.414666666666665,27.340333333333334,73.4774,-0.7918000000000001,-0.6279999999999999,0.03367399267399307,-0.6286019480519479,Taita Taveta
525,2013,23.34411111111111,40.669666666666664,87.6634,0.3202,-0.0013000000000000095,-0.061967032967032765,-0.0013000000000000095,Taita Taveta
525,2014,23.091555555555555,34.038111111111114,89.912,0.1878,0.3673,-0.3396080586080572,0.3679019480519481,Taita Taveta
525,2015,23.444111111111113,37.204,94.1104,-0.1894,-0.3328,-0.012137973137971159,-0.3315961038961039,Taita Taveta
525,2016,23.754555555555555,32.33555555555555,83.87780000000001,-0.46980000000000005,-0.1587,0.27322100122100323,-0.15689415584415584,Taita Taveta
525,2017,23.698444444444444,41.065,74.8144,-0.09059999999999999,-0.7830999999999999,0.19202442002442055,-0.7806922077922077,Taita Taveta
525,2018,22.55088888888889,66.51911111111112,95.637,1.8562,1.033,-0.9806166056166035,1.0360097402597401,Taita Taveta
525,2019,24.291444444444444,44.951,55.3448,0.07039999999999999,-0.855,0.7348534798534807,-0.8513883116883116,Taita Taveta
525,2020,23.10688888888889,47.55133333333333,96.4074,1.0555999999999999,1.5109000000000001,-0.47478754578754234,1.5151136363636366,Taita Taveta
525,2021,23.55022222222222,31.87066666666667,78.5018,-0.2262,0.04390000000000001,-0.056539682539682445,0.04871558441558445,Taita Taveta
525,2022,24.106333333333332,22.96211111111111,68.65119999999999,-0.9388,-0.8317999999999999,0.47448595848595687,-0.8263824675324674,Taita Taveta
525,2023,23.63422222222222,37.73688888888889,83.6908,-0.29159999999999997,-1.2509000000000001,-0.02271062271062263,-1.2448805194805195,Taita Taveta
525,2024,23.76811111111111,32.58088888888889,93.1266,0.004800000000000004,0.9449999999999998,0.08609279609279596,0.9516214285714284,Taita Taveta
525,2025,23.43911111111111,40.217777777777776,93.49359999999999,0.2042,1.1018,-0.2679926739926728,1.1090233766233766,Taita Taveta
525,2026,23.090111111111113,33.64922222222222,86.6316,0.8342,1.367,-0.6420781440781411,1.3748253246753248,Taita Taveta
526,1989,27.64022222222222,29.36622222222222,,0.0378,,-0.4409881562881637,,Tana River
526,1990,27.744,50.59711111111111,,1.2274,,-0.3551120879120937,,Tana River
526,1991,28.19066666666667,47.987,81.85900000000001,0.9138,,0.07365286935286619,,Tana River
526,1992,28.357222222222223,28.494777777777774,72.5184,-0.4566,,0.22230671550671133,,Tana River
526,1993,28.351555555555553,14.353444444444445,49.4126,-1.6128,,0.1987383394383322,,Tana River
526,1994,28.12977777777778,42.36688888888889,64.877,-0.1632,,-0.040941147741150985,,Tana River
526,1995,28.156,46.90844444444444,83.0436,0.3826,,-0.03262063492064371,,Tana River
526,1996,27.927444444444447,35.34288888888889,73.1556,-0.3278,,-0.27907789987790466,,Tana River
526,1997,27.868222222222222,51.88022222222222,92.12219999999999,1.0493999999999999,,-0.3562018315018385,,Tana River
526,1998,28.322,44.79422222222222,90.5372,1.4952,,0.07967423687422936,,Tana River
526,1999,27.87088888888889,35.10333333333333,78.6326,-0.07680000000000001,,-0.3893385836385903,,Tana River
526,2000,27.854333333333333,34.38388888888889,74.41279999999999,-0.15760000000000002,,-0.42379584859585506,,Tana River
526,2001,28.323,31.277444444444445,71.3126,-0.5354,0.0365,0.026969108669103292,0.2418009615384615,Tana River
526,2002,28.131666666666668,33.11044444444445,77.15360000000001,0.009599999999999997,-0.014200000000000018,-0.1822659340659385,0.17399254807692305,Tana River
526,2003,28.618222222222226,36.23066666666667,60.36800000000001,-0.3266,0.0279,0.2863879120879105,0.1989841346153846,Tana River
526,2004,28.684111111111108,13.619333333333334,57.622800000000005,-1.3002,0.06060000000000001,0.33437509157508316,0.21457572115384616,Tana River
526,2005,28.773555555555554,37.907222222222224,64.1316,-0.1976,-0.1429,0.40591782661782005,-0.006032692307692322,Tana River
526,2006,28.38222222222222,37.58433333333333,81.2462,0.17400000000000002,-0.3473,-0.0033172161172210224,-0.22754110576923078,Tana River
526,2007,28.682777777777776,53.337,61.63199999999999,0.005800000000000005,0.1255,0.27933663003662446,0.22815048076923075,Tana River
526,2008,27.929444444444446,49.543,78.63759999999999,0.641,0.4266,-0.49189841269841494,0.5121420673076923,Tana River
526,2009,28.75877777777778,17.56811111111111,54.927200000000006,-1.1074,-0.8056,0.3195332112332103,-0.7371663461538461,Tana River
526,2010,28.39777777777778,52.25333333333333,92.14739999999999,1.1198000000000001,0.8402,-0.05936849816849943,0.8915252403846153,Tana River
526,2011,28.63222222222222,23.343444444444444,64.646,-0.7091999999999999,-0.7069,0.15717423687423349,-0.672683173076923,Tana River
526,2012,28.633555555555557,22.221666666666668,34.866200000000006,-1.4512,-0.8956,0.14060586080585935,-0.8784915865384615,Tana River
526,2013,28.254444444444445,58.50377777777778,86.6128,1.1664,0.5834,-0.25640695970696115,0.5834,Tana River
526,2014,28.303444444444445,38.73766666666667,85.9022,-0.1766,0.2863,-0.22530866910867076,0.26919158653846154,Tana River
526,2015,28.60533333333333,40.22811111111111,84.6842,-0.20259999999999997,0.3242,0.05867851037850613,0.28998317307692306,Tana River
526,2016,29.299000000000003,23.078666666666667,58.964999999999996,-0.9352,-0.6475,0.7344434676434695,-0.6988252403846154,Tana River
526,2017,28.65611111111111,29.215222222222224,71.2568,-0.6514,-0.9269000000000001,0.07365286935286619,-0.9953336538461539,Tana River
526,2018,27.734333333333336,56.053000000000004,96.35619999999999,1.3456,0.9328000000000001,-0.8660266178266163,0.8472579326923078,Tana River
526,2019,29.183111111111113,29.077222222222222,49.5698,-0.6904,-0.8489,0.5648494505494526,-0.9515504807692308,Tana River
526,2020,28.46077777777778,45.281444444444446,86.9924,1.3018,1.2743,-0.17538559218559158,1.1545411057692307,Tana River
526,2021,28.706444444444443,19.72588888888889,56.14639999999999,-0.7769999999999999,-0.46019999999999994,0.05237936507936425,-0.5970673076923076,Tana River
526,2022,28.737222222222222,27.043333333333333,62.35119999999999,-0.5115999999999999,-0.5622,0.06525543345543028,-0.7161757211538462,Tana River
526,2023,28.299999999999997,59.962666666666664,92.66,1.4682,0.1357,-0.38986849816850366,-0.035384134615384616,Tana River
526,2024,29.055666666666664,34.337555555555554,82.8572,0.1834,0.6745,0.3478964590964537,0.4863074519230769,Tana River
526,2025,28.47566666666667,44.75566666666666,85.1446,0.5526,0.6655,-0.2500052503052501,0.4601990384615385,Tana River
526,2026,28.326444444444444,34.01144444444444,77.7132,0.5076,1.0961,-0.4171291819291838,0.873690625,Tana River
529,1989,28.265555555555554,24.21622222222222,,0.8315999999999999,,-1.085578325123162,,Turkana
529,1990,28.741,17.71988888888889,,0.6128,,-0.6245323481116642,,Turkana
529,1991,29.20988888888889,16.918222222222223,51.6022,0.119,,-0.17004192665572404,,Turkana
529,1992,29.620777777777775,8.911555555555555,40.513600000000004,-0.682,,0.22644849480020923,,Turkana
529,1993,29.400444444444442,14.232666666666667,29.381600000000002,0.39580000000000004,,-0.008283305966074295,,Turkana
529,1994,29.29511111111111,13.725666666666667,49.8166,-0.079,,-0.12801510673235228,,Turkana
529,1995,29.637555555555554,14.993222222222222,29.0236,-0.3282,,0.20003087027913935,,Turkana
529,1996,29.85588888888889,12.303666666666665,35.119600000000005,-0.3378,,0.4039657361795257,,Turkana
529,1997,28.633444444444446,19.599222222222224,77.8484,0.599,,-0.8328771756978703,,Turkana
529,1998,30.053888888888892,10.814777777777778,34.2938,-0.361,,0.5731688013136278,,Turkana
529,1999,29.524222222222225,15.557444444444444,38.8352,-0.2496,,0.029103667214009477,,Turkana
529,2000,30.600333333333335,0.8923333333333334,12.4902,-2.3712,,1.0908163108921691,,Turkana
529,2001,29.400444444444442,7.083333333333333,44.1702,-0.7236,-0.7629999999999999,-0.12347104542967458,-0.10911454545454569,Turkana
529,2002,28.91711111111111,23.047777777777778,47.7526,-0.023,-0.20629999999999998,-0.6212028461959527,0.3930949999999998,Turkana
529,2003,29.146555555555558,19.049666666666667,76.6306,0.4142,-0.5403,-0.40615686918445704,0.00460454545454525,Turkana
529,2004,29.623666666666665,13.086333333333334,60.2078,-0.4144,-0.581,0.05655577449369886,-0.09058590909090924,Turkana
529,2005,29.459111111111113,18.437444444444445,40.2826,-0.22960000000000003,-0.40149999999999997,-0.12239824849480385,0.03442363636363621,Turkana
529,2006,29.400000000000002,9.294,51.8808,-0.059199999999999996,-0.7443,-0.19590782703886234,-0.3628668181818183,Turkana
529,2007,29.910444444444447,19.584111111111113,59.92999999999999,1.078,-0.5961000000000001,0.3001381499726321,-0.26915727272727297,Turkana
529,2008,29.57177777777778,10.128444444444446,47.3096,-0.2234,-0.7214,-0.052926984126987264,-0.4489477272727274,Turkana
529,2009,29.718,9.491777777777777,51.73440000000001,-0.6532,-0.613,0.07889677066228273,-0.3950381818181819,Turkana
529,2010,28.593111111111114,24.627333333333336,70.6996,1.2108,0.9182,-1.0603905856595546,1.0816713636363635,Turkana
529,2011,30.589222222222222,7.675888888888888,21.0672,-1.6722000000000001,-0.8651,0.9213220580186068,-0.7561190909090909,Turkana
529,2012,29.110222222222223,15.863555555555555,61.022000000000006,0.1572,-0.06780000000000001,-0.5720764094143433,-0.01330954545454549,Turkana
529,2013,29.36588888888889,18.825666666666667,79.75019999999999,0.6528,0.9260000000000002,-0.3308082101806278,0.9260000000000002,Turkana
529,2014,29.645444444444447,11.28011111111111,39.7922,-0.0732,-0.4095,-0.06565112205802137,-0.4639904545454545,Turkana
529,2015,29.30977777777778,20.53977777777778,81.1778,0.9763999999999999,0.0624,-0.4157162561576371,-0.04658090909090905,Turkana
529,2016,30.478333333333335,13.237555555555556,65.88719999999999,0.0648,0.1185,0.7384408319649687,-0.04497136363636356,Turkana
529,2017,30.703888888888887,6.573555555555555,21.463,-0.3106,-0.9452,0.9495979200875695,-1.1631618181818182,Turkana
529,2018,27.925666666666665,44.64311111111111,92.2406,2.2074,0.8733,-1.8430227695676038,0.6008477272727273,Turkana
529,2019,30.80177777777778,8.036777777777779,36.1772,-0.734,-0.7538,1.0186898741105637,-1.0807427272727272,Turkana
529,2020,29.627444444444443,18.79,72.9892,0.978,1.4630999999999998,-0.17004192665572404,1.081666818181818,Turkana
529,2021,29.953222222222223,13.749888888888888,34.5286,-0.6506,-0.1081,0.14133738368910542,-0.5440236363636362,Turkana
529,2022,30.600000000000005,13.03711111111111,41.4564,-0.5591999999999999,-0.011099999999999999,0.7737166940339364,-0.5015140909090907,Turkana
529,2023,29.398222222222223,26.24888888888889,74.5014,1.327,0.6768000000000001,-0.4424595511767926,0.13189545454545482,Turkana
529,2024,30.33577777777778,20.372555555555557,88.027,1.3548,1.5253999999999999,0.4806975369458115,0.9260050000000001,Turkana
529,2025,29.447999999999997,22.288444444444444,73.9082,0.5292,1.0006,-0.42147870826492095,0.3467145454545457,Turkana
529,2026,29.00255555555556,20.63688888888889,52.4138,0.46699999999999997,1.0476,-0.8813216201423089,0.33922409090909134,Turkana
530,1989,15.028333333333332,51.99988888888888,,0.2434,,-0.7548141093474499,,Uasin Gishu
530,1990,15.216888888888889,58.717444444444446,,1.1172,,-0.5756412698412756,,Uasin Gishu
530,1991,15.937555555555555,38.919999999999995,99.9986,-0.687,,0.13564268077600694,,Uasin Gishu
530,1992,16.23511111111111,30.076888888888888,99.9178,-0.8084,,0.42381552028218117,,Uasin Gishu
530,1993,15.567555555555556,32.03666666666666,97.1054,-0.796,,-0.2531227513227563,,Uasin Gishu
530,1994,15.566444444444443,64.7328888888889,99.99260000000001,0.4176,,-0.2636165784832514,,Uasin Gishu
530,1995,15.914111111111112,45.663555555555554,99.6986,0.1554,,0.0746673721340354,,Uasin Gishu
530,1996,16.022666666666666,35.56744444444444,99.9992,0.05960000000000001,,0.17384021164020602,,Uasin Gishu
530,1997,15.893999999999998,57.13333333333334,99.9092,0.9376,,0.035790828924156415,,Uasin Gishu
530,1998,16.367555555555555,40.523888888888884,99.981,-0.4024,,0.4999636684303308,,Uasin Gishu
530,1999,15.584,47.80677777777778,99.9966,0.16,,-0.29297460317460633,,Uasin Gishu
530,2000,16.111444444444444,25.455444444444442,99.5888,-1.98,,0.22508712522045649,,Uasin Gishu
530,2001,15.352555555555556,48.349999999999994,99.995,-0.0484,0.44799999999999995,-0.543184479717814,0.6810315789473684,Uasin Gishu
530,2002,15.73177777777778,49.30977777777778,99.9892,-0.029599999999999994,-0.5939,-0.17334497354497458,-0.38028771929824556,Uasin Gishu
530,2003,16.00188888888889,59.587555555555554,99.9992,0.4328,-0.9492,0.08738342151675305,-0.7550070175438597,Uasin Gishu
530,2004,15.64388888888889,50.78022222222222,99.98240000000001,0.6178,0.352,-0.27999929453262773,0.5267736842105263,Uasin Gishu
530,2005,15.980444444444442,52.27055555555555,99.99940000000001,-0.07139999999999999,-0.0434,0.04717354497354087,0.1119543859649123,Uasin Gishu
530,2006,15.633666666666667,50.885777777777776,99.99879999999999,0.3492,1.1159,-0.308986948853617,1.251835087719298,Uasin Gishu
530,2007,15.861777777777778,37.324777777777776,99.9792,0.005999999999999983,-0.11420000000000001,-0.09025855379188741,0.0023157894736842155,Uasin Gishu
530,2008,15.809222222222225,33.69033333333333,99.9918,-0.7144,0.051000000000000004,-0.1521968253968229,0.14809649122807017,Uasin Gishu
530,2009,16.53788888888889,37.85422222222222,99.986,-0.7834,-0.837,0.5670871252204588,-0.7593228070175438,Uasin Gishu
530,2010,15.754888888888887,66.41244444444445,99.99980000000001,1.4136,1.0546,-0.22529559082892447,1.1128578947368422,Uasin Gishu
530,2011,16.061111111111114,38.08288888888889,98.412,-0.628,-0.9444000000000001,0.07154391534391813,-0.905561403508772,Uasin Gishu
530,2012,15.585666666666665,66.27355555555556,99.9986,0.7078,-0.6168,-0.41328324514991266,-0.597380701754386,Uasin Gishu
530,2013,15.547666666666666,58.13711111111112,99.95779999999999,1.1372,0.6812,-0.46066596119929315,0.6812,Uasin Gishu
530,2014,15.932666666666668,34.659111111111116,99.3058,-0.766,-0.4194,-0.0850486772486736,-0.43881929824561405,Uasin Gishu
530,2015,16.03311111111111,46.544999999999995,99.9978,0.0254,-0.13720000000000002,0.006013051146386061,-0.1760385964912281,Uasin Gishu
530,2016,16.418111111111113,53.97922222222222,99.974,0.4042,0.5963,0.3816303350970056,0.538042105263158,Uasin Gishu
530,2017,16.58522222222222,29.644,99.5784,-1.1272,-0.4454,0.5393587301587299,-0.5230771929824561,Uasin Gishu
530,2018,15.077666666666667,98.00244444444445,99.9948,1.9108,1.0581,-0.9775795414462038,0.9610035087719299,Uasin Gishu
530,2019,17.125666666666667,19.724888888888888,97.631,-2.0132,-1.7771,1.0610377425044124,-1.893615789473684,Uasin Gishu
530,2020,15.736555555555555,66.34877777777778,99.99980000000001,1.5146000000000002,0.8167,-0.33745608465608257,0.6807649122807017,Uasin Gishu
530,2021,16.079555555555558,48.44255555555556,99.981,-0.005000000000000007,-0.3133,-0.003838800705461054,-0.4686543859649123,Uasin Gishu
530,2022,16.505555555555556,28.258555555555557,99.9966,-1.048,-0.7174,0.41277848324515354,-0.8921736842105263,Uasin Gishu
530,2023,16.01711111111111,55.47422222222222,99.9768,0.44020000000000004,0.35259999999999997,-0.0850486772486736,0.1584070175438596,Uasin Gishu
530,2024,16.36011111111111,56.87466666666667,99.9996,0.5958,0.8004,0.24856860670194258,0.5867877192982456,Uasin Gishu
530,2025,16.075444444444443,58.56677777777778,99.99839999999999,0.49660000000000004,1.0287000000000002,-0.04548077601410583,0.7956684210526317,Uasin Gishu
530,2026,15.914333333333335,60.89,99.95519999999999,1.6198000000000001,1.224,-0.21597460317459571,0.9715491228070174,Uasin Gishu
733,1989,19.316111111111113,42.79822222222222,,0.34199999999999997,,-1.0048230158730185,,Baringo
733,1990,19.54711111111111,53.08522222222222,,1.2272,,-0.7860174603174634,,Baringo
733,1991,20.24177777777778,33.39022222222222,95.4924,-0.5307999999999999,,-0.10354523809523641,,Baringo
733,1992,20.674333333333333,31.85722222222222,96.1164,-0.54,,0.31681587301586944,,Baringo
733,1993,20.006444444444444,30.596555555555558,85.2726,-0.39980000000000004,,-0.3632674603174628,,Baringo
733,1994,20.37688888888889,45.51122222222222,94.6052,-0.1292,,-0.0050174603174610866,,Baringo
733,1995,20.71688888888889,38.94944444444444,89.5818,0.034199999999999994,,0.32278809523809215,,Baringo
733,1996,20.88511111111111,24.253777777777778,91.638,-0.619,,0.47881587301587203,,Baringo
733,1997,20.055555555555557,56.66722222222222,98.30940000000001,0.9917999999999999,,-0.3629341269841255,,Baringo
733,1998,20.811444444444444,37.883111111111106,96.81739999999999,0.0008000000000000007,,0.38076031746031447,,Baringo
733,1999,20.21488888888889,32.84288888888889,95.49100000000001,-0.0722,,-0.22798968253968255,,Baringo
733,2000,21.345777777777776,12.967444444444444,71.3662,-2.1508000000000003,,0.890704761904761,,Baringo
733,2001,19.954777777777778,43.87877777777778,98.2488,0.3026,-0.19749999999999998,-0.5124896825396839,0.11159350649350655,Baringo
733,2002,20.11266666666667,45.430888888888894,97.8182,0.22279999999999997,-0.2301,-0.36679523809523573,0.0532357142857143,Baringo
733,2003,20.38811111111111,56.815666666666665,97.6524,0.2636,-0.5749,-0.10354523809523641,-0.3173220779220779,Baringo
733,2004,20.165888888888887,50.989777777777775,98.9276,0.7796000000000001,0.5339,-0.337961904761908,0.7657201298701299,Baringo
733,2005,20.80488888888889,40.135777777777776,94.1698,-0.22460000000000005,-0.45249999999999996,0.2888436507936518,-0.2464376623376623,Baringo
733,2006,20.535222222222224,42.659888888888894,98.37100000000001,0.1934,-0.3427,0.006982539682542921,-0.16239545454545454,Baringo
733,2007,20.235555555555557,38.66566666666667,95.8414,0.2902,9.999999999999593e-05,-0.30487857142857067,0.15464675324675325,Baringo
733,2008,20.376555555555555,22.964777777777776,92.4684,-0.8836,-0.1358,-0.1760730158730155,-0.007011038961038968,Baringo
733,2009,21.163111111111114,30.378,93.0658,-0.9945999999999999,-1.1587999999999998,0.5982880952381002,-1.055768831168831,Baringo
733,2010,19.935,61.50388888888889,99.7798,1.6172,1.3198,-0.6420174603174615,1.3970733766233767,Baringo
733,2011,21.025444444444446,25.43777777777778,83.5534,-0.9311999999999999,-0.6331,0.4362325396825426,-0.5815844155844155,Baringo
733,2012,20.082222222222224,66.84588888888888,99.1114,0.8204,0.12610000000000002,-0.519184126984122,0.15185779220779222,Baringo
733,2013,20.15488888888889,59.86522222222223,99.4316,1.0994,1.2389999999999999,-0.45871190476190193,1.2389999999999999,Baringo
733,2014,20.463555555555555,20.665666666666667,86.9348,-0.7173999999999999,-0.48260000000000003,-0.16223968253968124,-0.5083577922077922,Baringo
733,2015,20.403000000000002,36.11788888888889,98.8114,0.006399999999999994,-0.14589999999999997,-0.2349896825396769,-0.19741558441558438,Baringo
733,2016,21.09122222222222,48.13477777777777,98.85979999999999,0.24379999999999996,-0.019499999999999997,0.44103809523809545,-0.09677337662337662,Baringo
733,2017,21.418444444444443,21.011,85.0768,-1.1642,-1.2789000000000001,0.7560658730158742,-1.381931168831169,Baringo
733,2018,19.309555555555555,94.83111111111111,99.9778,2.0764,1.4143,-1.365017460317457,1.285511038961039,Baringo
733,2019,22.16322222222222,18.066777777777776,73.68260000000001,-1.8262,-1.5095999999999998,1.4764547619047619,-1.664146753246753,Baringo
733,2020,20.265555555555554,69.26877777777777,99.2264,1.4247999999999998,1.0712000000000002,-0.43340634920634713,0.8908954545454547,Baringo
733,2021,20.477666666666668,35.614666666666665,93.26899999999999,-0.3364,-0.3045,-0.23348968253967683,-0.5105623376623376,Baringo
733,2022,21.287444444444443,25.119,89.8256,-0.8705999999999999,-0.5754,0.5640936507936516,-0.8072201298701299,Baringo
733,2023,20.387222222222224,48.16722222222222,96.7024,0.523,0.3761,-0.3483230158730102,0.11852207792207792,Baringo
733,2024,21.05988888888889,58.20722222222222,99.8014,0.768,0.5436000000000001,0.3121492063492113,0.2602642857142858,Baringo
733,2025,20.751777777777775,51.215,99.71279999999999,0.6477999999999999,1.2207,-0.008156349206348779,0.9116064935064934,Baringo
733,2026,20.172777777777778,55.336777777777776,97.2582,1.4964,1.8239,-0.5993507936507889,1.4890487012987013,Baringo
1345,1989,25.848,47.660375,,0.3342,,-0.4556456349206286,,Kilifi
1345,1990,26.149125,39.64475,,1.1094,,-0.17036785714284974,,Kilifi
1345,1991,26.523375,62.999750000000006,94.9194,0.122,,0.18803492063492655,,Kilifi
1345,1992,26.4185,44.02675,92.67,-0.5346,,0.0673126984127066,,Kilifi
1345,1993,26.47325,30.277875,92.3572,-0.9446,,0.10621547619048144,,Kilifi
1345,1994,26.336,74.7585,87.85499999999999,0.42680000000000007,,-0.04688174603174389,,Kilifi
1345,1995,26.42925,53.944375,96.2156,0.1008,,0.030521031746037153,,Kilifi
1345,1996,26.10425,64.940625,98.19539999999999,0.6592,,-0.3103261904761858,,Kilifi
1345,1997,26.302,70.066375,96.01480000000001,0.9158,,-0.1284234126984103,,Kilifi
1345,1998,26.680500000000002,68.092875,98.75019999999999,1.5981999999999998,,0.2342293650793721,,Kilifi
1345,1999,26.087,52.315,98.6014,0.0642,,-0.37511785714285395,,Kilifi
1345,2000,26.13325,51.038875,96.9526,-0.007199999999999993,,-0.34471507936507706,,Kilifi
1345,2001,26.4985,31.188250000000004,89.7132,-1.076,0.22099999999999997,0.004687698412702446,-0.06499999999999995,Kilifi
1345,2002,26.461875,35.53725,97.9056,0.2064,0.2281,-0.04778452380952203,-0.03406666666666655,Kilifi
1345,2003,26.87675,43.28875000000001,88.3586,-0.6458,0.5199,0.3512432539682564,0.2815666666666668,Kilifi
1345,2004,26.741125,25.816875,91.0488,-0.671,0.2845,0.19977103174603528,0.07000000000000006,Kilifi
1345,2005,26.83625,40.260999999999996,96.656,-0.2464,-0.013600000000000001,0.27904880952381106,-0.2042666666666666,Kilifi
1345,2006,26.347625,58.10275,98.8852,0.5626,0.3407,-0.2254234126984116,0.17386666666666672,Kilifi
1345,2007,26.687625,71.80425,86.92920000000001,-0.017199999999999972,0.5164,0.09872936507936814,0.3734,Kilifi
1345,2008,26.229625000000002,40.243375,97.4812,-0.1366,0.7502,-0.37511785714285395,0.6310333333333333,Kilifi
1345,2009,26.81775,19.363,82.5206,-1.4460000000000002,-0.6544000000000001,0.19715992063492038,-0.7497333333333334,Kilifi
1345,2010,26.71825,60.95225000000001,99.35159999999999,0.7256,0.7502,0.08181269841270122,0.6787,Kilifi
1345,2011,26.735125,28.892875,95.33099999999999,-0.9885999999999999,0.004300000000000002,0.08284047619047641,-0.04336666666666665,Kilifi
1345,2012,26.756999999999998,33.045375,76.03,-1.3012000000000001,-1.0441000000000003,0.0888682539682506,-1.0679333333333336,Kilifi
1345,2013,26.623875,45.6735,98.9618,0.5816,0.21789999999999998,-0.06010396825396569,0.21789999999999998,Kilifi
1345,2014,26.48525,47.77975,98.89320000000001,-0.18780000000000002,0.3032,-0.21457619047619048,0.32703333333333334,Kilifi
1345,2015,26.814375000000002,55.86,97.8866,0.10299999999999998,0.1404,0.09870158730158707,0.18806666666666666,Kilifi
1345,2016,27.20775,31.2235,93.05019999999999,-0.6878,-0.37660000000000005,0.47622936507936586,-0.30510000000000004,Kilifi
1345,2017,26.5925,51.988625,95.9108,-0.16620000000000001,-0.9604999999999999,-0.15486785714285745,-0.8651666666666666,Kilifi
1345,2018,26.204,67.58012500000001,99.90599999999999,1.1978,1.0466,-0.5592150793650816,1.1657666666666666,Kilifi
1345,2019,27.09525,55.817125,75.0136,-1.1176,-0.9407999999999999,0.31618769841269767,-0.7977999999999998,Kilifi
1345,2020,26.548000000000002,69.21925,99.8216,1.553,1.2481,-0.24690952380952425,1.4149333333333334,Kilifi
1345,2021,26.904,28.277124999999998,84.6126,-0.8016,-0.9279999999999999,0.09324325396825017,-0.7373333333333334,Kilifi
1345,2022,26.95275,34.5455,92.66,-0.3452,-1.3035,0.1261460317460319,-1.0890000000000002,Kilifi
1345,2023,26.704250000000002,64.759,97.801,1.0026,-0.7302,-0.13820119047619173,-0.49186666666666673,Kilifi
1345,2024,27.107125,36.619875,98.454,0.0774,0.3915,0.2488265873015827,0.6536666666666666,Kilifi
1345,2025,26.732,55.563250000000004,98.8682,0.2794,0.2094,-0.14214563492063803,0.49539999999999995,Kilifi
1345,2026,26.71375,30.024625,94.1416,0.35619999999999996,0.7829999999999999,-0.17624285714286003,1.092833333333333,Kilifi
1348,1989,26.406285714285712,37.44871428571429,,-0.28500000000000003,,-0.4852319727891228,,Lamu
1348,1990,26.994571428571426,46.62342857142857,,0.2512,,0.08693469387754504,,Lamu
1348,1991,27.077285714285715,94.34842857142857,88.1668,1.1936,,0.15352993197278764,,Lamu
1348,1992,27.114857142857144,48.699000000000005,81.2812,-0.099,,0.17498231292516664,,Lamu
1348,1993,27.187714285714286,22.532857142857146,55.200199999999995,-1.3442,,0.23172040816326245,,Lamu
1348,1994,26.818571428571428,82.04414285714286,79.988,0.49939999999999996,,-0.1535414965986419,,Lamu
1348,1995,27.00471428571429,59.04685714285714,84.51140000000001,0.04,,0.016482312925170106,,Lamu
1348,1996,26.665,47.033,74.48679999999999,-0.418,,-0.33935102040816645,,Lamu
1348,1997,26.787142857142857,58.38214285714285,87.27799999999999,0.5002,,-0.23332721088435449,,Lamu
1348,1998,27.466285714285714,64.02071428571428,90.21340000000001,1.6576,,0.42969659863945253,,Lamu
1348,1999,26.58442857142857,47.99471428571429,80.2868,-0.21280000000000002,,-0.46827959183673684,,Lamu
1348,2000,26.696142857142856,48.34342857142857,84.6328,-0.0386,,-0.3726843537414979,,Lamu
1348,2001,26.91485714285714,59.59985714285714,73.5222,-0.44480000000000003,0.362,-0.17008911564626317,0.500109090909091,Lamu
1348,2002,26.836857142857145,46.303999999999995,78.47,-0.1714,0.3696,-0.2642081632653053,0.4962,Lamu
1348,2003,27.437714285714286,41.61085714285714,58.989999999999995,-0.7969999999999999,-0.698,0.32052993197278923,-0.5829090909090908,Lamu
1348,2004,27.480285714285714,17.169571428571427,59.1668,-1.3282,-0.6967000000000001,0.34698231292516724,-0.5931181818181819,Lamu
1348,2005,27.377142857142854,60.959,75.7378,0.0962,0.32209999999999994,0.2277204081632611,0.41417272727272725,Lamu
1348,2006,27.010428571428573,53.56842857142857,86.19879999999999,0.13940000000000002,0.2382,-0.1551129251700658,0.31876363636363636,Lamu
1348,2007,27.414142857142856,87.83742857142859,73.65599999999999,0.17720000000000002,0.3028,0.23248231292516763,0.3718545454545455,Lamu
1348,2008,26.700285714285712,67.17571428571429,74.9284,0.37,0.3902,-0.4974938775510225,0.44774545454545456,Lamu
1348,2009,27.471,27.252000000000002,63.6102,-1.0608,-0.7155,0.25710136054421895,-0.6694636363636364,Lamu
1348,2010,27.33457142857143,101.08171428571428,94.3496,1.6042,1.0378,0.10455374149659846,1.0723272727272728,Lamu
1348,2011,27.320714285714285,26.008,74.369,-1.3372,-0.5809,0.07457755102040764,-0.5578818181818181,Lamu
1348,2012,27.326428571428572,32.975857142857144,41.166999999999994,-1.3588,-1.0907,0.0641727891156485,-1.079190909090909,Lamu
1348,2013,27.036571428571428,78.00871428571429,91.7902,1.2475999999999998,0.5333,-0.24180340136054568,0.5333,Lamu
1348,2014,27.256571428571426,66.35971428571429,88.2882,0.09279999999999998,-0.043600000000000014,-0.03792244897959307,-0.05510909090909093,Lamu
1348,2015,27.421285714285716,50.906,88.862,-0.2142,-0.2254,0.11067278911565026,-0.24841818181818182,Lamu
1348,2016,27.80742857142857,40.082571428571434,68.1528,-0.5578000000000001,-0.5658,0.48069659863945446,-0.6003272727272727,Lamu
1348,2017,27.265714285714285,50.39042857142857,83.2948,-0.5456,-1.2088999999999999,-0.07713673469387672,-1.2549363636363635,Lamu
1348,2018,26.860999999999997,86.74342857142857,95.7016,1.314,0.7334,-0.497970068027211,0.6758545454545455,Lamu
1348,2019,27.874142857142857,65.95842857142857,62.90599999999999,-0.5851999999999999,-0.6833,0.4990537414965992,-0.7523545454545455,Lamu
1348,2020,27.201714285714285,79.78128571428572,96.2006,1.5464,1.2149999999999999,-0.1894938775510191,1.1344363636363635,Lamu
1348,2021,27.339285714285715,22.38557142857143,59.6366,-0.9853999999999999,-0.6752,-0.06804149659863512,-0.7672727272727273,Lamu
1348,2022,27.528,42.18085714285714,73.7276,-0.38079999999999997,-0.4498,0.10455374149659846,-0.5533818181818182,Lamu
1348,2023,27.321714285714286,85.85928571428572,91.387,1.3214000000000001,0.05630000000000003,-0.11785102040816042,-0.05879090909090909,Lamu
1348,2024,27.732857142857142,60.56214285714286,87.2016,0.48900000000000005,1.5859,0.27717278911564946,1.4593,Lamu
1348,2025,27.249428571428574,50.472857142857144,81.2676,0.1518,0.8487,-0.22237482993196878,0.710590909090909,Lamu
1348,2026,27.49185714285714,38.37657142857143,75.2412,0.23420000000000002,1.3834,0.003934693877550188,1.233781818181818,Lamu
1368,1989,28.35377777777778,21.593444444444444,,0.0408,,-0.08148148148148238,,Wajir
1368,1990,27.80811111111111,34.57644444444444,,1.3244,,-0.6543777777777819,,Wajir
1368,1991,28.538555555555554,22.894333333333336,51.465999999999994,-0.1484,,0.048837037037031905,,Wajir
1368,1992,28.91222222222222,24.230666666666668,63.6134,0.1258,,0.3952740740740701,,Wajir
1368,1993,28.343333333333334,24.552666666666667,56.943799999999996,0.0878,,-0.2008444444444457,,Wajir
1368,1994,28.656888888888886,14.971333333333336,43.671800000000005,-0.7285999999999999,,0.0854814814814766,,Wajir
1368,1995,28.398444444444447,23.741666666666664,70.6356,0.4928,,-0.2001925925925896,,Wajir
1368,1996,28.77333333333333,14.109444444444444,44.5394,-0.6719999999999999,,0.14746666666666286,,Wajir
1368,1997,28.106,39.53633333333333,78.39,1.3018,,-0.5470962962962957,,Wajir
1368,1998,28.53022222222222,26.908333333333335,76.7116,0.4896,,-0.15010370370370651,,Wajir
1368,1999,28.331888888888887,9.176,31.6398,-1.17,,-0.3756666666666675,,Wajir
1368,2000,28.952555555555552,6.118111111111111,22.9206,-1.8847999999999998,,0.21777037037036706,,Wajir
1368,2001,28.955111111111112,15.710111111111111,53.9532,-0.3222,-0.35150000000000003,0.19309629629629654,0.015312121212121221,Wajir
1368,2002,28.677999999999997,37.79066666666667,60.3418,1.1873999999999998,0.19290000000000002,-0.11124444444444848,0.5291444444444444,Wajir
1368,2003,29.212333333333333,32.06944444444444,49.6924,0.7402,-0.09860000000000001,0.3958592592592609,0.2070767676767677,Wajir
1368,2004,29.288333333333338,15.643333333333333,49.1396,-0.509,-0.41289999999999993,0.4446296296296346,-0.13779090909090896,Wajir
1368,2005,29.658,12.617222222222221,27.422000000000004,-1.1092,-0.7918000000000001,0.7870666666666679,-0.5472585858585859,Wajir
1368,2006,29.083333333333332,25.959777777777774,73.8228,0.531,-0.0983,0.18517037037036843,0.1156737373737374,Wajir
1368,2007,29.346555555555558,16.15711111111111,45.1144,-0.38239999999999996,0.0851,0.42116296296296696,0.26850606060606064,Wajir
1368,2008,28.332222222222224,16.244,52.40740000000001,-0.31520000000000004,0.2711,-0.6203999999999965,0.4239383838383839,Wajir
1368,2009,29.353666666666665,13.357111111111111,41.2358,-0.7396,-0.6739999999999999,0.37381481481481416,-0.5517292929292928,Wajir
1368,2010,28.61911111111111,32.38333333333333,85.2388,0.8648,0.9192,-0.3879703703703683,1.0109030303030304,Wajir
1368,2011,29.707222222222224,6.158777777777777,13.823599999999999,-1.909,-1.2662,0.6729111111111159,-1.2050646464646464,Wajir
1368,2012,29.125555555555554,16.40288888888889,38.1924,-0.66,-0.39390000000000003,0.06401481481481497,-0.36333232323232323,Wajir
1368,2013,28.463333333333335,42.89922222222222,89.749,1.3872,0.9359,-0.6254370370370346,0.9359,Wajir
1368,2014,28.97077777777778,23.273555555555554,70.3914,0.0926,-0.2771,-0.14522222222221615,-0.3076676767676768,Wajir
1368,2015,29.046777777777777,20.563000000000002,73.4512,0.0548,0.16849999999999998,-0.09645185185184957,0.10736464646464644,Wajir
1368,2016,29.703333333333333,19.68177777777778,40.791999999999994,-0.0338,-0.44539999999999996,0.5328740740740763,-0.5371030303030303,Wajir
1368,2017,29.299555555555557,16.305333333333333,50.6362,-0.39960000000000007,-0.9038999999999999,0.10186666666666966,-1.026170707070707,Wajir
1368,2018,27.59411111111111,56.482777777777784,97.14880000000001,1.9322,1.2486000000000002,-1.6308074074074028,1.0957616161616164,Wajir
1368,2019,29.95488888888889,19.380444444444443,27.855200000000004,-0.6628000000000001,-0.9249,0.7027407407407438,-1.1083060606060606,Wajir
1368,2020,29.228333333333335,36.967333333333336,78.06320000000001,1.1498,0.6217999999999999,-0.05104444444443956,0.40782626262626254,Wajir
1368,2021,29.21977777777778,14.291,44.6016,-0.6238,-0.16129999999999997,-0.08682962962962648,-0.40584141414141417,Wajir
1368,2022,29.567555555555558,14.309777777777779,35.2462,-0.752,-1.0228000000000002,0.23371851851852554,-1.2979090909090911,Wajir
1368,2023,28.740666666666666,36.46422222222222,92.6854,1.299,0.5439,-0.6203999999999965,0.23822323232323234,Wajir
1368,2024,29.677999999999997,30.124444444444446,73.14840000000001,0.7123999999999999,1.5186000000000002,0.28970370370370446,1.1823555555555556,Wajir
1368,2025,28.971777777777774,38.91866666666667,86.2706,0.9753999999999999,0.9673999999999999,-0.44374814814814556,0.6005878787878787,Wajir
1368,2026,28.663444444444444,29.729666666666667,77.5214,0.8582000000000001,1.2801,-0.779311111111106,0.882720202020202,Wajir
1369,1989,17.69377777777778,52.193000000000005,,0.7081999999999999,,-0.7627330981775451,,West Pokot
1369,1990,18.142555555555557,40.870111111111115,,1.1442,,-0.3255767195767234,,West Pokot
1369,1991,18.730666666666664,43.857,99.036,-0.32599999999999996,,0.2509129923574278,,West Pokot
1369,1992,18.736,28.790666666666667,99.1292,-0.687,,0.2446249265138114,,West Pokot
1369,1993,18.196444444444445,41.135000000000005,84.3514,-0.0364,,-0.3065520282187002,,West Pokot
1369,1994,18.461666666666666,35.81911111111111,96.3424,-0.6106,,-0.052951205173432214,,West Pokot
1369,1995,18.93122222222222,27.865222222222222,84.8312,-0.6517999999999999,,0.4049829512051666,,West Pokot
1369,1996,18.75288888888889,33.766666666666666,99.41380000000001,0.1262,,0.21502821869488287,,West Pokot
1369,1997,18.301222222222222,51.848222222222226,98.846,0.9416,,-0.24825984714874139,,West Pokot
1369,1998,19.269555555555556,33.48555555555556,96.6944,-0.11019999999999999,,0.7084520870076396,,West Pokot
1369,1999,18.44677777777778,38.698,98.4588,0.0568,,-0.12594708994709336,,West Pokot
1369,2000,18.83688888888889,18.91622222222222,81.4772,-2.0242,,0.252542621987061,,West Pokot
1369,2001,18.238222222222223,38.14211111111111,99.656,0.0814,0.1255,-0.35774544385655815,0.3585733333333333,West Pokot
1369,2002,18.34188888888889,38.20066666666666,97.8406,-0.2116,-0.3992,-0.26570017636684895,-0.1855494444444445,West Pokot
1369,2003,18.580333333333336,61.45177777777778,99.3612,0.6718,-0.5188999999999999,-0.038877131099354756,-0.32467222222222214,West Pokot
1369,2004,18.55977777777778,38.245777777777775,99.44059999999999,0.32639999999999997,0.1452,-0.07105408583186801,0.320005,West Pokot
1369,2005,18.628888888888888,48.45166666666667,92.26520000000001,-0.3068,-0.5324,-0.01356437389771159,-0.3770177777777778,West Pokot
1369,2006,18.395,43.00922222222222,99.73740000000001,0.38120000000000004,0.3215,-0.259074661963556,0.4574594444444444,West Pokot
1369,2007,18.533333333333335,55.067,98.08200000000001,0.8333999999999999,-0.03019999999999999,-0.13236272780717329,0.08633666666666666,West Pokot
1369,2008,18.521666666666665,25.48111111111111,96.1618,-0.9762000000000001,0.0407,-0.1556507936507998,0.13781388888888887,West Pokot
1369,2009,18.988555555555553,35.796888888888894,98.0978,-0.5806,-0.714,0.2996166960611326,-0.6363088888888888,West Pokot
1369,2010,18.253333333333334,56.08544444444445,99.9622,1.2584,0.8684000000000001,-0.44722692533803965,0.9266683333333334,West Pokot
1369,2011,18.859333333333336,22.415666666666667,87.6768,-1.2818,-0.2833,0.14715167548500574,-0.24445444444444445,West Pokot
1369,2012,18.527,63.33522222222223,98.3298,0.6040000000000001,-0.3853,-0.19680305702528145,-0.3658772222222222,West Pokot
1369,2013,18.224666666666664,54.858444444444444,99.5444,1.0168,1.2067999999999999,-0.5107577895355746,1.2067999999999999,West Pokot
1369,2014,18.616,19.685777777777776,81.3312,-1.6423999999999999,-0.22949999999999998,-0.13104585537919178,-0.24892277777777777,West Pokot
1369,2015,18.55488888888889,43.07377777777778,99.1408,0.19460000000000002,-0.1627,-0.20377836566725804,-0.20154555555555556,West Pokot
1369,2016,19.12622222222222,56.84066666666667,99.6002,0.7,0.2529,0.35593356848912094,0.1946316666666667,West Pokot
1369,2017,19.11388888888889,29.35311111111111,86.47760000000001,-0.594,-0.9263999999999999,0.33197883597883404,-1.004091111111111,West Pokot
1369,2018,17.717333333333332,96.6181111111111,99.9576,2.0852,0.8856,-1.0761981187536804,0.7884861111111112,West Pokot
1369,2019,19.71977777777778,23.329222222222224,80.2752,-1.2654,-1.4002,0.9146249265138131,-1.5167366666666666,West Pokot
1369,2020,18.395333333333333,60.90233333333333,99.9134,1.4018,1.3166000000000002,-0.4214409171075886,1.1806405555555557,West Pokot
1369,2021,18.775444444444442,43.11588888888889,94.402,-0.15999999999999998,-0.1642,-0.052951205173432214,-0.3195822222222222,West Pokot
1369,2022,19.27077777777778,29.584555555555553,91.0336,-1.2102,-0.9306000000000001,0.4307607289829498,-1.1054050000000002,West Pokot
1369,2023,18.71933333333333,43.26511111111111,99.12159999999999,0.10639999999999998,0.3388,-0.13230511463845218,0.14457222222222224,West Pokot
1369,2024,19.36877777777778,53.013222222222225,99.8632,0.8252,0.528,0.5055179306290398,0.3143494444444445,West Pokot
1369,2025,19.012999999999998,53.78644444444444,99.925,0.6362,0.7721,0.1381187536743056,0.5390266666666668,West Pokot
1369,2026,18.63711111111111,55.69411111111111,99.1054,1.1654,1.4877,-0.24939153439153827,1.235203888888889,West Pokot
1436,1989,21.252555555555556,65.63111111111111,,-0.03440000000000001,,-0.6172938271604984,,Kisumu
1436,1990,21.292444444444445,73.73388888888888,,1.4566,,-0.6000222222222256,,Kisumu
1436,1991,21.795666666666666,77.05733333333335,99.99719999999999,-0.06659999999999999,,-0.11941728395062157,,Kisumu
1436,1992,22.334666666666667,48.42133333333334,99.97200000000001,-1.2388,,0.3969654320987601,,Kisumu
1436,1993,21.80333333333333,62.9511111111111,99.8832,-0.42279999999999995,,-0.15698518518519222,,Kisumu
1436,1994,21.736444444444444,83.45222222222222,99.9904,0.7152000000000001,,-0.24649135802469502,,Kisumu
1436,1995,22.00877777777778,71.02744444444444,99.99719999999999,0.3962,,0.0032246913580245007,,Kisumu
1436,1996,22.002333333333336,68.87966666666667,99.9994,0.3702,,-0.025837037037039323,,Kisumu
1436,1997,22.337777777777777,70.07255555555555,99.488,-0.19619999999999999,,0.28699012345678554,,Kisumu
1436,1998,22.800333333333334,57.35355555555556,99.9734,-0.6566,,0.7269283950617265,,Kisumu
1436,1999,21.53011111111111,78.723,99.9872,0.6208,,-0.5659111111111166,,Kisumu
1436,2000,22.19988888888889,50.66,99.9924,-1.6536000000000002,,0.0812493827160452,,Kisumu
1436,2001,21.795,58.11966666666667,99.999,-0.7124,0.1755,-0.34625679012345856,0.32735892857142856,Kisumu
1436,2002,22.040222222222223,81.48977777777777,99.999,0.724,0.665,-0.12365185185185368,0.8042040178571429,Kisumu
1436,2003,22.541,70.641,99.9904,-0.2314,-0.6184000000000001,0.3545086419753041,-0.49185089285714295,Kisumu
1436,2004,22.21677777777778,56.785444444444444,99.7956,-0.023999999999999976,-0.19119999999999998,0.007669135802466087,-0.07730580357142858,Kisumu
1436,2005,22.615333333333336,71.59155555555556,99.9976,-0.22640000000000002,0.2593,0.38360740740740695,0.3605392857142857,Kisumu
1436,2006,21.76188888888889,83.481,99.9928,0.8166,1.1189,-0.4924543209876546,1.207484375,Kisumu
1436,2007,22.454333333333334,51.13066666666666,99.9934,-0.7958000000000001,0.1051,0.17737283950616956,0.18102946428571426,Kisumu
1436,2008,22.10311111111111,59.01944444444444,99.9934,-0.6554,-0.10320000000000001,-0.19646666666666945,-0.03992544642857146,Kisumu
1436,2009,22.571444444444445,56.06711111111111,99.6452,-0.9114000000000001,-0.6865000000000001,0.24924938271604802,-0.6358803571428573,Kisumu
1436,2010,22.295333333333335,75.83166666666666,99.9994,1.0228,0.8312,-0.04947901234568164,0.8691647321428572,Kisumu
1436,2011,22.51188888888889,47.49966666666667,99.9838,-1.659,-0.8497000000000001,0.14445925925925707,-0.8243901785714287,Kisumu
1436,2012,22.081888888888887,70.919,99.7798,-0.10959999999999999,-1.6240999999999999,-0.30815802469136244,-1.6114450892857142,Kisumu
1436,2013,21.947444444444443,79.31488888888889,99.8948,0.852,0.4868,-0.4652197530864228,0.4868,Kisumu
1436,2014,22.409444444444446,52.33422222222222,99.99719999999999,-1.2532,-0.45899999999999996,-0.025837037037039323,-0.47165491071428567,Kisumu
1436,2015,22.560111111111112,70.2658888888889,99.91839999999999,-0.08460000000000001,-1.2149,0.1022123456790105,-1.2402098214285715,Kisumu
1436,2016,23.00788888888889,64.14933333333335,99.9706,-0.379,-0.1769,0.527372839506171,-0.21486473214285715,Kisumu
1436,2017,22.98811111111111,65.95244444444444,99.9934,0.19540000000000002,0.1503,0.4849777777777753,0.09968035714285714,Kisumu
1436,2018,21.455555555555556,92.5231111111111,99.9884,1.3246,0.8220000000000001,-1.0701950617283984,0.7587254464285715,Kisumu
1436,2019,23.369555555555554,49.25688888888889,96.1502,-1.5866,-0.9509,0.8211876543209833,-1.0268294642857143,Kisumu
1436,2020,22.051222222222222,90.57122222222222,100.0,1.6818000000000002,0.7722,-0.5197629629629645,0.6836156250000001,Kisumu
1436,2021,22.366333333333333,84.62033333333333,99.991,1.264,0.1223,-0.227269135802473,0.021060714285714308,Kisumu
1436,2022,22.854444444444443,68.50377777777777,99.9986,0.618,-0.5006,0.23822469135802038,-0.6144941964285715,Kisumu
1436,2023,22.205111111111112,85.852,99.993,0.8619999999999999,0.3064,-0.43372592592592696,0.1798508928571429,Kisumu
1436,2024,23.173777777777776,67.986,100.0,0.4234,0.8240000000000001,0.5123234567901207,0.6847959821428572,Kisumu
1436,2025,22.558666666666667,93.06211111111111,99.99539999999999,0.866,0.9111,-0.1254049382716076,0.7592410714285714,Kisumu
1436,2026,22.157,90.42144444444445,99.9722,2.1386,1.3152,-0.5496888888888911,1.1506861607142858,Kisumu
1606,1989,17.492444444444445,69.22944444444445,,0.5368,,-0.8631746031746061,,Bomet
1606,1990,17.669555555555558,78.51333333333334,,1.2556,,-0.697330158730157,,Bomet
1606,1991,18.198666666666668,59.89911111111111,96.31120000000001,-0.6662,,-0.1794857142857147,,Bomet
1606,1992,18.389222222222223,47.31922222222222,95.732,-0.975,,-0.0001968253968271938,,Bomet
1606,1993,18.476555555555553,44.13388888888889,96.44200000000001,-1.5154,,0.07586984126983864,,Bomet
1606,1994,18.067,66.36944444444445,96.3896,0.18480000000000002,,-0.3449523809523818,,Bomet
1606,1995,18.337555555555557,65.58844444444445,99.2156,0.1264,,-0.08566349206349244,,Bomet
1606,1996,18.499555555555553,59.70722222222222,99.5762,0.1912,,0.0650698412698354,,Bomet
1606,1997,18.796,67.806,87.18039999999999,-0.3254,,0.35024761904761803,,Bomet
1606,1998,18.79188888888889,64.18599999999999,98.78439999999999,-0.0514,,0.33486984126984254,,Bomet
1606,1999,18.108444444444444,79.68888888888888,94.858,0.7232000000000001,,-0.3598412698412723,,Bomet
1606,2000,19.04188888888889,50.53477777777778,93.46900000000001,-1.3102,,0.5623365079365108,,Bomet
1606,2001,17.90844444444444,59.892,99.37780000000001,-0.4854,1.038,-0.5823746031746069,0.8879142857142857,Bomet
1606,2002,18.434555555555555,68.52655555555556,98.9966,0.025000000000000005,0.5542,-0.0675301587301611,0.4166214285714286,Bomet
1606,2003,18.761444444444447,58.881,93.7168,-0.8398,-0.24,0.24809206349206292,-0.3650714285714286,Bomet
1606,2004,18.179666666666666,63.45866666666667,98.28099999999999,0.2088,0.2801,-0.3449523809523818,0.1675357142857143,Bomet
1606,2005,18.773222222222223,63.526,98.1456,-0.2042,0.20249999999999999,0.23733650793650796,0.1024428571428571,Bomet
1606,2006,18.093444444444444,83.419,93.69160000000001,0.8795999999999999,-0.1877,-0.4537079365079393,-0.27525000000000005,Bomet
1606,2007,18.294333333333334,50.40244444444445,99.623,-0.7325999999999999,0.6565000000000001,-0.2640857142857129,0.5814571428571429,Bomet
1606,2008,18.343000000000004,54.429111111111105,96.0204,-0.5316,-0.33999999999999997,-0.22668571428571127,-0.4025357142857143,Bomet
1606,2009,19.05488888888889,53.46088888888889,91.7898,-1.2952,-0.5679000000000001,0.4739365079365072,-0.6179285714285715,Bomet
1606,2010,18.554666666666666,78.40177777777778,99.80080000000001,0.9612,1.0098,-0.03755238095238056,0.9722785714285714,Bomet
1606,2011,18.99777777777778,56.81122222222222,95.2666,-0.7628,-0.3739,0.3942920634920668,-0.3989142857142857,Bomet
1606,2012,18.23388888888889,77.61477777777777,95.1366,0.471,-0.5452,-0.3808634920634901,-0.5577071428571428,Bomet
1606,2013,18.234666666666666,80.33977777777778,99.4814,1.1032,0.5575,-0.39135238095238023,0.5575,Bomet
1606,2014,18.704555555555558,42.88522222222222,98.7236,-1.1834,-0.3661,0.06726984126984448,-0.3535928571428571,Bomet
1606,2015,18.864777777777775,74.27122222222222,89.7984,-0.028200000000000003,-1.3565,0.21622539682539355,-1.3314857142857144,Bomet
1606,2016,19.05933333333333,67.90555555555555,99.3784,-0.07880000000000001,0.15039999999999998,0.3995142857142824,0.18792142857142857,Bomet
1606,2017,19.483333333333334,57.023666666666664,91.4032,-0.727,-0.5738,0.8122476190476213,-0.5237714285714286,Bomet
1606,2018,17.781666666666666,103.59211111111112,97.436,1.6812,-0.6754,-0.9006857142857143,-0.6128642857142856,Bomet
1606,2019,20.00166666666667,58.92544444444444,87.73740000000001,-1.2650000000000001,-1.0102,1.3080476190476205,-0.9351571428571428,Bomet
1606,2020,18.33388888888889,95.92022222222221,99.9742,1.9636,0.9067000000000001,-0.37099682539682277,0.9942500000000001,Bomet
1606,2021,18.274,79.16733333333333,99.9494,1.1714,0.4855,-0.4421523809523791,0.5855571428571429,Bomet
1606,2022,18.938888888888886,67.44911111111111,99.32820000000001,0.75,0.19190000000000002,0.2114698412698388,0.30446428571428574,Bomet
1606,2023,18.49388888888889,83.33522222222223,95.4586,0.7886,0.036899999999999995,-0.24479682539682202,0.1619714285714286,Bomet
1606,2024,18.926222222222222,70.78688888888888,99.9888,0.6092,1.0666,0.1762698412698427,1.2041785714285715,Bomet
1606,2025,18.506,95.247,98.9952,1.009,0.1391,-0.2552190476190468,0.2891857142857143,Bomet
1606,2026,18.442,75.34711111111112,99.5606,1.318,0.6155,-0.3304857142857145,0.7780928571428573,Bomet
1624,1989,17.177222222222223,90.24455555555556,,0.4614,,-0.4541460317460313,,Murang'A
1624,1990,17.541222222222224,124.58788888888888,,1.6309999999999998,,-0.1117600668337495,,Murang'A
1624,1991,17.72288888888889,80.54688888888889,94.9198,-0.2772,,0.04829256474519639,,Murang'A
1624,1992,17.813222222222223,77.54755555555556,93.1982,0.055200000000000006,,0.11701186299081101,,Murang'A
1624,1993,17.53344444444444,39.95433333333333,90.4028,-1.1347999999999998,,-0.18437994987468898,,Murang'A
1624,1994,17.844444444444445,71.07677777777778,96.1842,0.037,,0.105006015037592,,Murang'A
1624,1995,17.688555555555556,95.69255555555554,95.2158,0.4266,,-0.07249690893901573,,Murang'A
1624,1996,17.796222222222223,51.346888888888884,92.13879999999999,-0.7686,,0.0135557226399321,,Murang'A
1624,1997,17.833000000000002,106.15444444444444,93.44800000000001,1.0828,,0.028719465329992033,,Murang'A
1624,1998,18.34911111111111,102.07211111111111,99.3764,0.986,,0.5232165413533814,,Murang'A
1624,1999,17.641000000000002,58.016,95.1914,-0.5138,,-0.2065086048454461,,Murang'A
1624,2000,17.857444444444443,29.84188888888889,88.94680000000001,-1.9129999999999998,,-0.01167819548872373,,Murang'A
1624,2001,17.608,76.67044444444444,98.0878,0.195,-0.7270000000000001,-0.2827366750208853,-0.11573109243697488,Murang'A
1624,2002,17.695222222222224,96.3288888888889,95.1876,0.40259999999999996,-0.2217,-0.21712848788638084,0.3386298319327731,Murang'A
1624,2003,18.122444444444444,92.91055555555556,89.3022,0.07339999999999999,-1.2959,0.18847969924811991,-0.786509243697479,Murang'A
1624,2004,17.854666666666667,55.57844444444444,94.7004,-0.496,-0.4015,-0.10091211361737962,0.05695168067226891,Murang'A
1624,2005,18.187666666666665,74.37944444444445,96.66380000000001,-0.32320000000000004,-0.4938,0.21047385129489982,-0.08628739495798321,Murang'A
1624,2006,17.828666666666667,75.33066666666667,95.7834,0.22200000000000003,0.11370000000000001,-0.17014018379281737,0.4702735294117647,Murang'A
1624,2007,17.905,61.226888888888894,95.6894,-0.605,-0.2783,-0.11542088554720209,0.027334453781512613,Murang'A
1624,2008,17.51077777777778,60.62788888888888,95.2952,-0.21660000000000004,-0.2441,-0.5312571428571431,0.01059537815126052,Murang'A
1624,2009,18.351,42.88011111111111,93.2982,-1.2469999999999999,-0.7839,0.2873510442773579,-0.5801436974789916,Murang'A
1624,2010,18.133555555555557,94.93155555555556,97.7606,0.7126,0.5627,0.04829256474519639,0.7155172268907563,Murang'A
1624,2011,18.205555555555556,46.08122222222222,90.6996,-0.8375999999999999,0.27890000000000004,0.09867852965747659,0.38077815126050424,Murang'A
1624,2012,18.13977777777778,95.944,92.8206,0.35480000000000006,-0.8152,0.011286716791982343,-0.7642609243697479,Murang'A
1624,2013,17.928,109.3891111111111,95.99080000000001,1.4058,0.2003,-0.2221050960735198,0.2003,Murang'A
1624,2014,17.839444444444446,44.983,96.2872,-0.623,0.8643000000000001,-0.3322746867167936,0.8133609243697479,Murang'A
1624,2015,18.138222222222222,85.6181111111111,95.57860000000001,0.18760000000000002,0.1104,-0.055110944026736775,0.008521848739495796,Murang'A
1624,2016,18.50088888888889,91.02622222222222,97.054,0.3694,0.19840000000000002,0.2859416875522136,0.04558277310924372,Murang'A
1624,2017,18.52711111111111,50.99211111111111,93.9226,-0.9692000000000001,-0.7115,0.29054987468671456,-0.9152563025210084,Murang'A
1624,2018,17.748,171.49366666666666,97.0284,2.0588,0.2291,-0.5101752715121144,-0.025595378151260534,Murang'A
1624,2019,19.121,51.80611111111111,64.12960000000001,-1.3035999999999999,-0.8481000000000001,0.8412106934001642,-1.1537344537815126,Murang'A
1624,2020,18.451,143.245,99.5432,1.9586,0.9200999999999999,0.14959665831244706,0.5635264705882352,Murang'A
1624,2021,18.173444444444446,57.224999999999994,96.9,-0.5662,0.6935,-0.1495729323308268,0.2859873949579832,Murang'A
1624,2022,18.496222222222222,47.26088888888889,93.4976,-0.8230000000000001,-0.0178,0.15159081035923094,-0.4762516806722689,Murang'A
1624,2023,18.047555555555554,72.86922222222222,94.61760000000001,0.040600000000000004,0.5011,-0.31868989139515946,-0.008290756302521074,Murang'A
1624,2024,18.63711111111111,182.8571111111111,97.987,2.1782,0.5927,0.24925162907267762,0.03237016806722692,Murang'A
1624,2025,18.241555555555557,94.43566666666668,97.3278,0.6048,0.8467,-0.1679179615705948,0.2354310924369748,Murang'A
1624,2026,18.02122222222222,102.58955555555556,94.1116,0.9847999999999999,1.2363,-0.40986532999164993,0.5740920168067226,Murang'A
1630,1989,18.042777777777776,64.07266666666666,,0.7966,,-0.5781544973544968,,Nairobi
1630,1990,18.206222222222223,68.55233333333334,,1.4478,,-0.4385841269841251,,Nairobi
1630,1991,18.701777777777778,32.77688888888889,95.5698,-0.7596,,0.0330973544973574,,Nairobi
1630,1992,18.756222222222224,49.098,95.3758,0.3648,,0.06366772486772732,,Nairobi
1630,1993,18.662111111111113,15.475333333333332,67.9976,-1.2902,,-0.05431746031745632,,Nairobi
1630,1994,18.91788888888889,34.14044444444445,96.1962,-0.2812,,0.17758624338624784,,Nairobi
1630,1995,18.598,42.525666666666666,88.8786,0.040400000000000005,,-0.1661767195767183,,Nairobi
1630,1996,18.726777777777777,27.11577777777778,91.1182,-0.7112,,-0.06127301587301304,,Nairobi
1630,1997,18.802666666666667,59.858666666666664,96.3578,0.7686,,-0.009258201058198523,,Nairobi
1630,1998,19.081000000000003,65.52833333333334,99.4788,0.7714000000000001,,0.24520105820106508,,Nairobi
1630,1999,18.596111111111114,26.839000000000002,97.98440000000001,-0.634,,-0.2635619047619002,,Nairobi
1630,2000,19.047444444444444,19.74855555555556,75.73179999999999,-1.6626,,0.1638973544973581,,Nairobi
1630,2001,18.541,42.28966666666666,98.1606,0.2832,0.962,-0.36642116402116187,0.9851105882352941,Nairobi
1630,2002,18.648666666666667,48.18277777777777,95.26859999999999,-0.02180000000000002,0.15969999999999998,-0.28262857142856745,0.18088470588235292,Nairobi
1630,2003,19.18722222222222,59.285999999999994,77.161,0.05840000000000001,-0.9119000000000002,0.23205291005291073,-0.8926411764705884,Nairobi
1630,2004,18.900222222222222,48.23133333333333,98.5552,0.5801999999999999,0.4694,-0.07882116402116068,0.4867329411764706,Nairobi
1630,2005,19.26366666666667,46.98111111111111,99.102,0.08380000000000001,-0.3579,0.2607492063492103,-0.34249294117647056,Nairobi
1630,2006,18.68433333333333,52.779444444444444,99.2696,0.6237999999999999,0.6945,-0.3424582010582,0.7079811764705882,Nairobi
1630,2007,19.114333333333335,32.053333333333335,97.106,-0.282,0.0534,0.06366772486772732,0.06495529411764707,Nairobi
1630,2008,18.659555555555556,37.13166666666667,98.0358,-0.0698,0.0884,-0.41498412698412324,0.09802941176470589,Nairobi
1630,2009,19.68111111111111,20.641333333333332,78.9036,-1.5768,-1.2987000000000002,0.582697354497359,-1.2909964705882355,Nairobi
1630,2010,19.02433333333333,53.611111111111114,99.61,0.7586,1.2322,-0.0979544973544968,1.2379776470588235,Nairobi
1630,2011,19.513222222222222,23.550333333333334,83.5714,-0.9040000000000001,-0.1129,0.36706031746032153,-0.10904823529411764,Nairobi
1630,2012,19.24488888888889,69.75655555555555,92.01419999999999,0.8337999999999999,-0.6097,0.07485291005291472,-0.6077741176470588,Nairobi
1630,2013,18.858999999999998,62.538,98.444,1.249,0.6213,-0.3349100529100504,0.6213,Nairobi
1630,2014,18.941444444444443,25.238333333333333,92.6974,-0.3742,0.4807,-0.2763396825396818,0.47877411764705885,Nairobi
1630,2015,19.23611111111111,48.21688888888889,97.07480000000001,0.12200000000000003,-0.7531000000000001,-0.005547089947086192,-0.7569517647058824,Nairobi
1630,2016,19.521555555555555,52.44888888888889,98.91,0.2822,-0.1963,0.2560232804232818,-0.20207764705882353,Nairobi
1630,2017,19.781666666666666,20.965555555555554,81.91,-1.3008,-1.171,0.49226031746032106,-1.1787035294117647,Nairobi
1630,2018,18.38388888888889,98.943,99.55499999999999,1.9076,0.9515,-0.9293915343915309,0.9418705882352941,Nairobi
1630,2019,20.35066666666667,23.58677777777778,47.758799999999994,-1.5652,-1.807,1.0135121693121754,-1.818555294117647,Nairobi
1630,2020,19.050333333333334,75.92144444444445,99.8368,1.7254,0.984,-0.310695238095235,0.9705188235294118,Nairobi
1630,2021,19.298666666666666,43.272999999999996,97.92519999999999,-0.0842,0.4985,-0.08623597883597611,0.48309294117647056,Nairobi
1630,2022,19.772222222222222,23.159444444444446,87.05080000000001,-0.7253999999999999,-0.752,0.36344550264550435,-0.7693329411764706,Nairobi
1630,2023,19.093666666666664,37.044666666666664,97.7688,-0.24900000000000003,0.3386,-0.3389841269841263,0.31934117647058824,Nairobi
1630,2024,19.679,122.48722222222221,99.76939999999999,2.159,0.5122,0.22247513227513593,0.49101529411764705,Nairobi
1630,2025,19.288111111111114,53.89922222222222,99.6158,0.3718,0.8841,-0.19228783068782462,0.8609894117647059,Nairobi
1630,2026,18.834999999999997,74.01155555555556,95.684,1.7512,1.1981000000000002,-0.6692730158730136,1.1730635294117648,Nairobi
1632,1989,15.706555555555557,50.236,,0.393,,-0.38251399711398903,,Nyeri
1632,1990,16.05611111111111,65.86966666666666,,1.5428000000000002,,-0.04971601731601183,,Nyeri
1632,1991,16.15566666666667,55.79722222222222,97.832,-0.11240000000000001,,0.03308196248196893,,Nyeri
1632,1992,16.233888888888888,39.35433333333334,97.306,-0.5246000000000001,,0.09454660894661515,,Nyeri
1632,1993,15.972444444444445,30.03066666666667,96.7932,-1.0916000000000001,,-0.18365541125540474,,Nyeri
1632,1994,16.230444444444444,48.58266666666666,99.428,0.1626,,0.057587012987017516,,Nyeri
1632,1995,16.218666666666667,52.82522222222222,76.317,0.25460000000000005,,0.02905165945166388,,Nyeri
1632,1996,16.243333333333332,28.811666666666667,93.02799999999999,-0.9048,,0.03696075036075541,,Nyeri
1632,1997,16.279777777777777,61.66311111111111,96.1286,0.8911999999999999,,0.05664761904762372,,Nyeri
1632,1998,16.80977777777778,59.853,99.44,0.9206,,0.569890043290048,,Nyeri
1632,1999,16.040666666666667,33.82288888888889,98.5516,-0.591,,-0.21597864357863727,,Nyeri
1632,2000,16.30811111111111,19.552888888888887,84.607,-1.8792000000000002,,0.03470822510822913,,Nyeri
1632,2001,15.89511111111111,46.23788888888888,99.5368,0.3578,0.085,-0.395049350649348,0.22689569377990432,Nyeri
1632,2002,16.215777777777777,49.50066666666666,96.81280000000001,-0.039999999999999994,0.3739,-0.09114025974025708,0.5039710526315789,Nyeri
1632,2003,16.418222222222223,66.5611111111111,98.4008,0.502,-0.0597,0.09454660894661515,0.058546411483253596,Nyeri
1632,2004,16.333666666666666,34.37811111111111,97.13199999999999,-0.4162,-0.0572,-0.006766522366518757,0.049221770334928236,Nyeri
1632,2005,16.561555555555557,45.449,98.3216,-0.2862,-0.4746,0.20436479076479586,-0.3800028708133971,Nyeri
1632,2006,16.386666666666667,46.18677777777778,99.3924,0.2956,0.5449999999999999,0.01271832611832835,0.6277724880382775,Nyeri
1632,2007,16.304444444444446,39.17077777777778,95.729,-0.53,0.2072,-0.08626147186146582,0.27814784688995214,Nyeri
1632,2008,15.881111111111112,27.912444444444443,96.47139999999999,-0.6148,-0.188,-0.5263523809523765,-0.1288767942583732,Nyeri
1632,2009,16.494444444444444,24.994777777777777,94.81800000000001,-1.1792,-1.4337,0.07022337662337819,-1.3864014354066985,Nyeri
1632,2010,16.548555555555556,59.2871111111111,99.224,0.9843999999999999,1.1475,0.10757691197691699,1.182973923444976,Nyeri
1632,2011,16.438333333333333,28.247666666666667,93.5284,-0.9964000000000001,-0.45399999999999996,-0.01940288600288298,-0.43035071770334926,Nyeri
1632,2012,16.319222222222223,66.039,97.44919999999999,0.43079999999999996,-0.692,-0.15527157287156967,-0.6801753588516746,Nyeri
1632,2013,16.343,53.513444444444445,99.2554,0.7508,0.2487,-0.1482513708513693,0.2487,Nyeri
1632,2014,16.18411111111111,37.69588888888889,92.0248,-0.046799999999999994,0.3457,-0.32389783549783147,0.33387535885167463,Nyeri
1632,2015,16.53033333333333,49.187,99.1688,0.0838,-0.31220000000000003,0.005566810966811886,-0.33584928229665073,Nyeri
1632,2016,16.91511111111111,48.63744444444444,99.287,-0.0516,0.316,0.3735870129870129,0.28052607655502393,Nyeri
1632,2017,16.695222222222224,32.87377777777778,94.10940000000001,-0.9734,-0.8758999999999999,0.1369405483405508,-0.9231985645933013,Nyeri
1632,2018,16.15511111111111,111.92755555555556,99.78880000000001,2.3414,0.3376,-0.41992813852813704,0.27847679425837324,Nyeri
1632,2019,17.212666666666664,35.912777777777784,66.3234,-1.0828,-0.8493999999999999,0.6208698412698404,-0.9203478468899521,Nyeri
1632,2020,16.824555555555555,92.12522222222222,99.673,1.9846,0.8240999999999999,0.2160011544011553,0.7413275119617224,Nyeri
1632,2021,16.476555555555553,42.72011111111111,98.836,-0.14579999999999999,0.3073,-0.14875642135642053,0.21270287081339714,Nyeri
1632,2022,16.74711111111111,27.671555555555553,94.9182,-0.9028,-0.5533,0.1050415584415596,-0.6597217703349283,Nyeri
1632,2023,16.346222222222224,51.29322222222223,97.4746,0.3594,0.1669,-0.31260490620490344,0.04865358851674639,Nyeri
1632,2024,16.976333333333333,101.49511111111111,99.84200000000001,1.6960000000000002,0.5263,0.30074862914862877,0.39622894736842107,Nyeri
1632,2025,16.565,58.760000000000005,99.2358,0.6026,0.6032000000000001,-0.1273422799422761,0.46130430622009577,Nyeri
1632,2026,16.43011111111111,54.04711111111111,98.9428,0.9301999999999999,0.7814000000000001,-0.27898874458874445,0.6276796650717704,Nyeri
1635,1989,23.607,45.95166666666667,,0.0478,,-0.9853738095238178,,Tharaka-Nithi
1635,1990,23.84144444444444,71.9778888888889,,1.3841999999999999,,-0.7797349206349296,,Tharaka-Nithi
1635,1991,24.527,60.50877777777777,98.8102,0.674,,-0.12298492063492716,,Tharaka-Nithi
1635,1992,24.78977777777778,40.07122222222222,78.55080000000001,-0.6146,,0.11098730158729708,,Tharaka-Nithi
1635,1993,24.348333333333336,28.762222222222224,76.8424,-1.3492000000000002,,-0.359262698412703,,Tharaka-Nithi
1635,1994,24.94511111111111,37.35122222222222,81.97760000000001,-0.587,,0.20870952380951735,,Tharaka-Nithi
1635,1995,24.423111111111112,57.64333333333333,93.8614,0.2374,,-0.3420960317460384,,Tharaka-Nithi
1635,1996,25.156555555555556,30.00766666666667,75.6384,-0.9524000000000001,,0.36254285714285217,,Tharaka-Nithi
1635,1997,24.75877777777778,72.139,87.7122,1.2032,,-0.06404047619047759,,Tharaka-Nithi
1635,1998,24.685444444444443,53.154444444444444,98.3716,0.5618000000000001,,-0.1661793650793726,,Tharaka-Nithi
1635,1999,24.833444444444446,44.073,90.8938,-0.1024,,-0.0469849206349231,,Tharaka-Nithi
1635,2000,25.392444444444443,20.71333333333333,61.974199999999996,-1.783,,0.4832095238095171,,Tharaka-Nithi
1635,2001,25.151666666666667,53.98288888888889,91.8952,0.497,0.253,0.21362619047618736,0.06901000000000007,Tharaka-Nithi
1635,2002,24.263777777777776,72.71055555555556,90.9486,1.159,1.0491000000000001,-0.7030682539682616,0.8804425000000002,Tharaka-Nithi
1635,2003,25.02388888888889,51.367,77.41040000000001,0.13699999999999998,-0.0991,0.028237301587299868,-0.25242499999999995,Tharaka-Nithi
1635,2004,24.92011111111111,35.88733333333333,89.6104,-0.45519999999999994,0.6215999999999999,-0.10434603174603296,0.48360749999999997,Tharaka-Nithi
1635,2005,25.58688888888889,36.974000000000004,78.5556,-1.2016,0.1232,0.5336261904761876,0.0005400000000000404,Tharaka-Nithi
1635,2006,25.149555555555555,60.34644444444444,96.32239999999999,0.3184,0.1879,0.06748730158729899,0.08057250000000005,Tharaka-Nithi
1635,2007,25.402666666666665,38.20411111111111,86.738,-0.44000000000000006,0.7815000000000001,0.29179285714285186,0.6895050000000001,Tharaka-Nithi
1635,2008,24.907555555555557,45.653666666666666,88.5448,0.0722,0.6452,-0.2321238095238094,0.5685375,Tharaka-Nithi
1635,2009,25.804555555555552,28.001,80.2316,-1.384,-0.8059999999999999,0.6360706349206318,-0.8673299999999999,Tharaka-Nithi
1635,2010,25.051000000000002,65.56188888888889,96.2018,1.134,1.3443,-0.14629047619047597,1.2983025000000001,Tharaka-Nithi
1635,2011,25.891666666666666,43.663777777777774,58.308400000000006,-0.6060000000000001,-1.6307,0.6655706349206341,-1.661365,Tharaka-Nithi
1635,2012,25.547777777777778,40.70777777777778,75.7876,-0.5602,-0.7332000000000001,0.2928761904761892,-0.7485325,Tharaka-Nithi
1635,2013,24.82511111111111,62.70288888888889,88.8972,1.0084,0.5504,-0.45859603174603336,0.5504,Tharaka-Nithi
1635,2014,25.085666666666665,36.291555555555554,83.1076,-0.40359999999999996,-0.7925,-0.22684603174603524,-0.7771675,Tharaka-Nithi
1635,2015,25.369555555555554,59.087555555555554,92.5864,0.5814,0.13240000000000002,0.028237301587299868,0.16306500000000002,Tharaka-Nithi
1635,2016,25.560555555555556,51.44188888888889,81.7646,-0.1068,-0.6189,0.19043174603174862,-0.5729025,Tharaka-Nithi
1635,2017,25.653555555555556,33.84722222222222,77.3976,-0.9768000000000001,-0.8238,0.2546261904761913,-0.76247,Tharaka-Nithi
1635,2018,24.06533333333333,101.55711111111111,97.8626,2.1868000000000003,0.628,-1.3624015873015871,0.7046625,Tharaka-Nithi
1635,2019,26.423777777777776,25.922,52.484,-1.4344,-1.7933000000000003,0.9672373015872999,-1.7013050000000003,Tharaka-Nithi
1635,2020,25.14888888888889,86.56911111111111,97.736,1.7046,0.5508,-0.3364571428571388,0.6581275,Tharaka-Nithi
1635,2021,25.473222222222223,49.74933333333334,91.5722,-0.0692,-0.16760000000000003,-0.040929365079360736,-0.04494000000000006,Tharaka-Nithi
1635,2022,25.952222222222222,33.03622222222222,66.4114,-0.6802,-0.6206,0.40926507936508116,-0.4826075000000001,Tharaka-Nithi
1635,2023,24.78511111111111,61.52755555555556,94.3586,0.7784,0.3442,-0.7866515873015842,0.497525,Tharaka-Nithi
1635,2024,25.546888888888887,90.72833333333334,94.498,1.6463999999999999,0.3003,-0.05367936507936477,0.46895749999999997,Tharaka-Nithi
1635,2025,25.43777777777778,75.4071111111111,96.7726,1.2722,0.8266,-0.1915960317460268,1.0105899999999999,Tharaka-Nithi
1635,2026,24.93877777777778,72.10544444444444,96.7504,1.2784,1.0284,-0.7194015873015829,1.2277224999999998,Tharaka-Nithi
1636,1989,16.563222222222223,51.452777777777776,,0.4318000000000001,,-0.5396957084068177,,Trans Nzoia
1636,1990,16.599888888888888,56.144444444444446,,1.0084,,-0.5137862433862459,,Trans Nzoia
1636,1991,17.349444444444444,53.78366666666667,99.99940000000001,-0.2526,,0.22501211052322034,,Trans Nzoia
1636,1992,17.605555555555554,31.16977777777778,99.971,-1.3468,,0.4703660199882407,,Trans Nzoia
1636,1993,16.985222222222223,39.97877777777778,97.425,-0.7394,,-0.16072451499118046,,Trans Nzoia
1636,1994,16.969555555555555,48.01777777777778,99.98740000000001,-0.5556,,-0.18714838330393846,,Trans Nzoia
1636,1995,17.358999999999998,43.10466666666667,99.967,-0.3128,,0.19153885949441118,,Trans Nzoia
1636,1996,17.264555555555557,52.11644444444445,99.99980000000001,0.5674,,0.08633721340387979,,Trans Nzoia
1636,1997,17.336666666666666,61.274,99.9908,1.1178000000000001,,0.14769112286889907,,Trans Nzoia
1636,1998,17.981,42.46033333333334,99.949,-0.08439999999999999,,0.7812672545561448,,Trans Nzoia
1636,1999,16.80333333333333,48.76611111111111,99.999,0.2712,,-0.4071566137566158,,Trans Nzoia
1636,2000,17.197444444444443,34.081888888888884,99.9288,-1.7172,,-0.023802704291597365,,Trans Nzoia
1636,2001,16.640666666666664,46.483111111111114,99.99980000000001,-0.2954,0.1955,-0.5913376837154658,0.6104714285714286,Trans Nzoia
1636,2002,17.109111111111112,42.458333333333336,99.9668,-0.37920000000000004,-0.1875,-0.13365044091710843,0.19289047619047617,Trans Nzoia
1636,2003,17.426000000000002,61.352000000000004,99.99680000000001,0.3674,-1.0104000000000002,0.17248124632569173,-0.6645904761904764,Trans Nzoia
1636,2004,17.009333333333334,40.87377777777778,99.9894,0.0656,-0.2236,-0.2549426219870661,0.08762857142857142,Trans Nzoia
1636,2005,17.316111111111113,50.61277777777778,99.9964,-0.3942,-0.3513,0.04107795414462245,-0.07465238095238097,Trans Nzoia
1636,2006,16.840222222222224,48.98911111111111,99.99940000000001,0.5004000000000001,0.6954,-0.4455681363903601,0.9374666666666667,Trans Nzoia
1636,2007,17.156333333333336,45.974000000000004,99.991,0.3156,-0.35420000000000007,-0.14021422692533747,-0.1467142857142858,Trans Nzoia
1636,2008,17.154222222222224,34.284111111111116,99.9918,-1.1204,-0.11900000000000001,-0.15308253968253993,0.053904761904761886,Trans Nzoia
1636,2009,17.63522222222222,46.24777777777778,99.99940000000001,-0.5042,-0.7571999999999999,0.3171602586713682,-0.6188761904761904,Trans Nzoia
1636,2010,17.104333333333333,62.434888888888885,100.0,1.536,1.1174,-0.22448583186361049,1.221142857142857,Trans Nzoia
1636,2011,17.421888888888887,38.54188888888889,99.6572,-0.6648,-0.1465,0.08231252204585005,-0.07733809523809523,Trans Nzoia
1636,2012,17.13922222222222,65.16177777777779,99.99940000000001,0.6235999999999999,-0.8805,-0.21111134626690742,-0.8459190476190476,Trans Nzoia
1636,2013,16.949555555555555,63.93,99.92,1.1452,0.377,-0.41153521457966136,0.377,Trans Nzoia
1636,2014,17.272111111111112,33.937222222222225,99.52279999999999,-1.3774,0.2509,-0.09973686067019472,0.21631904761904763,Trans Nzoia
1636,2015,17.459555555555553,49.75322222222222,99.9966,-0.191,-0.275,0.07695038212815675,-0.3441619047619048,Trans Nzoia
1636,2016,17.80177777777778,56.80466666666666,99.9518,0.4782,0.22010000000000002,0.4084154027042928,0.11635714285714288,Trans Nzoia
1636,2017,17.755333333333333,42.448,99.957,-0.35419999999999996,-0.3065,0.35121375661375254,-0.4448238095238095,Trans Nzoia
1636,2018,16.496555555555556,94.89277777777778,99.987,2.0634,0.4932,-0.9183212228101141,0.32029523809523813,Trans Nzoia
1636,2019,18.217,34.452333333333335,99.77680000000001,-1.6742000000000001,-1.2403,0.7913660199882386,-1.4477857142857142,Trans Nzoia
1636,2020,17.045444444444442,71.22755555555555,99.99980000000001,1.7007999999999999,0.7049,-0.3909467372134081,0.4628333333333333,Trans Nzoia
1636,2021,17.26,51.23844444444444,99.9914,0.19180000000000003,0.1222,-0.18714838330393846,-0.15444761904761903,Trans Nzoia
1636,2022,17.793333333333333,42.57966666666667,99.9792,-0.4734,-0.6577999999999999,0.3354277483832995,-0.9690285714285714,Trans Nzoia
1636,2023,17.464666666666666,48.85966666666667,99.9958,-0.006199999999999995,0.5481,-0.003996119929457365,0.20229047619047624,Trans Nzoia
1636,2024,17.926111111111112,48.11377777777778,99.99980000000001,0.3618,0.8622000000000001,0.44669112286889856,0.4818095238095239,Trans Nzoia
1636,2025,17.509777777777778,58.57555555555556,99.9974,0.523,1.1175000000000002,0.019600587889474497,0.7025285714285716,Trans Nzoia
1636,2026,17.371444444444442,57.80144444444444,99.945,1.5164,1.3616000000000001,-0.12948994708995087,0.9120476190476192,Trans Nzoia
1639,1989,19.112142857142857,91.39842857142857,,-0.3902,,-0.7170020408163289,,Vihiga
1639,1990,19.538,89.49485714285716,,1.2828,,-0.31004489795918744,,Vihiga
1639,1991,19.650714285714287,113.10957142857144,100.0,-0.0026000000000000025,,-0.2162306122448996,,Vihiga
1639,1992,20.034142857142857,92.47642857142857,100.0,-1.0370000000000001,,0.14829795918366884,,Vihiga
1639,1993,19.846714285714285,102.09314285714287,99.981,-0.17720000000000002,,-0.05803061224490236,,Vihiga
1639,1994,19.855142857142855,115.64157142857142,100.0,0.5662,,-0.06850204081633038,,Vihiga
1639,1995,20.109714285714286,102.91814285714285,100.0,0.6891999999999999,,0.1671693877550986,,Vihiga
1639,1996,19.875714285714285,103.55885714285715,100.0,0.5332,,-0.08573061224490175,,Vihiga
1639,1997,19.768714285714285,104.88785714285714,99.94739999999999,-0.562,,-0.2116306122449032,,Vihiga
1639,1998,20.733571428571427,99.63385714285714,100.0,-0.5074,,0.7343265306122397,,Vihiga
1639,1999,19.690428571428573,100.85114285714285,99.99940000000001,0.48860000000000003,,-0.3277163265306129,,Vihiga
1639,2000,20.205571428571428,70.75185714285713,100.0,-1.8918,,0.16852653061224032,,Vihiga
1639,2001,19.77642857142857,85.82528571428573,100.0,-0.5638,0.032,-0.2795163265306151,0.41450714285714285,Vihiga
1639,2002,20.109857142857145,116.15371428571429,100.0,1.1164,0.4615,0.03501224489795618,0.8121315476190476,Vihiga
1639,2003,20.139000000000003,113.58214285714284,100.0,-0.28240000000000004,-1.4573,0.04525510204081584,-1.1385440476190476,Vihiga
1639,2004,20.172,75.1182857142857,99.9256,-0.4098,0.13779999999999998,0.059355102040814955,0.4246803571428571,Vihiga
1639,2005,20.535714285714285,99.14485714285715,100.0,-0.3552,0.3386,0.4041693877550969,0.593604761904762,Vihiga
1639,2006,19.776999999999997,124.93214285714285,100.0,1.1252,0.698,-0.3734448979591889,0.9211291666666666,Vihiga
1639,2007,20.529714285714284,63.99042857142857,99.995,-0.7752,-0.062,0.36036938775509597,0.1292535714285714,Vihiga
1639,2008,19.98671428571429,89.87014285714285,100.0,-0.7684,-0.8326,-0.20153061224489832,-0.6732220238095238,Vihiga
1639,2009,20.307142857142857,84.11800000000001,99.9284,-1.045,-1.0366,0.09999795918367127,-0.909097619047619,Vihiga
1639,2010,20.394571428571428,110.30228571428572,100.0,1.2814,0.742,0.16852653061224032,0.8376267857142857,Vihiga
1639,2011,20.367142857142856,82.98114285714287,100.0,-1.564,-0.6818,0.12219795918366927,-0.6180488095238095,Vihiga
1639,2012,19.994,102.41885714285715,99.934,-0.604,-1.0997,-0.26984489795918876,-1.0678244047619048,Vihiga
1639,2013,19.76914285714286,101.09714285714287,99.92139999999999,0.51,0.4889,-0.5136020408163269,0.4889,Vihiga
1639,2014,20.227857142857143,73.73042857142858,100.0,-1.6956,-0.3335,-0.0737877551020425,-0.36537559523809526,Vihiga
1639,2015,19.96614285714286,125.93371428571427,99.982,0.1274,-1.4037000000000002,-0.3544020408163284,-1.4674511904761907,Vihiga
1639,2016,20.711142857142857,107.99171428571428,100.0,-0.14739999999999998,-0.5564,0.37169795918367043,-0.6520267857142857,Vihiga
1639,2017,20.851857142857142,96.05585714285715,100.0,0.5576,1.0070999999999999,0.4935122448979534,0.8795976190476189,Vihiga
1639,2018,19.619857142857143,118.687,100.0,1.2196,0.8651,-0.7573877551020445,0.7057220238095238,Vihiga
1639,2019,21.170428571428573,83.47085714285716,99.9144,-0.8248,-0.7026,0.7742836734693874,-0.8938535714285714,Vihiga
1639,2020,20.158428571428573,110.33514285714286,100.0,1.7053999999999998,0.8838,-0.25661632653061517,0.6606708333333333,Vihiga
1639,2021,20.08157142857143,122.03471428571429,100.0,1.1145999999999998,0.3936,-0.35237346938775715,0.1385952380952381,Vihiga
1639,2022,20.596714285714285,105.52542857142858,100.0,0.4974,0.0067,0.14386938775509606,-0.28018035714285716,Vihiga
1639,2023,20.32185714285714,118.66085714285714,100.0,0.807,0.4729,-0.14988775510204633,0.1541440476190476,Vihiga
1639,2024,20.914714285714286,99.486,100.0,0.453,0.8901999999999999,0.4240693877551003,0.5395684523809523,Vihiga
1639,2025,20.339142857142857,149.885,100.0,1.1263999999999998,0.7809999999999999,-0.17040204081633092,0.3984928571428571,Vihiga
1639,2026,20.372714285714288,107.96685714285715,99.99539999999999,2.1092,1.2829000000000002,-0.15573061224489848,0.8685172619047621,Vihiga
2279,1989,20.596875,74.7895,,-0.6372,,-0.7443806547619047,,Busia
2279,1990,21.039125,81.712375,,1.0664,,-0.32339107142857415,,Busia
2279,1991,21.177875,93.01925,100.0,0.5974,,-0.20590148809523967,,Busia
2279,1992,21.779375,76.286125,100.0,-0.4808,,0.3743380952380946,,Busia
2279,1993,21.221875,73.78625,100.0,-0.7134,,-0.2044223214285701,,Busia
2279,1994,21.325875,81.549375,100.0,0.011999999999999988,,-0.12168273809523811,,Busia
2279,1995,21.681125,82.6615,100.0,0.479,,0.2123068452380963,,Busia
2279,1996,21.3085,87.66675000000001,100.0,0.6285999999999999,,-0.1815785714285738,,Busia
2279,1997,21.67725,75.391,98.53659999999999,-1.0068,,0.1659110119047611,,Busia
2279,1998,22.357374999999998,75.445,99.998,-0.3428,,0.8247755952380906,,Busia
2279,1999,21.185125,70.55575,100.0,0.0248,,-0.3687348214285713,,Busia
2279,2000,21.548,62.618624999999994,100.0,-1.8881999999999999,,-0.027120238095239557,,Busia
2279,2001,21.246,80.00275,100.0,-0.041400000000000006,-0.10600000000000001,-0.3503806547619064,-0.0375645454545455,Busia
2279,2002,21.547,86.46275,100.0,0.6597999999999999,0.5894,-0.07064107142857168,0.6521325,Busia
2279,2003,21.7295,83.231375,100.0,-0.7064,-0.4427,0.09059851190476209,-0.38567045454545457,Busia
2279,2004,21.795125,58.922625,99.9928,-1.3134000000000001,-0.1119,0.13496309523809202,-0.06057340909090912,Busia
2279,2005,21.99775,83.072625,100.0,-0.5976,0.2016,0.3163276785714295,0.24722363636363634,Busia
2279,2006,21.30325,99.268125,100.0,1.5248,1.2386,-0.39943273809523916,1.2785206818181818,Busia
2279,2007,21.7865,71.315,100.0,-0.36819999999999997,-0.016199999999999992,0.06255684523809535,0.01801772727272726,Busia
2279,2008,21.25975,75.309625,100.0,-0.8406,0.4238,-0.4854535714285717,0.4523147727272727,Busia
2279,2009,21.813875,80.7235,99.90060000000001,-0.1508,-0.6342,0.04741101190476016,-0.6113881818181818,Busia
2279,2010,21.96075,87.438625,100.0,1.2913999999999999,1.1078999999999999,0.17302559523809435,1.1250088636363635,Busia
2279,2011,21.8025,78.68275,100.0,-0.8436,0.002199999999999997,-0.006484821428575316,0.013605909090909082,Busia
2279,2012,21.71725,80.523875,98.702,-0.6926,-2.0177,-0.11299523809523748,-2.0119970454545455,Busia
2279,2013,21.4275,89.12725,100.0,0.5738,0.2764,-0.4240056547619062,0.2764,Busia
2279,2014,21.681874999999998,73.96837500000001,100.0,-1.1102,-0.0457,-0.19089107142857387,-0.05140295454545454,Busia
2279,2015,21.984625,102.741875,99.8554,0.5826,-1.275,0.09059851190476209,-1.286405909090909,Busia
2279,2016,22.45325,70.977625,99.99980000000001,-0.8294,-0.8975000000000001,0.5379630952380943,-0.9146088636363637,Busia
2279,2017,22.402875,82.68225,100.0,0.7398,0.3234,0.4663276785714281,0.30058818181818187,Busia
2279,2018,21.217,98.695875,100.0,1.1372,0.7597,-0.7408077380952385,0.7311852272727273,Busia
2279,2019,22.718125,63.331999999999994,99.945,-0.1242,-1.2847,0.7390568452380961,-1.3189177272727273,Busia
2279,2020,21.69375,103.41775,100.0,1.8725999999999998,0.7908999999999999,-0.30657857142857026,0.7509793181818182,Busia
2279,2021,21.681874999999998,92.414875,100.0,1.1008,0.11049999999999999,-0.3397139880952409,0.06487636363636365,Busia
2279,2022,22.143625,72.004625,100.0,-0.24539999999999998,-0.1977,0.10077559523809398,-0.24902659090909085,Busia
2279,2023,21.805625,96.136875,100.0,0.6496000000000001,0.0677,-0.25848482142857065,0.010670454545454573,Busia
2279,2024,22.671875,81.10125,100.0,0.4908,0.7145999999999999,0.586504761904763,0.6518674999999999,Busia
2279,2025,21.9785,97.448125,100.0,0.23879999999999998,0.3159,-0.12813065476190388,0.2474645454545455,Busia
2279,2026,22.030375,81.40225,99.99980000000001,1.4784000000000002,1.1774,-0.0975160714285721,1.103261590909091,Busia
2280,1989,16.28222222222222,52.67477777777778,,0.4064,,-0.8428539682539729,,Elgeyo-Marakwet
2280,1990,16.625666666666667,50.06888888888889,,0.8952,,-0.5087873015873008,,Elgeyo-Marakwet
2280,1991,17.30011111111111,42.10677777777778,98.8856,-0.5768,,0.15627936507936369,,Elgeyo-Marakwet
2280,1992,17.452777777777776,38.09688888888889,98.2796,-0.3848,,0.2995682539682498,,Elgeyo-Marakwet
2280,1993,16.730333333333334,33.358444444444444,92.6754,-0.4528,,-0.432253968253967,,Elgeyo-Marakwet
2280,1994,17.009888888888888,50.184333333333335,98.7102,-0.101,,-0.16207619047619204,,Elgeyo-Marakwet
2280,1995,17.466333333333335,34.339666666666666,94.9748,-0.11760000000000001,,0.284990476190476,,Elgeyo-Marakwet
2280,1996,17.47688888888889,35.69677777777778,98.399,-0.1116,,0.2861682539682562,,Elgeyo-Marakwet
2280,1997,16.900333333333336,60.92466666666667,98.8258,0.884,,-0.299765079365077,,Elgeyo-Marakwet
2280,1998,17.625,40.032000000000004,99.2884,-0.19260000000000002,,0.4155238095238083,,Elgeyo-Marakwet
2280,1999,17.172222222222224,39.88655555555555,99.3814,0.0494,,-0.046631746031742694,,Elgeyo-Marakwet
2280,2000,17.592111111111112,19.314444444444444,92.0992,-2.1098,,0.3638793650793666,,Elgeyo-Marakwet
2280,2001,16.819000000000003,42.63088888888889,99.0178,-0.004199999999999993,0.271,-0.41860952380951844,0.4146807692307693,Elgeyo-Marakwet
2280,2002,16.96777777777778,43.678444444444445,98.7524,-0.1212,-0.161,-0.27920952380952,-0.02929262820512815,Elgeyo-Marakwet
2280,2003,17.206,72.01622222222221,99.50840000000001,0.7176,-0.46609999999999996,-0.05036507936507917,-0.3463660256410256,Elgeyo-Marakwet
2280,2004,17.02777777777778,52.99744444444444,99.3048,0.7246,0.1419,-0.23796507936507538,0.24966057692307697,Elgeyo-Marakwet
2280,2005,17.341333333333335,53.29244444444444,98.60799999999999,-0.0512,0.0523,0.06621269841270205,0.14808717948717953,Elgeyo-Marakwet
2280,2006,17.200555555555557,44.07688888888889,99.60560000000001,0.20020000000000002,0.5529999999999999,-0.08394285714285488,0.636813782051282,Elgeyo-Marakwet
2280,2007,17.14888888888889,53.035888888888884,98.8158,0.5944,0.4066,-0.144987301587296,0.47844038461538463,Elgeyo-Marakwet
2280,2008,17.202222222222222,25.978333333333335,98.6172,-0.8837999999999999,0.0431,-0.10103174603174381,0.1029669871794872,Elgeyo-Marakwet
2280,2009,17.845555555555556,34.532000000000004,98.1922,-0.991,-1.0627,0.5329238095238118,-1.0148064102564103,Elgeyo-Marakwet
2280,2010,17.015555555555554,69.06411111111112,99.92240000000001,1.4246,1.2715,-0.3064539682539653,1.3074201923076925,Elgeyo-Marakwet
2280,2011,17.532666666666668,26.765333333333334,92.2986,-1.0484,-0.27540000000000003,0.20127936507936894,-0.2514532051282051,Elgeyo-Marakwet
2280,2012,17.028222222222222,74.56833333333333,99.5736,0.794,-0.7261,-0.312542857142855,-0.7141266025641025,Elgeyo-Marakwet
2280,2013,16.994444444444447,64.50677777777778,99.4524,1.0894,0.7870000000000001,-0.3556984126984055,0.7870000000000001,Elgeyo-Marakwet
2280,2014,17.243000000000002,23.18888888888889,94.4686,-1.0242,-0.4217000000000001,-0.11652063492062936,-0.4336733974358975,Elgeyo-Marakwet
2280,2015,17.28066666666667,43.339444444444446,99.5102,0.051000000000000004,-0.3347,-0.08823174603174166,-0.35864679487179485,Elgeyo-Marakwet
2280,2016,17.66444444444444,58.684333333333335,99.7258,0.4206,0.24810000000000001,0.2861682539682562,0.2121798076923077,Elgeyo-Marakwet
2280,2017,17.82477777777778,26.715,95.7586,-1.0426,-1.0157,0.4371238095238148,-1.0635935897435898,Elgeyo-Marakwet
2280,2018,16.345777777777776,106.67066666666666,99.9414,2.0538,0.7043,-1.0512539682539632,0.6444330128205128,Elgeyo-Marakwet
2280,2019,18.487555555555556,22.144222222222222,91.9898,-1.592,-1.6566999999999998,1.0811460317460373,-1.7285403846153844,Elgeyo-Marakwet
2280,2020,17.080111111111112,74.46722222222223,99.7284,1.565,0.9148000000000001,-0.33567619047618535,0.830986217948718,Elgeyo-Marakwet
2280,2021,17.25788888888889,42.638666666666666,98.08099999999999,-0.3324,-0.0702,-0.16727619047618347,-0.1659871794871795,Elgeyo-Marakwet
2280,2022,17.867222222222225,26.337222222222223,97.84819999999999,-1.1316000000000002,-0.9153,0.4326793650793732,-1.023060576923077,Elgeyo-Marakwet
2280,2023,17.208000000000002,51.601,98.2532,0.403,0.2899,-0.2359206349206282,0.1701660256410256,Elgeyo-Marakwet
2280,2024,17.725555555555555,66.82877777777779,99.8828,0.8911999999999999,0.7963,0.27225714285714986,0.6645926282051282,Elgeyo-Marakwet
2280,2025,17.57288888888889,53.992666666666665,99.7838,0.391,0.8954,0.11021269841270609,0.7517192307692306,Elgeyo-Marakwet
2280,2026,17.316333333333333,61.035999999999994,98.4186,1.4528,1.3427,-0.15572063492063037,1.1870458333333334,Elgeyo-Marakwet
2281,1989,21.669777777777778,53.60944444444445,,0.6044,,-0.8165603174603184,,Embu
2281,1990,21.991888888888887,71.08577777777778,,1.6329999999999998,,-0.5199492063492102,,Embu
2281,1991,22.510555555555555,49.53,97.6628,0.06599999999999999,,-0.02678253968254296,,Embu
2281,1992,22.65588888888889,49.42655555555555,85.95360000000001,0.11660000000000001,,0.09305079365079294,,Embu
2281,1993,22.466666666666665,20.47277777777778,86.42580000000001,-1.4814,,-0.12167142857143176,,Embu
2281,1994,22.76233333333333,42.524,93.31219999999999,-0.0256,,0.1484952380952329,,Embu
2281,1995,22.503555555555558,52.562888888888885,94.5922,0.255,,-0.13578253968253762,,Embu
2281,1996,22.74588888888889,30.787111111111113,81.9796,-0.8482,,0.08105079365079249,,Embu
2281,1997,22.666999999999998,65.75911111111111,90.37219999999999,1.0442,,-0.023338095238099044,,Embu
2281,1998,22.861666666666665,53.87433333333334,97.6258,0.7327999999999999,,0.1458285714285701,,Embu
2281,1999,22.480666666666664,29.79444444444444,93.0812,-0.7373999999999999,,-0.2606714285714311,,Embu
2281,2000,22.94511111111111,18.245444444444445,68.7898,-1.7314,,0.17827301587301392,,Embu
2281,2001,22.724666666666664,50.83555555555555,95.58040000000001,0.48460000000000003,-0.21200000000000002,-0.06767142857142971,0.09698564593301434,Embu
2281,2002,22.40566666666667,57.844,94.3312,0.5913999999999999,0.486,-0.4121714285714262,0.7692368421052631,Embu
2281,2003,22.957222222222224,51.17311111111111,81.9366,0.05960000000000001,-0.4404,0.11388412698412864,-0.18291196172248808,Embu
2281,2004,22.81911111111111,22.469777777777775,84.2182,-1.1880000000000002,0.0221,-0.049726984126984064,0.25383923444976075,Embu
2281,2005,23.292333333333332,36.69766666666666,87.94,-0.8712,-0.359,0.3979952380952376,-0.15300956937799043,Embu
2281,2006,22.74277777777778,52.233777777777775,97.44919999999999,0.316,0.26990000000000003,-0.1770603174603167,0.4501416267942584,Embu
2281,2007,23.052777777777777,37.29411111111111,94.18260000000001,-0.4288,0.20290000000000002,0.10743968253968461,0.3573928229665072,Embu
2281,2008,22.710333333333335,40.995555555555555,90.7554,0.12000000000000002,0.3012,-0.2605047619047589,0.429944019138756,Embu
2281,2009,23.60188888888889,21.894555555555556,85.0326,-1.4929999999999999,-1.3471,0.6055507936507958,-1.2441047846889952,Embu
2281,2010,22.951444444444444,51.20022222222222,96.05260000000001,0.806,1.097,-0.07039365079364757,1.1742464114832536,Embu
2281,2011,23.308555555555554,29.73322222222222,77.51480000000001,-0.9896,-1.5541,0.26121746031746085,-1.5026023923444976,Embu
2281,2012,23.220777777777776,48.88977777777777,83.4534,0.032600000000000004,-0.817,0.1479396825396826,-0.7912511961722487,Embu
2281,2013,22.742666666666665,59.62766666666667,90.255,1.05,0.2892,-0.3556714285714264,0.2892,Embu
2281,2014,22.863333333333333,34.00911111111111,90.12519999999999,-0.142,-0.16229999999999997,-0.2605047619047589,-0.18804880382775116,Embu
2281,2015,23.179,45.48544444444444,92.749,-0.011400000000000002,-0.2835,0.029661904761905333,-0.33499760765550235,Embu
2281,2016,23.442777777777778,49.233777777777775,89.28540000000001,0.11099999999999999,0.0446,0.26793968253968714,-0.03264641148325359,Embu
2281,2017,23.46611111111111,33.30533333333333,83.3948,-0.7737999999999999,-0.7209,0.2657730158730196,-0.8238952153110047,Embu
2281,2018,22.18422222222222,95.51233333333333,98.6606,2.1654,0.8495999999999999,-1.0416158730158713,0.7208559808612439,Embu
2281,2019,24.057222222222222,29.08055555555556,55.88420000000001,-1.364,-1.2301,0.8058841269841324,-1.3845928229665072,Embu
2281,2020,23.126444444444445,79.01977777777778,98.7324,1.8980000000000001,1.0635,-0.15039365079364586,0.8832583732057415,Embu
2281,2021,23.303444444444445,50.388333333333335,95.6466,0.31100000000000005,0.15209999999999999,0.0011063492063527747,-0.05389043062200957,Embu
2281,2022,23.775555555555556,32.483555555555554,75.4542,-0.5844,-0.1324,0.44771746031746673,-0.3641392344497607,Embu
2281,2023,22.80622222222222,46.58533333333333,95.5326,0.277,0.5202,-0.5471158730158692,0.26271196172248806,Embu
2281,2024,23.457555555555555,99.687,98.09360000000001,1.9408,0.6042000000000001,0.0787174603174634,0.32096315789473695,Embu
2281,2025,23.18788888888889,59.64377777777778,98.2812,0.7698,1.1438,-0.21644920634919984,0.8348143540669856,Embu
2281,2026,23.00277777777778,62.48866666666667,96.50160000000001,1.3172000000000001,1.3711,-0.4270603174603096,1.0363655502392344,Embu
2282,1989,27.752222222222223,23.227777777777778,,-0.8308,,-0.30274444444444626,,Garissa
2282,1990,27.537444444444443,43.179111111111105,,0.3678,,-0.5339555555555613,,Garissa
2282,1991,28.141222222222225,49.65911111111111,89.8694,0.6992,,0.053388888888889596,,Garissa
2282,1992,28.271333333333335,23.048666666666666,90.7248,-0.47300000000000003,,0.16706666666666337,,Garissa
2282,1993,28.235,14.513777777777777,49.6638,-1.7114,,0.11429999999999652,,Garissa
2282,1994,28.027333333333335,46.41211111111111,80.56620000000001,0.4126,,-0.1097999999999999,,Garissa
2282,1995,28.149555555555555,33.70122222222222,94.251,-0.22479999999999997,,-0.004011111111115184,,Garissa
2282,1996,28.076444444444444,49.18344444444445,78.0476,-0.4606,,-0.09355555555555739,,Garissa
2282,1997,27.980777777777778,38.45044444444445,96.7992,0.48979999999999996,,-0.20565555555555903,,Garissa
2282,1998,28.098555555555556,45.02033333333333,96.6238,1.4007999999999998,,-0.10431111111111235,,Garissa
2282,1999,27.764444444444443,35.52366666666667,84.44120000000001,0.032600000000000004,,-0.45485555555555734,,Garissa
2282,2000,27.92588888888889,31.78677777777778,87.9062,0.006599999999999995,,-0.3098444444444475,,Garissa
2282,2001,28.164555555555555,36.77055555555555,81.7434,-0.3048,0.3315,-0.0876111111111122,0.449225,Garissa
2282,2002,28.22211111111111,35.992333333333335,84.9428,-0.06040000000000001,0.36160000000000003,-0.046488888888891466,0.46951458333333335,Garissa
2282,2003,28.474222222222224,24.824444444444445,72.7914,-0.5862,-0.1198,0.1891888888888893,-0.021695833333333345,Garissa
2282,2004,28.761777777777777,10.919444444444444,62.2504,-1.4175999999999997,-0.8123,0.46031111111111045,-0.7240062500000001,Garissa
2282,2005,28.77011111111111,42.26022222222222,64.4938,-0.06359999999999999,-0.3033,0.452211111111108,-0.2248166666666667,Garissa
2282,2006,28.378333333333334,31.793333333333333,94.17519999999999,0.0506,-0.21009999999999998,0.04400000000000048,-0.14142708333333331,Garissa
2282,2007,28.605444444444444,48.73133333333333,72.474,-0.1954,0.3421,0.25467777777777556,0.4009625,Garissa
2282,2008,27.924444444444443,67.41122222222222,90.5894,0.7492,0.6292,-0.4427555555555571,0.6782520833333333,Garissa
2282,2009,28.685999999999996,20.694777777777777,69.4254,-1.0178,-0.7110000000000001,0.30236666666666423,-0.6717583333333335,Garissa
2282,2010,28.247555555555557,63.02700000000001,97.1494,1.2784,0.9179999999999999,-0.15251111111111015,0.94743125,Garissa
2282,2011,28.634666666666664,21.18911111111111,79.7124,-0.7496,-0.5951,0.21816666666666507,-0.5754791666666667,Garissa
2282,2012,28.41711111111111,23.177888888888887,45.8446,-1.4612,-0.6055999999999999,-0.015822222222222848,-0.5957895833333332,Garissa
2282,2013,28.19333333333333,58.10955555555555,96.77439999999999,1.274,0.4495,-0.25603333333333467,0.4495,Garissa
2282,2014,28.414333333333335,47.57111111111111,92.0844,-0.05740000000000003,-0.1318,-0.051466666666662775,-0.14161041666666666,Garissa
2282,2015,28.54266666666667,35.22044444444444,94.3904,-0.062,0.1677,0.06043333333333578,0.14807916666666665,Garissa
2282,2016,29.232444444444443,33.047444444444444,78.2834,0.03600000000000003,-0.35019999999999996,0.7337777777777781,-0.37963125,Garissa
2282,2017,28.679333333333332,34.79088888888889,81.4888,-0.1764,-0.9778,0.1642333333333319,-1.0170416666666666,Garissa
2282,2018,27.548555555555556,74.55277777777778,98.7938,1.4564,0.8330000000000001,-0.9829777777777764,0.7839479166666667,Garissa
2282,2019,29.21688888888889,24.092444444444443,68.8056,-0.7889999999999999,-0.9041,0.6689222222222249,-0.9629625,Garissa
2282,2020,28.41188888888889,51.878,96.0976,1.4896,1.1392,-0.15251111111111015,1.0705270833333334,Garissa
2282,2021,28.560333333333332,21.307000000000002,82.53540000000001,0.1748,-0.571,-0.02049999999999841,-0.6494833333333333,Garissa
2282,2022,28.58311111111111,31.377555555555553,77.9866,0.017000000000000005,-0.5998,-0.014155555555557697,-0.68809375,Garissa
2282,2023,28.383333333333333,42.812555555555555,96.0604,0.693,-0.06309999999999999,-0.23036666666666505,-0.16120416666666665,Garissa
2282,2024,28.826999999999998,50.917,95.7756,0.9892,1.3432,0.19686666666666852,1.2352854166666667,Garissa
2282,2025,28.301888888888886,42.599222222222224,95.935,0.7295999999999999,0.7718,-0.34467777777777897,0.6540750000000001,Garissa
2282,2026,28.307333333333332,33.66522222222222,90.2628,0.3688,0.6369,-0.35566666666666436,0.5093645833333333,Garissa
2284,1989,19.464,75.616625,,-0.3544,,-0.8865023109243708,,Kakamega
2284,1990,19.876375,90.48425,,1.2596,,-0.4932743697478976,,Kakamega
2284,1991,20.262375,97.62299999999999,100.0,0.1552,,-0.12642142857142957,,Kakamega
2284,1992,20.855375,80.4915,100.0,-0.7306,,0.4474315126050392,,Kakamega
2284,1993,20.260375,79.98425,99.112,-1.0126,,-0.16671554621848728,,Kakamega
2284,1994,20.206,111.47525,100.0,0.5374,,-0.24023760504201874,,Kakamega
2284,1995,20.76125,88.58975,99.99980000000001,0.5528,,0.29586533613445454,,Kakamega
2284,1996,20.35875,96.849875,100.0,0.7358,,-0.1257817226890765,,Kakamega
2284,1997,20.660375,87.43862499999999,99.9396,-0.17440000000000003,,0.15669621848739368,,Kakamega
2284,1998,21.315625,80.57974999999999,99.988,-0.5624,,0.7927991596638648,,Kakamega
2284,1999,20.1195,80.657125,99.99980000000001,0.3754,,-0.4224728991596649,,Kakamega
2284,2000,20.5815,60.24025,99.9866,-2.0582000000000003,,0.020380042016803657,,Kakamega
2284,2001,20.049875,82.02612500000001,100.0,-0.35540000000000005,0.21950000000000003,-0.5303920168067222,0.45251130434782605,Kakamega
2284,2002,20.610125,95.57412500000001,99.99199999999999,0.41479999999999995,0.1609,0.010710924369746522,0.37449369565217383,Kakamega
2284,2003,20.66625,92.2195,100.0,-0.3444,-0.683,0.04768886554622043,-0.48882391304347833,Kakamega
2284,2004,20.657249999999998,64.200625,99.977,-0.7346,0.1232,0.01954180672268535,0.2979584782608695,Kakamega
2284,2005,21.077375,89.98875000000001,100.0,-0.307,0.3128,0.42051974789916,0.4681408695652174,Kakamega
2284,2006,20.373874999999998,96.88525,100.0,0.9404,1.2332999999999998,-0.30212731092437295,1.369223260869565,Kakamega
2284,2007,20.847375,67.739,99.762,-0.8904,-0.1271,0.15222563025210079,-0.010594347826086967,Kakamega
2284,2008,20.2795,74.642375,99.986,-0.9321999999999999,-0.5377000000000001,-0.4347964285714312,-0.44061195652173923,Kakamega
2284,2009,20.889125,78.24925,99.97,-0.6232,-0.8435999999999999,0.15568151260503882,-0.7659295652173912,Kakamega
2284,2010,20.80475,94.069375,100.0,1.3546,0.7054,0.05215945378150977,0.7636528260869565,Kakamega
2284,2011,20.876875000000002,82.77324999999999,99.8292,-0.618,-0.4847,0.10513739495798191,-0.44586478260869566,Kakamega
2284,2012,20.6295,86.04887500000001,99.908,-0.4194,-1.5695999999999999,-0.1613846638655474,-1.5501823913043478,Kakamega
2284,2013,20.208875,93.789875,99.9534,0.7854,0.23729999999999996,-0.6011567226890797,0.23729999999999996,Kakamega
2284,2014,20.637,76.588875,99.9872,-1.0674,-0.0626,-0.19217878151260592,-0.08201760869565217,Kakamega
2284,2015,20.925125,103.6225,99.986,0.148,-1.0279,0.07679915966386375,-1.0667352173913043,Kakamega
2284,2016,21.3325,80.781,100.0,-0.19680000000000003,-0.5355,0.4650271008403344,-0.5937528260869565,Kakamega
2284,2017,21.36225,88.393625,99.98479999999999,0.302,0.5579000000000001,0.47563004201680315,0.48022956521739135,Kakamega
2284,2018,19.86475,114.20575,100.0,1.4016,0.9744999999999999,-1.0410170168067232,0.8774119565217391,Kakamega
2284,2019,21.896875,62.684374999999996,99.7856,-0.9158,-1.3649,0.9719609243697462,-1.481405652173913,Kakamega
2284,2020,20.563,114.28325,100.0,1.8198,0.8911,-0.381061134453784,0.7551767391304348,Kakamega
2284,2021,20.75725,100.325375,100.0,0.9480000000000001,0.2127,-0.2059581932773149,0.057359130434782635,Kakamega
2284,2022,21.12875,80.159375,100.0,0.1166,-0.17420000000000002,0.14639474789915852,-0.34895847826086956,Kakamega
2284,2023,20.6285,102.388625,100.0,0.48599999999999993,0.4708,-0.37300231092437386,0.2766239130434783,Kakamega
2284,2024,21.639125,80.597375,100.0,0.23820000000000002,0.9049,0.6184756302520995,0.6913063043478261,Kakamega
2284,2025,20.913375000000002,117.495,100.0,0.844,0.627,-0.12642142857142957,0.393988695652174,Kakamega
2284,2026,20.95625,86.94200000000001,99.92139999999999,1.6620000000000001,1.1987,-0.10269348739496209,0.9462710869565218,Kakamega
2285,1989,16.60066666666667,66.26044444444445,,0.07640000000000001,,-0.6301015873015814,,Kericho
2285,1990,16.621888888888886,79.97855555555556,,1.5672000000000001,,-0.6232285714285695,,Kericho
2285,1991,17.10477777777778,66.24377777777778,99.9752,-0.48979999999999996,,-0.15468888888888088,,Kericho
2285,1992,17.452,51.50644444444445,99.97319999999999,-0.8385999999999999,,0.1781841269841351,,Kericho
2285,1993,17.169,56.32077777777778,99.5316,-0.9359999999999999,,-0.11916507936507514,,Kericho
2285,1994,17.213777777777775,93.24766666666667,99.9734,0.9324,,-0.08873650793650611,,Kericho
2285,1995,17.300666666666665,68.41888888888889,99.9798,0.1476,,-0.01619682539682188,,Kericho
2285,1996,17.264666666666667,61.81088888888889,99.9786,-0.1618,,-0.06654603174602869,,Kericho
2285,1997,17.419444444444444,68.41911111111112,99.7554,-0.0648,,0.07388253968254332,,Kericho
2285,1998,17.896,54.18888888888889,99.9894,-0.648,,0.5360888888888944,,Kericho
2285,1999,16.874555555555553,69.71822222222221,99.9756,0.1682,,-0.4997047619047592,,Kericho
2285,2000,17.777333333333335,45.42977777777778,99.9656,-1.5054,,0.3887238095238139,,Kericho
2285,2001,16.982,62.92133333333334,99.98740000000001,-0.3726,0.44899999999999995,-0.420958730158727,0.5238928571428572,Kericho
2285,2002,17.350444444444445,70.98066666666666,99.979,-0.0978,0.15400000000000003,-0.06686349206348652,0.2226517857142858,Kericho
2285,2003,17.621,75.30155555555557,99.97999999999999,-0.0736,-1.0418,0.18934285714285792,-0.9793892857142857,Kericho
2285,2004,17.385,67.03788888888889,99.97659999999999,0.5978,0.4872000000000001,-0.06100634920634462,0.543369642857143,Kericho
2285,2005,17.717555555555556,74.90911111111112,99.9816,-0.030800000000000004,0.3305,0.25720000000000454,0.3804285714285715,Kericho
2285,2006,17.151444444444444,82.90255555555557,99.9724,0.7146,1.0977999999999999,-0.3232603174603135,1.1414875,Kericho
2285,2007,17.444555555555556,50.05844444444444,99.99080000000001,-0.5652,0.17809999999999998,-0.044498412698409595,0.21554642857142858,Kericho
2285,2008,17.18477777777778,60.436,99.9712,-0.4342,0.06769999999999998,-0.3186253968253929,0.09890535714285716,Kericho
2285,2009,17.817666666666668,55.02533333333333,99.88239999999999,-1.1364,-0.8476999999999999,0.2999142857142907,-0.8227357142857141,Kericho
2285,2010,17.34511111111111,87.61877777777778,99.9938,1.4196,0.7913,-0.18699047619047704,0.8100232142857143,Kericho
2285,2011,17.620333333333335,53.34155555555556,99.9174,-1.0652,-0.37629999999999997,0.07388253968254332,-0.3638178571428571,Kericho
2285,2012,17.393444444444444,79.39622222222222,99.94919999999999,0.36719999999999997,-0.9005000000000001,-0.16735555555555237,-0.8942589285714286,Kericho
2285,2013,17.232,80.77677777777778,99.98060000000001,0.9518000000000001,0.3176,-0.343149206349203,0.3176,Kericho
2285,2014,17.415555555555557,51.07988888888889,99.98580000000001,-1.0657999999999999,-0.2611,-0.17394285714285473,-0.26734107142857144,Kericho
2285,2015,17.453,72.07988888888889,99.9692,-0.15940000000000001,-0.9664999999999999,-0.15084761904761734,-0.9789821428571428,Kericho
2285,2016,18.096777777777778,73.91977777777778,99.9854,-0.049199999999999994,-0.1926,0.47858095238095544,-0.2113232142857143,Kericho
2285,2017,18.401666666666667,57.02611111111111,99.9672,-0.4648,-0.1759,0.7691206349206361,-0.20086428571428575,Kericho
2285,2018,16.73177777777778,105.48922222222222,99.9788,1.6018000000000001,0.5741,-0.9151174603174574,0.5428946428571428,Kericho
2285,2019,18.74811111111111,45.574,92.6728,-1.8585999999999998,-1.6145999999999998,1.086866666666669,-1.6520464285714285,Kericho
2285,2020,17.419888888888888,86.01977777777778,99.9968,1.5734,0.5756,-0.25570476190475944,0.5319125,Kericho
2285,2021,17.45611111111111,82.174,99.9836,1.0604,0.0755,-0.23383174603174695,0.025571428571428523,Kericho
2285,2022,17.99711111111111,75.08411111111111,99.9796,0.3632,-0.3082,0.292819047619048,-0.3643696428571429,Kericho
2285,2023,17.47222222222222,85.78633333333333,99.981,0.587,0.4259,-0.24641904761904598,0.3634892857142856,Kericho
2285,2024,18.11788888888889,63.714000000000006,99.9882,0.21680000000000002,0.979,0.3848984126984121,0.9103482142857142,Kericho
2285,2025,17.591444444444445,95.836,99.9814,0.867,0.6314,-0.15589523809523698,0.5565071428571428,Kericho
2285,2026,17.348555555555556,85.54811111111111,99.98519999999999,1.6736,0.9053,-0.4131333333333309,0.8241660714285713,Kericho
2859,1989,17.693375,69.34875,,-0.1488,,-0.7477750000000007,,Kisii
2859,1990,18.053875,73.7515,,1.0388,,-0.40127499999999827,,Kisii
2859,1991,18.20025,71.86125,99.9924,-0.6948,,-0.26890000000000214,,Kisii
2859,1992,18.65475,53.934875,99.94980000000001,-1.3397999999999999,,0.17159999999999798,,Kisii
2859,1993,18.361874999999998,63.792125,99.946,-0.8518000000000001,,-0.1352750000000036,,Kisii
2859,1994,18.213375,82.027125,99.9914,0.3328,,-0.29777500000000146,,Kisii
2859,1995,18.73075,58.559625,99.864,-0.11840000000000002,,0.20560000000000045,,Kisii
2859,1996,18.628375,65.584125,99.9952,0.020799999999999996,,0.08922499999999545,,Kisii
2859,1997,18.646625,60.283625,98.62519999999999,-1.7,,0.09347499999999798,,Kisii
2859,1998,19.2425,59.931625,99.994,-1.0719999999999998,,0.6753499999999981,,Kisii
2859,1999,18.240375,75.912,99.9922,0.5548,,-0.3407750000000007,,Kisii
2859,2000,18.77875,64.638625,99.9676,-0.7396,,0.18359999999999843,,Kisii
2859,2001,18.252,78.359125,99.9948,-0.0896,-0.0755,-0.3571500000000043,-0.10186000000000005,Kisii
2859,2002,18.5855,76.24325,99.98060000000001,0.6288,0.7099,-0.03765000000000285,0.6857366666666666,Kisii
2859,2003,18.750125,71.492625,99.962,-0.6666000000000001,-0.9543,0.11297499999999872,-0.9762666666666667,Kisii
2859,2004,18.613375,62.775,99.9494,-0.48419999999999996,0.47539999999999993,-0.03777499999999989,0.4556299999999999,Kisii
2859,2005,18.925375,75.47925,99.9938,-0.41559999999999997,0.3673,0.2602249999999984,0.34972666666666663,Kisii
2859,2006,18.244125,89.606875,99.99600000000001,0.9120000000000001,0.3298,-0.4350250000000031,0.3144233333333333,Kisii
2859,2007,18.685375,59.272625,99.9858,-0.6748000000000001,0.13230000000000003,-0.007775000000002308,0.11912,Kisii
2859,2008,18.4485,67.882125,99.97099999999999,-0.5841999999999999,-0.2826,-0.25865000000000293,-0.29358333333333336,Kisii
2859,2009,18.833125,67.51825,99.98920000000001,-0.7412,0.4452,0.1119749999999975,0.4364133333333333,Kisii
2859,2010,18.9635,80.498625,99.9966,1.2236,0.7971,0.22834999999999894,0.79051,Kisii
2859,2011,18.73625,64.444,99.9828,-1.2268000000000001,-0.4495,-0.012900000000005463,-0.45389333333333337,Kisii
2859,2012,18.549625,82.99425000000001,99.9856,0.7158,-0.7299,-0.21352500000000418,-0.7320966666666666,Kisii
2859,2013,18.38125,91.23925,99.9394,1.3232000000000002,0.11830000000000002,-0.39590000000000103,0.11830000000000002,Kisii
2859,2014,18.56475,64.183375,99.9836,-0.9228,-0.2129,-0.2264000000000017,-0.21070333333333333,Kisii
2859,2015,18.864375,84.873125,99.87,-0.0736,-1.8444999999999998,0.05922499999999786,-1.8401066666666666,Kisii
2859,2016,19.239125,80.036,99.9986,-0.2588,-0.45980000000000004,0.4199749999999973,-0.45321000000000006,Kisii
2859,2017,19.382875,69.516125,99.975,0.3252,0.10400000000000001,0.5497249999999951,0.11278666666666669,Kisii
2859,2018,18.139625,99.467,99.9996,1.2602,-0.48,-0.707525000000004,-0.46901666666666664,Kisii
2859,2019,19.81425,66.895375,99.98819999999999,-0.7308,-0.9633999999999999,0.9530999999999992,-0.95022,Kisii
2859,2020,18.748,90.974,99.9988,1.9224,0.9728,-0.12715000000000032,0.9881766666666667,Kisii
2859,2021,18.532,88.11725,99.9958,1.232,0.27249999999999996,-0.3571500000000043,0.29007333333333335,Kisii
2859,2022,19.035625,89.83787500000001,99.9976,1.209,0.29180000000000006,0.1324749999999959,0.31157000000000007,Kisii
2859,2023,18.618,89.5705,99.9964,0.8368,0.43990000000000007,-0.29915000000000447,0.46186666666666676,Kisii
2859,2024,19.416,68.78225,99.99440000000001,0.2352,1.0779999999999998,0.484849999999998,1.1021633333333332,Kisii
2859,2025,18.729875,109.904125,100.0,1.0886,-0.157,-0.21527500000000188,-0.13063999999999995,Kisii
2859,2026,18.862,82.522625,99.9788,1.8082,0.1152,-0.09715000000000629,0.1437566666666667,Kisii
2860,1989,17.313625000000002,66.75975,,-0.046,,-0.6205723214285719,,Nandi
2860,1990,17.49725,77.09537499999999,,1.2635999999999998,,-0.4546482142857151,,Nandi
2860,1991,18.023375,72.941625,100.0,-0.4162,,0.05377589285714279,,Nandi
2860,1992,18.1995,52.360125,99.9974,-1.1178000000000001,,0.21219999999999928,,Nandi
2860,1993,17.84825,60.9535,98.4856,-0.9958,,-0.1567508928571435,,Nandi
2860,1994,17.913625,89.839625,100.0,0.901,,-0.10907678571429003,,Nandi
2860,1995,18.174875,64.6005,99.9992,0.355,,0.1344723214285679,,Nandi
2860,1996,18.0095,60.8255,100.0,-0.2338,,-0.04860357142857552,,Nandi
2860,1997,18.141375,75.8505,99.9516,0.14100000000000001,,0.06557053571428284,,Nandi
2860,1998,18.8015,67.099625,99.9942,-0.4384,,0.7079946428571411,,Nandi
2860,1999,17.845375,71.70125,99.9932,0.4554,,-0.2658312500000015,,Nandi
2860,2000,18.189625,45.974125,99.9984,-1.8588,,0.060717857142854825,,Nandi
2860,2001,17.653375,67.36475,100.0,-0.3156,0.385,-0.49323303571428667,0.6386631578947368,Nandi
2860,2002,18.14275,90.541875,99.9986,0.3458,-0.44,-0.021558928571430158,-0.20747543859649126,Nandi
2860,2003,18.31225,78.648125,100.0,-0.07499999999999998,-1.1437,0.13024017857142667,-0.9323140350877193,Nandi
2860,2004,18.19575,57.77975,99.9392,0.1658,0.10900000000000001,-0.00396071428571787,0.2992473684210526,Nandi
2860,2005,18.527125,76.632875,100.0,0.022799999999999997,0.05840000000000001,0.30971339285714095,0.22750877192982455,Nandi
2860,2006,17.819625000000002,82.487625,100.0,0.5820000000000001,1.0405000000000002,-0.4154875000000011,1.1884701754385967,Nandi
2860,2007,18.416875,42.177625,99.8746,-0.7417999999999999,-0.0753,0.16406160714285534,0.0515315789473684,Nandi
2860,2008,18.056625,58.2845,99.999,-0.6394,0.0668,-0.21388928571428778,0.17249298245614034,Nandi
2860,2009,18.572,61.110125000000004,99.89320000000001,-0.9702,-0.4963,0.28378482142856853,-0.41174561403508775,Nandi
2860,2010,18.208875,89.763125,100.0,1.4258,0.8876999999999999,-0.0970410714285741,0.9511157894736841,Nandi
2860,2011,18.48075,56.742125,99.80760000000001,-0.7886,-0.4785,0.15713303571428483,-0.43622280701754385,Nandi
2860,2012,17.9345,80.57475000000001,99.9208,0.05399999999999999,-0.9559,-0.40681785714285823,-0.9347614035087719,Nandi
2860,2013,17.86525,78.85374999999999,99.8632,1.0657999999999999,0.5811,-0.49376875000000453,0.5811,Nandi
2860,2014,18.37025,52.478,100.0,-0.9075999999999999,-0.10210000000000001,-0.006469642857148017,-0.12323859649122808,Nandi
2860,2015,18.143124999999998,83.57425,100.0,0.08940000000000001,-0.8986000000000001,-0.2512955357142914,-0.9408771929824562,Nandi
2860,2016,18.802125,81.3145,99.9974,0.2068,0.0,0.39000357142856856,-0.0634157894736842,Nandi
2860,2017,18.958625,61.586625,99.99,-0.35760000000000003,0.37760000000000005,0.5288026785714273,0.2930456140350878,Nandi
2860,2018,17.564,105.70625,100.0,1.7521999999999998,0.5357,-0.8835232142857166,0.4300070175438596,Nandi
2860,2019,19.28275,45.932874999999996,98.29839999999999,-1.8695999999999997,-1.7198000000000002,0.817525892857141,-1.8466315789473686,Nandi
2860,2020,18.146,91.180875,100.0,1.5648,0.4884,-0.3369250000000008,0.3404298245614035,Nandi
2860,2021,18.343875,87.675875,99.9996,0.9762000000000001,0.3033,-0.1567508928571435,0.13419122807017547,Nandi
2860,2022,18.731625,69.8595,99.99940000000001,-0.0226,-0.2138,0.21329821428571094,-0.4040473684210526,Nandi
2860,2023,18.49775,83.342375,100.0,0.4958,0.5157999999999999,-0.038277678571432716,0.30441403508771925,Nandi
2860,2024,18.839375,69.90587500000001,100.0,0.16040000000000001,1.0288,0.2856464285714253,0.7962754385964912,Nandi
2860,2025,18.455750000000002,93.6455,100.0,0.9298,0.5308,-0.11567946428571574,0.27713684210526324,Nandi
2860,2026,18.28625,88.581625,99.9918,1.863,0.8231,-0.3028803571428611,0.5482982456140352,Nandi
2868,1989,17.133555555555557,69.838,,-0.08680000000000002,,-0.619045310245312,,Nyamira
2868,1990,17.294444444444444,83.815,,1.331,,-0.475883694083695,,Nyamira
2868,1991,17.594,70.88733333333333,99.996,-0.53,,-0.19405541125541248,,Nyamira
2868,1992,18.06844444444444,54.655,99.9494,-1.1350000000000002,,0.26266176046175715,,Nyamira
2868,1993,17.62911111111111,59.52622222222222,99.9674,-1.4103999999999999,,-0.19439884559884746,,Nyamira
2868,1994,17.541777777777778,87.34277777777778,99.999,0.5022,,-0.29945945165945176,,Nyamira
2868,1995,17.92988888888889,72.57588888888888,99.9002,0.0003999999999999948,,0.07092438672438561,,Nyamira
2868,1996,18.006666666666668,74.0851111111111,100.0,0.36960000000000004,,0.12997489177489285,,Nyamira
2868,1997,18.189444444444447,63.64933333333334,95.9924,-1.0952,,0.2950253968253982,,Nyamira
2868,1998,18.607666666666667,67.644,99.9956,-0.6562,,0.6955203463203432,,Nyamira
2868,1999,17.537555555555556,83.91455555555555,99.9982,0.6208,,-0.39231803751803795,,Nyamira
2868,2000,18.128444444444444,66.85233333333333,99.9934,-1.0446,,0.18084357864357514,,Nyamira
2868,2001,17.584333333333333,74.90966666666667,99.9984,-0.3728,0.42500000000000004,-0.3809948051948062,0.33833571428571435,Nyamira
2868,2002,17.894111111111112,81.57244444444444,99.9938,0.41419999999999996,0.8879,-0.08894430014430199,0.8084577380952381,Nyamira
2868,2003,18.249222222222222,71.32,99.71220000000001,-0.6354,-0.8169,0.24843953823953768,-0.8891202380952381,Nyamira
2868,2004,17.95488888888889,63.19422222222223,99.9008,-0.31120000000000003,0.7666999999999999,-0.06362106782107091,0.7017017857142857,Nyamira
2868,2005,18.330333333333332,74.21044444444445,99.9996,-0.38,0.22310000000000002,0.2940961038961021,0.16532380952380954,Nyamira
2868,2006,17.57166666666667,89.00322222222222,99.99980000000001,0.6632,0.36419999999999997,-0.48229783549783534,0.3136458333333333,Nyamira
2868,2007,18.086111111111112,57.67677777777778,99.9918,-0.8382,0.2505,0.014419336219336998,0.20716785714285715,Nyamira
2868,2008,17.876666666666665,65.08111111111111,99.9928,-0.5624,-0.3526,-0.21275238095238436,-0.3887101190476191,Nyamira
2868,2009,18.279222222222224,63.425000000000004,99.951,-1.0046,-0.1549,0.17207590187589972,-0.18378809523809525,Nyamira
2868,2010,18.18411111111111,91.22911111111111,99.99980000000001,1.2064,0.9431,0.05923751803751642,0.9214339285714286,Nyamira
2868,2011,18.197444444444447,61.44944444444444,99.982,-1.1924,-0.1416,0.05484357864357747,-0.1560440476190476,Nyamira
2868,2012,17.904,87.46511111111111,99.9636,0.4468,-1.1215,-0.25632813852813996,-1.1287220238095237,Nyamira
2868,2013,17.826222222222224,88.69822222222223,99.9022,1.1924,0.4233,-0.35183318903319005,0.4233,Nyamira
2868,2014,18.12022222222222,56.00466666666667,99.994,-1.1460000000000001,-0.6587000000000001,-0.07556046176046394,-0.6514779761904762,Nyamira
2868,2015,18.361777777777778,80.05655555555556,98.5272,-0.0832,-1.616,0.14826782106781877,-1.6015559523809524,Nyamira
2868,2016,18.729888888888887,78.20677777777777,99.99980000000001,-0.1482,-0.4466,0.49865165945165657,-0.4249339285714286,Nyamira
2868,2017,18.636,76.08055555555556,99.9958,0.1716,0.34330000000000005,0.3870354978354946,0.37218809523809526,Nyamira
2868,2018,17.37511111111111,106.11144444444444,100.0,1.3144,-0.281,-0.8915806637806654,-0.24488988095238098,Nyamira
2868,2019,19.035555555555554,66.75377777777777,99.9226,-1.1401999999999999,-0.7992999999999999,0.7511365079365042,-0.7559678571428571,Nyamira
2868,2020,18.031222222222222,100.08588888888887,100.0,1.813,0.6511,-0.2709240981241017,0.7016541666666667,Nyamira
2868,2021,18.057444444444442,92.93722222222223,99.9992,1.5356,-0.12969999999999998,-0.26242914862915256,-0.07192380952380951,Nyamira
2868,2022,18.518444444444444,85.55555555555556,99.9996,1.2658,0.2734,0.18084357864357514,0.33839821428571426,Nyamira
2868,2023,18.026444444444444,93.75200000000001,99.9984,0.9188000000000001,0.221,-0.32888369408369655,0.2932202380952381,Nyamira
2868,2024,18.793,80.10722222222222,99.9952,0.5650000000000001,0.9521,0.41994458874458473,1.0315422619047618,Nyamira
2868,2025,18.273222222222223,111.83922222222222,99.998,1.2388,0.2172,-0.11756046176046198,0.3038642857142857,Nyamira
2868,2026,18.045555555555556,89.29577777777779,99.97200000000001,1.7294,0.457,-0.36295440115440414,0.5508863095238096,Nyamira
2908,1989,19.40522222222222,67.81411111111112,,0.2682,,-0.5299460317460287,,Kirinyaga
2908,1990,19.690444444444445,90.73533333333334,,1.2917999999999998,,-0.26605714285713944,,Kirinyaga
2908,1991,20.069777777777777,61.038333333333334,94.9164,-0.41340000000000005,,0.09194285714285755,,Kirinyaga
2908,1992,20.133666666666667,66.85055555555556,92.1922,0.07139999999999999,,0.13449841269841656,,Kirinyaga
2908,1993,19.866333333333333,41.58644444444444,90.38680000000001,-0.8907999999999999,,-0.15416825396825118,,Kirinyaga
2908,1994,20.075444444444443,82.95622222222222,95.4992,0.8221999999999999,,0.03360952380952398,,Kirinyaga
2908,1995,20.001,71.93044444444445,95.94300000000001,0.4678,,-0.06216825396824888,,Kirinyaga
2908,1996,20.086555555555556,47.19477777777777,91.96759999999999,-0.6736,,0.0020539682539713056,,Kirinyaga
2908,1997,20.182333333333336,86.96933333333334,92.0306,1.0642,,0.07649841269841673,,Kirinyaga
2908,1998,20.595000000000002,74.71177777777777,98.25460000000001,0.43979999999999997,,0.46783174603175226,,Kirinyaga
2908,1999,19.90822222222222,41.916333333333334,95.5904,-0.8795999999999999,,-0.24027936507936332,,Kirinyaga
2908,2000,20.11811111111111,25.380555555555556,86.1886,-1.8274000000000001,,-0.051723809523810615,,Kirinyaga
2908,2001,19.869777777777777,73.60533333333333,96.47540000000001,0.6198,-0.319,-0.3213904761904729,-0.03655000000000003,Kirinyaga
2908,2002,19.919666666666664,79.2508888888889,94.9288,0.5394,0.061000000000000006,-0.29283492063492034,0.3199125,Kirinyaga
2908,2003,20.455444444444442,80.87911111111111,90.0608,0.26739999999999997,-0.8373,0.2216095238095228,-0.601925,Kirinyaga
2908,2004,20.108666666666668,33.32044444444445,93.0206,-1.2391999999999999,-0.0523,-0.14650158730158225,0.1595375,Kirinyaga
2908,2005,20.50888888888889,56.72133333333333,94.3814,-0.718,-0.6367,0.23238730158730547,-0.4484,Kirinyaga
2908,2006,20.107666666666667,62.211666666666666,95.4056,0.178,0.5387,-0.19016825396825254,0.7034625,Kirinyaga
2908,2007,20.219555555555555,55.70099999999999,95.1966,-0.504,0.08810000000000001,-0.09961269841269527,0.229325,Kirinyaga
2908,2008,19.88388888888889,56.425777777777775,93.9694,0.09519999999999999,0.0406,-0.4566126984126946,0.1582875,Kirinyaga
2908,2009,20.787333333333333,36.300888888888885,93.12859999999999,-1.1667999999999998,-0.44820000000000004,0.4254984126984134,-0.35405000000000003,Kirinyaga
2908,2010,20.466666666666665,75.92388888888888,96.944,0.753,0.5617000000000001,0.08349841269841463,0.6323125,Kirinyaga
2908,2011,20.524,44.51733333333333,86.4346,-0.7904,-0.1763,0.11949841269841599,-0.129225,Kirinyaga
2908,2012,20.430333333333333,78.66866666666667,91.5778,0.3518,-0.8148,0.0044984126984140005,-0.7912625,Kirinyaga
2908,2013,20.20266666666667,74.50788888888889,94.4146,0.9364000000000001,0.3236,-0.24450158730158122,0.3236,Kirinyaga
2908,2014,20.22822222222222,48.735,95.4742,-0.1544,0.8868,-0.24027936507936332,0.8632625,Kirinyaga
2908,2015,20.500666666666667,59.25066666666666,94.8352,-0.1946,0.014899999999999997,0.010831746031747969,-0.032175,Kirinyaga
2908,2016,20.868333333333332,67.27633333333334,95.3388,0.1806,0.1359,0.3571650793650818,0.0652875,Kirinyaga
2908,2017,20.76988888888889,43.53211111111111,92.4242,-1.0186,-0.7951,0.23738730158730448,-0.88925,Kirinyaga
2908,2018,19.935777777777776,144.74144444444445,96.3742,2.3664,0.09459999999999999,-0.6180571428571433,-0.02308750000000001,Kirinyaga
2908,2019,21.414666666666665,47.95411111111111,62.380399999999995,-1.1987999999999999,-0.8915000000000001,0.8394984126984149,-1.0327250000000001,Kirinyaga
2908,2020,20.706555555555557,119.1032222222222,98.66279999999999,2.0113999999999996,0.9057000000000001,0.11005396825397185,0.7409375,Kirinyaga
2908,2021,20.486555555555555,53.29844444444444,96.0702,-0.3564,0.41100000000000003,-0.1312793650793651,0.22270000000000004,Kirinyaga
2908,2022,20.826555555555554,39.37433333333334,91.52000000000001,-1.0276,-0.5354,0.18738730158730377,-0.7472375,Kirinyaga
2908,2023,20.290555555555557,66.40355555555556,93.5754,0.3234,0.48629999999999995,-0.3699460317460286,0.25092499999999995,Kirinyaga
2908,2024,20.865222222222222,145.64544444444445,96.762,2.1666,-0.06840000000000002,0.18338730158730243,-0.3273125,Kirinyaga
2908,2025,20.503555555555558,72.92022222222222,96.1606,0.4572,0.7054,-0.19961269841269313,0.42295000000000005,Kirinyaga
2908,2026,20.40222222222222,78.11333333333333,96.6192,1.0338,0.9286,-0.32227936507936406,0.6226125,Kirinyaga
2990,1989,16.021555555555555,45.73455555555555,,0.2914,,-0.5764593406593406,,Nakuru
2990,1990,16.163555555555558,62.42733333333334,,1.6364,,-0.44892087912087675,,Nakuru
2990,1991,16.490555555555556,37.61233333333334,99.2378,-0.31439999999999996,,-0.13638241758241776,,Nakuru
2990,1992,16.792333333333332,31.743333333333332,99.44200000000001,-0.5808,,0.15093382173381897,,Nakuru
2990,1993,16.592222222222222,25.219111111111108,91.9014,-0.6122,,-0.06363882783882602,,Nakuru
2990,1994,16.61211111111111,45.09133333333333,99.2834,-0.0422,,-0.05821147741147925,,Nakuru
2990,1995,16.626555555555555,41.961888888888886,98.4644,0.011799999999999996,,-0.05822857142857174,,Nakuru
2990,1996,16.95288888888889,31.956777777777777,98.1438,-0.5284,,0.2536432234432233,,Nakuru
2990,1997,16.691666666666666,50.82922222222223,99.5032,0.6113999999999999,,-0.022040537240538782,,Nakuru
2990,1998,17.096111111111114,40.120222222222225,99.91659999999999,-0.2206,,0.36794236874237285,,Nakuru
2990,1999,16.532555555555557,30.52144444444444,99.1308,-0.2842,,-0.2100747252747226,,Nakuru
2990,2000,17.316777777777776,17.33522222222222,88.2752,-1.8838000000000001,,0.5596859584859573,,Nakuru
2990,2001,16.183777777777777,42.42344444444444,99.9054,0.0852,0.5585,-0.587775579975581,0.6104666666666667,Nakuru
2990,2002,16.563888888888886,41.830666666666666,98.1942,0.031799999999999995,0.1871,-0.22212600732600762,0.23473611111111112,Nakuru
2990,2003,16.894555555555556,50.27488888888889,98.5934,0.0662,-0.4688,0.09407912087912251,-0.4254944444444444,Nakuru
2990,2004,16.531222222222222,52.903777777777776,99.7872,0.7544000000000001,0.4574,-0.28371575091574996,0.496375,Nakuru
2990,2005,17.048666666666666,43.846555555555554,99.751,-0.07,-0.276,0.2192671550671541,-0.24135555555555555,Nakuru
2990,2006,16.63611111111111,45.42755555555556,99.8904,0.37560000000000004,0.5489999999999999,-0.20774993894993798,0.5793138888888888,Nakuru
2990,2007,16.661444444444445,33.31777777777778,99.3892,-0.1348,0.152,-0.1968781440781413,0.17798333333333335,Nakuru
2990,2008,16.357,33.88188888888889,98.466,-0.7126,0.0496,-0.5157841269841263,0.07125277777777779,Nakuru
2990,2009,17.484222222222222,33.82077777777778,98.8584,-0.9076000000000001,-1.6440000000000001,0.596976556776557,-1.626677777777778,Nakuru
2990,2010,16.72122222222222,66.31033333333333,99.9648,1.6186,1.4107,-0.18048498168498384,1.4236916666666668,Nakuru
2990,2011,17.163666666666668,29.70077777777778,96.9292,-0.6306,-0.33390000000000003,0.24749792429792805,-0.3252388888888889,Nakuru
2990,2012,16.570888888888888,61.07877777777779,99.7554,0.917,-0.3319,-0.359741391941391,-0.3275694444444444,Nakuru
2990,2013,16.596222222222224,57.73777777777778,99.87899999999999,0.8272,0.507,-0.3488695970695943,0.507,Nakuru
2990,2014,16.697333333333333,25.644666666666666,97.9324,-0.7343999999999999,-0.10930000000000001,-0.26222002442002434,-0.11363055555555557,Nakuru
2990,2015,16.895,38.35966666666666,99.812,-0.19019999999999998,-0.6189,-0.07901489621489333,-0.6275611111111111,Nakuru
2990,2016,17.407666666666668,52.77444444444445,99.9554,0.3604,0.2312,0.4191902319902354,0.2182083333333333,Nakuru
2990,2017,17.647888888888886,17.811777777777777,96.3536,-1.6809999999999998,-1.3545,0.6449509157509148,-1.3718222222222223,Nakuru
2990,2018,16.21622222222222,97.21511111111111,99.952,2.056,0.9037,-0.8011772893772893,0.8820472222222222,Nakuru
2990,2019,18.196555555555555,26.572111111111113,77.2566,-1.5148,-1.5771,1.1646945054945093,-1.6030833333333332,Nakuru
2990,2020,16.849444444444444,72.81622222222222,99.9772,1.5596,1.0069,-0.1968781440781413,0.976586111111111,Nakuru
2990,2021,16.848444444444443,35.468444444444444,99.78439999999999,-0.0442,-0.04870000000000001,-0.21233968253968172,-0.08334444444444447,Nakuru
2990,2022,17.387777777777778,27.259555555555558,98.02759999999999,-0.35619999999999996,-0.67,0.3125321123321143,-0.708975,Nakuru
2990,2023,17.007333333333335,45.21344444444444,99.6634,0.4034000000000001,0.19720000000000001,-0.08237387057386769,0.15389444444444444,Nakuru
2990,2024,17.313111111111112,71.86288888888889,99.9748,0.8186,0.7701,0.20894236874237393,0.7224638888888889,Nakuru
2990,2025,16.964,55.102333333333334,99.96079999999999,0.6607999999999999,1.0114999999999998,-0.15463028083027908,0.9595333333333331,Nakuru
2990,2026,16.663555555555558,62.81988888888889,99.8552,1.375,1.4481000000000002,-0.46953626373625923,1.391802777777778,Nakuru
3269,1989,20.61575,64.41125,,-0.5144,,-0.7197214285714288,,Homa Bay
3269,1990,20.927875,73.31,,1.2551999999999999,,-0.42497142857142833,,Homa Bay
3269,1991,21.144625,78.047125,100.0,-0.2982,,-0.22559642857142848,,Homa Bay
3269,1992,21.713875,53.950625,99.9934,-1.6128,,0.3262785714285741,,Homa Bay
3269,1993,21.27175,72.299875,99.993,-0.4354,,-0.13322142857142794,,Homa Bay
3269,1994,21.222875000000002,83.507875,99.99879999999999,0.4382,,-0.19947142857142808,,Homa Bay
3269,1995,21.556375,61.501125,99.9952,-0.1864,,0.11665357142857147,,Homa Bay
3269,1996,21.380375,71.229625,99.9996,0.2386,,-0.07672142857142816,,Homa Bay
3269,1997,21.499625,68.48625,99.296,-1.061,,0.025153571428571553,,Homa Bay
3269,1998,22.20425,59.725375,99.9832,-1.0386000000000002,,0.7124035714285704,,Homa Bay
3269,1999,21.1015,74.178625,99.9946,0.5534,,-0.4077214285714277,,Homa Bay
3269,2000,21.587625,60.25875,99.9974,-1.1418,,0.06102857142856877,,Homa Bay
3269,2001,21.2345,78.208375,99.9992,-0.1296,-0.4775,-0.3094714285714275,-0.25024285714285716,Homa Bay
3269,2002,21.509375,81.9385,99.9884,0.8554,0.2721,-0.05197142857143078,0.48041904761904763,Homa Bay
3269,2003,21.746375,76.003625,99.99600000000001,-0.2508,-0.5032,0.16765357142856985,-0.3138190476190476,Homa Bay
3269,2004,21.67375,54.65475,99.78779999999999,-0.7906000000000001,0.10149999999999999,0.07765357142856999,0.2719428571428571,Homa Bay
3269,2005,21.920749999999998,78.9705,99.9946,-0.34540000000000004,0.2535,0.3072785714285686,0.40500476190476187,Homa Bay
3269,2006,21.2225,87.23525,100.0,0.9152000000000001,0.8856999999999999,-0.40834642857143066,1.0182666666666667,Homa Bay
3269,2007,21.799625,63.67175,99.9988,-0.3886,-0.2379,0.15140357142857042,-0.12427142857142859,Homa Bay
3269,2008,21.46925,67.04325,99.99780000000001,-0.6638,0.2616,-0.19634642857143092,0.35629047619047616,Homa Bay
3269,2009,21.819875,67.712875,99.96000000000001,-0.4628,-0.4196,0.13690357142856868,-0.343847619047619,Homa Bay
3269,2010,21.817,79.054,99.99980000000001,1.1514,1.1139999999999999,0.11665357142857147,1.1708142857142856,Homa Bay
3269,2011,21.700125,58.05975,99.9982,-1.4768000000000001,-0.7874999999999999,-0.017596428571430067,-0.7496238095238094,Homa Bay
3269,2012,21.550625,80.024625,99.96340000000001,0.5074,-1.7797,-0.18447142857143106,-1.7607619047619048,Homa Bay
3269,2013,21.31875,92.589125,99.95439999999999,1.1682000000000001,0.5388999999999999,-0.4337214285714275,0.5388999999999999,Homa Bay
3269,2014,21.547375,62.936375,99.9956,-1.1044,-0.16049999999999998,-0.22247142857143132,-0.1794380952380952,Homa Bay
3269,2015,21.7185,80.953125,99.873,-0.185,-1.2072,-0.0687214285714326,-1.2450761904761904,Homa Bay
3269,2016,22.232,68.972,99.9826,-0.5656,-0.4765,0.4274035714285702,-0.5333142857142856,Homa Bay
3269,2017,22.300875,69.59649999999999,99.997,0.4852,-0.3373,0.478903571428571,-0.41305238095238095,Homa Bay
3269,2018,21.034375,93.803375,99.9978,0.8023999999999999,0.6869999999999999,-0.8049714285714309,0.5923095238095237,Homa Bay
3269,2019,22.783875,62.44,99.79839999999999,-0.8158,-1.0681000000000003,0.927153571428569,-1.1817285714285717,Homa Bay
3269,2020,21.597,88.463625,99.9988,1.9304,1.0722999999999998,-0.27709642857142924,0.9397333333333331,Homa Bay
3269,2021,21.621375,92.745125,99.9898,1.3412000000000002,0.0287,-0.27009642857143135,-0.12280476190476189,Homa Bay
3269,2022,22.121,79.9905,99.9822,0.7908000000000001,-0.3267,0.21215357142856917,-0.4971428571428571,Homa Bay
3269,2023,21.534875,93.940625,99.9968,1.0308,0.6676,-0.3913464285714312,0.4782190476190476,Homa Bay
3269,2024,22.567125,69.13975,99.9968,0.3868,0.7732,0.6235285714285688,0.5648809523809524,Homa Bay
3269,2025,21.772125,97.001375,99.9994,0.7402,0.6478999999999999,-0.18884642857143064,0.4206428571428571,Homa Bay
3269,2026,21.775125,76.19075,99.9654,1.6542000000000001,1.3562,-0.20322142857143177,1.110004761904762,Homa Bay
3283,1989,23.169444444444444,37.89488888888889,,0.8122,,-0.8131682539682537,,Kitui
3283,1990,23.493222222222222,48.997,,1.725,,-0.521923809523809,,Kitui
3283,1991,24.046666666666667,28.601555555555553,83.84700000000001,0.11739999999999999,,-0.001012698412697688,,Kitui
3283,1992,24.25033333333333,26.100111111111108,74.8232,-0.18580000000000002,,0.17012063492063234,,Kitui
3283,1993,24.042333333333332,10.019666666666666,53.076,-1.5501999999999998,,-0.07041269841269937,,Kitui
3283,1994,24.442111111111114,20.425666666666665,69.7172,-0.4128,,0.29683174603174933,,Kitui
3283,1995,23.96077777777778,27.202111111111112,74.9872,-0.054200000000000005,,-0.21703492063491936,,Kitui
3283,1996,24.264777777777777,17.34477777777778,64.7118,-0.8756,,0.05443174603174583,,Kitui
3283,1997,24.175444444444445,45.212666666666664,84.251,1.0366,,-0.06743492063491985,,Kitui
3283,1998,24.205,39.73777777777778,89.3742,1.1347999999999998,,-0.07041269841269937,,Kitui
3283,1999,23.975444444444445,19.924,73.864,-0.445,,-0.33250158730158574,,Kitui
3283,2000,24.412777777777777,13.881777777777778,54.778600000000004,-1.1514,,0.0722984126984123,,Kitui
3283,2001,24.39988888888889,26.102333333333334,73.9756,0.029600000000000005,0.2505,0.026876190476190942,0.29133333333333333,Kitui
3283,2002,24.015666666666664,36.56355555555555,74.15979999999999,0.38,0.6825000000000001,-0.3898793650793664,0.7199305555555556,Kitui
3283,2003,24.78277777777778,20.098,60.813,-0.5314,-0.193,0.34469841269841694,-0.15897222222222224,Kitui
3283,2004,24.582444444444445,15.784555555555556,68.8954,-0.8379999999999999,0.0868,0.11183174603174706,0.117425,Kitui
3283,2005,25.11111111111111,19.987777777777776,66.337,-0.8182,-0.099,0.6079650793650799,-0.07177777777777777,Kitui
3283,2006,24.396666666666665,37.09366666666667,86.688,0.5900000000000001,-0.235,-0.13901269841269936,-0.21118055555555554,Kitui
3283,2007,24.74388888888889,17.313000000000002,67.91760000000001,-0.7966,0.055699999999999986,0.17567619047619232,0.07611666666666665,Kitui
3283,2008,24.230666666666664,25.581666666666667,77.55760000000001,0.009799999999999994,0.3336,-0.37007936507936634,0.3506138888888889,Kitui
3283,2009,25.186888888888888,10.457444444444445,53.57039999999999,-1.6796,-1.6011000000000002,0.5536095238095236,-1.5874888888888892,Kitui
3283,2010,24.483888888888888,45.842333333333336,80.04560000000001,1.4442,1.4361000000000002,-0.18192380952380915,1.4463083333333335,Kitui
3283,2011,25.083666666666666,19.844222222222225,65.3648,-0.5538000000000001,-1.0947,0.3853206349206353,-1.0878944444444445,Kitui
3283,2012,25.08088888888889,26.26166666666667,65.9174,-0.2088,-0.6872,0.35000952380952555,-0.6837972222222223,Kitui
3283,2013,24.48011111111111,33.173,77.684,0.5953999999999999,0.2959,-0.2833015873015867,0.2959,Kitui
3283,2014,24.313888888888886,25.29077777777778,74.956,0.1262,0.1668,-0.48205714285714407,0.16339722222222222,Kitui
3283,2015,24.90777777777778,31.147111111111112,85.3644,0.11400000000000002,-0.20779999999999998,0.07929841269841731,-0.21460555555555555,Kitui
3283,2016,25.08,30.85488888888889,75.489,0.1948,-0.43690000000000007,0.21898730158730118,-0.4471083333333334,Kitui
3283,2017,25.072555555555553,22.098555555555556,60.310199999999995,-0.3736,-0.8853000000000001,0.17900952380952262,-0.8989111111111112,Kitui
3283,2018,23.752,66.12011111111111,91.1908,2.1664000000000003,1.0389,-1.1740793650793648,1.021886111111111,Kitui
3283,2019,25.702,15.368888888888888,34.9794,-1.28,-1.0721,0.7433873015873047,-1.0925166666666668,Kitui
3283,2020,24.64311111111111,47.58588888888889,88.357,1.6463999999999999,1.4759,-0.3480349206349196,1.4520805555555556,Kitui
3283,2021,25.128888888888888,22.986666666666665,72.72619999999999,-0.31020000000000003,-0.3702,0.10520952380952409,-0.3974222222222222,Kitui
3283,2022,25.370111111111115,19.34311111111111,46.7524,-0.5536,-0.7183,0.3138984126984177,-0.7489250000000001,Kitui
3283,2023,24.495444444444445,34.36277777777778,89.5654,0.492,0.2176,-0.5933015873015854,0.1835722222222222,Kitui
3283,2024,25.308555555555554,56.76988888888889,92.17960000000001,1.5006,0.9503,0.18727619047619015,0.9128694444444445,Kitui
3283,2025,24.897555555555556,35.593444444444444,89.8788,0.6118,0.8602000000000001,-0.25625714285714096,0.8193666666666668,Kitui
3283,2026,24.359444444444446,49.40222222222222,86.7226,1.6922000000000001,1.1905,-0.8269015873015846,1.1462638888888887,Kitui
3285,1989,17.25288888888889,38.16822222222223,,0.4826,,-0.5456137085137129,,Laikipia
3285,1990,17.452777777777776,41.00288888888889,,1.357,,-0.3627399711399768,,Laikipia
3285,1991,17.83311111111111,32.52044444444445,97.038,-0.1274,,0.0005782106782028507,,Laikipia
3285,1992,17.94622222222222,21.58877777777778,96.76759999999999,-0.576,,0.09667417027416647,,Laikipia
3285,1993,17.470666666666666,21.242444444444445,87.1058,-0.867,,-0.3958965367965419,,Laikipia
3285,1994,17.870333333333335,29.75511111111111,96.89439999999999,-0.21280000000000002,,-0.013245021645023058,,Laikipia
3285,1995,17.929777777777776,28.758555555555557,75.8536,0.0854,,0.02918427128426515,,Laikipia
3285,1996,18.206888888888887,21.463222222222225,85.5056,-1.205,,0.2892802308802267,,Laikipia
3285,1997,17.879,48.22844444444444,96.93039999999999,1.145,,-0.055623809523812184,,Laikipia
3285,1998,18.27711111111111,36.69388888888889,99.0178,0.5636,,0.3254721500721445,,Laikipia
3285,1999,17.902666666666665,21.644444444444446,93.174,-0.4478,,-0.0659874458874512,,Laikipia
3285,2000,18.538777777777778,8.152777777777779,61.861799999999995,-2.2094,,0.5531085137085086,,Laikipia
3285,2001,17.67511111111111,34.14955555555556,98.9014,0.5526,0.2455,-0.327573304473308,0.15699999999999992,Laikipia
3285,2002,17.799,36.03066666666667,98.0496,0.3436,0.529,-0.2206995670995724,0.44787499999999997,Laikipia
3285,2003,18.069444444444443,39.15266666666667,93.37280000000001,0.313,-0.0537,0.032729725829721446,-0.12745000000000006,Laikipia
3285,2004,17.926444444444442,33.42444444444445,97.8646,0.33799999999999997,0.5355,-0.12728542568543233,0.4691249999999999,Laikipia
3285,2005,18.262777777777778,35.597,95.767,-0.004599999999999993,-0.3565,0.19203275613275395,-0.41550000000000004,Laikipia
3285,2006,18.125555555555554,24.988222222222223,98.5798,0.2964,0.1392,0.03779538239537672,0.08757499999999996,Laikipia
3285,2007,17.989555555555555,24.805666666666667,94.5146,-0.356,-0.1516,-0.11521976911977205,-0.19585000000000005,Laikipia
3285,2008,17.798000000000002,17.596777777777774,90.12899999999999,-0.8300000000000001,-0.2783,-0.32379047619047796,-0.31517500000000004,Laikipia
3285,2009,18.401111111111113,19.953111111111113,87.9992,-0.9827999999999999,-1.6469,0.26230548340548054,-1.6764000000000001,Laikipia
3285,2010,18.048,48.25288888888889,99.67240000000001,1.4404,1.6037,-0.10782077922078415,1.581575,Laikipia
3285,2011,18.28944444444444,17.14,82.8528,-0.7609999999999999,-0.5385,0.11660851370850622,-0.55325,Laikipia
3285,2012,17.822666666666667,41.33011111111111,95.297,0.44420000000000004,-0.01689999999999999,-0.3671844155844184,-0.024274999999999998,Laikipia
3285,2013,17.998666666666665,41.87833333333334,98.8644,1.1094000000000002,0.9745,-0.2081995670995731,0.9745,Laikipia
3285,2014,17.996222222222222,22.318555555555555,90.4604,-0.12840000000000001,-0.1915,-0.22765916305916534,-0.184125,Laikipia
3285,2015,18.191777777777776,28.373666666666665,99.0678,0.045799999999999993,-0.19770000000000001,-0.04911875901876428,-0.18295,Laikipia
3285,2016,18.62488888888889,30.524,97.92060000000001,-0.0132,-0.1062,0.3669772005771996,-0.08407499999999998,Laikipia
3285,2017,18.60477777777778,16.35533333333333,80.1214,-1.1436,-1.23,0.3298509379509369,-1.2005,Laikipia
3285,2018,17.395888888888887,75.56099999999999,99.9792,2.0652,1.3123,-0.8960531024531058,1.349175,Laikipia
3285,2019,19.226777777777777,15.74422222222222,67.81120000000001,-1.3296,-1.2827,0.9178206349206306,-1.2384499999999998,Laikipia
3285,2020,18.27722222222222,55.51711111111111,99.6034,1.5892,0.8734999999999999,-0.04875007215007798,0.925125,Laikipia
3285,2021,18.212333333333333,24.577,93.3672,-0.3848,-0.5803,-0.1306541125541152,-0.5213,Laikipia
3285,2022,18.52811111111111,16.453999999999997,86.9134,-0.9838000000000001,-1.087,0.168108513708507,-1.020625,Laikipia
3285,2023,18.049444444444443,38.91833333333333,97.9588,0.4558,0.05739999999999999,-0.327573304473308,0.13115000000000004,Laikipia
3285,2024,18.69688888888889,56.77266666666666,99.721,1.1818,1.0149,0.3028559884559847,1.096025,Laikipia
3285,2025,18.398,38.20477777777777,99.553,0.441,0.6779,-0.013048051948054251,0.7664,Laikipia
3285,2026,18.002444444444443,32.84588888888889,98.9822,0.8550000000000001,1.076,-0.42561875901876434,1.1718750000000002,Laikipia
3299,1989,20.975,68.4915,,-0.1416,,-0.6342392857142833,,Siaya
3299,1990,21.327875,57.563500000000005,,0.6316,,-0.2979892857142872,,Siaya
3299,1991,21.462125,85.51575,100.0,0.4944,,-0.18036428571428686,,Siaya
3299,1992,21.901625,60.272375,99.9968,-1.011,,0.24251071428571436,,Siaya
3299,1993,21.552875,66.919125,100.0,-0.5641999999999999,,-0.12286428571428587,,Siaya
3299,1994,21.576875,82.3,100.0,0.7214,,-0.11548928571428618,,Siaya
3299,1995,21.91225,68.56162499999999,100.0,0.20340000000000003,,0.20326071428571524,,Siaya
3299,1996,21.546875,75.955,99.99839999999999,0.7767999999999999,,-0.1787392857142862,,Siaya
3299,1997,21.716,67.837125,99.3034,-0.7283999999999999,,-0.026239285714286353,,Siaya
3299,1998,22.5385,63.47575,99.9832,-0.4812,,0.779635714285714,,Siaya
3299,1999,21.427,58.555625,100.0,0.1806,,-0.3484892857142867,,Siaya
3299,2000,21.77775,50.050625000000004,99.99719999999999,-1.7848,,-0.014364285714286495,,Siaya
3299,2001,21.553125,61.43575,100.0,-0.6142,-0.23399999999999999,-0.2556142857142838,0.02357582417582421,Siaya
3299,2002,21.770625,82.90525,99.994,1.2286,0.26,-0.05473928571428743,0.4961111721611722,Siaya
3299,2003,21.898875,75.398375,100.0,-0.2962,-0.43539999999999995,0.05688571428571265,-0.2207534798534798,Siaya
3299,2004,21.942999999999998,52.005125,99.714,-0.8252,-0.6453,0.08438571428571251,-0.4521181318681318,Siaya
3299,2005,22.163,70.282625,100.0,-0.5988,-0.2041,0.2877607142857137,-0.03238278388278387,Siaya
3299,2006,21.54175,81.80275,100.0,0.889,1.1783,-0.3501142857142874,1.328552564102564,Siaya
3299,2007,22.146,59.36175,99.9992,-0.44300000000000006,0.15660000000000002,0.23751071428571535,0.28538791208791214,Siaya
3299,2008,21.6115,68.073125,99.99839999999999,-0.5226,0.15800000000000003,-0.3136142857142872,0.2653232600732601,Siaya
3299,2009,21.96425,66.933125,99.8514,-0.24359999999999998,-0.6900999999999999,0.02251071428571194,-0.6042413919413918,Siaya
3299,2010,22.161625,75.30825,99.9992,1.4528,1.0692,0.20326071428571524,1.133593956043956,Siaya
3299,2011,21.94575,55.94625,100.0,-1.7772,-0.5366,-0.029239285714286467,-0.4936706959706959,Siaya
3299,2012,21.8265,66.84825000000001,99.9126,-0.477,-1.2964000000000002,-0.16511428571428866,-1.2749353479853482,Siaya
3299,2013,21.639499999999998,78.064125,99.9774,0.7388,0.3595,-0.3687392857142875,0.3595,Siaya
3299,2014,21.904125,55.761875,100.0,-1.6256,-0.6597,-0.12073928571428638,-0.6811646520146519,Siaya
3299,2015,21.973125,85.61325,99.90740000000001,0.3644,-0.9526999999999999,-0.06836428571428854,-0.9956293040293039,Siaya
3299,2016,22.5045,60.923249999999996,99.9888,-0.7912,-0.6831,0.4463857142857144,-0.7474939560439561,Siaya
3299,2017,22.449875,69.25325,99.9966,0.644,-0.3466,0.3751357142857117,-0.4324586080586081,Siaya
3299,2018,21.43675,81.485625,99.9996,0.9968,1.222,-0.6546142857142883,1.1146767399267399,Siaya
3299,2019,22.706375,52.15975,99.91600000000001,-0.8291999999999999,-1.3315000000000001,0.5983857142857154,-1.4602879120879122,Siaya
3299,2020,21.90325,80.074875,99.9984,1.5078,1.1000999999999999,-0.22136428571428723,0.9498474358974358,Siaya
3299,2021,21.808875,84.099,99.99539999999999,1.2728,0.3355,-0.3323642857142879,0.1637827838827839,Siaya
3299,2022,22.319,65.94300000000001,99.9974,0.32799999999999996,-0.1731,0.16113571428571305,-0.36628186813186814,Siaya
3299,2023,21.91575,93.714375,99.9956,1.3308,0.679,-0.25873928571428806,0.46435347985347986,Siaya
3299,2024,22.789375,65.9795,99.99499999999999,0.4478000000000001,0.7825,0.5982607142857113,0.5463888278388278,Siaya
3299,2025,22.090625,87.44500000000001,100.0,0.47519999999999996,0.6536,-0.11711428571428684,0.39602417582417576,Siaya
3299,2026,22.131125,71.134625,99.9936,1.8085999999999998,1.4790999999999999,-0.09323928571428652,1.2000595238095237,Siaya
3330,1989,25.566166666666664,82.4765,,0.0424,,-0.3995208333333409,,Mombasa
3330,1990,26.06866666666667,56.451166666666666,,0.2202,,0.0865416666666654,,Mombasa
3330,1991,26.246333333333336,101.01316666666666,98.7234,-0.21660000000000004,,0.2477708333333304,,Mombasa
3330,1992,26.003833333333333,93.57183333333334,98.9888,-0.3162,,-0.011166666666671432,,Mombasa
3330,1993,26.285,53.20366666666666,93.0166,-1.0092,,0.25356249999999747,,Mombasa
3330,1994,25.840999999999998,158.36216666666667,94.3682,0.43640000000000007,,-0.20687500000000725,,Mombasa
3330,1995,26.0525,106.04533333333332,99.6002,0.03680000000000001,,-0.011812500000004889,,Mombasa
3330,1996,25.7885,111.85483333333333,98.3948,0.2166,,-0.29225000000000634,,Mombasa
3330,1997,25.9555,126.13433333333334,98.4914,0.7846,,-0.1416875000000033,,Mombasa
3330,1998,26.299333333333333,117.8675,98.7756,0.8894,,0.1857083333333307,,Mombasa
3330,1999,25.726,96.85183333333333,99.5562,0.029000000000000015,,-0.40406250000000554,,Mombasa
3330,2000,25.780833333333334,86.20100000000001,99.2428,-0.07599999999999998,,-0.36566666666666947,,Mombasa
3330,2001,26.107333333333333,64.04616666666666,100.0,-0.466,1.0525,-0.055604166666668675,0.5588878260869565,Mombasa
3330,2002,26.083333333333332,83.04966666666667,98.577,0.5798,0.8164,-0.09604166666667169,0.3639221739130435,Mombasa
3330,2003,26.567166666666665,83.7245,97.0098,-0.8646,0.6443000000000001,0.3713541666666629,0.2329565217391305,Mombasa
3330,2004,26.4785,39.40683333333333,97.2192,-0.9346,-0.20279999999999998,0.2662499999999959,-0.5730091304347826,Mombasa
3330,2005,26.56533333333333,63.729166666666664,98.67519999999999,-0.643,0.30179999999999996,0.3366458333333284,-0.027274782608695702,Mombasa
3330,2006,26.043000000000003,122.10216666666666,99.2664,0.933,0.4975,-0.20212499999999878,0.20955956521739127,Mombasa
3330,2007,26.366666666666664,162.529,88.62480000000001,0.602,0.12430000000000001,0.10510416666665989,-0.12250608695652172,Mombasa
3330,2008,25.912333333333333,50.48533333333333,99.66380000000001,-0.5156000000000001,0.3842,-0.36566666666666947,0.1785282608695652,Mombasa
3330,2009,26.58566666666667,37.19316666666666,86.3982,-1.6974,-1.1837,0.29122916666666754,-1.3482373913043477,Mombasa
3330,2010,26.310166666666664,101.16733333333333,99.76599999999999,0.2178,0.7550000000000001,-0.000708333333339084,0.6315969565217392,Mombasa
3330,2011,26.502166666666668,46.792833333333334,96.8254,-1.4296,0.0695,0.1748541666666661,-0.012768695652173909,Mombasa
3330,2012,26.48266666666667,60.42083333333333,86.81400000000001,-1.4002,-1.4383,0.13891666666667035,-1.479434347826087,Mombasa
3330,2013,26.254499999999997,93.27933333333334,99.43260000000001,1.0173999999999999,1.2041,-0.10568750000000549,1.2041,Mombasa
3330,2014,26.273833333333332,64.23433333333332,98.9188,-0.6125999999999999,0.43310000000000004,-0.10279166666666839,0.474234347826087,Mombasa
3330,2015,26.564666666666668,99.44433333333332,95.7182,0.0998,0.0859,0.17160416666666478,0.1681686956521739,Mombasa
3330,2016,26.6405,100.30933333333333,99.16380000000001,0.7824,0.12180000000000002,0.2309999999999981,0.24520304347826088,Mombasa
3330,2017,26.139,116.47583333333334,99.9898,0.5214000000000001,-0.8034999999999999,-0.2869375000000005,-0.638962608695652,Mombasa
3330,2018,25.996166666666667,129.82833333333335,99.90180000000001,1.1258000000000001,0.8549,-0.44620833333333465,1.0605717391304348,Mombasa
3330,2019,26.7945,121.964,74.6152,-1.2349999999999999,-0.8987999999999999,0.3356874999999988,-0.6519939130434782,Mombasa
3330,2020,26.1665,161.03766666666667,99.5726,2.2606,0.8198000000000001,-0.30874999999999986,1.1077404347826088,Mombasa
3330,2021,26.692999999999998,62.88233333333333,84.0886,-0.3644,-1.8711,0.20131249999999667,-1.5420252173913043,Mombasa
3330,2022,26.763166666666667,70.83066666666666,79.724,-0.24980000000000002,-1.2471999999999999,0.25504166666666706,-0.8769908695652173,Mombasa
3330,2023,26.499,114.56933333333335,99.15599999999999,1.2016,-0.22569999999999998,-0.02556250000000304,0.1856434782608696,Mombasa
3330,2024,26.6345,65.843,99.6674,0.03959999999999999,0.8956,0.0934999999999988,1.3480778260869566,Mombasa
3330,2025,26.3275,106.64466666666668,99.5364,0.3324,-0.1406,-0.22993749999999835,0.35301217391304346,Mombasa
3330,2026,26.622500000000002,34.612833333333334,98.3826,-0.017000000000000015,0.5498000000000001,0.04862500000000125,1.0845465217391306,Mombasa
3690,1989,15.954666666666668,78.61022222222223,,0.4808,,-0.5484730158730144,,Kiambu
3690,1990,16.188888888888886,94.32966666666667,,1.207,,-0.33104444444444425,,Kiambu
3690,1991,16.542,57.664888888888896,91.8386,-0.6244,,0.0052730158730192045,,Kiambu
3690,1992,16.605888888888888,64.03977777777777,93.2902,0.2552,,0.05236825396825395,,Kiambu
3690,1993,16.516555555555556,26.171222222222223,79.2268,-1.2812,,-0.05375873015873012,,Kiambu
3690,1994,16.601444444444446,54.144222222222226,95.1514,-0.2306,,0.014336507936512533,,Kiambu
3690,1995,16.43588888888889,76.03511111111112,92.2308,0.5344,,-0.16801269841269573,,Kiambu
3690,1996,16.61788888888889,46.965444444444444,90.303,-0.35540000000000005,,-0.0028063492063488127,,Kiambu
3690,1997,16.61811111111111,87.232,93.1368,0.9108,,-0.01937777777778038,,Kiambu
3690,1998,17.01,88.02033333333333,99.214,0.7864000000000001,,0.35571746031746443,,Kiambu
3690,1999,16.47122222222222,43.63988888888889,93.71000000000001,-0.4726,,-0.19985396825396862,,Kiambu
3690,2000,16.831,26.374777777777776,80.401,-1.8366,,0.143130158730159,,Kiambu
3690,2001,16.295333333333335,57.17955555555555,97.8966,0.122,-0.12000000000000001,-0.40933015873015677,0.15978181818181814,Kiambu
3690,2002,16.51111111111111,78.12177777777778,90.78540000000001,0.2184,-0.004299999999999998,-0.21034603174603106,0.25216666666666665,Kiambu
3690,2003,16.896333333333335,82.90366666666667,82.971,0.029400000000000003,-1.1524,0.1580825396825425,-0.919248484848485,Kiambu
3690,2004,16.618555555555556,67.12988888888889,95.7208,0.5104,0.1335,-0.13648888888888777,0.3433363636363636,Kiambu
3690,2005,16.935333333333332,67.32811111111111,96.5864,0.11259999999999999,-0.227,0.16349523809523703,-0.04047878787878792,Kiambu
3690,2006,16.522000000000002,69.34866666666667,95.079,0.4596,0.291,-0.26663174603174156,0.45420606060606056,Kiambu
3690,2007,16.739111111111114,47.80966666666667,94.76079999999999,-0.2304,0.1846,-0.06631428571428089,0.32449090909090905,Kiambu
3690,2008,16.331333333333333,48.00377777777778,94.6938,-0.2592,0.060899999999999996,-0.4908857142857137,0.17747575757575756,Kiambu
3690,2009,17.326777777777778,41.03888888888889,86.80080000000001,-1.2289999999999999,-1.1009,0.4877650793650794,-1.007639393939394,Kiambu
3690,2010,16.859444444444446,81.97433333333333,98.1538,0.882,0.8539,0.003638095238095218,0.9238454545454545,Kiambu
3690,2011,17.250777777777778,26.567444444444444,86.2118,-1.1536000000000002,0.271,0.37817777777777906,0.31763030303030304,Kiambu
3690,2012,16.76011111111111,96.85988888888889,91.8596,0.6986,-0.7971,-0.12928253968253856,-0.7737848484848485,Kiambu
3690,2013,16.584333333333333,92.34433333333332,96.1748,1.3754000000000002,0.31999999999999995,-0.3218539682539685,0.31999999999999995,Kiambu
3690,2014,16.66511111111111,34.84711111111111,93.337,-0.501,0.7873000000000001,-0.25786984126984436,0.7639848484848486,Kiambu
3690,2015,16.902555555555555,71.86455555555555,95.0866,0.1436,-0.35040000000000004,-0.03721904761904682,-0.39703030303030307,Kiambu
3690,2016,17.246666666666666,81.06944444444444,97.3232,0.4546,0.08950000000000001,0.29009841269841274,0.019554545454545477,Kiambu
3690,2017,17.513444444444445,29.632555555555555,87.5848,-1.4612,-0.6473,0.5400825396825404,-0.740560606060606,Kiambu
3690,2018,16.290666666666667,145.0481111111111,96.4434,1.9302,0.3532,-0.6994888888888902,0.23662424242424246,Kiambu
3690,2019,17.980888888888888,34.10377777777777,55.303999999999995,-1.583,-1.5509,0.9739396825396831,-1.690790909090909,Kiambu
3690,2020,16.894111111111112,113.98844444444444,99.473,1.7442,0.9736,-0.12963174603174465,0.8103939393939394,Kiambu
3690,2021,16.918666666666667,51.05755555555555,96.0616,-0.4332,0.41779999999999995,-0.12186984126984157,0.23127878787878786,Kiambu
3690,2022,17.327444444444446,31.155777777777775,89.224,-0.8436,-0.2872,0.27011428571428553,-0.4970363636363636,Kiambu
3690,2023,16.863777777777777,53.004333333333335,93.452,-0.2142,-0.08689999999999999,-0.21034603174603106,-0.3200515151515151,Kiambu
3690,2024,17.318555555555555,171.608,97.91159999999999,2.1504000000000003,0.5251,0.22763809523809542,0.2686333333333334,Kiambu
3690,2025,16.97522222222222,79.49499999999999,97.2156,0.45359999999999995,0.9429,-0.13248888888889,0.6631181818181818,Kiambu
3690,2026,16.702555555555556,98.1691111111111,92.47319999999999,1.5341999999999998,1.0764,-0.42194920634920763,0.7733030303030304,Kiambu
