region_id,year,t,rain,wsi,spi,z,t_dt,z_dt,region_name
118,1989,30.423000000000002,23.599999999999998,,-0.4648,,-0.6079896825396816,,Lexeiba
118,1990,31.74966666666667,22.382666666666665,,-0.6968,,0.7090492063492064,,Lexeiba
118,1991,31.597888888888885,15.348333333333333,30.763600000000004,-2.0638,,0.5476436507936455,,Lexeiba
118,1992,31.456777777777777,22.357,35.709,-0.9911999999999999,,0.3969047619047572,,Lexeiba
118,1993,30.837999999999997,31.530777777777775,60.022800000000004,-0.005599999999999994,,-0.2315007936507989,,Lexeiba
118,1994,30.527444444444445,28.020444444444447,62.6542,-0.2064,,-0.5516841269841279,,Lexeiba
118,1995,30.968,32.470222222222226,80.9466,0.6738000000000001,,-0.12075634920635281,,Lexeiba
118,1996,31.286,20.276555555555557,46.7954,-0.9234,,0.18761587301587213,,Lexeiba
118,1997,31.897444444444446,21.673555555555556,42.0686,-0.9852000000000001,,0.7894325396825401,,Lexeiba
118,1998,31.06188888888889,27.72188888888889,51.427200000000006,-0.6784,,-0.055750793650794606,,Lexeiba
118,1999,30.40611111111111,37.58577777777778,67.0214,0.568,,-0.7211563492063533,,Lexeiba
118,2000,30.256000000000004,30.242444444444445,74.65419999999999,0.3206,,-0.8808952380952384,,Lexeiba
118,2001,30.847888888888892,25.955,52.34740000000001,-0.5506,-0.3154,-0.29863412698412617,-0.23137500000000003,Lexeiba
118,2002,32.43555555555556,21.72922222222222,34.8778,-0.874,-1.6944,1.279404761904761,-1.6173770833333332,Lexeiba
118,2003,30.627666666666666,34.86355555555556,70.64779999999999,0.8542,-0.7676999999999999,-0.5381119047619087,-0.6976791666666666,Lexeiba
118,2004,31.599555555555558,27.73766666666667,56.8212,-0.1562,-0.103,0.42414920634920605,-0.03998125000000001,Lexeiba
118,2005,31.19922222222222,35.51111111111111,64.02459999999999,0.7234,1.4694,0.01418809523809017,1.5254166666666666,Lexeiba
118,2006,31.465777777777777,22.08,50.3914,-0.5616,0.2802,0.27111587301586937,0.3292145833333333,Lexeiba
118,2007,30.683,33.88966666666667,75.35040000000001,0.6396,0.2541,-0.5212896825396882,0.2961125,Lexeiba
118,2008,31.10211111111111,26.457111111111107,61.6962,0.1496,0.6878,-0.11180634920635413,0.7228104166666667,Lexeiba
118,2009,31.025777777777776,33.02777777777778,68.7918,0.624,0.11989999999999999,-0.19776746031746484,0.1479083333333333,Lexeiba
118,2010,30.680444444444447,52.133111111111106,90.41,2.0842,0.7601,-0.5527285714285739,0.78110625,Lexeiba
118,2011,31.514666666666667,24.79877777777778,45.6662,-0.765,-0.1218,0.2718658730158694,-0.10779583333333334,Lexeiba
118,2012,30.447111111111113,41.32244444444445,83.7362,1.4832,0.948,-0.8053174603174647,0.9550020833333333,Lexeiba
118,2013,31.20922222222222,32.077,57.0486,0.05420000000000001,0.3688,-0.052834126984134144,0.3688,Lexeiba
118,2014,32.050888888888885,28.825222222222223,51.366,-0.47759999999999997,-0.9491,0.7792047619047544,-0.9561020833333334,Lexeiba
118,2015,31.408333333333335,25.72288888888889,42.6374,-1.0354,-0.3815,0.12702142857142462,-0.39550416666666666,Lexeiba
118,2016,30.948999999999998,38.13955555555556,70.82939999999999,1.2832000000000001,0.6664,-0.34193968253968876,0.64539375,Lexeiba
118,2017,32.09,23.019,43.069599999999994,-0.35419999999999996,-0.9853000000000001,0.7894325396825401,-1.0133083333333335,Lexeiba
118,2018,31.653000000000002,26.83288888888889,41.5878,-0.5516,-0.6916,0.34280476190475895,-0.7266104166666667,Lexeiba
118,2019,32.175111111111114,23.17711111111111,32.6638,-1.2518,-1.2877999999999998,0.855288095238091,-1.3298124999999998,Lexeiba
118,2020,31.05611111111111,48.550222222222224,76.78540000000001,1.5026,-0.35500000000000004,-0.27333968253968877,-0.40401458333333334,Lexeiba
118,2021,31.84588888888889,37.77444444444445,66.2106,1.2158,-0.026,0.5068103174603138,-0.08201666666666665,Lexeiba
118,2022,30.372,31.08711111111111,64.44000000000001,0.7342,0.5961000000000001,-0.9767063492063564,0.5330812500000001,Lexeiba
118,2023,32.239333333333335,34.135999999999996,58.8504,0.7478,0.3545,0.8809992063491983,0.28447916666666667,Lexeiba
118,2024,30.974555555555558,34.304,59.598400000000005,0.3196,0.9863000000000001,-0.39340634920635154,0.9092770833333335,Lexeiba
118,2025,30.53933333333333,32.84766666666667,64.7062,0.6862,-0.12990000000000002,-0.8382563492063575,-0.213925,Lexeiba
118,2026,32.46357142857143,19.18614285714286,54.904333333333334,-0.867,0.08733333333333332,1.076353968253958,-0.0036937499999999956,Lexeiba
447,1989,31.00525,22.500125,,-0.054000000000000006,,-0.1447440476190458,,Boutilimit
447,1990,31.577375,25.833375,,-0.0006000000000000061,,0.4231785714285756,,Boutilimit
447,1991,31.585125,11.4375,33.0668,-1.5876000000000001,,0.4267261904761952,,Boutilimit
447,1992,31.290625,8.229125,23.1332,-2.4265999999999996,,0.12802380952381043,,Boutilimit
447,1993,30.802125,21.95825,43.9,-0.4554,,-0.36467857142856985,,Boutilimit
447,1994,30.472875000000002,22.27075,46.8,-0.3446,,-0.6981309523809465,,Boutilimit
447,1995,30.969,33.4375,79.1332,0.9128000000000001,,-0.2062083333333291,,Boutilimit
447,1996,31.258499999999998,18.625125,41.199799999999996,-0.044,,0.07908928571428575,,Boutilimit
447,1997,31.847,14.437625,32.833600000000004,-1.1014,,0.6633869047619072,,Boutilimit
447,1998,31.10725,30.52075,49.3334,0.043399999999999994,,-0.08056547619047194,,Boutilimit
447,1999,30.8965,34.8125,54.0664,0.622,,-0.2955178571428547,,Boutilimit
447,2000,30.637249999999998,29.04175,71.4668,0.9016,,-0.5589702380952382,,Boutilimit
447,2001,31.48725,32.9375,62.5664,0.6614,-0.009600000000000001,0.28682738095238136,0.010299999999999972,Boutilimit
447,2002,32.02225,14.854125,22.6998,-1.866,-1.6752,0.8176249999999996,-1.6569583333333333,Boutilimit
447,2003,30.8685,30.395875,60.0332,0.712,0.28859999999999997,-0.34032738095237747,0.30518333333333325,Boutilimit
447,2004,31.618,18.395875,41.199799999999996,-0.5067999999999999,-1.1646999999999998,0.40497023809523824,-1.1497749999999998,Boutilimit
447,2005,31.0595,34.104124999999996,71.9,1.3268,0.5284,-0.15773214285714232,0.5416666666666666,Boutilimit
447,2006,30.99975,31.229125,61.2,0.8699999999999999,1.0806,-0.22168452380952175,1.0922083333333332,Boutilimit
447,2007,31.277250000000002,21.354125,47.0666,-0.21740000000000004,0.0766,0.05161309523809976,0.08654999999999999,Boutilimit
447,2008,31.33925,21.54175,46.4334,0.0794,0.34099999999999997,0.10941071428571547,0.3492916666666666,Boutilimit
447,2009,31.40325,29.229,60.066599999999994,0.3626,-0.004299999999999991,0.16920833333333363,0.002333333333333333,Boutilimit
447,2010,30.663375000000002,41.999875,84.30019999999999,1.8745999999999998,0.746,-0.5748690476190461,0.750975,Boutilimit
447,2011,32.04375,23.39575,42.1666,0.3204,-1.0594999999999999,0.8013035714285763,-1.0561833333333333,Boutilimit
447,2012,30.629625,30.83325,75.4668,0.7806,1.7125,-0.6170238095238076,1.7141583333333332,Boutilimit
447,2013,30.9575,25.97925,55.1998,-0.01399999999999998,0.5337999999999999,-0.29335119047619074,0.5337999999999999,Boutilimit
447,2014,31.2995,15.229125,28.5334,-0.806,-0.2375,0.04444642857142611,-0.2391583333333333,Boutilimit
447,2015,31.668375,26.208375,42.2332,0.020199999999999996,0.21330000000000002,0.4091190476190505,0.20998333333333336,Boutilimit
447,2016,31.23825,27.333375,59.4668,0.6906,0.20689999999999997,-0.025208333333331723,0.20192499999999997,Boutilimit
447,2017,31.627000000000002,13.27075,26.333199999999998,-0.9039999999999999,-1.3793000000000002,0.3593392857142881,-1.3859333333333335,Boutilimit
447,2018,30.92475,22.583375,32.2666,-0.2334,-1.3980000000000001,-0.34711309523809675,-1.4062916666666667,Boutilimit
447,2019,31.69175,13.02075,21.8668,-1.8527999999999998,-1.2683,0.41568452380952436,-1.2782499999999999,Boutilimit
447,2020,31.361375,25.354125,51.132999999999996,-0.09740000000000001,0.3727,0.08110714285714238,0.36109166666666664,Boutilimit
447,2021,31.680875,36.895875000000004,58.899800000000006,1.1362,-0.1787,0.3964047619047619,-0.19196666666666665,Boutilimit
447,2022,30.7255,25.854375,56.2336,0.1262,0.7261,-0.5631726190476201,0.711175,Boutilimit
447,2023,32.1105,28.64575,70.4334,1.2742,1.5125,0.8176249999999996,1.4959166666666666,Boutilimit
447,2024,30.480875,28.625,51.36659999999999,0.49399999999999994,0.19790000000000002,-0.8162023809523795,0.17965833333333336,Boutilimit
447,2025,31.000125,33.458375000000004,54.7668,0.9458,-0.24869999999999998,-0.30115476190476187,-0.26859999999999995,Boutilimit
447,2026,32.294666666666664,20.972166666666666,52.5,-0.847,0.53,0.98918452380952,0.5084416666666667,Boutilimit
453,1989,30.668777777777777,29.343333333333337,,0.9103999999999999,,-0.31131803751803844,,Boghe
453,1990,31.325555555555557,20.709,,-0.39,,0.3413082251082251,,Boghe
453,1991,31.45488888888889,8.342888888888888,34.4718,-2.4021999999999997,,0.46649004329004384,,Boghe
453,1992,31.203666666666663,13.700888888888889,37.705799999999996,-1.6166,,0.2111163059163026,,Boghe
453,1993,31.104333333333336,25.50488888888889,68.549,-0.11579999999999999,,0.10763145743146296,,Boghe
453,1994,30.232444444444443,23.237444444444446,67.36,-0.2678,,-0.7684089466089468,,Boghe
453,1995,30.960111111111114,27.425444444444445,79.8146,0.323,,-0.044893795093791766,,Boghe
453,1996,31.080777777777776,17.99088888888889,65.3866,-0.2022,,0.07162135642135681,,Boghe
453,1997,31.636888888888887,19.46488888888889,54.0046,-0.514,,0.6235809523809515,,Boghe
453,1998,30.979777777777777,27.788777777777778,63.345000000000006,-0.3092,,-0.03768167388167498,,Boghe
453,1999,30.481666666666666,29.84688888888889,75.082,0.5342,,-0.539944300144299,,Boghe
453,2000,30.578555555555553,30.47411111111111,86.0346,0.6824,,-0.4472069264069276,,Boghe
453,2001,30.86777777777778,31.430666666666664,78.9952,0.5222,-0.011799999999999998,-0.1621362193362188,0.3278250000000001,Boghe
453,2002,31.614555555555555,19.561555555555557,46.2112,-0.9099999999999999,-1.4527,0.5804900432900446,-1.1413770833333334,Boghe
453,2003,30.685555555555556,29.830000000000002,79.384,0.44239999999999996,-0.5109,-0.35266147186147023,-0.22787916666666663,Boghe
453,2004,31.28311111111111,18.764333333333333,58.96659999999999,-0.9460000000000001,-1.107,0.24074256854257214,-0.8522812499999999,Boghe
453,2005,30.907,33.01533333333333,84.4582,1.2406000000000001,1.2104,-0.1395200577200555,1.4368166666666666,Boghe
453,2006,31.03055555555555,23.983,81.3072,0.2902,0.9511999999999999,-0.020116017316020418,1.1493145833333334,Boghe
453,2007,30.672444444444448,23.503444444444444,75.1502,-0.1298,-0.4585,-0.3823786435786367,-0.2886875,Boghe
453,2008,31.05311111111111,22.206333333333333,67.1918,0.02340000000000001,0.03259999999999999,-0.005863492063490128,0.17411041666666668,Boghe
453,2009,31.089,32.10088888888889,86.2168,0.8204,-0.3516,0.02587388167388127,-0.23839166666666667,Boghe
453,2010,30.570111111111107,44.879333333333335,96.6908,2.0618,0.5239,-0.49716652236652337,0.60880625,Boghe
453,2011,31.578222222222223,24.527444444444445,66.87180000000001,0.1268,-0.043899999999999995,0.5067930735930766,0.012704166666666683,Boghe
453,2012,30.569111111111113,31.042444444444445,90.1014,0.748,0.7027,-0.5064695526695502,0.7310020833333333,Boghe
453,2013,30.728666666666665,23.426222222222222,77.35999999999999,-0.1718,-0.1594,-0.3510655122655102,-0.1594,Boghe
453,2014,31.355222222222224,18.533555555555555,54.2544,-0.7262000000000001,-0.3173,0.2713385281385321,-0.34560208333333337,Boghe
453,2015,31.547111111111107,26.023555555555554,68.07480000000001,-0.19140000000000001,-0.043,0.4590759018759023,-0.09960416666666667,Boghe
453,2016,31.116111111111113,27.07388888888889,74.7456,0.503,0.09989999999999999,0.02392438672439212,0.014993749999999972,Boghe
453,2017,31.785111111111107,16.398555555555554,49.2108,-0.5684,-0.5455,0.6887728715728691,-0.6587083333333333,Boghe
453,2018,31.176888888888886,20.44088888888889,48.6702,-0.6761999999999999,-0.958,0.07639913419913569,-1.0995104166666667,Boghe
453,2019,31.532222222222217,12.386444444444443,40.347,-1.923,-0.8945000000000001,0.42758095238094995,-1.0643125000000002,Boghe
453,2020,31.02577777777778,28.049666666666667,75.884,0.1264,0.21080000000000002,-0.08301500721500332,0.012685416666666643,Boghe
453,2021,31.157222222222224,37.062,81.50739999999999,1.381,0.7126,0.04427792207792791,0.4861833333333333,Boghe
453,2022,30.664555555555555,27.645666666666664,79.0382,0.414,0.1904,-0.4525402597402568,-0.06431875000000004,Boghe
453,2023,31.963444444444445,33.91444444444445,85.71379999999999,1.2838,1.6343,0.8421971139971163,1.3512791666666666,Boghe
453,2024,30.77433333333333,26.847444444444445,61.3842,0.1856,-0.0949,-0.3510655122655102,-0.4062229166666667,Boghe
453,2025,30.60377777777778,28.658777777777775,77.6072,0.571,0.6675,-0.5257725829725786,0.3278749999999999,Boghe
453,2026,32.46928571428571,21.874142857142857,73.83466666666668,-0.45533333333333337,0.24333333333333335,1.3355838383838368,-0.12459375000000006,Boghe
475,1989,29.699333333333332,33.70766666666667,,0.43739999999999996,,-0.6467079365079407,,Tintane
475,1990,30.711333333333332,25.962777777777777,,-1.0664,,0.36055873015872564,,Tintane
475,1991,30.560000000000002,27.625,48.175,-0.9390000000000001,,0.20449206349206506,,Tintane
475,1992,30.772555555555552,24.78977777777778,47.671800000000005,-1.1532,,0.41231428571428097,,Tintane
475,1993,30.438000000000002,26.270333333333333,47.1166,-1.1852,,0.07302539682539688,,Tintane
475,1994,29.977333333333334,32.17722222222223,61.6674,-0.38079999999999997,,-0.3923746031746056,,Tintane
475,1995,30.23277777777778,46.94,78.8364,1.2846,,-0.14166349206349338,,Tintane
475,1996,30.629888888888885,27.096,44.5736,-1.0796,,0.250714285714281,,Tintane
475,1997,30.963000000000005,25.803,45.986599999999996,-0.8598000000000001,,0.579092063492066,,Tintane
475,1998,30.676000000000002,39.004777777777775,58.94840000000001,0.13599999999999998,,0.28735873015872926,,Tintane
475,1999,29.42133333333333,43.06777777777778,68.5012,0.5107999999999999,,-0.9720412698412773,,Tintane
475,2000,29.736333333333334,34.43377777777778,67.0992,0.11339999999999999,,-0.6617746031746066,,Tintane
475,2001,30.782333333333334,39.93844444444445,68.1888,0.42940000000000006,0.2637,0.3794920634920622,0.4729842105263158,Tintane
475,2002,31.93188888888889,27.48122222222222,39.163,-1.2586,-1.8026999999999997,1.5243142857142828,-1.610856140350877,Tintane
475,2003,29.30466666666667,50.265,86.2376,1.514,0.1192,-1.1076412698412703,0.29360350877192987,Tintane
475,2004,29.960333333333338,36.849000000000004,68.374,0.003199999999999992,0.4617,-0.45670793650793584,0.6186631578947368,Tintane
475,2005,30.771555555555558,40.059555555555555,44.2616,0.026000000000000002,0.2107,0.3497809523809501,0.3502228070175439,Tintane
475,2006,30.92188888888889,18.88922222222222,35.225,-1.9498000000000002,-0.1072,0.4953809523809518,0.0148824561403509,Tintane
475,2007,29.935999999999996,37.97577777777778,70.42,0.3286,0.3761,-0.4952412698412765,0.4807421052631579,Tintane
475,2008,29.61411111111111,35.58344444444444,77.3414,0.6564,0.5821000000000001,-0.8218634920634962,0.669301754385965,Tintane
475,2009,30.348222222222223,38.69811111111111,69.9102,0.5334,0.0616,-0.0924857142857185,0.13136140350877196,Tintane
475,2010,29.892666666666667,40.90166666666667,72.1104,0.8539999999999999,-0.16549999999999998,-0.5527746031746084,-0.11317894736842102,Tintane
475,2011,31.53566666666667,27.576888888888888,41.231,-1.1158,-0.8581000000000001,1.0854920634920653,-0.8232192982456141,Tintane
475,2012,29.41477777777778,53.52722222222222,77.0284,1.7373999999999998,-0.33140000000000003,-1.040130158730161,-0.31395964912280705,Tintane
475,2013,30.32188888888889,39.35677777777778,61.779999999999994,0.6066,-0.2184,-0.13775238095238507,-0.2184,Tintane
475,2014,31.218333333333337,37.23877777777778,53.0932,-0.1244,-0.5103,0.7539587301587289,-0.527740350877193,Tintane
475,2015,30.492333333333338,38.32888888888888,64.3496,0.0020000000000000018,-0.19619999999999999,0.023225396825395705,-0.23108070175438594,Tintane
475,2016,30.270666666666664,40.41455555555555,72.849,0.7594,0.7809,-0.20317460317460956,0.7285789473684211,Tintane
475,2017,31.055666666666664,30.359444444444446,53.7812,-0.19219999999999998,-0.1424,0.5770920634920564,-0.21216140350877194,Tintane
475,2018,29.990111111111112,41.303333333333335,68.329,0.3442,-0.5687,-0.4931968253968293,-0.6559017543859649,Tintane
475,2019,31.309,30.253555555555554,41.5016,-1.1346,-1.1548,0.8209587301587256,-1.259442105263158,Tintane
475,2020,30.358777777777775,58.01622222222222,78.9932,1.7862000000000002,0.5705,-0.1339968253968351,0.4484175438596491,Tintane
475,2021,31.563555555555556,28.571666666666665,48.0432,-0.8826,-0.5509,1.066047619047616,-0.6904228070175438,Tintane
475,2022,29.747222222222224,44.37788888888889,70.2378,0.9172,1.31,-0.7550190476190508,1.1530368421052632,Tintane
475,2023,31.123777777777782,35.38688888888888,60.428,0.3534,0.23420000000000002,0.6168031746031737,0.05979649122807018,Tintane
475,2024,30.419222222222224,50.486666666666665,76.41499999999999,0.9182,0.7343999999999999,-0.0924857142857185,0.5425561403508771,Tintane
475,2025,29.567222222222224,32.52522222222222,54.5406,-0.42060000000000003,1.1640000000000001,-0.949219047619053,0.9547157894736843,Tintane
475,2026,30.925285714285714,25.780571428571427,49.470333333333336,-0.883,1.1091666666666666,0.4041111111111064,0.8824421052631578,Tintane
482,1989,30.32257142857143,7.605142857142857,,0.6106,,-0.23153605442176683,,Tidjikja
482,1990,31.130285714285716,6.118,,-1.0597999999999999,,0.5632734693877595,,Tidjikja
482,1991,30.995714285714286,9.194571428571427,20.3386,0.2772,,0.4157972789115689,,Tidjikja
482,1992,31.172285714285717,3.595142857142857,9.837399999999999,-1.8336,,0.5794639455782367,,Tidjikja
482,1993,30.422142857142855,8.669,16.8738,-0.0394,,-0.18358367346938564,,Tidjikja
482,1994,30.017,10.535857142857143,22.7502,-0.3658,,-0.6016312925170055,,Tidjikja
482,1995,30.216714285714286,10.135714285714286,21.15,0.10700000000000001,,-0.41482176870748333,,Tidjikja
482,1996,30.59485714285714,2.9657142857142857,12.865199999999998,-2.18,,-0.049583673469388856,,Tidjikja
482,1997,30.857428571428574,15.485142857142858,42.102,1.1454,,0.2000829931972845,,Tidjikja
482,1998,30.816142857142857,7.743,21.275799999999997,-0.7372,,0.1458925170068035,,Tidjikja
482,1999,29.58957142857143,12.947000000000001,32.4996,0.2806,,-1.0935836734693893,,Tidjikja
482,2000,30.218714285714288,12.858857142857143,25.0738,0.47059999999999996,,-0.4773455782312901,,Tidjikja
482,2001,30.743428571428574,9.825142857142856,25.8944,-0.1044,-0.35,0.0344639455782314,-0.26265999999999995,Tidjikja
482,2002,32.07971428571428,6.967571428571429,15.903200000000002,-0.7948000000000001,-0.9825999999999999,1.3578448979591826,-0.9025383333333332,Tidjikja
482,2003,30.714714285714283,12.695285714285715,34.031400000000005,0.99,0.5186,-0.020059863945583345,0.5913833333333334,Tidjikja
482,2004,30.87628571428571,8.173857142857143,20.2502,-0.3038,0.2544,0.12860680272108382,0.31990500000000005,Tidjikja
482,2005,31.02171428571429,16.270999999999997,15.3552,0.9186,-0.6115,0.261130612244898,-0.5532733333333334,Tidjikja
482,2006,30.80442857142857,8.042714285714286,14.9732,-0.0394,0.0813,0.030940136054418588,0.13224833333333336,Tidjikja
482,2007,30.56142857142857,6.784714285714285,15.255799999999999,-0.9288000000000001,-0.45819999999999994,-0.22496462585034038,-0.41452999999999995,Tidjikja
482,2008,30.555,11.875714285714285,26.717200000000002,0.6194,0.8482000000000001,-0.24429795918367603,0.8845916666666668,Tidjikja
482,2009,31.025857142857145,13.372285714285713,23.494999999999997,1.0932,0.4394,0.21365442176870886,0.46851333333333334,Tidjikja
482,2010,30.070857142857143,24.657,54.7124,1.9542000000000002,0.24869999999999998,-0.754250340136057,0.27053499999999997,Tidjikja
482,2011,31.826428571428572,8.076714285714285,17.1588,-0.4384,-0.3569,0.9884163265306114,-0.34234333333333333,Tidjikja
482,2012,29.965,14.850857142857143,37.5848,0.6278,0.7542,-0.8859170068027247,0.7614783333333334,Tidjikja
482,2013,30.143857142857144,12.061857142857141,30.851599999999998,0.5018,1.3039,-0.7199646258503449,1.3039,Tidjikja
482,2014,31.43057142857143,5.614,14.4446,-0.8458,-0.9442999999999999,0.5538448979591806,-0.9515783333333333,Tidjikja
482,2015,30.97957142857143,9.137285714285714,18.512800000000002,0.2718,0.6044,0.08994013605441609,0.5898433333333334,Tidjikja
482,2016,30.646714285714285,12.093285714285715,25.4076,0.7642,0.1956,-0.25582176870748796,0.173765,Tidjikja
482,2017,31.37285714285714,7.939285714285715,14.420000000000002,0.08959999999999999,-1.0421,0.4574163265306055,-1.0712133333333334,Tidjikja
482,2018,30.959285714285716,10.826285714285715,14.3482,0.2892,-0.8519,0.030940136054418588,-0.8882916666666667,Tidjikja
482,2019,31.773857142857143,3.8105714285714285,9.775400000000001,-1.9996000000000003,-1.5344,0.8326068027210809,-1.57807,Tidjikja
482,2020,30.940714285714286,11.577285714285713,15.3452,0.09219999999999999,0.0446,-0.013440816326536265,-0.006348333333333352,Tidjikja
482,2021,31.97757142857143,7.259714285714286,15.3948,-0.9559999999999998,-1.0367,1.010511564625844,-1.0949266666666666,Tidjikja
482,2022,29.669714285714285,13.777571428571429,26.401400000000002,1.0064,0.7641,-1.3102503401360615,0.698595,Tidjikja
482,2023,31.907999999999998,13.452,22.206,0.7618,0.9593,0.9151306122448872,0.8865166666666666,Tidjikja
482,2024,30.33257142857143,18.507714285714286,23.4514,0.48260000000000003,0.1172,-0.6732027210884404,0.0371383333333333,Tidjikja
482,2025,30.694714285714287,10.096428571428573,19.413400000000003,0.3322,0.6744,-0.32396462585034413,0.5870599999999999,Tidjikja
482,2026,32.2998,9.5846,14.468666666666666,-0.33866666666666667,-0.4863333333333334,1.268216326530606,-0.5809516666666668,Tidjikja
510,1989,28.478666666666665,44.092777777777776,,0.2016,,-0.5448873015873339,,Ghabou
510,1990,29.624222222222222,37.27022222222222,,-1.0564,,0.5869460317460025,,Ghabou
510,1991,29.108333333333334,40.66544444444444,78.2568,-0.8892,,0.05733492063489365,,Ghabou
510,1992,28.97266666666667,39.873444444444445,83.423,-0.9276,,-0.09205396825399248,,Ghabou
510,1993,29.135777777777776,41.425555555555555,95.44,-0.5599999999999999,,0.05733492063489365,,Ghabou
510,1994,28.62755555555556,48.86377777777778,91.4264,0.20739999999999997,,-0.4646095238095427,,Ghabou
510,1995,28.851555555555553,51.65488888888889,89.0604,0.22760000000000002,,-0.2543317460317702,,Ghabou
510,1996,29.202888888888893,37.43088888888889,84.3922,-1.3616,,0.08327936507934908,,Ghabou
510,1997,30.00622222222222,38.21066666666667,73.304,-1.3679999999999999,,0.8728904761904559,,Ghabou
510,1998,29.224999999999998,48.373444444444445,88.76939999999999,-0.14479999999999998,,0.07794603174601278,,Ghabou
510,1999,28.186777777777777,67.12422222222223,98.6738,1.3436,,-0.9739984126984282,,Ghabou
510,2000,28.58422222222222,47.547888888888885,97.0606,0.2796,,-0.5902761904762066,,Ghabou
510,2001,29.581555555555553,48.64844444444444,98.4108,0.22360000000000002,-0.1147,0.3933349206349064,0.43704999999999994,Ghabou
510,2002,30.77366666666667,44.864444444444445,85.2126,-0.1226,-1.4516,1.571723809523803,-0.9458291666666667,Ghabou
510,2003,28.415555555555557,51.21933333333333,98.9232,0.2514,-0.3404,-0.8001095238095317,0.11939166666666662,Ghabou
510,2004,29.011222222222223,46.68644444444445,96.9144,-0.1756,0.8799999999999999,-0.218165079365086,1.2938124999999998,Ghabou
510,2005,29.32988888888889,46.89955555555556,96.2256,-0.23620000000000002,-0.5111,0.08677936507935868,-0.1432666666666667,Ghabou
510,2006,29.711888888888886,31.662666666666667,79.15259999999999,-1.5714000000000001,-0.48550000000000004,0.45505714285713594,-0.16364583333333343,Ghabou
510,2007,29.12311111111111,57.44122222222222,96.95419999999999,1.027,-0.13019999999999998,-0.14744285714285965,0.145675,Ghabou
510,2008,28.503111111111114,50.30444444444444,98.5032,0.5518,0.6148,-0.7811650793650777,0.8446958333333333,Ghabou
510,2009,29.042444444444445,46.87544444444445,99.6994,0.1972,-0.11150000000000002,-0.2555539682539667,0.07241666666666663,Ghabou
510,2010,28.714444444444446,61.71333333333333,99.5428,1.1486,1.0756999999999999,-0.5972761904761867,1.2136375,Ghabou
510,2011,30.072000000000003,40.82466666666667,72.0644,-1.1182,-1.0269,0.7465571428571494,-0.9349416666666666,Ghabou
510,2012,28.680666666666664,71.55711111111111,99.5784,2.112,-0.03720000000000001,-0.6584984126984104,0.00877916666666665,Ghabou
510,2013,29.414666666666662,60.779555555555554,95.6362,1.1498000000000002,-1.0041,0.06177936507936721,-1.0041,Ghabou
510,2014,30.156444444444446,42.88677777777778,85.337,-0.9374,-0.6393,0.7898349206349309,-0.6852791666666667,Ghabou
510,2015,29.76966666666667,54.059222222222225,94.235,0.005200000000000005,-0.45520000000000005,0.38933492063493347,-0.5471583333333334,Ghabou
510,2016,29.012,56.29355555555556,90.7376,0.7288,0.492,-0.3820539682539561,0.3540625,Ghabou
510,2017,30.224333333333334,41.32722222222222,92.70439999999999,-0.4686,0.49160000000000004,0.8165571428571567,0.3076833333333334,Ghabou
510,2018,29.276111111111113,51.476444444444446,99.2538,-0.022799999999999997,0.6256,-0.1453873015872844,0.39570416666666675,Ghabou
510,2019,30.749222222222222,34.96611111111111,57.238200000000006,-1.6456,-1.6177000000000001,1.314001587301604,-1.8935750000000002,Ghabou
510,2020,29.157,65.12100000000001,99.329,1.1262,0.4365,-0.2919428571428391,0.11464583333333339,Ghabou
510,2021,29.949333333333332,48.39688888888889,84.24480000000001,0.3008,-0.43899999999999995,0.48666825396827207,-0.8068333333333333,Ghabou
510,2022,28.811444444444444,65.63466666666666,98.3456,1.3046,1.2478,-0.6649428571428366,0.8339875000000001,Ghabou
510,2023,29.91388888888889,46.58577777777778,95.62280000000001,0.2874,1.0826,0.4237793650793904,0.6228083333333334,Ghabou
510,2024,29.148222222222223,61.346222222222224,97.0162,0.20459999999999998,0.3076,-0.3556095238094983,-0.1981708333333333,Ghabou
510,2025,28.506777777777774,38.24944444444444,92.64959999999999,-1.0192,0.9954999999999999,-1.010776190476168,0.44375,Ghabou
510,2026,30.131285714285713,34.936142857142855,86.75333333333333,0.030000000000000027,0.06983333333333333,0.6000095238095504,-0.5278958333333333,Ghabou
511,1989,29.29444444444444,20.852111111111114,,-0.5534,,-0.5775984126984177,,Ould Yenge
511,1990,30.563555555555556,24.292555555555555,,-0.6477999999999999,,0.6837904761904774,,Ould Yenge
511,1991,30.298333333333332,22.304555555555556,56.878600000000006,-1.3356,,0.4108460317460292,,Ould Yenge
511,1992,30.250444444444447,19.630444444444446,55.982400000000005,-1.6138,,0.3552349206349241,,Ould Yenge
511,1993,29.79688888888889,24.848888888888887,61.5946,-0.9362,,-0.10604285714285666,,Ould Yenge
511,1994,29.327111111111112,30.136555555555553,81.25019999999999,0.1082,,-0.5835428571428558,,Ould Yenge
511,1995,29.660222222222224,28.323888888888888,85.229,-0.099,,-0.25815396825396775,,Ould Yenge
511,1996,30.038111111111114,26.782444444444444,63.1434,-0.5392,,0.1120126984127019,,Ould Yenge
511,1997,30.712666666666664,24.35711111111111,54.16420000000001,-0.9987999999999999,,0.7788460317460313,,Ould Yenge
511,1998,29.775444444444442,31.76777777777778,77.31179999999999,-0.03620000000000001,,-0.16609841269841397,,Ould Yenge
511,1999,28.973888888888887,44.848,87.55319999999999,1.2432,,-0.9753761904761937,,Ould Yenge
511,2000,29.301555555555556,31.491555555555554,83.4482,0.33540000000000003,,-0.6554317460317449,,Ould Yenge
511,2001,30.37355555555556,35.15077777777778,84.0144,0.6938,0.6698,0.40884603174603384,1.16638,Ould Yenge
511,2002,31.696666666666665,25.952777777777776,55.43579999999999,-0.43019999999999997,-1.4369,1.7242349206349203,-0.9817016666666667,Ould Yenge
511,2003,29.098222222222223,36.44288888888889,83.99940000000001,0.8177999999999999,-0.708,-0.8819317460317428,-0.29418333333333324,Ould Yenge
511,2004,29.53677777777778,29.33777777777778,84.5066,-0.0696,-0.0955,-0.45109841269841056,0.27693500000000004,Ould Yenge
511,2005,30.22266666666667,31.387,66.64959999999999,0.027200000000000012,-0.4859,0.22706825396825892,-0.15484666666666663,Ould Yenge
511,2006,30.484111111111115,18.27677777777778,57.5346,-1.5155999999999998,-0.6176,0.48079047619048154,-0.3279283333333333,Ould Yenge
511,2007,29.680777777777777,35.352888888888884,89.11359999999999,0.697,0.2485,-0.33026507936508054,0.49679,Ould Yenge
511,2008,29.518444444444444,32.12711111111111,86.8674,0.8876,0.8499,-0.5003206349206337,1.0568083333333333,Ould Yenge
511,2009,29.795333333333335,33.351333333333336,91.0402,0.6980000000000001,0.6557,-0.23115396825396672,0.8212266666666667,Ould Yenge
511,2010,29.301444444444442,36.75322222222222,92.5188,0.9545999999999999,0.9078,-0.7327650793650804,1.0319450000000001,Ould Yenge
511,2011,30.647333333333336,22.08311111111111,52.21040000000001,-1.3012000000000001,-0.7577,0.6054015873015892,-0.6749366666666667,Ould Yenge
511,2012,29.169888888888888,44.38122222222223,93.7744,1.8638000000000001,-0.027699999999999995,-0.8797650793650789,0.013681666666666675,Ould Yenge
511,2013,30.046111111111113,37.589777777777776,79.75699999999999,0.858,-0.5509,-0.011265079365077924,-0.5509,Ould Yenge
511,2014,30.904333333333334,29.662555555555556,69.1618,-0.5694,-0.26349999999999996,0.8392349206349223,-0.3048816666666666,Ould Yenge
511,2015,30.426444444444446,32.24688888888889,80.1408,-0.21180000000000004,-0.1856,0.353623809523814,-0.26836333333333334,Ould Yenge
511,2016,29.702888888888893,36.43811111111111,87.2422,0.849,0.7732,-0.3776539682539628,0.6490549999999999,Ould Yenge
511,2017,30.857555555555557,25.984444444444446,63.858000000000004,-0.513,0.034199999999999994,0.7692904761904806,-0.1313266666666667,Ould Yenge
511,2018,30.07988888888889,32.49633333333333,81.4066,0.05900000000000001,0.38280000000000003,-0.016098412698411835,0.17589166666666667,Ould Yenge
511,2019,31.28633333333333,23.814,41.452600000000004,-1.4054,-1.8412000000000002,1.1826238095238075,-2.08949,Ould Yenge
511,2020,29.993000000000002,43.89688888888889,94.28999999999999,1.2544,0.14930000000000002,-0.11843174603174234,-0.1403716666666667,Ould Yenge
511,2021,30.960111111111114,28.412666666666667,68.44919999999999,-0.15,-0.3923,0.8409571428571461,-0.7233533333333333,Ould Yenge
511,2022,29.24711111111111,45.18411111111111,93.163,1.549,1.0157,-0.8797650793650789,0.643265,Ould Yenge
511,2023,30.611444444444444,27.42,72.73479999999999,0.1826,0.5707,0.4768460317460317,0.15688333333333326,Ould Yenge
511,2024,29.742111111111107,41.18922222222222,83.9758,0.1832,0.49639999999999995,-0.4002095238095258,0.04120166666666658,Ould Yenge
511,2025,29.13955555555556,25.513777777777776,72.8106,-0.5738,1.2786,-1.0104873015872933,0.7820199999999999,Ould Yenge
511,2026,30.864571428571427,21.25957142857143,68.716,-0.2876666666666667,-0.17783333333333334,0.7068063492063494,-0.715795,Ould Yenge
571,1989,30.36777777777778,19.85977777777778,,-0.9460000000000001,,-0.5780274170274105,,M'Bout
571,1990,31.68188888888889,21.42866666666667,,-0.8646,,0.7296089466089519,,M'Bout
571,1991,31.44022222222222,21.438333333333333,49.849599999999995,-1.348,,0.48146753246753704,,M'Bout
571,1992,31.343222222222224,20.933444444444447,42.244,-1.3946,,0.3779927849927951,,M'Bout
571,1993,30.823888888888884,28.853222222222218,64.0082,-0.2224,,-0.14781529581529185,,M'Bout
571,1994,30.29266666666667,29.337888888888887,75.77180000000001,-0.0678,,-0.685512265512255,,M'Bout
571,1995,30.69722222222222,31.163444444444444,88.4486,0.46560000000000007,,-0.2874314574314525,,M'Bout
571,1996,31.193222222222225,23.725555555555555,58.2478,-0.4928,,0.20209379509380554,,M'Bout
571,1997,31.814888888888888,22.859666666666666,52.20740000000001,-0.9042,,0.8172857142857204,,M'Bout
571,1998,30.822555555555557,26.935555555555553,61.743399999999994,-0.9122,,-0.18152236652235842,,M'Bout
571,1999,30.192777777777778,41.217333333333336,79.452,0.8219999999999998,,-0.817774891774885,,M'Bout
571,2000,30.104444444444443,32.467333333333336,85.25120000000001,0.5648,,-0.9125829725829675,,M'Bout
571,2001,30.817666666666664,32.064,73.2346,0.2718,0.5250999999999999,-0.20583549783549415,0.4973392156862744,M'Bout
571,2002,32.58444444444444,23.104333333333333,47.016000000000005,-0.7624000000000001,-1.4504000000000001,1.554467532467541,-1.475847385620915,M'Bout
571,2003,30.315333333333335,34.13688888888888,77.69239999999999,0.779,-0.5494,-0.7211183261183152,-0.5725339869281045,M'Bout
571,2004,31.378111111111114,27.18722222222222,67.921,-0.21480000000000002,-0.0628,0.3351847041847158,-0.08362058823529411,M'Bout
571,2005,31.24711111111111,34.84722222222222,66.2778,0.49379999999999996,0.8601,0.19770995670996427,0.8415928104575163,M'Bout
571,2006,31.435333333333332,21.550555555555558,57.005399999999995,-0.8766,-0.0596,0.37945743145743904,-0.0757937908496732,M'Bout
571,2007,30.541444444444444,33.583888888888886,85.8718,0.5934,0.571,-0.520906204906197,0.5571196078431372,M'Bout
571,2008,30.86444444444444,27.127666666666666,74.636,0.38520000000000004,0.10499999999999998,-0.2043809523809479,0.09343300653594769,M'Bout
571,2009,30.79366666666667,33.94533333333334,81.7904,0.7822,0.6011,-0.28163347763346636,0.5918464052287581,M'Bout
571,2010,30.395222222222223,46.00066666666667,91.1808,1.7546,1.0078,-0.6865526695526611,1.0008598039215686,M'Bout
571,2011,31.396333333333335,23.818333333333335,51.4898,-0.9997999999999999,-0.3117,0.3080836940837024,-0.3163267973856209,M'Bout
571,2012,30.194666666666667,40.349999999999994,92.45160000000001,1.6179999999999999,0.8755999999999999,-0.9000577200577133,0.8732866013071895,M'Bout
571,2013,31.06666666666667,33.96688888888889,70.4648,0.33340000000000003,0.4206,-0.034532467532457645,0.4206,M'Bout
571,2014,31.936333333333337,27.696,60.2802,-0.6582,-0.3075,0.8286594516594654,-0.30518660130718955,M'Bout
571,2015,31.301000000000002,28.198999999999998,59.903,-0.7646,-0.2184,0.18685137085138237,-0.2137732026143791,M'Bout
571,2016,30.748333333333335,37.519111111111116,84.5928,1.1556000000000002,0.3965,-0.37229004329003246,0.4034401960784314,M'Bout
571,2017,31.879888888888885,25.12777777777778,51.974199999999996,-0.5698000000000001,-1.0776999999999999,0.7527907647907703,-1.0684464052287581,M'Bout
571,2018,31.600444444444445,28.420444444444442,53.931,-0.35340000000000005,-0.6412,0.46687157287158243,-0.6296330065359477,M'Bout
571,2019,32.21944444444445,22.236,38.601,-1.4407999999999999,-1.3752,1.0793968253968416,-1.3613196078431373,M'Bout
571,2020,30.965,48.22522222222222,89.39000000000001,1.5362,-0.1476,-0.18152236652235842,-0.1314062091503268,M'Bout
571,2021,31.874,33.58277777777778,72.4622,0.7727999999999999,-0.1016,0.7210028860028928,-0.08309281045751633,M'Bout
571,2022,30.059555555555555,37.08233333333333,83.0672,1.1408,0.3673,-1.0999163059162989,0.38812058823529416,M'Bout
571,2023,31.934222222222225,31.52811111111111,63.8926,0.4104,-0.004500000000000004,0.7682756132756232,0.018633986928104574,M'Bout
571,2024,30.78688888888889,36.416333333333334,70.67819999999999,0.20800000000000002,0.7255,-0.3855324675324603,0.7509473856209151,M'Bout
571,2025,30.348222222222223,30.023,71.84580000000001,0.3096,0.3754,-0.8306738816738708,0.4031607843137255,M'Bout
571,2026,32.366142857142854,18.085285714285714,62.554,-1.0966666666666667,-0.36833333333333335,1.1807720057720132,-0.3382591503267974,M'Bout
644,1989,30.050625,20.31175,,0.0998,,-0.13954553571428008,,R'Kiz
644,1990,30.77825,19.678125,,0.037800000000000014,,0.5834232142857196,,R'Kiz
644,1991,30.417250000000003,13.453125,28.779199999999996,-1.7833999999999999,,0.2177669642857225,,R'Kiz
644,1992,30.186374999999998,11.412125,23.9284,-2.1682,,-0.017764285714282124,,R'Kiz
644,1993,30.214625,21.692625,49.5492,-0.3894,,0.005829464285721286,,R'Kiz
644,1994,29.464875,22.56625,48.1108,-0.7792,,-0.7485767857142811,,R'Kiz
644,1995,29.972875,24.293375,65.3726,0.293,,-0.245233035714282,,R'Kiz
644,1996,30.290875,13.503499999999999,50.102199999999996,-0.7432,,0.06811071428571935,,R'Kiz
644,1997,30.757,21.0045,40.6016,-0.6444,,0.529579464285721,,R'Kiz
644,1998,30.007,28.095125,55.0062,-0.179,,-0.22507678571427903,,R'Kiz
644,1999,30.17975,22.36125,52.784400000000005,-0.001999999999999999,,-0.05698303571428198,,R'Kiz
644,2000,30.205000000000002,25.038125,70.8442,0.6443999999999999,,-0.036389285714278685,,R'Kiz
644,2001,30.245,30.07125,60.904399999999995,0.35219999999999996,0.6308,-0.0010455357142795663,0.8669000000000001,R'Kiz
644,2002,30.752,18.3265,34.7532,-0.8698,-0.8627,0.5012982142857183,-0.6462749999999999,R'Kiz
644,2003,30.060625,35.93175,65.0084,0.48179999999999995,-0.6009,-0.1947330357142789,-0.40414999999999995,R'Kiz
644,2004,30.497375,22.195999999999998,57.32280000000001,-0.1988,-1.5781999999999998,0.23736071428572103,-1.4011249999999997,R'Kiz
644,2005,30.36225,32.986375,79.3356,1.4567999999999999,0.24160000000000004,0.09757946428571884,0.3990000000000001,R'Kiz
644,2006,30.110625,30.29775,80.0592,0.865,1.2621000000000002,-0.15870178571428184,1.3998250000000003,R'Kiz
644,2007,30.165625,23.198875,60.947,-0.15499999999999997,-0.36,-0.10835803571428215,-0.24194999999999994,R'Kiz
644,2008,30.37625,20.69275,46.7776,-0.11600000000000002,-0.21389999999999998,0.0976107142857181,-0.11552499999999996,R'Kiz
644,2009,30.471,33.27075,76.00840000000001,1.0006,0.1771,0.1877044642857193,0.2558,R'Kiz
644,2010,29.82775,34.449875,88.8992,1.8346,0.35029999999999994,-0.46020178571427905,0.40932499999999994,R'Kiz
644,2011,30.771625,18.98775,50.864,0.11579999999999999,-0.8801000000000001,0.4790169642857194,-0.8407500000000001,R'Kiz
644,2012,29.9125,30.468125,78.69500000000001,0.5856,1.3090000000000002,-0.38476428571427945,1.3286750000000003,R'Kiz
644,2013,30.224249999999998,27.539,72.5116,0.4166,0.1611,-0.07767053571428306,0.1611,R'Kiz
644,2014,30.684874999999998,11.802249999999999,28.913,-1.1725999999999999,-0.9168999999999999,0.3782982142857172,-0.9365749999999999,R'Kiz
644,2015,30.871125,30.152250000000002,68.4712,0.6602,0.5799000000000001,0.5598919642857183,0.5405500000000001,R'Kiz
644,2016,30.384,24.408,54.2336,0.1026,0.2606,0.06811071428571935,0.20157499999999998,R'Kiz
644,2017,30.705,13.089,30.232799999999997,-0.9650000000000001,-0.5119,0.3844544642857173,-0.5906,R'Kiz
644,2018,29.875875,23.331375,38.303999999999995,-0.7706,-0.9,-0.4493267857142804,-0.998375,R'Kiz
644,2019,30.4825,13.748875,25.8624,-1.6949999999999998,-0.7172000000000001,0.15264196428572063,-0.83525,R'Kiz
644,2020,30.27525,30.857375,69.8746,0.5628,1.2339,-0.05926428571428133,1.096175,R'Kiz
644,2021,30.47,31.571125000000002,65.02860000000001,1.0892000000000002,0.31300000000000006,0.13082946428571773,0.15560000000000002,R'Kiz
644,2022,29.79525,30.66275,67.072,0.5317999999999999,0.2773,-0.5485767857142818,0.10022499999999995,R'Kiz
644,2023,30.933625,32.754,81.0498,1.6341999999999999,1.3003,0.5851419642857181,1.10355,R'Kiz
644,2024,29.859625,20.240125,38.3166,-0.3626,-9.99999999999994e-05,-0.49351428571428,-0.21652500000000005,R'Kiz
644,2025,29.94275,28.689125,63.239,0.485,0.07479999999999998,-0.41504553571428104,-0.16130000000000008,R'Kiz
644,2026,31.56566666666667,23.858166666666666,58.73433333333333,-0.128,1.4033333333333333,1.2032148809523875,1.1475583333333332,R'Kiz
960,1989,31.043555555555557,20.453,,-0.5469999999999999,,-0.5517605616605543,,Barkeol
960,1990,32.096444444444444,19.491,,-0.6195999999999999,,0.49279926739927404,,Barkeol
960,1991,32.28088888888889,15.953444444444447,41.596000000000004,-1.5484,,0.66891465201466,,Barkeol
960,1992,31.998666666666665,16.991111111111113,38.3086,-1.2264,,0.3783633699633704,,Barkeol
960,1993,31.391333333333332,21.45422222222222,47.0216,-0.7072,,-0.23729902319901797,,Barkeol
960,1994,31.109555555555556,22.406555555555556,59.105999999999995,-0.575,,-0.5274058608058567,,Barkeol
960,1995,31.465555555555554,24.13611111111111,76.5068,0.0386,,-0.17973492063491747,,Barkeol
960,1996,31.762,19.61288888888889,49.6182,-0.4986,,0.10838046398047041,,Barkeol
960,1997,32.32633333333334,20.92522222222222,51.235400000000006,-0.24779999999999996,,0.6643847374847489,,Barkeol
960,1998,31.63188888888889,22.544888888888888,50.4576,-0.8436,,-0.03838876678875991,,Barkeol
960,1999,30.851111111111113,33.68877777777778,61.687599999999996,0.4958,,-0.8274956043955974,,Barkeol
960,2000,30.817888888888888,28.258444444444443,74.61420000000001,0.5309999999999999,,-0.8690468864468848,,Barkeol
960,2001,31.387,28.032555555555557,67.1562,0.4109999999999999,0.898,-0.30826483516483094,0.64564,Barkeol
960,2002,33.288111111111114,16.813000000000002,33.0052,-1.3437999999999999,-1.4904,1.5845172161172236,-1.72173,Barkeol
960,2003,31.27688888888889,30.833000000000002,65.79560000000001,0.825,-0.21339999999999998,-0.43503406593405813,-0.42369999999999997,Barkeol
960,2004,32.007666666666665,25.58711111111111,62.402,0.1508,0.25429999999999997,0.28741465201465743,0.06502999999999998,Barkeol
960,2005,31.920666666666666,30.648777777777777,52.522400000000005,0.49640000000000006,0.8471,0.1920855921855953,0.67886,Barkeol
960,2006,32.04255555555555,20.29111111111111,49.4622,-0.6205999999999999,0.3814,0.30564542124541916,0.23419,Barkeol
960,2007,31.097555555555555,26.346333333333334,73.7658,0.23020000000000002,0.47950000000000004,-0.6476836385836364,0.35332,Barkeol
960,2008,31.649222222222225,25.16111111111111,64.5492,0.5662,0.1992,-0.10434603174602586,0.09405,Barkeol
960,2009,31.587000000000003,31.84044444444444,71.391,0.9964000000000001,0.0426,-0.174897313797306,-0.04152,Barkeol
960,2010,31.224555555555558,48.49488888888889,84.376,2.1396,0.9704999999999999,-0.5456708180708141,0.9074099999999999,Barkeol
960,2011,32.24711111111111,20.930777777777777,43.5512,-0.758,-0.1089,0.46855567765568296,-0.15095999999999998,Barkeol
960,2012,30.766555555555556,34.913,87.333,1.4894,0.9487999999999999,-1.0203289377289337,0.9277699999999999,Barkeol
960,2013,31.50255555555556,32.766555555555556,66.5352,0.6721999999999999,0.6572,-0.29265799755799193,0.6572,Barkeol
960,2014,32.59133333333333,23.217555555555556,45.9282,-0.6424,-0.9102,0.7877907203907206,-0.88917,Barkeol
960,2015,31.97633333333333,23.336666666666666,48.7062,-0.5835999999999999,-0.2835,0.16446166056165978,-0.24144,Barkeol
960,2016,31.391555555555556,33.85744444444444,73.3394,1.1824000000000001,0.6657,-0.4286451770451727,0.7287899999999999,Barkeol
960,2017,32.64844444444444,22.332444444444448,41.698,-0.471,-1.2081,0.8199146520146563,-1.12398,Barkeol
960,2018,32.19266666666667,25.25188888888889,41.4856,-0.2264,-0.5433,0.3558078144078145,-0.43815000000000004,Barkeol
960,2019,32.69888888888889,15.30788888888889,31.684800000000003,-1.829,-1.2893,0.853700976800976,-1.16312,Barkeol
960,2020,31.719111111111108,40.16188888888889,74.9686,1.3618000000000001,-0.009100000000000004,-0.13440586080586314,0.13811,Barkeol
960,2021,32.60177777777778,29.643666666666668,62.794399999999996,0.642,-0.47930000000000006,0.7399317460317469,-0.31106000000000006,Barkeol
960,2022,30.845222222222226,25.766666666666666,63.696600000000004,0.48360000000000003,0.35109999999999997,-1.0249528693528625,0.54037,Barkeol
960,2023,32.65122222222222,28.730222222222224,54.27239999999999,0.5778000000000001,0.2968,0.7727180708180761,0.5071,Barkeol
960,2024,31.357999999999997,34.19933333333333,61.653200000000005,0.5324,0.1994,-0.5288332112332128,0.43073,Barkeol
960,2025,31.06766666666667,26.75588888888889,57.4886,0.4342,0.24130000000000001,-0.8274956043955974,0.49366000000000004,Barkeol
960,2026,33.244142857142855,15.712857142857144,52.43,-1.3123333333333334,-0.30966666666666665,1.3406515262515235,-0.036276666666666624,Barkeol
964,1989,30.326999999999998,22.079666666666668,,0.4048,,-0.6955809523809364,,Guerrou
964,1990,31.21311111111111,17.075555555555557,,-0.6704000000000001,,0.18410158730160475,,Guerrou
964,1991,31.58711111111111,17.13511111111111,40.8894,-0.8008000000000001,,0.5516730158730283,,Guerrou
964,1992,31.459333333333333,11.736666666666666,28.0046,-1.7564,,0.4174666666666802,,Guerrou
964,1993,30.836444444444446,15.28588888888889,32.2834,-0.8746,,-0.21185079365077897,,Guerrou
964,1994,30.538777777777778,15.746111111111112,47.4624,-1.1216,,-0.5159460317460187,,Guerrou
964,1995,30.85211111111111,22.08911111111111,62.914,0.211,,-0.20904126984125782,,Guerrou
964,1996,31.061555555555557,13.715666666666667,39.0886,-1.0116,,-0.006025396825382501,,Guerrou
964,1997,31.650111111111112,16.93433333333333,43.6608,-0.17660000000000003,,0.5761015873016007,,Guerrou
964,1998,31.034333333333336,16.082444444444448,41.4786,-1.076,,-0.046104761904750546,,Guerrou
964,1999,30.305777777777777,26.382333333333335,46.9942,0.1984,,-0.7810888888888812,,Guerrou
964,2000,30.340555555555554,24.078444444444443,61.9602,0.6456,,-0.7527396825396764,,Guerrou
964,2001,31.023777777777777,26.347333333333335,60.1092,0.6596,0.3382,-0.07594603174602454,0.40402000000000005,Guerrou
964,2002,32.730222222222224,12.323777777777778,26.3692,-1.6204,-1.7471999999999999,1.624069841269847,-1.6868649999999998,Guerrou
964,2003,30.739555555555555,24.980888888888888,53.8652,0.8804000000000001,0.12229999999999999,-0.3730253968253905,0.17715000000000003,Guerrou
964,2004,31.194666666666667,20.729444444444443,52.943799999999996,0.1046,-0.3408,0.07565714285714975,-0.291435,Guerrou
964,2005,31.38922222222222,25.807111111111112,40.6276,0.6278,1.0933000000000002,0.26378412698412745,1.13718,Guerrou
964,2006,31.500444444444447,16.746111111111112,37.285000000000004,-0.5258,0.3643,0.36857777777778367,0.402695,Guerrou
964,2007,30.38555555555556,18.698555555555558,56.238200000000006,-0.3836,0.2804,-0.7527396825396764,0.31331,Guerrou
964,2008,30.943666666666665,24.39777777777778,51.6872,0.8054,0.0578,-0.2010571428571417,0.08522500000000001,Guerrou
964,2009,31.058444444444447,27.427888888888887,60.537400000000005,1.1438000000000001,0.6483000000000001,-0.09270793650793152,0.6702400000000001,Guerrou
964,2010,30.602555555555554,38.09577777777778,68.9836,1.9805999999999997,0.024399999999999998,-0.5550253968253962,0.040855,Guerrou
964,2011,31.85777777777778,17.393444444444444,33.344,-0.836,-0.9919000000000001,0.6937682539682584,-0.9809300000000001,Guerrou
964,2012,29.951555555555558,30.77688888888889,71.4476,1.5173999999999999,0.6174,-1.2188825396825393,0.6228849999999999,Guerrou
964,2013,30.897666666666666,27.792333333333332,57.47760000000001,0.7061999999999999,0.715,-0.279200000000003,0.715,Guerrou
964,2014,31.854111111111113,18.962888888888887,35.199200000000005,-0.631,-1.2297,0.6708158730158722,-1.235185,Guerrou
964,2015,31.33233333333333,22.633888888888887,40.989999999999995,-0.15,0.5657,0.14260952380951863,0.55473,Guerrou
964,2016,30.75944444444444,31.74055555555556,64.92,1.5306000000000002,0.6677,-0.4367079365079434,0.651245,Guerrou
964,2017,31.871555555555556,19.929444444444446,37.513400000000004,0.3012,-1.0578,0.6689746031746004,-1.0797400000000001,Guerrou
964,2018,31.44966666666667,23.200000000000003,36.394400000000005,0.045,-0.6537999999999999,0.2406571428571418,-0.681225,Guerrou
964,2019,32.169999999999995,13.364555555555556,26.283000000000005,-1.6951999999999998,-0.9281999999999999,0.9545619047618921,-0.9611099999999999,Guerrou
964,2020,31.101555555555553,28.696888888888893,57.99400000000001,0.8019999999999999,0.1977,-0.12031111111112125,0.15930499999999997,Guerrou
964,2021,32.181000000000004,19.946555555555555,42.5684,-0.16559999999999997,-0.8673,0.9527047619047586,-0.91118,Guerrou
964,2022,30.257111111111115,20.63122222222222,53.6024,0.40140000000000003,1.6047000000000002,-0.9776126984127025,1.5553350000000001,Guerrou
964,2023,32.153555555555556,23.86622222222222,42.7178,0.5833999999999999,0.17259999999999998,0.9124031746031669,0.11774999999999995,Guerrou
964,2024,30.648888888888887,34.57311111111111,54.556799999999996,0.9812,0.29910000000000003,-0.5986920634920736,0.238765,Guerrou
964,2025,30.34488888888889,22.361222222222224,42.852,0.34199999999999997,0.3839,-0.9091206349206438,0.31808000000000003,Guerrou
964,2026,32.726,11.852428571428572,38.12766666666666,-1.4123333333333334,-0.05499999999999999,1.4655619047618949,-0.126305,Guerrou
965,1989,29.058555555555554,27.20811111111111,,-0.24420000000000003,,-0.7856670194003534,,Kankossa
965,1990,30.286666666666665,25.976333333333333,,-0.8300000000000001,,0.4387650793650799,,Kankossa
965,1991,30.191,28.907222222222224,63.0526,-0.8238,,0.3394194003527353,,Kankossa
965,1992,30.175444444444445,21.706000000000003,58.359,-1.652,,0.32018483245150264,,Kankossa
965,1993,29.927555555555557,24.10355555555556,53.931799999999996,-1.4929999999999999,,0.06861693121693335,,Kankossa
965,1994,29.29444444444444,33.07211111111111,76.45519999999999,-0.2492,,-0.5681731922398612,,Kankossa
965,1995,29.583555555555556,39.26488888888889,85.982,0.6456,,-0.28274109347442433,,Kankossa
965,1996,30.008555555555557,26.804444444444446,56.322399999999995,-1.172,,0.13857989417989813,,Kankossa
965,1997,30.572000000000003,21.12611111111111,51.8288,-1.3884,,0.6983453262786625,,Kankossa
965,1998,29.885777777777776,38.038333333333334,74.53620000000001,-0.009800000000000008,,0.008444091710757107,,Kankossa
965,1999,28.888666666666666,48.40211111111111,89.4228,0.9926,,-0.9923460317460311,,Kankossa
965,2000,29.30022222222222,33.81122222222222,81.00840000000001,0.1472,,-0.5844694885361541,,Kankossa
965,2001,30.366666666666667,40.50866666666666,84.7346,0.7567999999999999,0.4242,0.47829594356261396,0.7074399999999998,Kankossa
965,2002,31.43811111111111,28.598333333333333,52.1788,-0.8788,-1.7410999999999999,1.546061375661374,-1.4814633333333334,Kankossa
965,2003,28.805777777777777,43.58955555555556,91.6244,0.9036,-0.2914,-1.089950970017636,-0.05536666666666676,Kankossa
965,2004,29.27366666666667,39.36511111111111,90.84779999999999,0.4262,0.0126,-0.6257410934744208,0.2250299999999999,Kankossa
965,2005,30.211222222222222,37.54711111111111,63.6836,0.07840000000000001,0.09029999999999999,0.3081354497354525,0.2791266666666666,Kankossa
965,2006,30.476888888888887,20.006222222222224,53.27139999999999,-1.5413999999999999,0.2354,0.5701231040564352,0.4006233333333333,Kankossa
965,2007,29.526555555555554,38.29555555555556,88.9238,0.3516,0.4948,-0.3838892416225761,0.63642,Kankossa
965,2008,29.337555555555557,35.00911111111111,88.0234,0.7882,0.8324,-0.5765682539682508,0.9504166666666667,Kankossa
965,2009,29.705111111111112,40.57666666666667,90.1828,0.8093999999999999,0.30770000000000003,-0.21269171075837434,0.4021133333333333,Kankossa
965,2010,29.313888888888886,38.52455555555556,90.0544,0.6508,0.5613999999999999,-0.6075929453262781,0.6322099999999998,Kankossa
965,2011,30.808222222222224,28.032666666666664,51.8214,-1.0108000000000001,-1.0584,0.8830613756613772,-1.0111933333333334,Kankossa
965,2012,29.07611111111111,52.14522222222222,94.24080000000001,1.8166,-0.1391,-0.852728747795414,-0.11549666666666668,Kankossa
965,2013,29.888999999999996,41.885666666666665,79.1374,0.8560000000000001,-0.5135000000000001,-0.04351887125220699,-0.5135000000000001,Kankossa
965,2014,30.78311111111111,38.51588888888889,72.4472,0.007399999999999995,-0.28700000000000003,0.8469132275132303,-0.31060333333333334,Kankossa
965,2015,30.305,36.70166666666667,78.812,-0.1302,-0.249,0.3651231040564369,-0.2962066666666666,Kankossa
965,2016,29.559666666666665,41.633,85.6856,0.8640000000000001,0.9131,-0.3838892416225761,0.8422900000000001,Kankossa
965,2017,30.72077777777778,30.033,66.1762,-0.34199999999999997,-0.18180000000000002,0.7735428571428606,-0.2762133333333333,Kankossa
965,2018,29.523,43.83711111111111,87.69,0.575,0.06619999999999998,-0.4279139329805979,-0.051816666666666636,Kankossa
965,2019,30.873444444444445,28.763222222222225,47.3278,-1.2498,-1.5648,0.9188514991181691,-1.7064199999999998,Kankossa
965,2020,29.84922222222222,52.27377777777778,91.96419999999999,1.3646,0.11599999999999999,-0.10904973544973728,-0.049223333333333286,Kankossa
965,2021,30.97988888888889,29.404000000000003,66.09479999999999,-0.6128,-0.6890000000000001,1.0179379188712545,-0.8778266666666666,Kankossa
965,2022,29.172888888888888,49.39233333333333,93.19640000000001,1.2384,1.0533,-0.7927410934744259,0.84087,Kankossa
965,2023,30.434666666666672,34.81777777777778,74.43780000000001,0.4062,0.15109999999999998,0.46535767195767974,-0.08493333333333325,Kankossa
965,2024,29.741111111111113,49.71955555555556,87.2006,0.6212,0.4724,-0.23187689594356087,0.21276333333333342,Kankossa
965,2025,28.995555555555555,28.98411111111111,68.4204,-0.6516,1.4081,-0.9811114638447975,1.12486,Kankossa
965,2026,30.549,23.971285714285717,66.72133333333333,-0.43500000000000005,0.6898333333333333,0.5686539682539689,0.3829900000000001,Kankossa
1264,1989,29.321375,15.2815,,-0.010399999999999987,,0.07244642857142836,,Mederdra
1264,1990,29.885125,21.68175,,0.2568,,0.6262464285714273,,Mederdra
1264,1991,29.3,9.87,26.735599999999998,-1.7788,,0.031171428571429516,,Mederdra
1264,1992,29.171125,8.801375,19.264,-2.3532,,-0.10765357142857113,,Mederdra
1264,1993,29.24475,16.86925,44.830200000000005,-0.658,,-0.0439785714285712,,Mederdra
1264,1994,28.736,25.205375,49.532,-0.27359999999999995,,-0.5626785714285703,,Mederdra
1264,1995,29.161875000000002,22.44275,62.147000000000006,0.2556,,-0.14675357142856882,,Mederdra
1264,1996,29.4115,14.414250000000001,50.4528,-0.7036,,0.09292142857142949,,Mederdra
1264,1997,29.794625,23.719375,39.147000000000006,-0.18619999999999998,,0.4660964285714293,,Mederdra
1264,1998,29.070125,22.152375000000003,53.3322,-0.5346,,-0.26835357142856964,,Mederdra
1264,1999,29.5045,23.040875,52.4188,0.152,,0.1560714285714262,,Mederdra
1264,2000,29.366875,19.736625,66.3284,0.328,,0.008496428571426407,,Mederdra
1264,2001,29.534125,27.389125,56.6828,0.22359999999999997,0.8158000000000001,0.16579642857142574,1.1934952380952382,Mederdra
1264,2002,29.667749999999998,17.290625,33.0454,-0.945,-1.5574,0.2894714285714244,-1.211179365079365,Mederdra
1264,2003,29.22375,32.957125000000005,65.8602,0.6936,-0.6852,-0.16447857142857458,-0.37045396825396826,Mederdra
1264,2004,29.578,23.742124999999998,63.5092,0.45519999999999994,-0.9342999999999999,0.1798214285714259,-0.6510285714285713,Mederdra
1264,2005,29.61375,30.951625,71.56960000000001,1.1469999999999998,0.06740000000000002,0.20562142857142618,0.3191968253968254,Mederdra
1264,2006,29.464,23.29925,75.5396,0.7081999999999999,1.2365,0.04592142857142534,1.4568222222222222,Mederdra
1264,2007,29.2915,18.675,59.2796,-0.3368,0.050699999999999995,-0.136528571428574,0.23954761904761904,Mederdra
1264,2008,29.464625,16.350499999999997,43.2906,-0.3632,-0.7598,0.026646428571428515,-0.6024269841269841,Mederdra
1264,2009,29.785625,30.846249999999998,71.7244,1.1549999999999998,0.1274,0.33769642857142657,0.2532984126984127,Mederdra
1264,2010,29.198875,31.548125,82.6716,1.6346,0.4445,-0.2590035714285719,0.5389238095238096,Mederdra
1264,2011,29.879125000000002,18.113125,50.313,0.2598,0.1439,0.4112964285714291,0.20684920634920634,Mederdra
1264,2012,29.372875,29.420875,75.3134,0.5231999999999999,-0.3992,-0.1049035714285722,-0.36772539682539684,Mederdra
1264,2013,29.44375,27.991875,82.0414,0.8076000000000001,0.5201,-0.0439785714285712,0.5201,Mederdra
1264,2014,29.809375,10.7005,27.9698,-1.0482,-0.2901,0.31169642857142676,-0.3215746031746032,Mederdra
1264,2015,30.003125,31.193875,70.9208,1.0754,0.20179999999999998,0.4954964285714283,0.1388507936507936,Mederdra
1264,2016,29.525,22.390875,50.101800000000004,-0.009799999999999993,0.30310000000000004,0.007421428571426247,0.20867619047619052,Mederdra
1264,2017,29.75475,11.092,29.230200000000004,-1.109,-1.1223,0.22722142857142913,-1.2481984126984127,Mederdra
1264,2018,28.86425,23.858125,38.8414,-0.5506,-0.3784,-0.6732285714285737,-0.5357730158730158,Mederdra
1264,2019,29.372875,12.627125,25.604000000000003,-1.6192,-0.8545,-0.17455357142857508,-1.0433476190476192,Mederdra
1264,2020,29.694375,26.254625,65.8226,0.42460000000000003,0.558,0.13699642857142535,0.33767777777777785,Mederdra
1264,2021,29.699624999999997,27.1175,62.1586,0.8544,0.48710000000000003,0.1322964285714221,0.23530317460317463,Mederdra
1264,2022,29.0045,27.926375,72.249,0.8276,1.5619999999999998,-0.5727785714285751,1.2787285714285712,Mederdra
1264,2023,30.087125,25.38675,75.49440000000001,1.0396,1.2058,0.49989642857142513,0.8910539682539682,Mederdra
1264,2024,29.087125,16.758375,39.166,-0.55,0.157,-0.5100535714285748,-0.18922063492063493,Mederdra
1264,2025,29.148,22.662625000000002,57.1662,0.2778,-0.06739999999999999,-0.4591285714285753,-0.4450952380952381,Mederdra
1264,2026,30.484166666666667,22.135333333333335,54.050333333333334,-0.27366666666666667,1.6891666666666667,0.8670880952380919,1.2799968253968255,Mederdra
1266,1989,29.309111111111108,20.738,,0.5882000000000001,,-0.03632822636301114,,Rosso
1266,1990,29.566555555555553,19.09788888888889,,-0.04580000000000002,,0.21403892339544228,,Rosso
1266,1991,29.500222222222224,8.82488888888889,39.1502,-2.2244,,0.14062829537612487,,Rosso
1266,1992,29.236555555555558,10.553888888888888,44.2998,-2.089,,-0.13011566597653257,,Rosso
1266,1993,29.38477777777778,20.192,86.91720000000001,-0.2234,,0.011029261559702519,,Rosso
1266,1994,28.723666666666663,20.853444444444445,82.349,-0.629,,-0.6571591442374078,,Rosso
1266,1995,29.46355555555555,19.676333333333332,87.1116,0.020200000000000003,,0.07565244996549225,,Rosso
1266,1996,29.428777777777775,10.574444444444445,74.44500000000001,-1.0734,,0.03379737750172396,,Rosso
1266,1997,29.813333333333333,20.682444444444442,65.00399999999999,-0.5438,,0.41127563837129344,,Rosso
1266,1998,29.169666666666664,21.723,83.1092,-0.2614,,-0.23946832298136655,,Rosso
1266,1999,29.358111111111114,23.18788888888889,90.181,0.327,,-0.05810117322290509,,Rosso
1266,2000,29.298999999999996,23.131777777777778,84.8534,0.13540000000000002,,-0.12428957902001514,,Rosso
1266,2001,29.36411111111111,28.08288888888889,91.3642,0.3678,0.8126,-0.06625576259488852,1.1770266666666667,Rosso
1266,2002,29.66977777777778,15.92288888888889,64.15700000000001,-0.6942,-1.4424000000000001,0.2323336093857904,-1.1083422222222223,Rosso
1266,2003,29.205000000000002,31.379666666666665,90.6888,0.328,-1.1603,-0.23952146307797761,-0.8566111111111112,Rosso
1266,2004,29.515777777777778,24.295,93.2296,0.44420000000000004,-0.38020000000000004,0.06417902001380682,-0.10688000000000003,Rosso
1266,2005,29.61233333333333,30.55355555555556,96.1394,1.5352000000000001,0.6754,0.15365728088336894,0.9183511111111111,Rosso
1266,2006,29.63988888888889,22.236666666666665,91.20039999999999,0.3146,0.5856,0.1741355417529391,0.7981822222222222,Rosso
1266,2007,29.19022222222222,21.060666666666666,90.01320000000001,-0.3206,-0.2138,-0.2826084195997183,-0.03158666666666665,Rosso
1266,2008,29.564888888888888,18.91,74.2982,-0.3344,-0.8213,0.08498095238095615,-0.6694555555555556,Rosso
1266,2009,29.795777777777776,33.52166666666667,98.2722,1.2872,0.6339,0.30879254658385236,0.7553755555555556,Rosso
1266,2010,29.363888888888887,36.547555555555554,98.7018,1.784,0.2074,-0.13017363699102447,0.2985066666666667,Rosso
1266,2011,29.75433333333333,24.87388888888889,89.22279999999999,0.6998,-0.583,0.2531935127674281,-0.5222622222222222,Rosso
1266,2012,29.37211111111111,28.46433333333333,95.10060000000001,0.6106,0.5368999999999999,-0.13610600414078178,0.5672688888888888,Rosso
1266,2013,29.446555555555555,27.901,97.43039999999999,0.673,0.2634,-0.06873885438232819,0.2634,Rosso
1266,2014,29.943,15.387111111111109,67.4086,-0.893,-0.7814,0.42062829537612956,-0.8117688888888889,Rosso
1266,2015,29.95011111111111,31.285111111111114,94.90299999999999,0.8928,0.08549999999999999,0.4206621118012457,0.024762222222222213,Rosso
1266,2016,29.547555555555554,19.21622222222222,77.7274,-0.25139999999999996,0.16299999999999998,0.011029261559702519,0.07189333333333331,Rosso
1266,2017,30.020222222222223,13.532444444444444,62.06320000000001,-1.0572,-0.8986000000000001,0.4766186335403795,-1.0200755555555556,Rosso
1266,2018,29.093,19.794,64.1412,-0.8949999999999999,-0.23670000000000002,-0.4576808833678321,-0.38854444444444447,Rosso
1266,2019,29.451666666666668,14.084,55.15,-1.4396,-0.7447,-0.10609151138715589,-0.9269133333333334,Rosso
1266,2020,29.65777777777778,24.602444444444444,90.2536,0.2568,1.0306000000000002,0.09294230503796896,0.818017777777778,Rosso
1266,2021,29.54222222222222,26.331888888888887,87.7834,0.7228,0.6043000000000001,-0.029690545203582275,0.36134888888888894,Rosso
1266,2022,29.18144444444444,29.624,94.6366,0.9006000000000001,0.2326,-0.3975456176673511,-0.040720000000000006,Rosso
1266,2023,30.191222222222223,28.165444444444443,96.6184,1.2502,1.5912000000000002,0.6051548654244385,1.2875111111111113,Rosso
1266,2024,29.247999999999998,19.044555555555558,56.62179999999999,-0.3752,0.20999999999999996,-0.3451446514837748,-0.12405777777777782,Rosso
1266,2025,29.098222222222223,23.959444444444447,90.245,0.1778,0.44179999999999997,-0.5019997239475416,0.0773733333333333,Rosso
1266,2026,30.59114285714286,22.563714285714287,89.94133333333333,0.029333333333333336,1.33,0.9838436162871069,0.9352044444444445,Rosso
1272,1989,30.23577777777778,29.820444444444448,,0.21280000000000002,,-0.6684053830227761,,Kaedi
1272,1990,31.55611111111111,22.846777777777778,,-0.5126,,0.6446670807453394,,Kaedi
1272,1991,31.387,10.962222222222222,35.8312,-2.3466,,0.4682951000690103,,Kaedi
1272,1992,31.276777777777777,22.962888888888887,52.855399999999996,-0.9206,,0.35081200828156867,,Kaedi
1272,1993,30.72122222222222,35.14555555555555,72.824,0.3242,,-0.21200441683920346,,Kaedi
1272,1994,30.40611111111111,29.714,72.3104,0.0228,,-0.5343763975155333,,Kaedi
1272,1995,30.835888888888892,34.64955555555556,80.4146,0.8705999999999999,,-0.11185948930296874,,Kaedi
1272,1996,31.074888888888886,20.42,63.553,-1.0182,,0.11987964113180993,,Kaedi
1272,1997,31.714888888888893,24.644,60.1606,-0.5852,,0.7526187715665991,,Kaedi
1272,1998,30.954333333333334,28.468111111111114,65.8078,-0.5724,,-0.015197653554174906,,Kaedi
1272,1999,30.17711111111111,39.39333333333333,73.6696,0.5770000000000001,,-0.7996807453416181,,Kaedi
1272,2000,30.158777777777775,32.22844444444444,78.1274,0.356,,-0.8252749482401711,,Kaedi
1272,2001,30.746333333333332,24.581,63.364,-0.8248,-0.0844,-0.24498026224982894,0.1181642857142857,Kaedi
1272,2002,32.11955555555556,20.773777777777777,49.9786,-1.2,-1.0792000000000002,1.1209810904071773,-0.8935160714285716,Kaedi
1272,2003,30.441222222222223,35.704,77.3896,0.8370000000000001,-0.981,-0.5646131124913758,-0.8121964285714286,Kaedi
1272,2004,31.32388888888889,28.200555555555557,70.1174,-0.1972,-0.195,0.31079268461007814,-0.04307678571428575,Kaedi
1272,2005,30.94977777777778,35.747,74.0848,0.661,0.9033,-0.0705792960662528,1.0383428571428572,Kaedi
1272,2006,31.238444444444447,22.86,67.2946,-0.3876,0.497,0.2108265010351964,0.6151625,Kaedi
1272,2007,30.48911111111111,35.25622222222223,78.2696,0.6108,-0.0862,-0.5457677018633547,0.01508214285714285,Kaedi
1272,2008,30.92388888888889,26.411666666666665,71.5068,-0.0118,0.3711,-0.1182507936507946,0.4555017857142857,Kaedi
1272,2009,30.83055555555556,33.39333333333334,76.3356,0.5326000000000001,0.2582,-0.2188449965493433,0.32572142857142855,Kaedi
1272,2010,30.51722222222222,53.751333333333335,84.0856,1.9676000000000002,0.8785000000000001,-0.539439199447898,0.9291410714285715,Kaedi
1272,2011,31.371555555555556,27.17088888888889,64.9228,-0.343,-0.3115,0.30763326432022,-0.27773928571428574,Kaedi
1272,2012,30.336333333333332,41.79266666666667,81.4328,1.2128,0.392,-0.7348498274672224,0.40888035714285714,Kaedi
1272,2013,30.92577777777778,30.138222222222225,70.2672,-0.184,0.007000000000000006,-0.15266625258799138,0.007000000000000006,Kaedi
1272,2014,31.862111111111112,28.15311111111111,66.3244,-0.4894,-0.7448,0.7764062111801238,-0.7616803571428572,Kaedi
1272,2015,31.31377777777778,25.016222222222225,60.6564,-0.9965999999999999,-0.6759000000000001,0.2208120082815732,-0.7096607142857143,Kaedi
1272,2016,30.846777777777774,38.623777777777775,74.5138,1.0362,0.7534,-0.25344886128364763,0.7027589285714285,Kaedi
1272,2017,31.928777777777775,22.894222222222222,59.5712,-0.23359999999999997,-0.7404,0.8212902691511346,-0.8079214285714285,Kaedi
1272,2018,31.433444444444447,27.338555555555555,56.66600000000001,-0.593,-0.4835,0.3186960662525884,-0.5679017857142857,Kaedi
1272,2019,32.001888888888885,22.851333333333333,52.476,-1.2126,-1.0667,0.8798796411318115,-1.1679821428571429,Kaedi
1272,2020,30.872333333333334,48.06866666666666,77.56739999999999,1.1416,-0.1396,-0.2569367839889587,-0.2577625,Kaedi
1272,2021,31.50333333333333,41.75111111111111,75.0398,1.4882,0.5636999999999999,0.366802346445823,0.42865714285714274,Kaedi
1272,2022,30.344111111111108,32.60622222222222,74.51820000000001,0.7205999999999999,0.7978999999999999,-0.7996807453416181,0.6459767857142857,Kaedi
1272,2023,32.090333333333334,34.07511111111111,70.2954,0.5780000000000001,0.25760000000000005,0.9392806073153892,0.08879642857142864,Kaedi
1272,2024,30.885777777777776,35.03322222222222,70.7962,0.3536,0.6363,-0.27253581780538383,0.4506160714285714,Kaedi
1272,2025,30.471555555555558,33.54355555555556,74.22760000000001,0.5956,0.18580000000000002,-0.6940189095928204,-0.016764285714285676,Kaedi
1272,2026,32.227714285714285,22.109714285714286,65.47133333333333,-0.44533333333333336,-0.3486666666666666,1.0548789510006884,-0.5681113095238095,Kaedi
1274,1989,29.556777777777775,28.35033333333333,,-0.4824,,-0.5168861111111056,,Maghama
1274,1990,30.875777777777778,23.090999999999998,,-1.7591999999999999,,0.7910166666666747,,Maghama
1274,1991,30.345555555555556,24.40811111111111,63.4018,-1.574,,0.24969722222223112,,Maghama
1274,1992,30.238888888888887,26.73177777777778,62.315999999999995,-1.2684000000000002,,0.13193333333333968,,Maghama
1274,1993,30.35133333333333,38.498222222222225,87.7252,0.3338,,0.2332805555555595,,Maghama
1274,1994,29.48511111111111,39.39911111111111,91.54339999999999,0.26139999999999997,,-0.6440388888888826,,Maghama
1274,1995,29.99711111111111,41.65222222222222,93.4202,0.4526,,-0.14313611111110447,,Maghama
1274,1996,30.49311111111111,34.34177777777778,79.19300000000001,-0.3214,,0.34176666666666833,,Maghama
1274,1997,31.03055555555555,30.853666666666665,63.157999999999994,-1.0535999999999999,,0.8681138888888889,,Maghama
1274,1998,30.27911111111111,31.64066666666666,74.9622,-1.0375999999999999,,0.10557222222222507,,Maghama
1274,1999,29.21511111111111,53.949444444444445,96.411,1.1936,,-0.9695249999999973,,Maghama
1274,2000,29.398,39.67666666666666,93.30199999999999,0.2772,,-0.7977333333333299,,Maghama
1274,2001,30.385777777777776,36.48844444444445,80.2774,-0.2036,0.30519999999999997,0.1789472222222237,0.5523857142857143,Maghama
1274,2002,31.691555555555553,33.147777777777776,70.33340000000001,-0.29300000000000004,-1.1094,1.4736277777777786,-0.8828130952380953,Maghama
1274,2003,29.42322222222222,47.559222222222225,95.5384,0.9814,-0.9681,-0.8058027777777781,-0.7621119047619047,Maghama
1274,2004,30.155333333333335,33.30677777777778,85.5208,-0.3552,0.5428,-0.08478888888888392,0.7281892857142857,Maghama
1274,2005,30.273,41.38155555555555,89.14,0.20580000000000004,-0.2611,0.021780555555555026,-0.09630952380952384,Maghama
1274,2006,30.485666666666663,25.709111111111113,73.57079999999999,-1.0894,-0.6879000000000001,0.22334999999999638,-0.5437083333333335,Maghama
1274,2007,29.923000000000002,43.65122222222222,93.4942,0.6374,-0.3775,-0.35041388888888747,-0.2539071428571429,Maghama
1274,2008,29.48677777777778,33.903555555555556,92.047,0.03700000000000001,0.4227,-0.7977333333333299,0.5256940476190476,Maghama
1274,2009,29.927444444444443,36.61244444444444,91.7588,0.041800000000000004,0.9097999999999999,-0.3681638888888905,0.992195238095238,Maghama
1274,2010,29.50611111111111,53.56411111111111,98.3944,1.2704,1.0145,-0.8005944444444459,1.0762964285714285,Maghama
1274,2011,30.654000000000003,33.614000000000004,69.676,-0.587,-0.8089999999999999,0.3361972222222249,-0.7678023809523808,Maghama
1274,2012,29.566111111111113,55.81488888888889,98.5958,2.145,0.9944,-0.7627888888888883,1.0149988095238094,Maghama
1274,2013,30.356555555555556,44.81011111111111,86.7898,0.5528,-0.33140000000000003,0.01655833333332879,-0.33140000000000003,Maghama
1274,2014,31.07988888888889,35.21788888888889,75.47919999999999,-0.7268000000000001,-0.030799999999999987,0.7287944444444392,-0.051398809523809506,Maghama
1274,2015,30.747222222222224,40.412333333333336,81.1314,-0.313,0.15639999999999998,0.3850305555555522,0.11520238095238095,Maghama
1274,2016,29.93722222222222,48.358555555555554,94.9162,1.3142,0.5716,-0.4360666666666724,0.5098035714285715,Maghama
1274,2017,31.148444444444447,32.72211111111111,72.069,-0.4084,-0.6837,0.7640583333333311,-0.766095238095238,Maghama
1274,2018,30.89988888888889,37.23144444444444,78.4942,-0.24380000000000002,0.6187,0.5044055555555502,0.5157059523809524,Maghama
1274,2019,31.834777777777774,28.263444444444445,46.0334,-1.4782,-1.7403,1.428197222222213,-1.863892857142857,Maghama
1274,2020,30.20444444444444,57.87833333333333,98.1676,1.2833999999999999,0.38120000000000004,-0.2132333333333456,0.2370083333333334,Maghama
1274,2021,31.144555555555556,44.35311111111111,81.59020000000001,0.9391999999999999,-0.11159999999999999,0.715780555555547,-0.27639047619047613,Maghama
1274,2022,29.62688888888889,50.08111111111111,94.747,1.21,0.46529999999999994,-0.8129833333333423,0.27991071428571423,Maghama
1274,2023,31.06711111111111,34.36711111111111,83.336,0.11280000000000001,0.6663,0.6161416666666568,0.4603119047619048,Maghama
1274,2024,30.112111111111112,43.601444444444446,84.9746,-0.2406,-0.14679999999999999,-0.3499555555555638,-0.3733869047619047,Maghama
1274,2025,29.48688888888889,36.88822222222222,89.7366,0.1978,0.5126,-0.9862750000000098,0.2654142857142857,Maghama
1274,2026,30.850142857142856,23.791571428571427,77.80733333333333,-0.663,-0.7816666666666667,0.36588174603173584,-1.0494511904761905,Maghama
1276,1989,30.560111111111112,25.71622222222222,,0.8558,,-0.6444920634920557,,Aioun
1276,1990,31.692333333333334,20.132333333333335,,-0.9124000000000001,,0.48124126984127713,,Aioun
1276,1991,31.381999999999998,19.165888888888887,36.4476,-0.9752000000000001,,0.16441904761905235,,Aioun
1276,1992,31.84,17.547444444444444,44.700599999999994,-1.0726,,0.6159301587301655,,Aioun
1276,1993,31.313444444444443,18.871666666666666,39.5346,-1.0108000000000001,,0.08288571428571956,,Aioun
1276,1994,30.664444444444445,22.821111111111108,56.6188,-0.2734,,-0.5726031746031666,,Aioun
1276,1995,31.082111111111107,30.381666666666668,72.17240000000001,0.8353999999999999,,-0.16142539682539336,,Aioun
1276,1996,31.62355555555556,18.046555555555557,33.205200000000005,-1.1442,,0.37353015873016915,,Aioun
1276,1997,31.69922222222222,18.666999999999998,41.645799999999994,-0.6086,,0.4427079365079436,,Aioun
1276,1998,31.665999999999997,28.381777777777778,54.1754,0.1748,,0.40299682539682635,,Aioun
1276,1999,30.14,31.415000000000003,62.975,0.38180000000000003,,-1.1294920634920587,,Aioun
1276,2000,30.613555555555553,23.21622222222222,57.748400000000004,-0.007400000000000001,,-0.6624253968253946,,Aioun
1276,2001,31.584444444444443,29.144444444444446,56.831399999999995,0.7262000000000001,0.1759,0.30197460317460667,0.6773,Aioun
1276,2002,32.89277777777778,18.134,32.1564,-1.616,-1.1481,1.603819047619055,-0.6884833333333332,Aioun
1276,2003,30.290222222222226,34.52066666666666,71.9366,1.2888,0.0726,-1.005225396825388,0.49043333333333333,Aioun
1276,2004,30.843,26.531555555555556,57.786,0.2286,-0.20579999999999998,-0.4589365079365031,0.17025,Aioun
1276,2005,31.534555555555553,22.635888888888886,30.411,-0.49420000000000003,-0.8309,0.22613015873016096,-0.4966333333333333,Aioun
1276,2006,31.66944444444444,15.687888888888889,32.111599999999996,-1.4722,-0.4682,0.35453015873016014,-0.1757166666666667,Aioun
1276,2007,30.736333333333334,28.565888888888892,68.3006,0.5229999999999999,0.2374,-0.585069841269835,0.4881,Aioun
1276,2008,30.50811111111111,27.673555555555552,62.604200000000006,0.7857999999999999,0.20529999999999998,-0.819780952380949,0.4142166666666667,Aioun
1276,2009,31.512555555555554,25.224888888888888,57.864599999999996,0.1212,0.37250000000000005,0.17817460317460743,0.5396333333333334,Aioun
1276,2010,30.813222222222223,30.427222222222227,62.52,1.1161999999999999,-0.619,-0.5276476190476131,-0.49365000000000003,Aioun
1276,2011,32.417,14.953222222222223,34.854200000000006,-1.459,-0.5025999999999999,1.0696412698412772,-0.41903333333333326,Aioun
1276,2012,30.13311111111111,40.49355555555556,66.708,1.8344,0.09179999999999998,-1.220736507936504,0.1335833333333333,Aioun
1276,2013,31.328888888888887,29.210555555555555,52.0914,0.6808,0.19210000000000005,-0.03144761904761495,0.19210000000000005,Aioun
1276,2014,31.902,24.512999999999998,46.2024,-0.20380000000000004,-0.3208,0.5351746031746103,-0.3625833333333333,Aioun
1276,2015,31.211888888888886,28.791666666666668,54.7134,0.24640000000000004,0.6618,-0.16142539682539336,0.5782333333333334,Aioun
1276,2016,31.25766666666667,27.555777777777777,64.1038,0.5406,0.9696,-0.12213650793649933,0.8442500000000001,Aioun
1276,2017,32.04833333333333,20.806333333333335,40.196600000000004,-0.0982,-0.7516,0.662041269841275,-0.9187333333333334,Aioun
1276,2018,31.059666666666665,28.814666666666668,51.32280000000001,0.34199999999999997,-0.0203,-0.3331142857142808,-0.22921666666666668,Aioun
1276,2019,32.06766666666667,21.244222222222223,38.0308,-0.9969999999999999,-0.6877,0.6683968253968295,-0.9383999999999999,Aioun
1276,2020,31.330000000000002,39.69533333333333,64.55260000000001,1.596,0.5646,-0.07575873015872503,0.2721166666666667,Aioun
1276,2021,32.60433333333334,16.573,36.0096,-1.4552,-0.6800999999999999,1.1920857142857244,-1.0143666666666666,Aioun
1276,2022,30.505444444444443,29.015666666666668,57.1918,0.8676,0.8831,-0.9132920634920616,0.50705,Aioun
1276,2023,32.29844444444445,27.485666666666667,46.844,0.6674,-0.1393,0.8732190476190596,-0.5571333333333334,Aioun
1276,2024,31.29266666666667,34.89633333333333,67.3022,0.9954000000000001,1.008,-0.13904761904761287,0.5483833333333333,Aioun
1276,2025,30.61011111111111,26.645555555555557,43.034800000000004,0.05940000000000001,1.1135,-0.8280920634920612,0.6121,Aioun
1276,2026,32.15042857142857,20.70642857142857,46.495000000000005,-0.484,0.4095,0.7057365079365141,-0.13368333333333338,Aioun
1278,1989,30.865111111111112,22.932333333333332,,-0.0596,,-0.6486353174603146,,Monguel
1278,1990,32.14433333333333,21.406222222222222,,-0.32380000000000003,,0.6228230158730135,,Monguel
1278,1991,32.14633333333333,12.258333333333333,27.0308,-2.1870000000000003,,0.6170591269841275,,Monguel
1278,1992,31.918,20.366555555555557,36.1072,-0.7662,,0.3809619047619073,,Monguel
1278,1993,31.189000000000004,29.223999999999997,53.955799999999996,-0.03380000000000001,,-0.35580198412697683,,Monguel
1278,1994,31.078444444444447,24.671222222222223,54.2038,-0.3448,,-0.47412142857142214,,Monguel
1278,1995,31.49644444444444,28.139333333333333,75.08680000000001,0.5314,,-0.06388531746031845,,Monguel
1278,1996,31.710333333333338,17.381555555555554,42.5762,-0.8615999999999999,,0.14223968253969232,,Monguel
1278,1997,32.25644444444444,17.759888888888888,41.1844,-0.853,,0.6805869047619062,,Monguel
1278,1998,31.59,24.319222222222223,45.655,-0.7038,,0.006378571428573565,,Monguel
1278,1999,30.79266666666667,33.97966666666667,59.697199999999995,0.545,,-0.7987186507936457,,Monguel
1278,2000,30.653555555555556,28.870333333333335,70.60679999999999,0.5046,,-0.9455936507936471,,Monguel
1278,2001,31.28644444444444,26.935666666666666,52.8754,-0.1678,-0.48180000000000006,-0.32046865079365006,-0.5822761904761905,Monguel
1278,2002,32.90844444444444,17.544333333333334,28.129,-1.3606,-1.7059000000000002,1.2937674603174578,-1.7980031746031748,Monguel
1278,2003,31.20811111111111,32.532555555555554,62.7966,0.9016,-0.376,-0.4143297619047601,-0.45973015873015866,Monguel
1278,2004,32.02922222222222,25.13188888888889,52.9242,-0.0294,0.5059,0.3990174603174559,0.4305428571428572,Monguel
1278,2005,31.662333333333336,32.01166666666667,51.8374,0.5086,1.8935,0.024364682539687266,1.826515873015873,Monguel
1278,2006,31.921111111111113,21.223111111111113,46.5114,-0.4612,0.4769,0.27537857142857547,0.41828888888888893,Monguel
1278,2007,31.125777777777778,26.582666666666668,65.2812,0.1462,0.22410000000000002,-0.5277186507936484,0.1738619047619048,Monguel
1278,2008,31.60722222222222,23.401,55.99980000000001,0.2984,0.2565,-0.054038095238094996,0.21463492063492068,Monguel
1278,2009,31.54688888888889,31.90811111111111,62.069,0.7827999999999999,-0.0643,-0.12213531746031236,-0.09779206349206347,Monguel
1278,2010,31.20266666666667,54.01844444444444,85.6932,2.3576,1.0093999999999999,-0.47412142857142214,0.9842809523809523,Monguel
1278,2011,31.995888888888892,21.73477777777778,39.0338,-0.8408,-0.3129,0.31133690476191234,-0.32964603174603174,Monguel
1278,2012,30.80688888888889,38.464444444444446,82.551,1.5264,1.2545,-0.8854269841269833,1.246126984126984,Monguel
1278,2013,31.485555555555557,31.73477777777778,58.099199999999996,0.43479999999999996,0.7607,-0.21452420634920344,0.7607,Monguel
1278,2014,32.494,25.328222222222223,43.9414,-0.5004000000000001,-0.6862,0.7861563492063546,-0.6778269841269842,Monguel
1278,2015,31.891333333333332,23.357444444444443,38.7716,-0.9301999999999999,-0.46920000000000006,0.17572579365079477,-0.45245396825396833,Monguel
1278,2016,31.352333333333334,31.570555555555554,61.315,0.859,0.08080000000000001,-0.3710380952380916,0.10591904761904762,Monguel
1278,2017,32.49766666666667,20.613333333333333,36.2856,-0.43879999999999997,-1.3163999999999998,0.7665313492063497,-1.2829079365079363,Monguel
1278,2018,32.023666666666664,23.643444444444444,34.473,-0.6607999999999999,-0.941,0.28476746031746103,-0.8991349206349206,Monguel
1278,2019,32.571888888888886,17.49511111111111,29.200799999999997,-1.5072,-1.1974,0.825225793650791,-1.1471619047619048,Monguel
1278,2020,31.57911111111111,40.785333333333334,66.5186,1.1286,-0.26739999999999997,-0.17531587301587237,-0.20878888888888888,Monguel
1278,2021,32.327666666666666,33.75088888888889,62.4548,1.1326,-0.4549,0.5654757936507941,-0.38791587301587305,Monguel
1278,2022,30.834333333333333,25.833444444444446,55.0554,0.506,0.0643,-0.9356214285714266,0.1396571428571428,Monguel
1278,2023,32.66711111111111,31.308444444444447,52.349199999999996,0.732,0.3681,0.8893924603174632,0.45183015873015864,Monguel
1278,2024,31.331777777777777,32.095555555555556,54.4668,0.4396,0.8924,-0.45370476190475983,0.9845031746031745,Monguel
1278,2025,30.955444444444442,29.112222222222222,56.35360000000001,0.504,0.005299999999999999,-0.8378019841269833,0.10577619047619043,Monguel
1278,2026,33.048857142857145,17.219285714285714,47.038333333333334,-1.093,-0.22883333333333333,1.247846825396831,-0.11998412698412704,Monguel
1279,1989,29.010444444444445,32.64788888888889,,-0.3548,,-0.6194391534391634,,Selibaby
1279,1990,30.355555555555554,29.849000000000004,,-1.0908,,0.7171904761904635,,Selibaby
1279,1991,29.931333333333335,32.229,67.3668,-1.249,,0.2844867724867619,,Selibaby
1279,1992,29.856444444444442,27.412666666666667,59.3498,-1.634,,0.2011164021163907,,Selibaby
1279,1993,29.623000000000005,43.294333333333334,87.43620000000001,0.13340000000000002,,-0.040809523809528514,,Selibaby
1279,1994,29.112,42.455777777777776,92.4678,0.3102,,-0.5602910052910168,,Selibaby
1279,1995,29.410444444444447,47.586222222222226,94.0686,0.5038,,-0.2703280423280461,,Selibaby
1279,1996,29.845555555555556,39.76566666666667,79.425,-0.35,,0.15630158730158072,,Selibaby
1279,1997,30.49522222222222,32.92533333333333,60.245000000000005,-1.2156,,0.7974867724867636,,Selibaby
1279,1998,29.592333333333336,40.80544444444445,85.5702,-0.2906,,-0.11388359788359992,,Selibaby
1279,1999,28.700333333333333,62.76133333333333,96.725,1.472,,-1.014365079365085,,Selibaby
1279,2000,29.021,41.70711111111112,96.02000000000001,0.2742,,-0.7021798941798991,,Selibaby
1279,2001,30.035555555555554,45.85388888888889,93.1896,0.5668,0.3905,0.30389417989417566,0.8423923076923077,Selibaby
1279,2002,31.471111111111114,37.25022222222222,69.4162,-0.33740000000000003,-1.2535,1.7309682539682534,-0.8392653846153847,Selibaby
1279,2003,28.862222222222222,46.217444444444446,92.76079999999999,0.49540000000000006,-0.33140000000000003,-0.8864021164021203,0.04517692307692306,Selibaby
1279,2004,29.484444444444446,35.01433333333333,89.755,-0.4838,0.5015000000000001,-0.27266137566137516,0.8404192307692309,Selibaby
1279,2005,29.91688888888889,42.46977777777778,83.3644,-0.06899999999999999,-0.8007,0.15130158730158882,-0.4994384615384615,Selibaby
1279,2006,30.18688888888889,26.112555555555556,71.104,-1.2802,-0.613,0.4128201058201064,-0.34939615384615386,Selibaby
1279,2007,29.461444444444446,48.297888888888885,96.5318,0.6496000000000001,0.10950000000000001,-0.32110582010581723,0.33544615384615384,Selibaby
1279,2008,29.187555555555555,42.25344444444445,94.414,0.4798,0.6873,-0.60347619047619,0.8755884615384616,Selibaby
1279,2009,29.452333333333335,39.788111111111114,96.647,0.3786,0.503,-0.3471798941798916,0.6536307692307692,Selibaby
1279,2010,29.000777777777778,51.84688888888889,99.12039999999999,1.042,1.2569,-0.807216931216928,1.369873076923077,Selibaby
1279,2011,30.403666666666666,31.748777777777782,61.872,-1.2349999999999999,-0.8667,0.5871904761904787,-0.7913846153846154,Selibaby
1279,2012,28.97077777777778,60.63022222222222,98.8894,1.9606000000000001,0.172,-0.8541798941798895,0.2096576923076923,Selibaby
1279,2013,29.91133333333333,52.71611111111111,91.2754,0.8946,-1.1745,0.07789417989418368,-1.1745,Selibaby
1279,2014,30.686111111111114,38.718777777777774,77.1884,-0.7971999999999999,-0.3751,0.8441904761904837,-0.4127576923076923,Selibaby
1279,2015,30.26322222222222,42.31122222222222,87.7426,-0.3128,-0.6594,0.4128201058201064,-0.7347153846153847,Selibaby
1279,2016,29.540444444444443,49.06733333333333,95.687,0.9289999999999999,0.8236999999999999,-0.3184391534391473,0.710726923076923,Selibaby
1279,2017,30.712666666666664,35.957,76.59960000000001,-0.4372,0.0663,0.8453015873015914,-0.08433076923076924,Selibaby
1279,2018,30.081111111111113,42.583999999999996,87.436,-0.1676,-0.09390000000000001,0.20526455026455892,-0.28218846153846155,Selibaby
1279,2019,31.25388888888889,30.25444444444444,46.4824,-1.6442,-1.5574,1.3695608465608586,-1.7833461538461537,Selibaby
1279,2020,29.73688888888889,58.03888888888889,98.887,1.1572,0.1521,-0.15592063492062636,-0.11150384615384612,Selibaby
1279,2021,30.629111111111108,40.54855555555556,80.41479999999999,0.15899999999999997,-0.03010000000000001,0.7278201058201113,-0.3313615384615385,Selibaby
1279,2022,28.962333333333333,59.67344444444445,97.8028,1.6072,1.0010999999999999,-0.9474391534391415,0.6621807692307691,Selibaby
1279,2023,30.429444444444446,36.92455555555555,85.1796,0.06239999999999999,1.3314,0.5111904761904889,0.9548230769230768,Selibaby
1279,2024,29.53888888888889,50.85655555555556,91.1624,-0.1612,0.5227,-0.38784656084654756,0.10846538461538469,Selibaby
1279,2025,28.919333333333334,35.074222222222225,87.6072,-0.4418,0.6288,-1.0158835978835832,0.17690769230769232,Selibaby
1279,2026,30.602428571428568,27.375428571428568,77.11266666666667,-0.5306666666666667,-0.3511666666666667,0.6587301587301688,-0.8407166666666668,Selibaby
1315,1989,30.0625,15.125,,-0.6839999999999999,,-0.5987455357142899,,N'Beiket Lehwach
1315,1990,30.88375,22.5,,-0.42800000000000005,,0.2048482142857111,,N'Beiket Lehwach
1315,1991,31.22,13.375,39.2,-1.3,,0.5234419642857127,,N'Beiket Lehwach
1315,1992,30.48875,20.625,42.8,-0.04800000000000001,,-0.22546428571428834,,N'Beiket Lehwach
1315,1993,30.8575,31.125,56.4,0.41200000000000003,,0.1256294642857121,,N'Beiket Lehwach
1315,1994,29.96875,32.75,63.4,1.656,,-0.7807767857142878,,N'Beiket Lehwach
1315,1995,30.41125,30.375,46.8,-0.23600000000000004,,-0.35593303571429047,,N'Beiket Lehwach
1315,1996,30.87375,23.375,43.4,-0.16,,0.08891071428571351,,N'Beiket Lehwach
1315,1997,31.57875,21.0,41.2,-0.368,,0.7762544642857101,,N'Beiket Lehwach
1315,1998,31.32875,20.25,38.8,-0.384,,0.508598214285712,,N'Beiket Lehwach
1315,1999,29.34625,45.25,77.2,1.848,,-1.491558035714288,,N'Beiket Lehwach
1315,2000,30.3275,21.5,42.4,-1.1320000000000001,,-0.5279642857142868,,N'Beiket Lehwach
1315,2001,30.78375,25.75,47.0,-0.27599999999999997,-0.39890000000000003,-0.08937053571428422,-0.2482333333333333,N'Beiket Lehwach
1315,2002,32.103750000000005,20.25,36.0,-1.144,-0.9203999999999999,1.2129732142857144,-0.7822888888888887,N'Beiket Lehwach
1315,2003,30.125,26.75,57.6,0.42400000000000004,-0.16260000000000002,-0.7834330357142854,-0.037044444444444435,N'Beiket Lehwach
1315,2004,30.98,20.75,37.2,-0.968,-0.5092,0.05391071428571337,-0.39619999999999994,N'Beiket Lehwach
1315,2005,31.56,12.25,33.8,-0.752,-0.5066999999999999,0.6162544642857135,-0.4062555555555555,N'Beiket Lehwach
1315,2006,31.0625,25.375,50.4,0.328,0.9021999999999999,0.10109821428571308,0.9900888888888888,N'Beiket Lehwach
1315,2007,30.4,24.0,58.4,0.11200000000000002,0.3742,-0.5790580357142865,0.44953333333333334,N'Beiket Lehwach
1315,2008,31.1925,23.25,57.6,0.6359999999999999,1.0951,0.19578571428571223,1.1578777777777778,N'Beiket Lehwach
1315,2009,31.105,35.0,64.0,1.124,0.1977,0.0906294642857155,0.2479222222222222,N'Beiket Lehwach
1315,2010,30.7275,32.75,55.6,0.6839999999999999,-1.1560000000000001,-0.3045267857142875,-1.1183333333333334,N'Beiket Lehwach
1315,2011,31.580000000000002,17.75,32.0,-1.488,0.2539,0.5303169642857135,0.27901111111111115,N'Beiket Lehwach
1315,2012,30.0875,29.5,66.6,1.828,-0.043699999999999996,-0.9798392857142879,-0.031144444444444436,N'Beiket Lehwach
1315,2013,31.33875,22.625,39.2,0.44399999999999995,-0.4667,0.25375446428571635,-0.4667,N'Beiket Lehwach
1315,2014,31.5025,19.75,42.6,-0.5599999999999999,-0.5354000000000001,0.39984821428571493,-0.5479555555555556,N'Beiket Lehwach
1315,2015,31.127499999999998,23.5,53.2,0.392,0.1397,0.007191964285713226,0.11458888888888888,N'Beiket Lehwach
1315,2016,31.0225,27.5,58.6,0.612,-0.1532,-0.11546428571428535,-0.19086666666666668,N'Beiket Lehwach
1315,2017,31.655,20.875,39.8,-0.58,-1.0202,0.4993794642857132,-1.0704222222222222,N'Beiket Lehwach
1315,2018,30.6675,36.375,63.6,1.8559999999999999,-0.9752000000000001,-0.5057767857142856,-1.0379777777777779,N'Beiket Lehwach
1315,2019,31.19875,25.0,50.6,0.316,-0.3953,0.007816964285712658,-0.47063333333333335,N'Beiket Lehwach
1315,2020,30.82625,34.625,56.4,0.876,0.6429999999999999,-0.3823392857142842,0.555111111111111,N'Beiket Lehwach
1315,2021,32.2975,16.75,35.8,-1.3800000000000001,-0.5445,1.0712544642857118,-0.6449444444444444,N'Beiket Lehwach
1315,2022,30.60125,19.875,40.0,-0.8960000000000001,2.0692000000000004,-0.6426517857142855,1.9562000000000004,N'Beiket Lehwach
1315,2023,32.545,18.625,36.8,-0.8240000000000001,-0.5801000000000001,1.2834419642857178,-0.7056555555555557,N'Beiket Lehwach
1315,2024,30.786250000000003,37.25,65.8,1.284,0.02510000000000001,-0.4929642857142831,-0.11301111111111115,N'Beiket Lehwach
1315,2025,31.2075,17.0,34.6,-0.196,2.2302,-0.08937053571428422,2.079533333333333,N'Beiket Lehwach
1315,2026,32.82333333333333,31.5,48.0,0.5866666666666667,0.9006666666666666,1.5088065476190486,0.7374444444444443,N'Beiket Lehwach
1317,1989,31.136714285714284,14.105285714285714,,1.518,,-0.34675714285713966,,Oualata
1317,1990,32.20214285714285,6.020285714285714,,-1.6636,,0.697518367346941,,Oualata
1317,1991,31.63471428571429,11.912428571428572,33.782799999999995,-0.495,,0.10893673469388432,,Oualata
1317,1992,31.91957142857143,12.019142857142858,31.342000000000002,-0.6956,,0.372640816326534,,Oualata
1317,1993,31.827714285714283,17.001142857142856,30.9214,0.061,,0.25963061224490147,,Oualata
1317,1994,30.923714285714286,27.577285714285715,46.947199999999995,0.9498,,-0.665522448979587,,Oualata
1317,1995,31.02657142857143,21.855428571428572,40.1368,1.0016,,-0.5838183673469324,,Oualata
1317,1996,31.73942857142857,15.821857142857143,30.6684,-0.43979999999999997,,0.10788571428571458,,Oualata
1317,1997,32.39714285714286,15.773714285714288,36.5096,-0.2332,,0.7444469387755142,,Oualata
1317,1998,32.266285714285715,13.921999999999999,30.774400000000004,-0.6876,,0.5924367346938801,,Oualata
1317,1999,30.03014285714286,28.840857142857143,52.5674,0.9763999999999999,,-1.6648591836734639,,Oualata
1317,2000,31.03242857142857,16.678285714285714,42.316,0.1338,,-0.683726530612244,,Oualata
1317,2001,31.84414285714286,17.083714285714287,37.5814,0.20779999999999998,0.367,0.10683469387755551,0.29118823529411764,Oualata
1317,2002,33.078714285714284,17.219285714285714,36.7214,0.0896,-0.506,1.3202530612244878,-0.5754941176470588,Oualata
1317,2003,31.227,22.002142857142854,53.9828,1.5518,0.6735,-0.5526142857142844,0.6103235294117647,Oualata
1317,2004,31.904285714285717,15.21642857142857,32.282,-0.4046,0.2866,0.10351836734694331,0.22974117647058828,Oualata
1317,2005,32.71228571428571,6.335571428571429,17.895599999999998,-1.7296,-0.8711,0.890365306122451,-0.9216411764705882,Oualata
1317,2006,31.664571428571428,14.815428571428571,37.084,0.028999999999999998,0.0935,-0.17850204081632626,0.0492764705882353,Oualata
1317,2007,31.029571428571426,21.45942857142857,55.33,0.6952,0.8003,-0.8346551020408199,0.7623941176470589,Oualata
1317,2008,32.007714285714286,18.434857142857144,41.9622,0.589,-0.3086,0.12233469387755136,-0.3401882352941176,Oualata
1317,2009,32.05157142857143,20.62985714285714,37.8548,0.11820000000000001,-0.023700000000000002,0.14503877551020494,-0.04897058823529411,Oualata
1317,2010,31.53742857142857,21.652714285714286,43.8666,0.19440000000000002,-0.4631,-0.39025714285714486,-0.4820529411764706,Oualata
1317,2011,32.78785714285714,10.592571428571429,29.878800000000002,-1.3356,0.15989999999999996,0.8390183673469345,0.1472647058823529,Oualata
1317,2012,30.949,15.030714285714286,49.0052,1.5378,-0.6466999999999999,-1.0209918367346944,-0.6530176470588235,Oualata
1317,2013,32.138285714285715,11.552571428571428,28.5608,-0.026000000000000006,-0.0946,0.1471408163265302,-0.0946,Oualata
1317,2014,32.026714285714284,10.315428571428571,34.3916,-1.8428,0.04149999999999998,0.014416326530607648,0.047817647058823506,Oualata
1317,2015,31.624428571428574,20.977857142857143,52.3846,0.5528000000000001,0.3112,-0.4090224489795915,0.32383529411764705,Oualata
1317,2016,31.819285714285716,18.964142857142857,48.695800000000006,0.6704000000000001,0.46740000000000004,-0.23531836734693812,0.4863529411764706,Oualata
1317,2017,32.64928571428571,14.952714285714285,29.836000000000002,0.3096,0.09,0.5735285714285645,0.11527058823529411,Oualata
1317,2018,31.724142857142855,25.904714285714284,53.9794,1.6634,0.6691,-0.37276734693877955,0.7006882352941177,Oualata
1317,2019,32.39842857142857,14.985285714285714,36.269999999999996,-0.7652,-0.7466999999999999,0.2803653061224445,-0.7087941176470588,Oualata
1317,2020,31.96071428571429,12.891428571428573,35.574400000000004,0.1848,0.5692,-0.17850204081632626,0.6134235294117647,Oualata
1317,2021,33.17214285714286,10.040285714285714,24.9726,-0.9998000000000001,-0.3834,1.0117734693877516,-0.33285882352941176,Oualata
1317,2022,31.321142857142856,10.298428571428571,29.218799999999998,-0.8488,1.2833,-0.8603795918367396,1.340158823529412,Oualata
1317,2023,33.53214285714286,10.917,24.316200000000002,-0.8501999999999998,-0.6781,1.3294673469387739,-0.6149235294117648,Oualata
1317,2024,31.78385714285714,21.828142857142858,49.0786,0.08179999999999998,-0.6615,-0.439971428571436,-0.5920058823529412,Oualata
1317,2025,32.24585714285714,15.897857142857143,31.9746,0.4816,-0.061,0.0008755102040751694,0.014811764705882344,Oualata
1317,2026,33.4012,17.0662,36.65533333333334,-0.2603333333333333,-0.4548333333333333,1.1350653061224456,-0.3727039215686274,Oualata
1321,1989,29.063666666666663,38.77477777777778,,0.8286,,-0.7446059757236334,,Kobeni
1321,1990,30.079333333333334,23.042777777777776,,-1.8219999999999998,,0.26949859943977117,,Kobeni
1321,1991,30.29411111111111,29.557111111111112,60.047000000000004,-0.867,,0.4827142857142803,,Kobeni
1321,1992,29.857222222222227,31.844555555555555,68.3492,-0.28959999999999997,,0.0442633053221293,,Kobeni
1321,1993,29.829777777777778,35.153,67.4662,-0.0558,,0.015256769374413892,,Kobeni
1321,1994,29.218,32.19233333333333,67.41900000000001,-0.5078,,-0.5980830999066349,,Kobeni
1321,1995,29.68288888888889,43.01766666666666,83.8672,0.9512,,-0.13475630252101212,,Kobeni
1321,1996,30.146555555555558,25.272444444444446,56.19780000000001,-1.326,,0.3273482726423893,,Kobeni
1321,1997,30.44066666666667,30.293555555555557,59.6154,-0.4593999999999999,,0.6198972922502328,,Kobeni
1321,1998,30.269555555555556,40.690888888888885,74.27680000000001,0.42860000000000004,,0.44722408963584925,,Kobeni
1321,1999,28.59588888888889,48.474000000000004,82.0694,0.679,,-1.2280046685340835,,Kobeni
1321,2000,29.166333333333334,34.223444444444446,77.86359999999999,-0.0944,,-0.6591223155929065,,Kobeni
1321,2001,30.123777777777775,29.732666666666667,66.0448,-0.7906,-0.297,0.2967600373482675,0.052996078431372495,Kobeni
1321,2002,31.27733333333333,27.743444444444446,46.232600000000005,-1.765,-1.8994,1.448753501400553,-1.5785702614379085,Kobeni
1321,2003,28.76722222222222,44.708999999999996,88.2572,0.7302,0.4098,-1.0629197012138256,0.7014633986928105,Kobeni
1321,2004,29.473222222222223,34.91177777777778,74.4604,-0.3776,-0.00789999999999999,-0.3584817927170896,0.25459705882352934,Kobeni
1321,2005,29.922444444444448,32.16455555555555,52.5972,-0.21939999999999998,0.0941,0.0891783380018687,0.32743071895424836,Kobeni
1321,2006,30.359222222222222,22.264444444444443,46.5696,-1.552,0.0,0.524394024276372,0.2041643790849673,Kobeni
1321,2007,29.39033333333333,40.26555555555555,79.326,0.3936,0.184,-0.4460569561157861,0.35899803921568624,Kobeni
1321,2008,29.05311111111111,34.32888888888888,90.0916,0.1574,0.8377,-0.784841269841273,0.9835316993464052,Kobeni
1321,2009,29.79588888888889,34.343,77.13640000000001,0.057399999999999986,-0.06250000000000001,-0.043625583566761605,0.054165359477124156,Kobeni
1321,2010,29.636888888888887,38.272333333333336,77.22380000000001,0.374,-0.0849,-0.2041876750700311,0.002599019607843117,Kobeni
1321,2011,31.07033333333333,33.09022222222222,59.6456,-0.5269999999999999,-1.1384,1.227694677871142,-1.080067320261438,Kobeni
1321,2012,28.887666666666664,57.54222222222222,86.5984,2.0582000000000003,-0.10629999999999999,-0.9565340802987912,-0.07713366013071896,Kobeni
1321,2013,30.063666666666663,43.138444444444445,80.7572,1.08,0.4941,0.21790382819794019,0.4941,Kobeni
1321,2014,30.22766666666667,38.94811111111111,68.94059999999999,0.036,-0.22410000000000002,0.38034173669468174,-0.25326633986928104,Kobeni
1321,2015,29.671222222222223,41.693333333333335,77.1086,0.2222,0.14790000000000003,-0.17766479925303713,0.08956732026143795,Kobeni
1321,2016,29.668,40.18288888888888,81.6062,0.5944,0.1975,-0.18244911297852795,0.11000098039215689,Kobeni
1321,2017,30.429222222222222,27.467111111111112,66.45160000000001,-0.6926,-0.421,0.5772110177404279,-0.5376653594771241,Kobeni
1321,2018,29.529666666666667,49.589666666666666,89.87440000000001,1.0886,0.04209999999999999,-0.32390662931839387,-0.10373169934640522,Kobeni
1321,2019,30.518444444444444,32.025888888888886,62.9534,-0.865,-1.0785999999999998,0.6633090569561126,-1.253598039215686,Kobeni
1321,2020,29.68977777777778,56.29177777777778,90.377,1.827,0.34099999999999997,-0.16691970121381772,0.13683562091503268,Kobeni
1321,2021,30.881777777777774,30.740111111111112,64.8736,-0.6689999999999999,-0.9134,1.0235182072829083,-1.1467307189542484,Kobeni
1321,2022,29.08377777777778,41.71788888888889,75.87899999999999,0.7872,0.7555,-0.7760438842203534,0.4930029411764706,Kobeni
1321,2023,30.385777777777776,39.60122222222222,80.7896,0.6612,0.5204,0.524394024276372,0.22873660130718954,Kobeni
1321,2024,29.884,51.574444444444445,90.5998,1.1858,0.6819,0.02105415499532981,0.3610702614379085,Kobeni
1321,2025,29.03688888888889,33.94766666666666,76.11019999999999,-0.1822,1.2296,-0.8276190476190486,0.8796039215686275,Kobeni
1321,2026,30.15685714285714,30.421857142857142,67.49333333333333,-0.5803333333333334,1.1358333333333333,0.2907871148459371,0.7566709150326797,Kobeni
1388,1989,28.349888888888888,19.201555555555554,,0.3108,,0.24027301587302574,,Keur-Macene
1388,1990,28.386333333333333,16.36488888888889,,0.023399999999999997,,0.2666063492063593,,Keur-Macene
1388,1991,27.982333333333333,7.034,56.4514,-2.3966000000000003,,-0.14750476190475226,,Keur-Macene
1388,1992,27.79611111111111,8.649666666666667,65.0364,-1.7528,,-0.34383809523808395,,Keur-Macene
1388,1993,28.18433333333333,19.331333333333333,93.231,-0.4624,,0.034273015873026225,,Keur-Macene
1388,1994,27.545333333333332,17.761444444444447,91.3474,-0.7186,,-0.6148380952380847,,Keur-Macene
1388,1995,28.488111111111113,23.292555555555552,95.8616,0.31320000000000003,,0.3178285714285849,,Keur-Macene
1388,1996,28.05366666666667,10.592333333333334,85.2476,-1.1108,,-0.1267269841269716,,Keur-Macene
1388,1997,28.365222222222222,17.12,81.5952,-0.6578,,0.1747174603174706,,Keur-Macene
1388,1998,27.942333333333334,20.337888888888887,96.0174,0.07239999999999999,,-0.25828253968252923,,Keur-Macene
1388,1999,28.319111111111113,27.592666666666666,99.1668,1.0104,,0.10838412698413791,,Keur-Macene
1388,2000,28.244333333333334,20.992111111111107,91.7822,0.15299999999999997,,0.023495238095247117,,Keur-Macene
1388,2001,28.54077777777778,30.445555555555554,98.9698,0.6678,0.6382000000000001,0.3098285714285822,0.8880882352941177,Keur-Macene
1388,2002,28.180111111111113,14.077666666666667,78.7898,-0.8792,-1.2698,-0.060949206349196317,-1.0407357843137255,Keur-Macene
1388,2003,28.217333333333332,27.38122222222222,96.2094,0.2218,-1.0272000000000001,-0.03383809523808523,-0.8189598039215688,Keur-Macene
1388,2004,28.295555555555556,18.63988888888889,94.8232,0.1522,0.0076999999999999985,0.034273015873026225,0.19511617647058827,Keur-Macene
1388,2005,28.693222222222218,27.947,98.8484,1.3068,0.7516,0.421828571428577,0.9181921568627451,Keur-Macene
1388,2006,28.554222222222222,19.311888888888888,96.52619999999999,0.11179999999999998,0.6191,0.2727174603174696,0.764868137254902,Keur-Macene
1388,2007,27.91188888888889,22.750222222222224,98.5478,0.1252,-0.2722,-0.37972698412697525,-0.14725588235294115,Keur-Macene
1388,2008,28.499555555555553,18.217555555555556,90.6054,-0.3932,-0.513,0.1978285714285768,-0.40887990196078433,Keur-Macene
1388,2009,28.889333333333337,31.296555555555553,99.5198,1.27,0.27840000000000004,0.5774952380952492,0.3616960784313726,Keur-Macene
1388,2010,28.52366666666667,33.776444444444444,99.5682,1.3186,0.1078,0.20171746031747162,0.17027205882352942,Keur-Macene
1388,2011,28.444333333333333,20.185222222222222,95.9092,0.41580000000000006,-0.2294,0.11227301587302208,-0.18775196078431372,Keur-Macene
1388,2012,28.584333333333333,31.09,98.2858,0.49539999999999995,0.07170000000000001,0.24216190476191102,0.09252401960784315,Keur-Macene
1388,2013,28.447666666666667,27.878666666666664,99.639,0.8698,0.9758,0.09538412698413268,0.9758,Keur-Macene
1388,2014,28.546666666666667,12.482444444444445,82.928,-0.9772000000000001,-0.6657000000000001,0.1842730158730248,-0.6865240196078433,Keur-Macene
1388,2015,28.670777777777776,26.676333333333336,99.4734,0.558,-0.37639999999999996,0.298273015873022,-0.41804803921568623,Keur-Macene
1388,2016,28.342555555555556,19.62411111111111,87.9672,-0.2452,0.26949999999999996,-0.040060317460309136,0.20702794117647055,Keur-Macene
1388,2017,28.447444444444443,11.47311111111111,78.2268,-1.0754,-0.9689,0.05471746031746605,-1.0521960784313726,Keur-Macene
1388,2018,27.635666666666665,16.778000000000002,77.4938,-1.1238,-0.4044,-0.7671714285714231,-0.5085200980392157,Keur-Macene
1388,2019,27.77177777777778,13.463888888888889,75.8274,-1.2366,-0.3059,-0.6411714285714218,-0.4308441176470589,Keur-Macene
1388,2020,28.677666666666667,27.48011111111111,95.8804,0.6859999999999999,0.14150000000000001,0.2546063492063553,-0.004268137254901966,Keur-Macene
1388,2021,28.27722222222222,24.546555555555553,97.8518,0.8642,0.3675,-0.15594920634920229,0.20090784313725488,Keur-Macene
1388,2022,28.165666666666667,28.363222222222223,99.2474,0.882,0.7344999999999999,-0.27761587301586843,0.5470838235294117,Keur-Macene
1388,2023,28.98788888888889,28.58088888888889,99.2156,1.3536,1.3145,0.5344952380952428,1.1062598039215685,Keur-Macene
1388,2024,28.214,16.087222222222223,60.8822,-0.6318,0.2984,-0.24950476190475968,0.06933578431372547,Keur-Macene
1388,2025,28.12022222222222,25.65911111111111,98.3284,0.7929999999999999,0.09650000000000003,-0.35339365079364526,-0.15338823529411766,Keur-Macene
1388,2026,29.046714285714284,19.526714285714288,97.38833333333334,-0.081,0.524,0.5629873015873059,0.2532877450980392,Keur-Macene
1400,1989,29.980111111111114,22.809777777777775,,0.7014,,-0.1844190476190377,,Tékane
1400,1990,30.349888888888888,17.968555555555557,,0.012999999999999989,,0.18200317460317805,,Tékane
1400,1991,30.428777777777775,9.237222222222222,30.4312,-2.3177999999999996,,0.2575365079365106,,Tékane
1400,1992,30.08233333333333,13.342222222222222,36.2228,-1.5176,,-0.09226349206349127,,Tékane
1400,1993,30.21433333333333,21.002,67.2298,-0.2152,,0.03638095238095218,,Tékane
1400,1994,29.322111111111113,18.81711111111111,63.25500000000001,-0.9848000000000001,,-0.8591968253968183,,Tékane
1400,1995,30.120111111111115,20.086888888888886,77.54100000000001,-0.1052,,-0.06455238095237448,,Tékane
1400,1996,30.192999999999998,12.086555555555556,64.951,-0.8436,,0.004980952380954307,,Tékane
1400,1997,30.65811111111111,19.086,50.5114,-0.6728,,0.4667365079365098,,Tékane
1400,1998,30.03433333333333,25.737111111111112,66.803,-0.13299999999999998,,-0.16039682539682687,,Tékane
1400,1999,29.95266666666667,21.979333333333333,71.9376,0.0624,,-0.2454190476190412,,Tékane
1400,2000,30.001222222222225,26.531222222222222,81.463,0.5332,,-0.20021904761904352,,Tékane
1400,2001,30.059,28.80466666666667,78.6638,0.4862,0.7074,-0.14579682539682182,1.1392351648351648,Tékane
1400,2002,30.67488888888889,17.683222222222224,49.257400000000004,-0.6732,-1.2652,0.4667365079365098,-0.8693510989010991,Tékane
1400,2003,29.937111111111115,31.84511111111111,77.9376,0.502,-0.7234,-0.27439682539682053,-0.3635373626373627,Tékane
1400,2004,30.361555555555558,20.825888888888887,75.0332,-0.2448,-1.2632,0.14669206349206831,-0.9393236263736264,Tékane
1400,2005,30.23944444444444,30.374777777777776,90.1782,1.5058,0.6246,0.02122539682539326,0.9124901098901099,Tékane
1400,2006,30.23911111111111,23.829333333333334,86.45160000000001,0.5164,0.6494,0.017536507936508627,0.9013038461538461,Tékane
1400,2007,29.914666666666662,22.348,77.2184,-0.0506,-0.4044,-0.31026349206349835,-0.18848241758241757,Tékane
1400,2008,30.254666666666665,19.254555555555555,63.5268,-0.0682,-0.4356,0.026380952380950617,-0.2556686813186813,Tékane
1400,2009,30.427444444444443,31.489,91.7526,1.1466,0.32630000000000003,0.1958031746031743,0.470245054945055,Tékane
1400,2010,29.91511111111111,35.95944444444444,95.8314,1.8864,0.4789,-0.3198857142857179,0.5868587912087913,Tékane
1400,2011,30.58288888888889,20.134333333333334,69.4294,0.14740000000000003,-0.6682,0.3445365079365068,-0.5962274725274725,Tékane
1400,2012,29.901111111111113,30.886444444444447,90.6218,0.8342,0.8347,-0.3405968253968261,0.8706862637362638,Tékane
1400,2013,30.107333333333333,23.773,86.08279999999999,0.21459999999999999,-0.2555,-0.13773015873016092,-0.2555,Tékane
1400,2014,30.676222222222222,13.84311111111111,45.444,-1.1262,-0.7554000000000001,0.42780317460317363,-0.7913862637362639,Tékane
1400,2015,30.753777777777778,27.515666666666664,80.24719999999999,0.5292,0.2703,0.5020031746031712,0.19832747252747251,Tékane
1400,2016,30.36366666666667,21.38111111111111,68.61179999999999,0.049400000000000006,-0.25520000000000004,0.10853650793650971,-0.36315879120879124,Tékane
1400,2017,30.942222222222224,14.429444444444446,45.798199999999994,-0.8061999999999999,-0.733,0.683736507936505,-0.8769450549450549,Tékane
1400,2018,30.049999999999997,19.63222222222222,48.9036,-0.788,-0.6082000000000001,-0.21184126984127616,-0.7881313186813188,Tékane
1400,2019,30.409333333333336,12.236222222222223,38.1402,-1.6966,-0.655,0.14413650793650845,-0.8709175824175824,Tékane
1400,2020,30.224888888888888,24.003444444444444,81.50039999999998,0.17160000000000003,1.1528,-0.043663492063497955,0.900896153846154,Tékane
1400,2021,30.31277777777778,28.57333333333333,77.72080000000001,0.9708,0.8033999999999999,0.0408698412698385,0.51550989010989,Tékane
1400,2022,29.867,28.328111111111113,81.6374,0.6013999999999999,0.5665,-0.4082634920634973,0.2426236263736264,Tékane
1400,2023,31.02044444444444,32.019444444444446,91.84779999999999,1.5568,1.5335999999999999,0.7418253968253872,1.1737373626373624,Tékane
1400,2024,29.92777777777778,22.245777777777775,50.589,-0.0948,0.1749,-0.3541968253968264,-0.22094890109890108,Tékane
1400,2025,29.820555555555554,25.697333333333333,79.6576,0.49820000000000003,0.6093999999999999,-0.46477460317461095,0.17756483516483512,Tékane
1400,2026,31.512,20.634714285714285,76.15433333333333,-0.17066666666666666,0.7776666666666666,1.223314285714281,0.30984523809523806,Tékane
1474,1989,31.031625000000002,18.146625,,0.2554,,-0.6896535714285683,,Maghta Lahjar
1474,1990,32.167375,17.167375,,-0.1774,,0.43732142857142975,,Maghta Lahjar
1474,1991,32.420375,12.142999999999999,38.663599999999995,-0.959,,0.6815464285714299,,Maghta Lahjar
1474,1992,32.1865,11.063125,32.363,-1.2606,,0.4388964285714323,,Maghta Lahjar
1474,1993,31.1715,21.150750000000002,42.4682,0.2394,,-0.5848785714285683,,Maghta Lahjar
1474,1994,31.244875,16.989125,43.150400000000005,-0.799,,-0.5202785714285696,,Maghta Lahjar
1474,1995,31.632,22.18875,59.9644,0.44580000000000003,,-0.14192857142856852,,Maghta Lahjar
1474,1996,31.72,7.631625,37.499,-1.6358000000000001,,-0.06270357142857108,,Maghta Lahjar
1474,1997,32.421625,17.39925,53.2812,0.11339999999999999,,0.6301464285714289,,Maghta Lahjar
1474,1998,31.963875,17.879375,38.3654,-0.8586,,0.1636214285714317,,Maghta Lahjar
1474,1999,31.003875,24.082875,54.0206,0.42060000000000003,,-0.8051535714285691,,Maghta Lahjar
1474,2000,31.0945,19.208750000000002,60.8476,0.31520000000000004,,-0.7233035714285698,,Maghta Lahjar
1474,2001,31.590875,18.862,50.6166,-0.2518,-0.6949,-0.23570357142856935,-0.3357064705882353,Maghta Lahjar
1474,2002,33.061625,9.40475,26.696199999999997,-2.1186,-1.4875,1.2262714285714296,-1.1582392647058823,Maghta Lahjar
1474,2003,31.5475,24.53175,56.2358,0.7998000000000001,-0.083,-0.29662857142857035,0.21632794117647053,Maghta Lahjar
1474,2004,32.203125,18.029375,53.681200000000004,0.23900000000000002,-0.9358000000000001,0.35022142857143024,-0.6664048529411766,Maghta Lahjar
1474,2005,31.817,20.551000000000002,43.0418,0.445,0.7301,-0.04467857142856957,0.9695623529411764,Maghta Lahjar
1474,2006,31.93475,17.605125,45.244,-0.054400000000000004,0.2595,0.06429642857143136,0.4690295588235294,Maghta Lahjar
1474,2007,31.64425,18.271,53.259,-0.1236,-0.40190000000000003,-0.23497857142857015,-0.2223032352941177,Maghta Lahjar
1474,2008,32.01525,16.11325,49.329,0.10880000000000001,0.24400000000000002,0.1272464285714321,0.3936639705882353,Maghta Lahjar
1474,2009,31.767125,25.399124999999998,55.6948,0.7343999999999999,-0.4407,-0.1296535714285696,-0.32096882352941175,Maghta Lahjar
1474,2010,31.320875,41.542249999999996,77.5038,2.1018,0.238,-0.5846785714285687,0.3277983823529412,Maghta Lahjar
1474,2011,32.676625,12.68775,36.6096,-0.6388,-0.5024,0.7622964285714318,-0.44253441176470587,Maghta Lahjar
1474,2012,31.062875,27.967875,76.16279999999999,1.3772,0.9759,-0.8602285714285713,1.005832794117647,Maghta Lahjar
1474,2013,31.347,24.011,62.4996,0.6900000000000001,1.2548,-0.5848785714285683,1.2548,Maghta Lahjar
1474,2014,32.571,14.29425,37.6168,-0.6078,-0.6396999999999999,0.6303464285714284,-0.669632794117647,Maghta Lahjar
1474,2015,32.288375,16.293125,36.3448,-0.5793999999999999,-0.251,0.33894642857143253,-0.3108655882352941,Maghta Lahjar
1474,2016,31.705875,26.68875,56.4042,1.3286000000000002,0.9423999999999999,-0.25232857142857057,0.8526016176470588,Maghta Lahjar
1474,2017,32.688250000000004,12.917124999999999,34.637600000000006,-0.2992,-0.8341000000000001,0.7212714285714341,-0.9538311764705882,Maghta Lahjar
1474,2018,32.2025,20.29725,34.3458,-0.119,-0.5062,0.22674642857143112,-0.6558639705882352,Maghta Lahjar
1474,2019,32.7565,10.053875,29.931,-1.7548000000000001,-0.9780000000000001,0.7719714285714332,-1.1575967647058825,Maghta Lahjar
1474,2020,31.912,23.956375,49.067,0.27559999999999996,-0.33030000000000004,-0.08130357142857036,-0.5398295588235295,Maghta Lahjar
1474,2021,32.571124999999995,23.029125,52.4708,0.4932,-0.097,0.5690464285714256,-0.33646235294117643,Maghta Lahjar
1474,2022,31.238,21.542749999999998,55.714999999999996,0.8468,1.6233,-0.7728535714285698,1.3539048529411764,Maghta Lahjar
1474,2023,32.8485,20.53075,48.254200000000004,1.0346,1.0644,0.828871428571432,0.7650720588235295,Maghta Lahjar
1474,2024,31.282,24.4065,47.8836,0.16360000000000002,-0.2533,-0.7464035714285693,-0.5825607352941177,Maghta Lahjar
1474,2025,31.168,21.595375,50.9886,0.632,0.4042,-0.86917857142857,0.045006470588235314,Maghta Lahjar
1474,2026,33.389,13.119666666666667,37.611333333333334,-1.0963333333333334,0.095,1.3430464285714336,-0.2941263235294117,Maghta Lahjar
1542,1989,30.421666666666667,26.938444444444443,,0.7182,,-0.6773874883286659,,Bababe
1542,1990,31.689333333333334,20.627,,-0.40259999999999996,,0.5847824463118592,,Bababe
1542,1991,31.747333333333334,6.808777777777778,23.5138,-2.4712,,0.6372857142857136,,Bababe
1542,1992,31.424555555555557,17.658555555555555,35.8524,-0.9742000000000001,,0.3090112044817914,,Bababe
1542,1993,31.081111111111113,27.45788888888889,61.9798,0.14700000000000002,,-0.03992997198879422,,Bababe
1542,1994,30.626333333333335,20.822222222222223,58.93000000000001,-0.3846,,-0.5002044817927178,,Bababe
1542,1995,31.125777777777778,27.19955555555556,78.41499999999999,0.6676,,-0.0062567693744206565,,Bababe
1542,1996,31.163777777777778,17.932111111111112,53.0868,-0.21259999999999998,,0.02624649859943773,,Bababe
1542,1997,31.79633333333333,20.025111111111112,47.493,-0.3268,,0.6533053221288441,,Bababe
1542,1998,31.145888888888887,20.363222222222223,46.0292,-0.9566000000000001,,-0.0026358543417437375,,Bababe
1542,1999,30.382111111111115,31.39466666666667,63.8584,0.6548,,-0.7719103641456577,,Bababe
1542,2000,30.43488888888889,28.63022222222222,77.94500000000001,0.6792,,-0.7246293183940296,,Bababe
1542,2001,31.042333333333332,27.72011111111111,66.4048,0.2954,0.3719,-0.1226816059757283,0.3015000000000001,Bababe
1542,2002,31.982999999999997,15.40011111111111,30.083199999999998,-1.563,-1.5162,0.8124883286647915,-1.5807333333333333,Bababe
1542,2003,30.68488888888889,25.677555555555557,67.0186,0.44020000000000004,-0.4305,-0.49111951447246227,-0.4891666666666666,Bababe
1542,2004,31.427666666666667,22.208444444444446,55.80460000000001,-0.31320000000000003,0.17779999999999999,0.24616153127917428,0.12500000000000006,Bababe
1542,2005,31.009555555555558,30.416333333333334,72.00059999999999,1.0782,2.3196,-0.17744631185808046,2.2726666666666664,Bababe
1542,2006,31.240333333333336,19.561,62.065200000000004,-0.11779999999999999,1.0641,0.047834733893552084,1.0230333333333335,Bababe
1542,2007,30.720444444444443,25.362555555555556,71.14880000000001,0.261,-0.6278999999999999,-0.47755088702148285,-0.6630999999999999,Bababe
1542,2008,31.27622222222222,23.04111111111111,64.4948,0.10640000000000001,0.06470000000000001,0.07273015873014899,0.035366666666666706,Bababe
1542,2009,30.92822222222222,28.172,71.251,0.6632,-0.6773,-0.2807665732959954,-0.7007666666666666,Bababe
1542,2010,30.674444444444443,42.519888888888886,89.2826,1.9786000000000001,0.7075,-0.5400410830999149,0.6899000000000001,Bababe
1542,2011,31.772777777777776,26.74388888888889,56.080799999999996,0.3078,0.31980000000000003,0.5527955182072724,0.3080666666666667,Bababe
1542,2012,30.60888888888889,32.71111111111111,83.1722,1.0206,0.38739999999999997,-0.6165901027077574,0.3815333333333333,Bababe
1542,2013,30.821,21.700444444444443,59.650999999999996,-0.3282,0.3437,-0.40997572362278945,0.3437,Bababe
1542,2014,31.88977777777778,19.28322222222222,45.522800000000004,-0.6656,-0.9664,0.6533053221288441,-0.9605333333333334,Bababe
1542,2015,31.677666666666667,22.636222222222223,47.1632,-0.5776,-0.19669999999999999,0.4356974789915853,-0.18496666666666667,Bababe
1542,2016,31.077555555555552,28.80733333333333,68.4086,0.8751999999999999,0.586,-0.16991036414567162,0.6035999999999999,Bababe
1542,2017,31.945111111111114,17.124444444444446,44.4718,-0.327,-0.6071,0.6921484593837448,-0.5836333333333333,Bababe
1542,2018,31.476,20.752444444444443,39.446000000000005,-0.5988,-0.8717,0.21754061624648813,-0.8423666666666667,Bababe
1542,2019,31.890444444444444,14.770888888888887,34.342200000000005,-1.5555999999999999,-1.1282,0.626488328664788,-1.0930000000000002,Bababe
1542,2020,31.12611111111111,27.900111111111112,59.3162,0.06259999999999999,-0.383,-0.14334173669469052,-0.34193333333333337,Bababe
1542,2021,31.37177777777778,35.096777777777774,69.4136,1.3908,0.2555,0.09682819794583608,0.3024333333333333,Bababe
1542,2022,30.65188888888889,23.621222222222222,66.4576,0.27759999999999996,0.16069999999999998,-0.6285574229691981,0.2134999999999999,Bababe
1542,2023,32.163444444444444,29.28055555555555,67.6952,0.9221999999999999,0.9841,0.8775014005602131,1.0427666666666666,Bababe
1542,2024,30.99266666666667,27.82911111111111,56.35360000000001,0.23359999999999997,-0.1955,-0.29877310924370803,-0.13096666666666673,Bababe
1542,2025,30.74188888888889,27.74122222222222,65.30160000000001,0.6798,0.23190000000000005,-0.555047619047631,0.3023,Bababe
1542,2026,32.63757142857143,21.979142857142854,65.38233333333334,-0.308,-0.7248333333333333,1.3351381886087594,-0.6485666666666667,Bababe
1546,1989,30.27988888888889,28.771666666666665,,0.6664,,-0.7110021164021205,,M'Bagne
1546,1990,31.645222222222223,19.070333333333334,,-0.6292,,0.6482571428571369,,M'Bagne
1546,1991,31.624333333333336,6.231888888888889,20.504399999999997,-2.4829999999999997,,0.6212941798941749,,M'Bagne
1546,1992,31.32577777777778,20.61988888888889,39.4608,-0.905,,0.316664550264548,,M'Bagne
1546,1993,30.906555555555556,33.734,68.48679999999999,0.5662,,-0.10863174603175096,,M'Bagne
1546,1994,30.58855555555556,22.48511111111111,57.160199999999996,-0.4692,,-0.4327058201058236,,M'Bagne
1546,1995,30.987111111111112,30.647666666666666,81.1028,0.8756,,-0.04022433862434127,,M'Bagne
1546,1996,31.056777777777782,18.06711111111111,54.85979999999999,-0.37059999999999993,,0.023368253968254038,,M'Bagne
1546,1997,31.710333333333338,19.157666666666668,47.7636,-0.5156,,0.6708497354497354,,M'Bagne
1546,1998,31.077555555555552,21.927555555555557,49.2538,-0.8720000000000001,,0.03199788359787803,,M'Bagne
1546,1999,30.244555555555557,30.482777777777773,62.3362,0.2666,,-0.8070761904761916,,M'Bagne
1546,2000,30.317888888888888,29.87966666666667,78.5466,0.6066,,-0.7398169312169358,,M'Bagne
1546,2001,30.947555555555557,26.040888888888887,58.33200000000001,-0.011,0.0319,-0.11622433862433823,0.06867142857142852,M'Bagne
1546,2002,31.987444444444446,16.94377777777778,30.0576,-1.3602,-1.4275000000000002,0.9175904761904796,-1.3937928571428575,M'Bagne
1546,2003,30.558222222222224,26.750444444444444,66.9394,0.38580000000000003,-0.5935,-0.5177058201058209,-0.562857142857143,M'Bagne
1546,2004,31.316444444444446,23.914333333333335,56.742399999999996,-0.2722,-0.0409,0.23444232804233067,-0.013321428571428609,M'Bagne
1546,2005,30.919222222222224,31.751,70.143,0.9359999999999999,2.2746,-0.16885396825396626,2.2991142857142854,M'Bagne
1546,2006,31.19966666666667,19.967666666666666,57.1998,-0.252,1.2892000000000001,0.1055164021164039,1.31065,M'Bagne
1546,2007,30.58277777777778,28.500444444444447,75.0864,0.42000000000000004,-0.8023,-0.5174465608465582,-0.7839142857142858,M'Bagne
1546,2008,31.154666666666667,24.287111111111113,62.642999999999994,0.1244,-0.0647,0.04836825396825617,-0.049378571428571445,M'Bagne
1546,2009,30.775777777777776,32.10422222222222,73.316,0.8865999999999999,-0.47639999999999993,-0.3365947089947099,-0.4641428571428571,M'Bagne
1546,2010,30.601,48.00233333333333,89.5442,2.059,1.1925,-0.5174465608465582,1.2016928571428571,M'Bagne
1546,2011,31.630000000000003,27.195777777777778,54.9154,0.20579999999999998,0.2187,0.5054793650793705,0.22482857142857143,M'Bagne
1546,2012,30.43722222222222,35.839777777777776,83.12819999999999,0.938,0.4432,-0.6933724867724855,0.44626428571428567,M'Bagne
1546,2013,30.819444444444443,23.80311111111111,59.1614,-0.3336,-0.09419999999999999,-0.3172243386243352,-0.09419999999999999,M'Bagne
1546,2014,31.907,22.261222222222223,47.117200000000004,-0.511,-0.5740000000000001,0.7642571428571472,-0.5770642857142858,M'Bagne
1546,2015,31.51677777777778,21.558666666666667,44.2652,-0.8744,-0.5719000000000001,0.3679608465608517,-0.5780285714285714,M'Bagne
1546,2016,30.96311111111111,32.003888888888895,66.1274,0.8657999999999999,0.6268,-0.19177989417988783,0.6176071428571429,M'Bagne
1546,2017,31.870111111111115,18.89177777777778,45.2358,-0.30579999999999996,-0.7554,0.709146031746041,-0.7676571428571428,M'Bagne
1546,2018,31.360666666666663,22.99888888888889,38.7014,-0.4676,-0.7536,0.19362751322751492,-0.7689214285714286,M'Bagne
1546,2019,31.843111111111114,16.788,35.2456,-1.3946,-1.0926,0.6699978835978939,-1.1109857142857142,M'Bagne
1546,2020,30.964,35.594,61.8922,0.5694,-0.5768,-0.21518730158729582,-0.59825,M'Bagne
1546,2021,31.34177777777778,37.58266666666667,70.627,1.374,0.1839,0.15651640211640938,0.15938571428571432,M'Bagne
1546,2022,30.521555555555558,25.19511111111111,66.4594,0.3328,0.1394,-0.6697798941798823,0.1118214285714286,M'Bagne
1546,2023,32.11877777777778,31.513666666666666,62.99159999999999,0.8378,1.0241,0.9213682539682644,0.9934571428571429,M'Bagne
1546,2024,30.907666666666664,32.358333333333334,59.8282,0.4862,0.15239999999999998,-0.2958169312169261,0.11869285714285717,M'Bagne
1546,2025,30.637,28.275,64.3106,0.4972,0.2751,-0.5725576719576608,0.2383285714285715,M'Bagne
1546,2026,32.49728571428572,21.58257142857143,64.892,-0.248,0.0135,1.2816539682539805,-0.026335714285714233,M'Bagne
1549,1989,30.682875,17.799375,,1.0151999999999999,,-0.7108744505494435,,Moudjeria
1549,1990,31.69475,14.7805,,0.0712,,0.29224093406594065,,Moudjeria
1549,1991,31.742125,13.457125,31.7738,0.19080000000000003,,0.33085631868132737,,Moudjeria
1549,1992,31.972125,6.284875,17.1478,-1.7746,,0.552096703296705,,Moudjeria
1549,1993,31.034375,13.0985,27.125999999999998,-0.2774,,-0.39441291208790474,,Moudjeria
1549,1994,30.847875000000002,12.080875,28.775799999999997,-1.1364,,-0.5896725274725192,,Moudjeria
1549,1995,31.16,14.158625,33.8112,-0.1036,,-0.28630714285713665,,Moudjeria
1549,1996,31.487375,5.999,22.8664,-1.6143999999999998,,0.03230824175824765,,Moudjeria
1549,1997,31.9595,16.174125,45.438,0.7172,,0.4956736263736303,,Moudjeria
1549,1998,31.604375,10.94525,31.226800000000004,-0.8286,,0.13178901098901719,,Moudjeria
1549,1999,30.593625,18.819125,41.464800000000004,0.3226,,-0.8877206043956001,,Moudjeria
1549,2000,30.956,16.5245,42.8176,0.5506,,-0.5341052197802156,,Moudjeria
1549,2001,31.423625,16.094625,39.205,-0.0071999999999999955,-0.5536,-0.07523983516482957,-0.2778266253869969,Moudjeria
1549,2002,32.8715,7.460875,20.282,-1.6667999999999998,-1.4003,1.3638755494505546,-1.1475077399380806,Moudjeria
1549,2003,31.323875,21.3585,43.5418,1.0615999999999999,0.562,-0.1925090659340576,0.791811145510836,Moudjeria
1549,2004,31.598625,10.983625,30.778399999999998,-0.516,-0.5782,0.07348131868132413,-0.3713699690402477,Moudjeria
1549,2005,31.644875,18.641875,26.7348,0.6567999999999999,0.6254,0.11097170329670902,0.8092489164086687,Moudjeria
1549,2006,31.779875,12.2985,28.804199999999998,-0.251,0.2621,0.23721208791209492,0.42296780185758515,Moudjeria
1549,2007,31.270125,11.17525,31.4432,-0.7322,-0.17120000000000002,-0.2812975274725211,-0.033313312693498465,Moudjeria
1549,2008,31.476875,15.81025,38.1036,0.6424000000000001,0.17220000000000002,-0.08330714285713725,0.287105572755418,Moudjeria
1549,2009,31.644625,21.821125,41.8974,1.0538,-0.3189,0.0756832417582487,-0.22697554179566565,Moudjeria
1549,2010,30.96975,31.85975,65.8868,1.857,-0.40680000000000005,-0.6079513736263671,-0.3378566563467493,Moudjeria
1549,2011,32.459,10.937,25.4546,-0.5222,-0.6325000000000001,0.8725390109890228,-0.5865377708978329,Moudjeria
1549,2012,30.619,20.92775,54.1684,1.0782,0.613,-0.9762206043955999,0.6359811145510836,Moudjeria
1549,2013,30.97325,18.100875,41.1144,0.5624,1.0871,-0.6307302197802152,1.0871,Moudjeria
1549,2014,32.204125,11.5505,22.843,-0.772,-0.7366,0.5913851648351667,-0.7595811145510836,Moudjeria
1549,2015,31.965125,13.786625,24.506800000000002,-0.23199999999999998,0.4056,0.34362554945055734,0.35963777089783283,Moudjeria
1549,2016,31.197125,20.2665,38.907,1.0828,0.7614,-0.433134065934059,0.6924566563467491,Moudjeria
1549,2017,32.287,11.128125,20.892000000000003,0.0748,-0.9838,0.6479813186813246,-1.0757244582043344,Moudjeria
1549,2018,31.75875,16.628125,26.623,0.12280000000000002,-0.5258,0.11097170329670902,-0.6407055727554181,Moudjeria
1549,2019,32.58875,7.587,19.2,-1.6446,-1.0001,0.9322120879120916,-1.1379866873065017,Moudjeria
1549,2020,31.521375,16.017125,30.057800000000004,0.006000000000000005,-0.1276,-0.14392252747252243,-0.28846780185758514,Moudjeria
1549,2021,32.530625,11.099125,27.058600000000002,-0.7869999999999999,-0.6572,0.8565678571428634,-0.8410489164086687,Moudjeria
1549,2022,30.640625,18.709375,42.181799999999996,0.9672000000000001,1.1735,-1.0421917582417528,0.9666699690402476,Moudjeria
1549,2023,32.548125,16.896125,32.212399999999995,0.898,0.7206999999999999,0.8565486263736304,0.490888854489164,Moudjeria
1549,2024,30.947,23.37475,35.3324,0.41400000000000003,0.17209999999999998,-0.753335989010985,-0.08069226006191954,Moudjeria
1549,2025,31.005375,16.735125,32.5136,0.41479999999999995,0.9807999999999999,-0.703720604395599,0.7050266253869968,Moudjeria
1549,2026,32.95916666666667,11.764833333333334,23.325,-0.5513333333333333,-0.3045,1.2413114468864563,-0.6032544891640867,Moudjeria
1569,1989,30.613777777777777,24.766555555555556,,0.619,,-0.6478222222222172,,Maal
1569,1990,31.775555555555556,20.308,,-0.18039999999999998,,0.5071619047619116,,Maal
1569,1991,31.929333333333332,10.226888888888888,25.461000000000002,-1.8814,,0.6541460317460377,,Maal
1569,1992,31.592,16.843777777777778,27.711599999999997,-1.1440000000000001,,0.3100190476190541,,Maal
1569,1993,30.87644444444444,25.751444444444445,49.013799999999996,0.2392,,-0.4123301587301569,,Maal
1569,1994,30.80111111111111,20.959555555555553,46.8738,-0.40679999999999994,,-0.49445714285714004,,Maal
1569,1995,31.297,29.177888888888887,68.7894,0.8074,,-0.005361904761898018,,Maal
1569,1996,31.27877777777778,14.149555555555555,39.291199999999996,-0.7434000000000001,,-0.030377777777772508,,Maal
1569,1997,32.00533333333333,17.46366666666667,41.0774,-0.48419999999999996,,0.6893841269841303,,Maal
1569,1998,31.39088888888889,21.077888888888893,37.8244,-0.8734,,0.06814603174603917,,Maal
1569,1999,30.509888888888888,27.844666666666665,48.8688,0.227,,-0.8196476190476147,,Maal
1569,2000,30.48088888888889,25.455666666666666,64.0668,0.499,,-0.8554412698412648,,Maal
1569,2001,31.13977777777778,26.162333333333336,49.3558,0.04840000000000001,-0.33420000000000005,-0.20334603174602606,-0.17800363636363628,Maal
1569,2002,32.43555555555556,13.158333333333333,19.0566,-1.9310000000000003,-1.6288,1.085638095238103,-1.48562,Maal
1569,2003,31.01211111111111,27.197000000000003,57.2506,0.8694,-0.3462,-0.3445999999999998,-0.21603636363636353,Maal
1569,2004,31.690333333333335,21.627,45.7108,-0.13279999999999997,-0.3568,0.3268285714285746,-0.23965272727272718,Maal
1569,2005,31.281222222222222,26.661,45.5608,0.5624,1.0425,-0.08907619047618809,1.1466309090909093,Maal
1569,2006,31.531,19.691222222222223,44.4568,-0.09340000000000001,0.6660999999999999,0.1539079365079381,0.7572145454545455,Maal
1569,2007,30.971555555555558,21.99111111111111,52.4482,-0.0032,-0.2862,-0.4123301587301569,-0.2081018181818181,Maal
1569,2008,31.386222222222223,19.932000000000002,45.6994,0.0708,-0.29369999999999996,-0.004457142857141605,-0.22861818181818172,Maal
1569,2009,31.25922222222222,27.605888888888888,51.4568,0.6584,-0.7688,-0.13825079365079418,-0.7167345454545454,Maal
1569,2010,31.006333333333334,50.32855555555555,80.8082,2.314,0.8994,-0.39793333333333436,0.9384490909090909,Maal
1569,2011,31.91622222222222,18.45211111111111,33.1438,-0.6338,0.0054,0.505161904761902,0.03143272727272729,Maal
1569,2012,30.556222222222218,33.961444444444446,79.3318,1.335,1.0669,-0.8616317460317511,1.0799163636363636,Maal
1569,2013,31.001666666666665,25.10611111111111,55.552200000000006,0.3222,1.2187999999999999,-0.42298095238095357,1.2187999999999999,Maal
1569,2014,32.10122222222222,20.42822222222222,34.971000000000004,-0.514,-0.7146,0.6697809523809468,-0.7276163636363636,Maal
1569,2015,31.745888888888892,19.234111111111112,31.778599999999994,-0.9339999999999999,-0.2815,0.3076539682539696,-0.3075327272727273,Maal
1569,2016,31.220333333333333,28.13222222222222,53.577999999999996,0.8968,0.8087,-0.22469523809524006,0.769650909090909,Maal
1569,2017,32.187777777777775,15.412999999999998,30.231600000000004,-0.4144,-1.03,0.7359555555555488,-1.0820654545454547,Maal
1569,2018,31.71688888888889,20.82011111111111,27.9868,-0.5346,-0.9141999999999999,0.2582730158730122,-0.9792818181818181,Maal
1569,2019,32.19233333333333,13.14188888888889,24.625,-1.6367999999999998,-1.1215000000000002,0.7269238095238038,-1.199598181818182,Maal
1569,2020,31.316333333333333,31.26422222222222,49.4084,0.5102,-0.2828,-0.15586984126984404,-0.3739145454545455,Maal
1569,2021,31.866444444444443,31.75233333333333,57.2746,1.1616,-0.18989999999999999,0.38744761904761305,-0.2940309090909092,Maal
1569,2022,30.797444444444448,22.316444444444446,49.1716,0.43820000000000003,0.6137999999999999,-0.6883460317460326,0.4966527272727271,Maal
1569,2023,32.41411111111111,29.85422222222222,48.577999999999996,0.9574,1.1964000000000001,0.9215269841269773,1.0662363636363636,Maal
1569,2024,31.042888888888886,29.889666666666667,48.305400000000006,0.6224000000000001,0.3498,-0.4564888888888987,0.2066199999999999,Maal
1569,2025,30.723,26.22122222222222,49.4452,0.5224,0.347,-0.7831714285714355,0.1908036363636362,Maal
1569,2026,32.863571428571426,16.664142857142856,42.01166666666666,-0.8276666666666667,0.15366666666666667,1.3506063492063376,-0.01554606060606073,Maal
1571,1989,29.524,35.14033333333333,,1.1568,,-0.5730047619047518,,Adel Bagrou
1571,1990,30.49422222222222,22.5,,-0.9768000000000001,,0.3856063492063555,,Adel Bagrou
1571,1991,30.72711111111111,24.325666666666663,57.4702,-0.7772,,0.6068841269841343,,Adel Bagrou
1571,1992,30.185999999999996,25.421333333333333,58.314,-0.5422,,0.05416190476190863,,Adel Bagrou
1571,1993,30.21888888888889,32.08022222222222,64.6086,0.13279999999999997,,0.07543968253969169,,Adel Bagrou
1571,1994,29.33233333333333,35.184888888888885,74.212,0.8532,,-0.8227269841269802,,Adel Bagrou
1571,1995,29.935999999999996,30.28688888888889,68.1538,-0.4664,,-0.23067142857142642,,Adel Bagrou
1571,1996,29.961333333333332,22.520555555555557,49.5874,-1.3154,,-0.21694920634920223,,Adel Bagrou
1571,1997,30.880999999999997,27.281222222222222,59.6016,-0.2638,,0.6911063492063505,,Adel Bagrou
1571,1998,30.783666666666665,27.514444444444443,59.629999999999995,-0.24580000000000002,,0.5821619047619073,,Adel Bagrou
1571,1999,28.935444444444443,41.88033333333333,83.3794,1.191,,-1.277671428571427,,Adel Bagrou
1571,2000,29.801444444444446,26.805555555555557,61.8682,-0.922,,-0.4232825396825355,,Adel Bagrou
1571,2001,30.054222222222222,29.22122222222222,62.32860000000001,-0.0516,0.1691,-0.18211587301587073,0.5172085972850679,Adel Bagrou
1571,2002,31.80788888888889,20.292666666666666,43.1268,-1.8026,-1.1299000000000001,1.5599396825396852,-0.8108004524886879,Adel Bagrou
1571,2003,29.25944444444444,37.15711111111111,76.9268,1.1266,0.408,-1.0001158730158757,0.6980904977375565,Adel Bagrou
1571,2004,30.391333333333332,24.747111111111114,55.822199999999995,-0.9536,-0.5655,0.12016190476190403,-0.30441855203619916,Adel Bagrou
1571,2005,30.543777777777777,20.488444444444443,43.6414,-0.9926,-0.3548,0.26099523809523717,-0.12272760180995479,Adel Bagrou
1571,2006,30.49055555555556,21.672,62.1518,-1.0624,-0.8881,0.1961619047619081,-0.6850366515837104,Adel Bagrou
1571,2007,30.07477777777778,26.572777777777777,74.42179999999999,0.0538,-0.5533,-0.23122698412698384,-0.3792457013574661,Adel Bagrou
1571,2008,30.005999999999997,27.400333333333336,66.7566,0.477,0.18730000000000002,-0.311615873015878,0.33234524886877825,Adel Bagrou
1571,2009,30.461222222222222,34.76866666666667,75.036,0.09160000000000001,0.11530000000000001,0.13199523809523583,0.23133619909502262,Adel Bagrou
1571,2010,30.192666666666664,33.57633333333334,79.6618,0.43759999999999993,0.6548,-0.14817142857143395,0.741827149321267,Adel Bagrou
1571,2011,31.055666666666664,29.603666666666665,53.675,0.11280000000000001,-0.5651,0.7032174603174539,-0.5070819004524887,Adel Bagrou
1571,2012,29.331777777777777,32.129888888888885,80.06179999999999,0.5736,1.1956,-1.0322825396825444,1.2246090497737556,Adel Bagrou
1571,2013,30.50766666666667,28.202222222222222,53.876999999999995,0.5102,0.39219999999999994,0.13199523809523583,0.39219999999999994,Adel Bagrou
1571,2014,30.73944444444444,28.475000000000005,60.43920000000001,0.048,-0.8637999999999999,0.35216190476189624,-0.8928090497737555,Adel Bagrou
1571,2015,30.272444444444446,38.20044444444444,76.1646,0.7272000000000001,0.0354,-0.12644920634921064,-0.022618099547511303,Adel Bagrou
1571,2016,30.383666666666663,32.005,72.9096,0.2904,0.24289999999999998,-0.026838095238105097,0.15587285067873302,Adel Bagrou
1571,2017,30.718777777777778,29.834444444444443,60.265,0.3188,-0.1693,0.2966619047618977,-0.2853361990950226,Adel Bagrou
1571,2018,29.92855555555555,51.994,81.13300000000001,2.498,0.0416,-0.5051714285714404,-0.10344524886877826,Adel Bagrou
1571,2019,30.955111111111112,31.829777777777778,68.49019999999999,0.0262,-0.18309999999999998,0.5097730158730087,-0.3571542986425339,Adel Bagrou
1571,2020,30.127666666666666,34.260666666666665,72.31,0.692,0.8761999999999999,-0.3292825396825485,0.6731366515837103,Adel Bagrou
1571,2021,31.614555555555555,26.184555555555555,59.44539999999999,-0.3638,0.06440000000000001,1.145995238095228,-0.1676723981900452,Adel Bagrou
1571,2022,29.827333333333335,33.45166666666667,62.6466,-0.0462,0.6786000000000001,-0.6528380952381028,0.41751855203619925,Adel Bagrou
1571,2023,31.40933333333333,23.010555555555555,47.413799999999995,-1.0364,-0.7684,0.9175507936507792,-1.0584904977375564,Adel Bagrou
1571,2024,30.259555555555558,38.11622222222222,77.411,0.8038000000000001,-0.10070000000000001,-0.24383809523810385,-0.4197995475113122,Adel Bagrou
1571,2025,29.939888888888888,22.95711111111111,49.9844,-0.9378,1.2467,-0.5751158730158856,0.8985914027149321,Adel Bagrou
1571,2026,31.547285714285717,31.42457142857143,62.577333333333335,-0.4000000000000001,1.3375,1.0206698412698323,0.9603823529411765,Adel Bagrou
1617,1989,29.705333333333336,23.957222222222224,,0.562,,-0.5932702380952435,,Bassikounou
1617,1990,30.654555555555557,17.999555555555556,,-1.0782,,0.34229920634919964,,Bassikounou
1617,1991,30.84588888888889,17.87777777777778,43.1284,-1.1332,,0.5199797619047573,,Bassikounou
1617,1992,30.14111111111111,21.93755555555556,53.163,-0.06720000000000001,,-0.1984507936508031,,Bassikounou
1617,1993,30.418444444444447,25.044444444444444,56.94840000000001,-0.1452,,0.0652297619047566,,Bassikounou
1617,1994,29.57188888888889,28.73833333333333,62.897400000000005,1.0954000000000002,,-0.794978571428576,,Bassikounou
1617,1995,30.068,25.502666666666666,52.864,-0.3034,,-0.3125202380952423,,Bassikounou
1617,1996,30.54188888888889,24.59711111111111,47.7348,-0.0586,,0.1477158730158692,,Bassikounou
1617,1997,31.204555555555558,22.362444444444446,46.505399999999995,-0.1166,,0.7967297619047571,,Bassikounou
1617,1998,31.023777777777777,22.839555555555553,45.8706,-0.1568,,0.6022992063491976,,Bassikounou
1617,1999,29.17522222222222,37.696555555555555,75.7512,1.7056,,-1.2599091269841338,,Bassikounou
1617,2000,30.156777777777776,19.51077777777778,44.738600000000005,-1.3938000000000001,,-0.29200634920635693,,Bassikounou
1617,2001,30.210555555555555,22.056666666666665,49.894999999999996,-0.5952,-0.8033,-0.2518813492063572,-0.3031499999999999,Bassikounou
1617,2002,31.92377777777778,17.776,36.5904,-1.5654,-1.3643,1.4476880952380888,-0.9058291666666667,Bassikounou
1617,2003,29.532333333333334,27.788888888888888,65.9664,1.0076,-0.0348,-0.9574091269841318,0.3819916666666667,Bassikounou
1617,2004,30.651111111111113,20.47288888888889,43.501599999999996,-0.7806,-0.2252,0.1477158730158692,0.1499125,Bassikounou
1617,2005,30.778666666666666,15.264444444444443,35.056200000000004,-1.1672,-0.1375,0.2616186507936433,0.19593333333333335,Bassikounou
1617,2006,30.692,22.847555555555555,51.702999999999996,-0.242,-0.6468,0.16129920634920225,-0.35504583333333334,Bassikounou
1617,2007,30.15711111111111,25.360555555555557,65.154,0.6447999999999999,-0.044700000000000004,-0.38724246031746645,0.20537500000000003,Bassikounou
1617,2008,30.42088888888889,23.46188888888889,58.5274,0.5314,0.3464,-0.13711746031746586,0.5547958333333334,Bassikounou
1617,2009,30.631666666666668,29.429777777777776,62.4954,0.311,0.2672,0.06000753968253392,0.4339166666666667,Bassikounou
1617,2010,30.417777777777776,27.453666666666667,64.7598,0.3794,0.47390000000000004,-0.16753412698413328,0.5989375000000001,Bassikounou
1617,2011,31.175111111111114,20.287666666666667,38.662,-1.0008,-0.4916,0.5761464285714268,-0.4082416666666666,Bassikounou
1617,2012,29.677333333333333,30.650666666666666,73.9916,1.441,1.2378,-0.9352841269841328,1.2794791666666667,Bassikounou
1617,2013,30.880222222222226,26.055777777777777,47.2348,0.8225999999999999,-0.1026,0.2539519841269815,-0.1026,Bassikounou
1617,2014,31.02,21.56311111111111,47.2378,-0.07999999999999999,-1.158,0.3800769841269762,-1.1996791666666666,Bassikounou
1617,2015,30.473222222222223,26.815,62.9172,0.16240000000000002,-0.009299999999999998,-0.18035357142857578,-0.09265833333333334,Bassikounou
1617,2016,30.56411111111111,26.269777777777776,60.3356,0.4354,-0.6460999999999999,-0.10311746031746694,-0.7711374999999999,Bassikounou
1617,2017,31.092111111111112,21.269222222222222,52.153800000000004,-0.1868,0.1814,0.4112297619047567,0.014683333333333326,Bassikounou
1617,2018,30.270333333333333,34.757222222222225,68.607,1.7675999999999998,0.18419999999999997,-0.424200793650801,-0.02419583333333336,Bassikounou
1617,2019,31.01088888888889,27.48888888888889,58.4874,0.219,-0.2782,0.3027019841269798,-0.528275,Bassikounou
1617,2020,30.535555555555554,30.41911111111111,62.885799999999996,0.9436,0.8859,-0.186284126984134,0.5941458333333334,Bassikounou
1617,2021,31.831111111111113,19.05933333333333,45.7742,-0.7894,-0.0993,1.0956186507936465,-0.43273333333333336,Bassikounou
1617,2022,30.157,25.492666666666665,50.1064,-0.2432,0.9798,-0.5921452380952452,0.6046875,Bassikounou
1617,2023,31.587444444444444,18.168555555555557,40.5034,-1.0332000000000001,-0.6040000000000001,0.8246464285714232,-1.0207916666666668,Bassikounou
1617,2024,30.370111111111115,30.60022222222222,68.1156,0.7378,0.041999999999999996,-0.40633968253968433,-0.4164708333333334,Bassikounou
1617,2025,30.32222222222222,23.088222222222225,43.175200000000004,-0.2152,1.2444000000000002,-0.46788134920635827,0.7442500000000001,Bassikounou
1617,2026,32.03214285714286,26.538,51.461999999999996,-0.17133333333333334,0.9604999999999999,1.2283865079365022,0.4186708333333332,Bassikounou
1629,1989,28.78566666666667,42.16655555555556,,1.3204,,-0.7662095238095219,,Djigueni
1629,1990,29.880444444444443,19.634666666666664,,-2.2984,,0.32530158730158476,,Djigueni
1629,1991,30.272111111111112,32.997666666666674,60.864999999999995,-0.18359999999999999,,0.7137015873015855,,Djigueni
1629,1992,29.622222222222224,30.467444444444443,64.8886,-0.42560000000000003,,0.060546031746032014,,Djigueni
1629,1993,29.581222222222223,30.261555555555553,62.464200000000005,-0.462,,0.016279365079363117,,Djigueni
1629,1994,28.800111111111114,35.43577777777778,69.17920000000001,-0.005400000000000005,,-0.7680984126984107,,Djigueni
1629,1995,29.503444444444444,37.45677777777777,72.3982,0.22359999999999997,,-0.06803174603174966,,Djigueni
1629,1996,29.61555555555556,24.535333333333334,54.762800000000006,-1.2376,,0.040812698412700854,,Djigueni
1629,1997,30.140777777777778,27.46066666666667,56.0354,-0.6216,,0.562768253968251,,Djigueni
1629,1998,30.05655555555556,37.68811111111111,66.2972,0.2222,,0.4752793650793663,,Djigueni
1629,1999,28.20811111111111,54.79244444444444,83.9452,1.2644,,-1.3764317460317486,,Djigueni
1629,2000,28.950888888888887,31.81077777777778,71.0814,-0.319,,-0.6369206349206387,,Djigueni
1629,2001,29.62311111111111,31.394888888888886,64.24159999999999,-0.38079999999999997,-0.9877,0.03203492063492064,-0.42092857142857154,Djigueni
1629,2002,30.91388888888889,22.019444444444446,38.405,-2.3137999999999996,-1.6695,1.3195460317460324,-1.149959523809524,Djigueni
1629,2003,28.49822222222222,42.285444444444444,80.4564,0.625,-0.1735,-1.0993873015873064,0.29880952380952375,Djigueni
1629,2004,29.35088888888889,28.800555555555555,63.5356,-0.916,0.0683,-0.24998730158730353,0.49337857142857133,Djigueni
1629,2005,29.53611111111111,30.679555555555552,52.87519999999999,-0.1666,-0.5336000000000001,-0.06803174603174966,-0.1557523809523811,Djigueni
1629,2006,30.201444444444444,27.09022222222222,53.8278,-0.6328,-0.05579999999999999,0.5940349206349183,0.2748166666666666,Djigueni
1629,2007,29.35888888888889,35.599666666666664,70.4822,0.1072,-0.362,-0.25178730158729934,-0.07861428571428575,Djigueni
1629,2008,28.95411111111111,33.39577777777778,85.5798,0.39540000000000003,0.48210000000000003,-0.6598317460317489,0.7182547619047619,Djigueni
1629,2009,29.717,33.42944444444444,72.1754,-0.3348,0.175,0.09979047619047066,0.3639238095238095,Djigueni
1629,2010,29.468666666666667,34.900333333333336,74.91659999999999,0.11979999999999999,0.053000000000000005,-0.15180952380952561,0.1946928571428571,Djigueni
1629,2011,30.829777777777778,36.43144444444445,60.9354,0.1776,-1.1476,1.2060349206349201,-1.0531380952380953,Djigueni
1629,2012,28.663333333333338,45.18788888888889,83.60900000000001,1.2526,0.6841999999999999,-0.963676190476189,0.7314309523809523,Djigueni
1629,2013,30.000777777777778,38.486222222222224,72.78139999999999,0.7406,0.5599000000000001,0.37050158730158245,0.5599000000000001,Djigueni
1629,2014,30.050888888888892,36.22922222222222,63.897000000000006,0.0248,-1.1508,0.4173460317460318,-1.1980309523809525,Djigueni
1629,2015,29.404999999999998,38.63077777777778,75.9826,0.012400000000000012,0.43270000000000003,-0.23180952380953102,0.3382380952380953,Djigueni
1629,2016,29.458000000000002,37.94611111111111,77.2992,0.45439999999999997,-0.2275,-0.1820761904761916,-0.3691928571428571,Djigueni
1629,2017,29.940777777777775,26.909444444444446,65.1506,-0.5936,-0.4811000000000001,0.29743492063491317,-0.6700238095238096,Djigueni
1629,2018,29.474000000000004,52.879,88.306,1.9073999999999998,0.5138,-0.17260952380952332,0.27764523809523817,Djigueni
1629,2019,30.346333333333334,32.38466666666667,65.69059999999999,-0.8038000000000001,-0.496,0.6964571428571418,-0.7793857142857142,Djigueni
1629,2020,29.564555555555557,47.961222222222226,85.6622,1.6509999999999998,0.3741,-0.0885873015873031,0.043483333333333374,Djigueni
1629,2021,30.601888888888887,33.55066666666667,67.526,0.027800000000000002,0.1361,0.9454793650793576,-0.241747619047619,Djigueni
1629,2022,28.87355555555556,40.120777777777775,75.3872,1.0748,1.388,-0.7861206349206356,0.9629214285714285,Djigueni
1629,2023,30.23688888888889,34.772999999999996,76.1174,0.3356,0.1442,0.5739460317460257,-0.32810952380952374,Djigueni
1629,2024,29.683111111111113,47.037444444444446,82.4332,0.908,0.8133999999999999,0.016901587301585863,0.29385952380952385,Djigueni
1629,2025,28.98577777777778,33.54877777777778,76.586,-0.0023999999999999968,0.47200000000000003,-0.683698412698412,-0.09477142857142845,Djigueni
1629,2026,30.18342857142857,28.267142857142858,60.499,-0.9969999999999999,0.9744999999999999,0.5106857142857102,0.360497619047619,Djigueni
1630,1989,30.04077777777778,26.805444444444444,,0.6300000000000001,,-0.781920634920624,,Nema
1630,1990,31.215111111111113,17.827777777777776,,-1.0211999999999999,,0.38652380952381904,,Nema
1630,1991,31.21788888888889,19.84411111111111,45.352199999999996,-0.9076000000000001,,0.3834126984127053,,Nema
1630,1992,30.894333333333332,22.892666666666667,52.274800000000006,-0.28280000000000005,,0.05396825396826088,,Nema
1630,1993,31.02811111111111,27.755222222222223,48.6576,0.09640000000000001,,0.18185714285714738,,Nema
1630,1994,30.071111111111108,31.504555555555555,64.30420000000001,0.8981999999999999,,-0.7810317460317435,,Nema
1630,1995,30.862555555555552,30.237111111111112,57.3066,-0.06680000000000001,,0.0045238095238140374,,Nema
1630,1996,30.781222222222222,24.037777777777777,43.467,-0.6916,,-0.08269841269840583,,Nema
1630,1997,31.38666666666667,23.952333333333332,53.7504,0.10939999999999998,,0.5168571428571518,,Nema
1630,1998,31.498666666666665,19.274444444444445,42.56,-1.2808,,0.6229682539682599,,Nema
1630,1999,29.486000000000004,37.79633333333334,76.5038,1.0959999999999999,,-1.395587301587291,,Nema
1630,2000,30.320333333333338,24.398333333333333,56.739,-0.5328,,-0.5671428571428478,,Nema
1630,2001,30.73477777777778,23.067,50.2692,-0.3696,-0.7097,-0.15858730158729273,-0.2079545454545454,Nema
1630,2002,32.354888888888894,19.54422222222222,39.53,-1.2277999999999998,-1.0986,1.4556349206349317,-0.6386666666666666,Nema
1630,2003,29.903333333333332,30.45266666666667,67.94800000000001,0.8778,-0.2866,-1.00180952380952,0.13152121212121215,Nema
1630,2004,30.78677777777778,22.969555555555555,47.348,-0.9352,-0.7775000000000001,-0.12425396825396007,-0.40119090909090915,Nema
1630,2005,31.06666666666667,16.29411111111111,31.963,-1.236,-0.7322,0.14974603174604084,-0.3977030303030302,Nema
1630,2006,31.04188888888889,20.913666666666668,52.5952,-0.5721999999999999,-0.6822,0.11907936507937222,-0.3895151515151515,Nema
1630,2007,30.584111111111113,25.06377777777778,66.8974,0.7402,0.41459999999999997,-0.34458730158729267,0.6654727272727272,Nema
1630,2008,30.701777777777775,26.30333333333333,60.5348,0.7979999999999999,0.2219,-0.23280952380952158,0.43096060606060604,Nema
1630,2009,30.95588888888889,27.907444444444444,57.4596,-0.022199999999999998,0.2722,0.015412698412703207,0.43944848484848487,Nema
1630,2010,30.642555555555557,30.84733333333334,66.6682,0.7514000000000001,0.0693,-0.303809523809516,0.19473636363636365,Nema
1630,2011,31.701333333333334,26.46755555555556,44.056200000000004,0.0918,-0.3987,0.7490793650793712,-0.31507575757575756,Nema
1630,2012,29.795444444444442,28.51311111111111,67.62899999999999,0.9704,0.7257,-1.1626984126984112,0.7675121212121212,Nema
1630,2013,31.105888888888884,26.278555555555556,41.4486,0.5716,0.41369999999999996,0.14185714285714468,0.41369999999999996,Nema
1630,2014,31.26611111111111,22.532333333333334,48.6318,-0.7081999999999999,-1.0316,0.29619047619047834,-1.0734121212121213,Nema
1630,2015,30.88711111111111,30.51788888888889,62.3914,0.1802,0.2981,-0.08869841269840961,0.21447575757575754,Nema
1630,2016,30.94688888888889,29.05077777777778,64.64320000000001,0.3612,0.293,-0.03480952380951763,0.16756363636363633,Nema
1630,2017,31.54411111111111,24.141666666666666,46.568,-0.0432,-0.39399999999999996,0.5565238095238136,-0.5612484848484849,Nema
1630,2018,30.867444444444445,46.54155555555556,72.6592,2.4304,0.6487,-0.1260317460317424,0.439639393939394,Nema
1630,2019,31.622333333333334,23.242444444444445,52.3738,-0.9347999999999999,-0.15710000000000002,0.6229682539682599,-0.4079727272727273,Nema
1630,2020,30.842666666666666,28.661555555555555,59.2094,0.46559999999999996,0.8573,-0.16258730158729762,0.5646151515151514,Nema
1630,2021,32.14022222222222,22.050555555555555,44.4502,-0.4244,-0.0776,1.1290793650793667,-0.41209696969696974,Nema
1630,2022,30.50622222222222,24.432666666666666,49.207,-0.07780000000000001,1.1807,-0.5108095238095203,0.8043909090909092,Nema
1630,2023,31.96944444444445,22.588222222222225,43.7706,-0.2636,-0.119,0.9465238095238178,-0.5371212121212121,Nema
1630,2024,30.802888888888887,31.02488888888889,68.271,0.6244,-0.17920000000000003,-0.22592063492063374,-0.6391333333333334,Nema
1630,2025,30.39288888888889,19.829777777777778,41.5204,-0.8986000000000001,0.5377,-0.641809523809517,0.03595454545454535,Nema
1630,2026,31.961428571428574,26.380428571428574,50.374,-0.443,0.8454999999999999,0.9208412698412758,0.3019424242424241,Nema
1642,1989,28.72188888888889,33.830444444444446,,0.5469999999999999,,-0.6913447420634853,,Timbedra
1642,1990,29.772222222222222,17.36911111111111,,-2.2622,,0.35158234126984667,,Timbedra
1642,1991,30.14577777777778,29.88633333333333,61.013,-0.38780000000000003,,0.7177316468254027,,Timbedra
1642,1992,29.542444444444445,33.38711111111111,70.0328,0.2012,,0.10699206349206847,,Timbedra
1642,1993,29.61122222222222,29.392666666666667,54.428399999999996,-0.33440000000000003,,0.1683635912698449,,Timbedra
1642,1994,28.70877777777778,35.598,69.2672,0.16299999999999998,,-0.7414871031745989,,Timbedra
1642,1995,29.58377777777778,33.51777777777778,68.623,-0.2766,,0.12610664682540218,,Timbedra
1642,1996,29.31811111111111,23.728333333333335,48.7516,-1.4667999999999999,,-0.14696626984126482,,Timbedra
1642,1997,29.913444444444444,28.360666666666667,57.769600000000004,-0.2886,,0.44096081349206884,,Timbedra
1642,1998,29.91611111111111,32.09488888888889,64.45,-0.0996,,0.43622123015873626,,Timbedra
1642,1999,28.251333333333335,48.54533333333333,80.7742,1.2772000000000001,,-1.2359627976190417,,Timbedra
1642,2000,28.898777777777777,29.810444444444443,67.08000000000001,-0.4998,,-0.5959246031745984,,Timbedra
1642,2001,29.40933333333333,31.846999999999998,65.561,-0.06080000000000001,-1.1283,-0.09277529761904546,-0.49722727272727285,Timbedra
1642,2002,30.984222222222222,23.14811111111111,38.9328,-2.0574000000000003,-1.5635,1.4747073412698484,-0.9850166666666667,Timbedra
1642,2003,28.495333333333335,38.28833333333333,74.67519999999999,0.4694,0.038000000000000006,-1.0215877976190413,0.5638939393939394,Timbedra
1642,2004,29.096111111111114,29.480111111111114,57.299,-0.8901999999999999,-0.0953,-0.42821626984126127,0.3780045454545454,Timbedra
1642,2005,29.59688888888889,25.312333333333335,51.28340000000001,-0.5752,-0.6066,0.06515525793651733,-0.18588484848484854,Timbedra
1642,2006,30.151777777777777,28.296333333333333,59.5006,-0.3438,-0.7251000000000001,0.6126378968254045,-0.3569742424242425,Timbedra
1642,2007,29.26522222222222,29.567888888888888,69.0672,-0.1524,-0.13590000000000002,-0.28132390873015467,0.1796363636363636,Timbedra
1642,2008,29.012555555555554,31.546333333333337,76.4428,0.2326,0.5821,-0.54139682539682,0.8450469696969696,Timbedra
1642,2009,29.70522222222222,34.800222222222224,69.9446,-0.195,-0.0004000000000000002,0.14386359126984516,0.20995757575757573,Timbedra
1642,2010,29.314444444444444,37.007,76.8638,0.5758,-0.08889999999999999,-0.2543204365079319,0.06886818181818181,Timbedra
1642,2011,30.689222222222227,34.54233333333333,55.362,0.23979999999999996,-0.653,1.1130510912698526,-0.5478212121212122,Timbedra
1642,2012,28.56988888888889,39.364222222222224,82.404,1.0576,0.6437999999999999,-1.0136884920634834,0.6963893939393939,Timbedra
1642,2013,29.71788888888889,30.22744444444444,62.60080000000001,0.4162,-0.07399999999999998,0.1269052579365173,-0.07399999999999998,Timbedra
1642,2014,30.012,35.23444444444444,60.9644,0.3296,-1.047,0.41361011904762535,-1.099589393939394,Timbedra
1642,2015,29.350444444444445,41.14333333333334,75.59880000000001,0.525,0.1517,-0.25535168650792883,0.04652121212121213,Timbedra
1642,2016,29.662777777777777,36.60166666666667,73.5226,0.4084,-0.1071,0.04957539682540357,-0.26486818181818184,Timbedra
1642,2017,29.996,26.28788888888889,64.037,-0.554,-0.2233,0.3753913690476267,-0.43365757575757574,Timbedra
1642,2018,29.404666666666667,54.68955555555556,82.4864,2.4496,0.43989999999999996,-0.22334821428570706,0.17695303030303028,Timbedra
1642,2019,30.340666666666664,34.22622222222222,67.8896,-0.282,-0.2413,0.7052455357142904,-0.5568363636363636,Timbedra
1642,2020,29.414,42.154666666666664,81.2956,1.4146,0.4616,-0.22882738095237087,0.09347424242424246,Timbedra
1642,2021,30.479111111111113,29.814666666666668,60.881600000000006,-0.16720000000000002,0.37870000000000004,0.8288774801587415,-0.04201515151515145,Timbedra
1642,2022,28.97011111111111,35.10211111111111,69.7384,0.5551999999999999,1.4131,-0.6875287698412649,0.9397954545454545,Timbedra
1642,2023,30.382777777777775,30.860666666666663,64.0582,0.007000000000000006,0.1159,0.7177316468254027,-0.40999393939393936,Timbedra
1642,2024,29.549111111111113,43.324,74.9004,1.0318,0.7921,-0.1233412698412586,0.2136166666666668,Timbedra
1642,2025,28.928777777777775,26.023222222222223,64.14959999999999,-0.9353999999999999,0.5439,-0.7510808531745958,-0.08717272727272718,Timbedra
1642,2026,30.408571428571427,32.07985714285714,59.266999999999996,-0.4093333333333333,0.42366666666666664,0.7213065476190579,-0.2599954545454546,Timbedra
1646,1989,30.661666666666665,28.325111111111113,,1.0071999999999999,,-0.6197731481481554,,Tamchekett
1646,1990,31.488111111111113,15.283555555555555,,-1.0178,,0.20124999999999815,,Tamchekett
1646,1991,31.38588888888889,21.058444444444444,37.4762,-0.28559999999999997,,0.09360648148147632,,Tamchekett
1646,1992,31.89333333333333,11.309333333333335,25.8942,-1.7236,,0.5956296296296202,,Tamchekett
1646,1993,31.259666666666664,15.82011111111111,28.2618,-1.0744,,-0.043458333333340704,,Tamchekett
1646,1994,30.894222222222222,22.033333333333335,52.9572,-0.035,,-0.4143240740740808,,Tamchekett
1646,1995,31.19311111111111,25.261555555555553,54.718399999999995,0.29359999999999997,,-0.12085648148148564,,Tamchekett
1646,1996,31.39944444444445,19.33588888888889,30.256,-0.5452,,0.08005555555555333,,Tamchekett
1646,1997,31.64311111111111,19.872333333333334,37.4656,0.0636,,0.31830092592591797,,Tamchekett
1646,1998,31.387,18.896555555555555,38.8032,-0.6557999999999999,,0.05676851851851339,,Tamchekett
1646,1999,30.374444444444446,22.632555555555555,42.227999999999994,-0.26820000000000005,,-0.9612083333333388,,Tamchekett
1646,2000,30.758333333333333,24.488,53.916399999999996,0.48860000000000003,,-0.5827407407407463,,Tamchekett
1646,2001,31.633222222222223,29.23411111111111,49.096799999999995,0.8096,0.2272,0.28672685185184577,0.3206200000000001,Tamchekett
1646,2002,33.007222222222225,13.98911111111111,24.326,-1.5058,-1.3371,1.6553055555555538,-1.2514649999999998,Tamchekett
1646,2003,30.670444444444442,36.48177777777778,58.522400000000005,2.1464,0.596,-0.6868935185185272,0.6738500000000001,Tamchekett
1646,2004,30.946111111111108,22.21933333333333,44.1594,-0.055200000000000006,0.07980000000000001,-0.416648148148159,0.1498650000000001,Tamchekett
1646,2005,31.703777777777777,22.948888888888888,24.9644,0.2504,-0.28090000000000004,0.33559722222221566,-0.21861999999999995,Tamchekett
1646,2006,31.630444444444443,13.93588888888889,26.031600000000005,-1.2752000000000001,-0.34430000000000005,0.2568425925925837,-0.289805,Tamchekett
1646,2007,30.924111111111113,21.429444444444446,40.0192,-0.1874,0.6579,-0.4549120370370403,0.7046100000000001,Tamchekett
1646,2008,30.67611111111111,25.04788888888889,49.5432,0.8792,0.13440000000000002,-0.7083333333333428,0.17332500000000006,Tamchekett
1646,2009,31.71433333333333,24.14611111111111,48.3768,0.38239999999999996,0.6371,0.32446759259257973,0.6682400000000001,Tamchekett
1646,2010,30.56266666666667,27.727666666666668,54.191599999999994,0.7508,-0.2605,-0.8326203703703747,-0.23714499999999997,Tamchekett
1646,2011,32.31711111111111,15.127777777777778,30.3774,-1.3386,-0.9259999999999999,0.9164027777777726,-0.91043,Tamchekett
1646,2012,30.14022222222222,30.76522222222222,51.545399999999994,1.1764,0.4665,-1.2659074074074148,0.474285,Tamchekett
1646,2013,31.267666666666667,25.52777777777778,38.957,0.344,0.1081,-0.1438842592592664,0.1081,Tamchekett
1646,2014,32.06011111111111,20.233111111111114,33.0498,-0.3614,-0.361,0.6431388888888812,-0.368785,Tamchekett
1646,2015,31.516000000000002,27.023222222222223,37.3394,0.4988,0.2162,0.09360648148147632,0.20062999999999998,Tamchekett
1646,2016,31.32,29.519222222222222,53.9162,1.1800000000000002,0.895,-0.10781481481482302,0.871645,Tamchekett
1646,2017,32.04244444444444,19.840555555555554,31.980600000000003,0.1096,-0.5453,0.6092083333333242,-0.5764400000000001,Tamchekett
1646,2018,31.336333333333332,22.032888888888888,31.988999999999997,0.0534,-0.8015,-0.10232407407408317,-0.8404250000000001,Tamchekett
1646,2019,32.282555555555554,14.277222222222223,25.791800000000002,-1.6808,-0.7024999999999999,0.8384768518518406,-0.7492099999999999,Tamchekett
1646,2020,31.326888888888888,36.26877777777778,46.989,1.3085999999999998,0.6718,-0.12261111111111944,0.6173049999999999,Tamchekett
1646,2021,32.58833333333334,15.547777777777778,29.809800000000003,-1.2975999999999999,-0.9614,1.1334120370370364,-1.0236800000000001,Tamchekett
1646,2022,30.41388888888889,28.337666666666664,45.14,0.8404,0.8698000000000001,-1.0464537037037083,0.7997350000000001,Tamchekett
1646,2023,32.337,26.631222222222224,33.257600000000004,0.754,-0.7906,0.8712361111111058,-0.86845,Tamchekett
1646,2024,31.16177777777778,31.841333333333335,47.9816,0.8366,1.2642,-0.3094074074074129,1.1785649999999999,Tamchekett
1646,2025,30.688222222222223,22.328111111111113,31.5944,-0.1918,0.7154,-0.7883842592592671,0.6219799999999999,Tamchekett
1646,2026,32.62228571428572,13.073142857142857,32.705999999999996,-1.4560000000000002,0.02616666666666668,1.1402579365079326,-0.07503833333333346,Tamchekett
1662,1989,28.675888888888892,42.93477777777778,,0.3846,,-0.6735275443510673,,Touil
1662,1990,29.740444444444442,27.843,,-1.3282,,0.38409337068160454,,Touil
1662,1991,29.63077777777778,36.01488888888889,74.2654,-0.601,,0.26749206349206744,,Touil
1662,1992,29.562111111111108,28.682111111111112,76.9122,-1.0756000000000001,,0.19189075630252006,,Touil
1662,1993,29.582666666666668,32.43244444444444,69.7092,-1.1852,,0.2055116713352021,,Touil
1662,1994,28.883222222222223,36.47477777777778,81.6722,-0.784,,-0.5008674136321183,,Touil
1662,1995,29.107666666666667,52.606,93.7098,1.22,,-0.28335760971054924,,Touil
1662,1996,29.553444444444445,31.22266666666667,69.045,-1.1578,,0.15548552754435363,,Touil
1662,1997,30.136777777777777,27.522111111111112,60.0828,-1.3812,,0.7318842203548073,,Touil
1662,1998,29.62788888888889,47.403,88.86580000000001,0.3654,,0.21606069094304559,,Touil
1662,1999,28.304111111111112,55.647555555555556,97.5918,1.149,,-1.1146517273576073,,Touil
1662,2000,28.87533333333333,37.166777777777774,91.5362,-0.1528,,-0.5503641456582677,,Touil
1662,2001,30.059666666666665,38.24533333333333,87.304,-0.1802,-0.2258,0.6270345471521921,-0.10703636363636371,Touil
1662,2002,30.896333333333335,31.534888888888887,58.866,-1.3602,-2.0399000000000003,1.4567665732959867,-1.9310333333333336,Touil
1662,2003,28.301555555555556,52.06688888888888,98.507,0.898,0.10450000000000002,-1.1449458450046706,0.2034696969696969,Touil
1662,2004,29.117888888888885,45.072,96.3914,0.26739999999999997,0.6013,-0.3355471521942164,0.6903727272727271,Touil
1662,2005,29.758,43.37388888888889,72.03479999999999,-0.04160000000000001,0.6753,0.29762931839402285,0.7544757575757576,Touil
1662,2006,29.89833333333333,21.90822222222222,54.077200000000005,-2.0214,0.22449999999999998,0.43102801120447864,0.2937787878787878,Touil
1662,2007,29.04988888888889,45.65822222222223,92.8314,0.4862,0.204,-0.4243510737628391,0.26338181818181816,Touil
1662,2008,28.816,39.181999999999995,96.52860000000001,0.4178,1.2864,-0.6651746031746057,1.3358848484848485,Touil
1662,2009,29.12211111111111,41.971666666666664,91.35040000000001,0.4032,-0.16199999999999998,-0.3659981325863697,-0.12241212121212122,Touil
1662,2010,29.01166666666667,42.815000000000005,94.61,0.4748,-0.2401,-0.4833772175536879,-0.21040909090909093,Touil
1662,2011,30.511333333333337,36.83533333333334,65.1264,-0.5036,-1.2858,1.0093548085901034,-1.2660060606060606,Touil
1662,2012,28.63888888888889,63.35811111111111,98.0482,1.9776,-0.188,-0.8700242763772188,-0.17810303030303032,Touil
1662,2013,29.490666666666666,47.22544444444444,89.9318,0.9091999999999999,0.2564,-0.02518113912231712,0.2564,Touil
1662,2014,30.25466666666667,45.324777777777776,79.886,0.026600000000000002,-0.627,0.7318842203548073,-0.6368969696969697,Touil
1662,2015,29.713777777777775,48.49922222222222,89.76259999999999,0.23700000000000002,0.105,0.18406069094303845,0.08520606060606062,Touil
1662,2016,29.21077777777778,52.14788888888889,89.53779999999999,1.1620000000000001,0.2845,-0.32587394957983307,0.2548090909090909,Touil
1662,2017,30.31411111111111,34.808,80.5272,-0.3642,0.4388,0.7705247432306201,0.39921212121212124,Touil
1662,2018,28.781888888888886,55.80822222222222,98.4862,0.8398,0.2895,-0.7686321195144785,0.24001515151515151,Touil
1662,2019,30.334444444444443,35.086,65.18620000000001,-1.1334,-1.4442,0.7769887955182035,-1.5035818181818181,Touil
1662,2020,29.302888888888887,62.33411111111112,96.037,1.4492,0.2985,-0.2615014005602312,0.22922121212121216,Touil
1662,2021,30.571555555555555,34.60444444444445,74.0758,-0.6322,-1.0842,1.000230625583562,-1.1633757575757575,Touil
1662,2022,28.968111111111114,53.04955555555556,95.2668,0.8193999999999999,0.7117,-0.6101484593837547,0.6226272727272728,Touil
1662,2023,30.245444444444445,41.39633333333333,86.14059999999999,0.4282,0.003599999999999992,0.6602502334267015,-0.09536969696969691,Touil
1662,2024,29.44822222222222,56.64000000000001,94.9268,0.7486,0.03650000000000003,-0.14390662931840126,-0.07236666666666657,Touil
1662,2025,28.758888888888887,34.28788888888889,77.5118,-0.7684,1.5523,-0.84017460317461,1.4335363636363638,Touil
1662,2026,30.238,35.790285714285716,77.81633333333333,-0.09066666666666667,0.3195,0.6320018674136278,0.19083939393939403,Touil
1780,1989,29.09766666666667,32.53788888888889,,-0.2792,,-0.45626150793649956,,Wompou
1780,1990,30.32188888888889,28.071,,-1.4406,,0.7538912698412759,,Wompou
1780,1991,29.801333333333332,29.71833333333333,64.05539999999999,-1.4208,,0.21926626984127395,,Wompou
1780,1992,29.644333333333332,30.86888888888889,59.4764,-1.3214000000000001,,0.04819682539682901,,Wompou
1780,1993,29.813666666666663,44.489444444444445,90.34100000000001,0.4306,,0.20346071428571477,,Wompou
1780,1994,29.09444444444445,43.31355555555555,88.88040000000001,0.3692,,-0.5298309523809444,,Wompou
1780,1995,29.42855555555555,52.26111111111111,87.538,0.8905999999999998,,-0.20978928571428668,,Wompou
1780,1996,29.90744444444444,38.815444444444445,77.3446,-0.4114000000000001,,0.2550301587301611,,Wompou
1780,1997,30.57188888888889,32.32066666666666,61.622,-1.3546,,0.905405158730165,,Wompou
1780,1998,29.76777777777778,36.28788888888889,77.30879999999999,-0.7776,,0.08722460317461156,,Wompou
1780,1999,28.753888888888884,61.84744444444444,97.2072,1.399,,-0.9407337301587297,,Wompou
1780,2000,29.02444444444445,43.335,93.66319999999999,0.24220000000000003,,-0.6842476190476106,,Wompou
1780,2001,30.047111111111107,44.28933333333333,89.7406,0.2446,0.1079,0.3243496031746034,0.52655,Wompou
1780,2002,31.356666666666666,37.757111111111115,71.2604,-0.31779999999999997,-1.2741,1.619835714285717,-0.8903375,Wompou
1780,2003,28.895666666666664,49.11811111111111,93.4598,0.6646,-0.7263999999999999,-0.85523373015873,-0.377525,Wompou
1780,2004,29.519222222222222,36.40855555555556,87.2844,-0.44160000000000005,0.65,-0.24574761904761644,0.9639875,Wompou
1780,2005,29.79822222222222,44.74177777777778,89.4828,0.1312,-0.6768000000000001,0.019182936507938564,-0.3977000000000001,Wompou
1780,2006,30.129222222222225,26.665888888888887,68.2084,-1.2928,-0.4563,0.3361134920635003,-0.2120875,Wompou
1780,2007,29.545555555555552,45.46088888888889,91.0646,0.43079999999999996,-0.1223,-0.26162261904761763,0.08702499999999998,Wompou
1780,2008,29.00144444444444,39.858444444444444,93.9356,0.23500000000000001,0.6124,-0.8198031746031731,0.7868375000000001,Wompou
1780,2009,29.47566666666667,39.06933333333333,93.84299999999999,0.0528,0.1681,-0.3596503968253906,0.30765,Wompou
1780,2010,29.084333333333333,55.535333333333334,97.9764,1.1103999999999998,0.9994000000000001,-0.765053174603171,1.1040625,Wompou
1780,2011,30.413777777777778,35.37033333333333,63.309400000000004,-0.8602000000000001,-1.0122,0.5503218253968285,-0.942425,Wompou
1780,2012,29.102,64.56055555555555,98.1948,2.2374,0.7539,-0.7755253968253903,0.7887875,Wompou
1780,2013,30.05177777777778,52.912777777777784,86.93379999999999,0.8496,-0.9862,0.1601829365079439,-0.9862,Wompou
1780,2014,30.71466666666667,38.42766666666667,74.08779999999999,-0.8306000000000001,-0.2205,0.8090023809523892,-0.2553875,Wompou
1780,2015,30.33611111111111,43.57322222222222,84.2222,-0.3064,0.1127,0.4163773809523832,0.042925000000000005,Wompou
1780,2016,29.548333333333332,51.071333333333335,91.5178,1.0379999999999998,0.7262000000000001,-0.3854698412698383,0.6215375000000001,Wompou
1780,2017,30.77288888888889,36.97855555555556,76.8148,-0.37479999999999997,-0.041200000000000014,0.8250162698412744,-0.18075,Wompou
1780,2018,30.223,42.079,86.074,-0.1778,0.6927,0.26105793650793885,0.5182625000000001,Wompou
1780,2019,31.395888888888887,30.34622222222222,44.2316,-1.572,-1.9066,1.4198773809523821,-2.115925,Wompou
1780,2020,29.744333333333334,59.66733333333333,97.3252,1.0492,0.3192,-0.24574761904761644,0.07498750000000001,Wompou
1780,2021,30.619444444444444,44.049,76.1554,0.457,-0.2685,0.6152940476190523,-0.5476,Wompou
1780,2022,29.173000000000002,57.54711111111111,94.4102,1.3104,0.9537,-0.8452198412698344,0.6397125,Wompou
1780,2023,30.41911111111111,37.23466666666666,85.378,0.0512,0.8500000000000001,0.3868218253968294,0.5011250000000002,Wompou
1780,2024,29.59188888888889,48.53088888888889,85.7466,-0.33440000000000003,0.18070000000000003,-0.45446984126983736,-0.20306249999999992,Wompou
1780,2025,28.976555555555553,37.04955555555556,87.7178,-0.2682,0.6746,-1.083872619047618,0.25595,Wompou
1780,2026,30.430285714285713,26.017,73.055,-0.519,-0.5109999999999999,0.35578809523809696,-0.9645374999999998,Wompou
1904,1989,28.970444444444443,33.70111111111111,,0.7012,,-0.6438730158730195,,Amourj
1904,1990,29.980888888888884,19.414555555555555,,-1.5762,,0.35695238095237514,,Amourj
1904,1991,30.36266666666667,25.728333333333335,59.57039999999999,-0.9022,,0.7291111111111128,,Amourj
1904,1992,29.743333333333332,31.822111111111113,66.1732,0.11939999999999999,,0.10015873015872856,,Amourj
1904,1993,29.87322222222222,31.07388888888889,61.0046,-0.147,,0.2204285714285703,,Amourj
1904,1994,28.861666666666665,32.03044444444444,72.0824,0.03540000000000001,,-0.8007460317460335,,Amourj
1904,1995,29.60166666666667,30.700888888888887,67.29740000000001,-0.7276,,-0.07036507936507519,,Amourj
1904,1996,29.435444444444443,22.701333333333334,49.2818,-1.5402,,-0.24620634920634998,,Amourj
1904,1997,30.22311111111111,28.87788888888889,62.418000000000006,-0.244,,0.5318412698412693,,Amourj
1904,1998,30.254444444444445,28.859222222222222,61.477,-0.4236000000000001,,0.5535555555555582,,Amourj
1904,1999,28.464777777777776,42.937444444444445,84.8638,0.9418,,-1.245730158730158,,Amourj
1904,2000,29.231222222222225,29.363777777777777,68.64959999999999,-0.5038,,-0.48890476190475596,,Amourj
1904,2001,29.55177777777778,30.297888888888888,66.3068,0.027599999999999996,-1.1657,-0.17796825396825255,-0.35704,Amourj
1904,2002,31.26711111111111,21.412999999999997,43.092,-1.9504000000000001,-1.3493,1.5277460317460303,-0.6080283333333334,Amourj
1904,2003,28.739666666666665,40.21811111111111,79.3496,1.018,0.1019,-1.0093174603174617,0.7757833333333333,Amourj
1904,2004,29.767333333333333,25.92233333333333,55.6894,-1.091,-0.6146,0.008730158730159587,-0.008105000000000029,Amourj
1904,2005,30.014444444444443,24.435333333333332,49.37519999999999,-0.6859999999999999,-0.7604,0.24622222222222234,-0.22129333333333334,Amourj
1904,2006,30.086333333333332,24.540444444444447,62.779399999999995,-0.9666,-0.8087,0.30849206349206426,-0.3369816666666667,Amourj
1904,2007,29.50866666666667,27.526666666666667,74.409,-0.11480000000000001,-0.5043,-0.27879365079364504,-0.09997,Amourj
1904,2008,29.443333333333335,29.064888888888888,72.0722,0.1678,0.2327,-0.35374603174602726,0.5696416666666666,Amourj
1904,2009,29.910111111111107,35.967999999999996,74.47619999999999,-0.007600000000000007,-0.324,0.10341269841269707,-0.0544466666666667,Amourj
1904,2010,29.604666666666667,35.904,79.6318,0.46699999999999997,0.22710000000000002,-0.2116507936507901,0.429265,Amourj
1904,2011,30.737333333333336,35.94477777777777,56.8438,0.6849999999999999,-0.8565,0.9113968253968316,-0.7217233333333334,Amourj
1904,2012,28.743222222222226,35.074777777777776,85.6804,0.745,1.5150000000000001,-1.0923333333333254,1.5823883333333335,Amourj
1904,2013,29.907888888888888,29.542333333333332,57.9616,0.5776,-0.1659,0.06271428571428928,-0.1659,Amourj
1904,2014,30.24522222222222,32.77311111111111,59.5228,0.2798,-0.8781,0.39042857142857557,-0.9454883333333333,Amourj
1904,2015,29.686444444444444,39.70422222222223,76.1412,0.6672,-0.093,-0.17796825396825255,-0.22777666666666666,Amourj
1904,2016,29.98,35.540222222222226,73.30940000000001,0.3792,0.30400000000000005,0.10596825396825693,0.10183500000000006,Amourj
1904,2017,30.210444444444445,30.342666666666666,64.6456,0.1916,-0.0938,0.32679365079365397,-0.3633533333333333,Amourj
1904,2018,29.455000000000002,54.776444444444444,83.8516,2.5,0.16340000000000005,-0.43826984126983604,-0.1735416666666666,Amourj
1904,2019,30.493444444444442,35.074777777777776,72.25,0.08219999999999998,0.0502,0.5905555555555573,-0.35412999999999994,Amourj
1904,2020,29.591666666666665,37.82111111111111,79.3734,0.9810000000000001,0.6512,-0.32084126984126726,0.1794816666666667,Amourj
1904,2021,30.805888888888887,29.630444444444443,62.337599999999995,0.056600000000000004,0.15689999999999998,0.8837619047619079,-0.38220666666666664,Amourj
1904,2022,29.29011111111111,33.86322222222222,66.449,0.2186,1.1257,-0.6416349206349174,0.5192049999999999,Amourj
1904,2023,30.72188888888889,27.494888888888887,56.5774,-0.501,-0.135,0.7805238095238174,-0.8088833333333333,Amourj
1904,2024,29.785,41.61277777777778,79.511,1.0398,0.6843999999999999,-0.1659841269841209,-0.056871666666666654,Amourj
1904,2025,29.29922222222222,24.219222222222225,58.1244,-1.1224,1.3717000000000001,-0.6613809523809486,0.5630400000000002,Amourj
1904,2026,30.865714285714287,33.59042857142857,62.084666666666664,-0.36566666666666664,0.9401666666666666,0.8954920634920711,0.06411833333333328,Amourj
2119,1989,30.426888888888886,22.52477777777778,,0.1424,,-0.6520634920635189,,Kiffa
2119,1990,31.344555555555555,21.47577777777778,,-0.6378,,0.25960317460314997,,Kiffa
2119,1991,31.47555555555555,22.712222222222223,47.4788,-0.5730000000000001,,0.3846031746031464,,Kiffa
2119,1992,31.627444444444443,15.021555555555558,33.8856,-1.884,,0.5304920634920407,,Kiffa
2119,1993,30.98211111111111,19.152666666666665,40.7834,-0.9512,,-0.12084126984129284,,Kiffa
2119,1994,30.649,23.672888888888888,60.836400000000005,-0.3436,,-0.45995238095240154,,Kiffa
2119,1995,30.945777777777778,24.695444444444444,66.9678,-0.1662,,-0.1691746031746213,,Kiffa
2119,1996,31.204222222222224,22.417555555555555,43.593399999999995,-0.5048,,0.08326984126982495,,Kiffa
2119,1997,31.715777777777777,19.494999999999997,41.2962,-0.5804,,0.5888253968253778,,Kiffa
2119,1998,30.978777777777776,25.60188888888889,50.1926,-0.5292,,-0.15417460317462073,,Kiffa
2119,1999,30.249111111111112,31.62933333333333,57.605999999999995,0.164,,-0.8898412698412841,,Kiffa
2119,2000,30.50622222222222,32.26244444444445,68.3422,0.8484,,-0.6387301587301764,,Kiffa
2119,2001,31.315333333333328,37.60133333333333,67.5076,1.0070000000000001,0.38530000000000003,0.16438095238093453,0.47832121212121215,Kiffa
2119,2002,32.863,20.689555555555554,32.8788,-0.9945999999999999,-1.6964000000000001,1.706047619047606,-1.6111305555555557,Kiffa
2119,2003,30.626333333333335,35.60988888888889,67.567,1.4222,0.2433,-0.5366190476190589,0.32081767676767675,Kiffa
2119,2004,30.80355555555555,26.52711111111111,59.9956,-0.010199999999999997,-0.6087,-0.3653968253968394,-0.538934090909091,Kiffa
2119,2005,31.625,33.169444444444444,43.5258,0.5900000000000001,0.3418,0.45004761904760926,0.4038141414141414,Kiffa
2119,2006,31.591,17.91322222222222,37.916000000000004,-0.9629999999999999,-0.0805,0.4100476190476101,-0.026237626262626254,Kiffa
2119,2007,30.514666666666667,24.659444444444446,60.6106,-0.2992,0.3154,-0.6722857142857208,0.3619106060606061,Kiffa
2119,2008,30.699444444444445,30.508333333333333,63.023199999999996,0.9391999999999999,0.065,-0.49350793650794245,0.1037588383838384,Kiffa
2119,2009,31.16611111111111,31.83966666666667,65.725,0.7138,0.6466000000000001,-0.032841269841277665,0.6776070707070708,Kiffa
2119,2010,30.497888888888887,37.84755555555555,71.858,1.2396,0.193,-0.7070634920634973,0.21625530303030305,Kiffa
2119,2011,31.87166666666667,20.58055555555556,37.21,-1.3052,-0.7467999999999999,0.6607142857142847,-0.7312964646464646,Kiffa
2119,2012,30.211555555555556,38.186777777777785,74.0318,1.29,0.667,-1.0053968253968293,0.6747517676767677,Kiffa
2119,2013,31.067666666666664,33.660333333333334,57.04780000000001,0.609,0.2571,-0.1552857142857178,0.2571,Kiffa
2119,2014,31.97511111111111,26.712777777777777,46.1856,-0.264,-0.5957999999999999,0.7461587301587294,-0.6035517676767675,Kiffa
2119,2015,31.40511111111111,28.34022222222222,51.5948,-0.1232,-0.0099,0.17015873015872884,-0.02540353535353536,Kiffa
2119,2016,30.91522222222222,35.02711111111111,69.4842,1.155,0.9295,-0.32573015873015976,0.906244696969697,Kiffa
2119,2017,31.907666666666664,23.83388888888889,41.9246,0.0026000000000000025,-0.7406999999999999,0.6607142857142847,-0.7717070707070707,Kiffa
2119,2018,31.30977777777778,28.092111111111112,48.5466,0.05840000000000001,-0.4941,0.05682539682539911,-0.5328588383838384,Kiffa
2119,2019,32.21022222222222,15.645888888888887,29.7464,-2.0258,-0.8831,0.9512698412698448,-0.9296106060606061,Kiffa
2119,2020,31.172777777777778,40.82522222222222,70.0016,1.3462,0.04139999999999999,-0.09217460317459825,-0.012862373737373756,Kiffa
2119,2021,32.30722222222222,21.941000000000003,46.821799999999996,-0.7184,-0.7929999999999999,1.0362698412698457,-0.8550141414141413,Kiffa
2119,2022,30.240111111111112,35.83177777777777,68.0336,0.9823999999999999,1.5729000000000002,-1.0368412698412612,1.5031340909090911,Kiffa
2119,2023,31.957,29.504555555555555,49.532,0.5216000000000001,0.25429999999999997,0.6740476190476272,0.17678232323232318,Kiffa
2119,2024,30.778999999999996,39.808,64.62039999999999,0.7882,0.7103999999999999,-0.5099523809523774,0.6251305555555555,Kiffa
2119,2025,30.386888888888887,26.036444444444445,48.6276,-0.047599999999999996,0.41180000000000005,-0.9080634920634836,0.3187787878787879,Kiffa
2119,2026,32.43114285714286,15.669142857142857,43.318000000000005,-1.2886666666666666,-0.246,1.1301904761904886,-0.34677297979797983,Kiffa
2482,1989,31.254285714285714,11.121571428571428,,0.8039999999999999,,-0.18335459183672853,,Boumdeid
2482,1990,31.874285714285715,7.396142857142857,,-1.2913999999999999,,0.4247704081632726,,Boumdeid
2482,1991,31.994285714285716,12.51242857142857,25.469,-0.2524,,0.5328954081632737,,Boumdeid
2482,1992,32.16428571428572,8.199571428571428,13.860800000000001,-1.2502,,0.6910204081632791,,Boumdeid
2482,1993,31.222857142857144,11.511571428571429,19.059,-0.361,,-0.2622831632652982,,Boumdeid
2482,1994,30.99142857142857,13.108428571428572,28.1286,-0.5378000000000001,,-0.5055867346938712,,Boumdeid
2482,1995,31.12,11.267,22.8256,-0.4266,,-0.38889030612244113,,Boumdeid
2482,1996,31.427142857142854,9.957285714285714,19.0654,-0.7594,,-0.0936224489795876,,Boumdeid
2482,1997,31.871428571428574,19.13828571428571,34.8506,0.9136,,0.3387882653061318,,Boumdeid
2482,1998,31.502857142857142,11.901285714285715,23.1274,-0.9168,,-0.04165816326529992,,Boumdeid
2482,1999,30.455714285714286,18.195,29.263600000000004,0.5366,,-1.1006760204081552,,Boumdeid
2482,2000,31.12,19.74742857142857,33.8914,0.7332,,-0.4482653061224404,,Boumdeid
2482,2001,31.67142857142857,15.469571428571427,32.2652,0.045799999999999993,-0.6625000000000001,0.09128826530612599,0.26665000000000005,Boumdeid
2482,2002,33.075714285714284,8.78957142857143,12.866399999999999,-1.5442,-1.7753999999999999,1.4836989795918392,-0.9236791666666665,Boumdeid
2482,2003,31.560000000000002,21.898,42.0712,2.1534,0.8656,-0.04389030612244227,1.6398916666666667,Boumdeid
2482,2004,31.535714285714285,12.973571428571429,25.4876,-0.3782,-1.0154,-0.0800510204081597,-0.31853750000000003,Boumdeid
2482,2005,32.07285714285714,20.631,21.359199999999998,1.2084,-0.7125,0.4452168367346978,-0.09306666666666663,Boumdeid
2482,2006,31.704285714285714,10.75242857142857,17.4978,-0.6,-0.6471,0.06477040816326962,-0.10509583333333328,Boumdeid
2482,2007,31.14428571428571,11.932428571428572,20.4858,-0.7482,-1.0369,-0.5071045918367325,-0.5723249999999999,Boumdeid
2482,2008,31.244285714285716,15.15857142857143,27.796,0.38100000000000006,0.28400000000000003,-0.4189795918367274,0.6711458333333333,Boumdeid
2482,2009,31.755714285714284,18.177285714285713,28.8048,1.0482,-0.8700999999999999,0.08057397959183987,-0.5603833333333332,Boumdeid
2482,2010,30.75857142857143,28.99985714285714,51.391200000000005,1.775,-0.2519,-0.9284438775510147,-0.019612499999999977,Boumdeid
2482,2011,32.73428571428571,7.2338571428571425,17.0542,-1.4478,-0.3758,1.0353954081632644,-0.22094166666666668,Boumdeid
2482,2012,30.704285714285714,17.210428571428572,34.7128,0.5439999999999999,0.44880000000000003,-1.0064795918367295,0.5262291666666667,Boumdeid
2482,2013,31.291428571428572,15.650428571428572,32.1832,0.558,1.0025,-0.4312117346938713,1.0025,Boumdeid
2482,2014,32.33,9.992142857142856,16.4222,-0.6902,-0.5811999999999999,0.5954846938775553,-0.6586291666666666,Boumdeid
2482,2015,31.900000000000002,14.654714285714286,22.0536,0.6812,0.468,0.1536096938775593,0.31314166666666665,Boumdeid
2482,2016,31.464285714285715,20.189,32.8968,1.2604,1.2445,-0.2939795918367274,1.0122125,Boumdeid
2482,2017,32.23714285714286,9.519714285714286,14.6206,-0.10640000000000001,0.5447,0.46700255102041055,0.23498333333333327,Boumdeid
2482,2018,31.815714285714286,15.891428571428573,17.7396,0.3984,-0.8639,0.03369897959183987,-1.2510458333333334,Boumdeid
2482,2019,32.72,8.816142857142857,12.5452,-1.654,-1.1089,0.926109693877553,-1.5734750000000002,Boumdeid
2482,2020,31.725714285714286,14.488142857142858,23.351,-0.21400000000000002,0.6723999999999999,-0.0800510204081597,0.13039583333333316,Boumdeid
2482,2021,32.965714285714284,9.916714285714287,19.1012,-1.1952,-0.2464,1.1480739795918389,-0.8658333333333335,Boumdeid
2482,2022,30.557142857142857,16.452142857142857,28.068399999999997,0.5684,1.1194,-1.2723724489795885,0.4225374999999999,Boumdeid
2482,2023,32.75142857142857,15.16157142857143,22.0512,0.752,0.5537,0.9100382653061239,-0.22059166666666674,Boumdeid
2482,2024,31.212857142857143,28.254285714285714,28.066200000000002,0.8942,0.7581,-0.6404081632653025,-0.09362083333333338,Boumdeid
2482,2025,31.41142857142857,12.797571428571429,19.7582,0.2286,1.5358999999999998,-0.4537117346938757,0.6067499999999997,Boumdeid
2482,2026,33.31,11.267199999999999,19.102666666666668,-0.73,-0.902,1.432984693877554,-1.9085791666666667,Boumdeid
3358,1989,30.857375,23.051375,,0.3504,,-0.4283428571428516,,Aleg
3358,1990,31.882625,22.062375,,-0.1552,,0.5885321428571473,,Aleg
3358,1991,31.946125,8.910875,32.5404,-2.0620000000000003,,0.643657142857144,,Aleg
3358,1992,31.69475,14.514,33.507799999999996,-1.927,,0.3839071428571472,,Aleg
3358,1993,30.97375,23.693125,67.1816,-0.25620000000000004,,-0.3454678571428538,,Aleg
3358,1994,30.71925,22.4015,61.459799999999994,-0.3468,,-0.6083428571428549,,Aleg
3358,1995,31.128,33.490625,82.1336,1.182,,-0.20796785714285448,,Aleg
3358,1996,31.3905,16.1745,56.8578,-0.47540000000000004,,0.04615714285714745,,Aleg
3358,1997,32.018,19.890125,58.346000000000004,-0.2952,,0.6652821428571443,,Aleg
3358,1998,31.400750000000002,28.863875,54.6682,-0.2338,,0.039657142857148386,,Aleg
3358,1999,30.9065,25.360875,70.0972,0.009999999999999992,,-0.46296785714284994,,Aleg
3358,2000,30.645375,25.706625,75.9146,0.7851999999999999,,-0.7324678571428507,,Aleg
3358,2001,31.433375,30.25325,64.6092,0.5744,0.11660000000000004,0.04715714285714867,0.15294999999999997,Aleg
3358,2002,32.270125,14.748875,34.116,-1.8648,-1.5619999999999998,0.8755321428571463,-1.5286791666666666,Aleg
3358,2003,31.12725,29.515875,74.4724,0.8892,0.5618,-0.27571785714285113,0.5920916666666666,Aleg
3358,2004,31.879875,18.858625,48.464800000000004,-0.39980000000000004,-0.7537,0.4685321428571463,-0.7264375000000001,Aleg
3358,2005,31.26025,30.40575,69.7216,1.0866,0.3624,-0.15946785714285383,0.3866333333333333,Aleg
3358,2006,31.253625,23.586000000000002,63.7528,0.23220000000000002,1.1588,-0.1744678571428544,1.1800041666666667,Aleg
3358,2007,31.37875,21.951124999999998,63.1268,-0.0702,0.1442,-0.05771785714285116,0.16237499999999996,Aleg
3358,2008,31.59025,22.08225,61.614,0.16119999999999998,0.49620000000000003,0.14540714285714884,0.5113458333333334,Aleg
3358,2009,31.448625,27.951625,71.2562,0.3086,-0.4262,-0.0045928571428532905,-0.41408333333333336,Aleg
3358,2010,30.7315,47.25575,92.589,2.3022,-0.27649999999999997,-0.73009285714285,-0.2674125,Aleg
3358,2011,32.25925,20.536375,54.855,-0.1016,-0.2107,0.7892821428571466,-0.20464166666666667,Aleg
3358,2012,30.75075,32.310375,86.9388,0.9896,0.8086,-0.7275928571428523,0.8116291666666666,Aleg
3358,2013,31.071875,23.902125,66.3206,0.006799999999999995,0.4587,-0.4148428571428546,0.4587,Aleg
3358,2014,31.662,14.512375,52.7744,-0.8864000000000001,-0.15439999999999998,0.16690714285714847,-0.15742916666666665,Aleg
3358,2015,31.959875,21.012625,56.5416,-0.6142000000000001,-0.2946,0.4564071428571488,-0.3006583333333333,Aleg
3358,2016,31.291375000000002,28.107,65.5968,0.8732,0.3548,-0.22046785714285022,0.34571250000000003,Aleg
3358,2017,31.9975,14.20475,46.1596,-0.6038,-0.919,0.47728214285714543,-0.9311166666666667,Aleg
3358,2018,31.470875,22.37975,42.3948,-0.3888,-1.1467999999999998,-0.05771785714285116,-1.1619458333333332,Aleg
3358,2019,32.089875,15.289000000000001,42.4836,-1.4362,-1.0534000000000001,0.5529071428571477,-1.0715750000000002,Aleg
3358,2020,31.533125000000002,26.2265,58.06199999999999,0.036799999999999986,-0.4253,-0.012217857142850619,-0.44650416666666665,Aleg
3358,2021,31.842624999999998,33.103875,71.8454,0.9475999999999999,0.35339999999999994,0.28890714285714836,0.3291666666666666,Aleg
3358,2022,30.9735,26.726875,66.72139999999999,0.2914,1.0758,-0.5885928571428494,1.0485375000000001,Aleg
3358,2023,32.370125,26.72975,74.8668,1.275,1.3594999999999997,0.79965714285715,1.329208333333333,Aleg
3358,2024,30.9675,27.78,58.1476,0.331,-0.0643,-0.6113428571428514,-0.09762083333333328,Aleg
3358,2025,31.132625,28.705625,72.1864,0.766,0.1516,-0.454592857142849,0.11525000000000006,Aleg
3358,2026,32.70933333333333,23.608333333333334,58.88966666666666,-0.375,0.13083333333333333,1.113740476190479,0.09145416666666671,Aleg
