region_id,year,t,rain,wsi,spi,z,t_dt,z_dt,region_name
545,1989,28.685999999999996,37.870777777777775,,0.6574,,-0.26986507936508275,,Tahoua
545,1990,28.982444444444443,28.125,,-0.6424000000000001,,0.02823809523809473,,Tahoua
545,1991,28.788333333333338,37.068222222222225,90.6828,1.1301999999999999,,-0.16421428571428365,,Tahoua
545,1992,28.154333333333334,28.80611111111111,79.5916,-0.7558,,-0.7965555555555568,,Tahoua
545,1993,29.15711111111111,22.647333333333332,54.6202,-1.6636,,0.2078809523809504,,Tahoua
545,1994,28.047444444444444,53.14288888888889,98.2514,2.2724,,-0.9001269841269846,,Tahoua
545,1995,29.26055555555556,33.93444444444444,77.27000000000001,-0.3366,,0.3146428571428608,,Tahoua
545,1996,29.248777777777775,26.176666666666666,61.653999999999996,-1.1574,,0.30452380952380764,,Tahoua
545,1997,29.415222222222226,22.23688888888889,55.3042,-1.3514,,0.47262698412698967,,Tahoua
545,1998,28.73388888888889,35.72677777777778,88.24680000000001,0.305,,-0.20704761904761781,,Tahoua
545,1999,27.88388888888889,48.56288888888889,93.16420000000001,1.655,,-1.0553888888888885,,Tahoua
545,2000,29.070555555555554,28.69488888888889,76.941,-0.43979999999999997,,0.13293650793650613,,Tahoua
545,2001,29.009666666666664,36.67755555555556,88.611,0.7962,-0.1853,0.073706349206347,0.35905,Tahoua
545,2002,29.444,32.723666666666674,73.25019999999999,-0.45599999999999996,-0.9720000000000001,0.5096984126984125,-0.47301250000000006,Tahoua
545,2003,28.78788888888889,33.30544444444445,82.00699999999999,0.47859999999999997,0.392,-0.14475396825396558,0.8456250000000001,Tahoua
545,2004,29.310000000000002,28.803333333333335,77.8114,-0.5078,-1.4055,0.37901587301587725,-0.9972375,Tahoua
545,2005,28.97511111111111,32.63122222222222,80.0672,0.303,-0.17250000000000001,0.04578571428571365,0.19039999999999999,Tahoua
545,2006,29.136555555555553,40.27177777777778,80.51660000000001,0.2096,-0.9279999999999999,0.20888888888888602,-0.6104624999999999,Tahoua
545,2007,28.691111111111113,37.888888888888886,88.6012,0.7754000000000001,0.1478,-0.23489682539682377,0.419975,Tahoua
545,2008,28.86911111111111,33.68033333333333,76.8878,0.24359999999999998,0.2264,-0.05523809523809575,0.4532125,Tahoua
545,2009,29.812111111111115,31.114444444444448,62.50260000000001,-0.46799999999999997,-0.35340000000000005,0.8894206349206399,-0.17195000000000005,Tahoua
545,2010,28.740777777777776,33.30877777777778,87.159,0.3008,0.4477,-0.1802539682539681,0.5837875,Tahoua
545,2011,29.392000000000003,26.016888888888886,58.623599999999996,-0.511,0.13590000000000002,0.47262698412698967,0.22662500000000002,Tahoua
545,2012,28.55077777777778,35.11122222222222,86.3014,-0.21200000000000002,-0.4258,-0.3669365079365079,-0.3804375,Tahoua
545,2013,28.954777777777778,31.413777777777778,76.8114,-0.15360000000000001,-0.1014,0.03872222222222277,-0.1014,Tahoua
545,2014,29.09588888888889,31.011222222222223,84.5712,-0.6418,0.04259999999999999,0.18149206349206537,-0.002762500000000008,Tahoua
545,2015,28.887,32.96922222222222,84.762,-0.4202,-0.636,-0.02573809523809345,-0.7267250000000001,Tahoua
545,2016,28.961666666666662,34.14555555555555,85.2136,0.0668,-0.5984,0.050587301587299294,-0.7344875000000001,Tahoua
545,2017,29.290555555555557,21.81122222222222,70.0128,-1.298,0.7637,0.38113492063492416,0.58225,Tahoua
545,2018,28.87977777777778,35.89911111111111,92.51559999999999,0.4396,-0.24680000000000002,-0.02798412698412278,-0.4736125,Tahoua
545,2019,29.080666666666666,28.219222222222225,70.7744,-0.7924,-0.0755,0.1745634920634913,-0.347675,Tahoua
545,2020,28.32711111111111,49.11822222222222,97.1874,1.7826,0.5085,-0.5773333333333355,0.19096249999999992,Tahoua
545,2021,29.339,38.37233333333333,87.2414,0.44160000000000005,0.6542999999999999,0.43621428571428567,0.2913999999999999,Tahoua
545,2022,28.80977777777778,36.72666666666667,81.2336,-0.2706,0.31420000000000003,-0.09134920634920363,-0.09406249999999994,Tahoua
545,2023,29.946222222222225,32.59311111111111,84.4478,0.0486,0.1286,1.0467539682539737,-0.325025,Tahoua
545,2024,27.887444444444444,49.669999999999995,99.063,1.8454000000000002,0.1877,-1.0103650793650765,-0.31128750000000005,Tahoua
545,2025,28.41311111111111,36.67766666666667,94.102,-0.009599999999999987,1.9657,-0.48303968253967966,1.42135,Tahoua
545,2026,29.797857142857143,29.988857142857142,62.437333333333335,-1.0586666666666666,0.706,0.9033650793650807,0.11628749999999999,Tahoua
905,1989,28.961888888888886,24.665777777777777,,-0.795,,-0.07842986478541647,,Diffa
905,1990,29.228,21.60066666666667,,-1.4926,,0.20348783068784115,,Diffa
905,1991,28.970444444444443,30.295666666666666,76.3176,0.1376,,-0.03826114050557905,,Diffa
905,1992,28.255444444444446,32.934222222222225,74.5792,0.2104,,-0.7374545561434367,,Diffa
905,1993,29.272333333333336,26.220555555555556,62.3886,-0.975,,0.2952409171075949,,Diffa
905,1994,27.37466666666667,45.51255555555556,87.50919999999999,1.3448,,-1.5866191651969324,,Diffa
905,1995,29.010777777777776,30.35644444444445,70.20360000000001,-0.254,,0.06529853027631205,,Diffa
905,1996,29.191777777777776,25.046888888888887,51.386,-0.9412,,0.26210511463845165,,Diffa
905,1997,29.909444444444446,21.584,54.565599999999996,-1.3586,,0.9955783656672637,,Diffa
905,1998,28.547888888888888,30.748333333333335,67.3322,-0.479,,-0.35017060552615575,,Diffa
905,1999,27.697,45.88344444444444,83.5716,1.8259999999999998,,-1.1852529100529061,,Diffa
905,2000,28.942333333333334,27.09188888888889,54.834799999999994,-0.9238,,0.07588700764257084,,Diffa
905,2001,28.557333333333336,24.817888888888888,58.2574,-0.8130000000000001,-1.2458999999999998,-0.2933064079952885,-0.44294999999999973,Diffa
905,2002,29.569222222222223,25.95788888888889,53.9184,-1.013,-1.3053,0.734389065255737,-0.5692624999999999,Diffa
905,2003,28.808111111111113,34.84544444444444,88.187,0.9471999999999999,0.8720000000000001,-0.010915461493230083,1.541125,Diffa
905,2004,29.18333333333333,23.165333333333333,55.944399999999995,-0.8873999999999999,-1.3045,0.38011334509112515,-0.7022875,Diffa
905,2005,28.725333333333335,24.035999999999998,71.2142,-0.3718,0.037000000000000005,-0.062080070546731037,0.5723,Diffa
905,2006,29.438222222222223,24.637,54.4696,-1.163,-0.8661,0.666615402704295,-0.39771249999999997,Diffa
905,2007,28.33077777777778,40.57322222222222,81.14580000000001,1.1372,0.1055,-0.4250224573780059,0.5069750000000001,Diffa
905,2008,28.785555555555554,31.606222222222225,65.97659999999999,0.2584,-0.23939999999999997,0.04556190476190736,0.09516250000000001,Diffa
905,2009,29.679333333333336,26.815,47.4988,-0.7202,-0.5757,0.9551462669018278,-0.30805,Diffa
905,2010,28.373333333333335,33.172222222222224,65.833,0.31100000000000005,-0.1381,-0.3350471487360309,0.06263750000000001,Diffa
905,2011,29.37755555555556,25.387222222222224,62.739999999999995,-0.683,-0.5069,0.6849816578483328,-0.37307500000000005,Diffa
905,2012,28.053555555555555,34.702111111111115,93.0018,0.5098,0.8549,-0.6232117577895337,0.9218125,Diffa
905,2013,28.720666666666666,30.39977777777778,73.3006,0.1518,0.20999999999999996,0.05970593768371657,0.20999999999999996,Diffa
905,2014,29.147111111111112,25.422777777777778,56.003,-0.8676,-0.10429999999999999,0.5019569664903045,-0.1712125,Diffa
905,2015,29.398888888888887,28.406444444444443,61.911,-0.45899999999999996,-0.5223,0.7695413286302184,-0.656125,Diffa
905,2016,28.61766666666667,32.79955555555555,90.5824,1.0514,0.393,0.004125690770138135,0.1922625,Diffa
905,2017,28.880999999999997,27.164,74.2904,-0.016200000000000003,0.2419,0.28326560846560866,-0.025749999999999995,Diffa
905,2018,28.54366666666667,32.08233333333333,82.99,0.3814,0.1471,-0.03826114050557905,-0.18746249999999998,Diffa
905,2019,28.73277777777778,38.93122222222222,88.66380000000001,1.3342,0.0269,0.16665655496766973,-0.37457500000000005,Diffa
905,2020,27.95988888888889,43.56811111111111,85.8774,1.4727999999999999,0.5328999999999999,-0.5904257495590777,0.06451249999999992,Diffa
905,2021,28.492222222222225,38.98544444444444,80.1294,0.8036,0.2686,-0.04228583186360524,-0.2667,Diffa
905,2022,27.639444444444443,48.89244444444445,91.5808,1.9238,0.44109999999999994,-0.879257025279248,-0.1611125000000001,Diffa
905,2023,29.61777777777778,32.37544444444445,71.6206,0.392,-1.0917,1.114882892416226,-1.7608249999999999,Diffa
905,2024,27.886777777777777,51.419000000000004,97.297,2.428,1.8071000000000002,-0.6003105232216335,1.0710625,Diffa
905,2025,28.20811111111111,34.991888888888894,84.8854,0.40199999999999997,0.7164,-0.2631706055261631,-0.08655000000000002,Diffa
905,2026,29.898285714285716,23.975,60.105,-1.3056666666666665,-1.2365,1.4428105820105834,-2.1063625,Diffa
1219,1989,29.51788888888889,20.250444444444447,,-0.8846,,-0.07120105820105493,,Bosso
1219,1990,30.01055555555556,19.051888888888886,,-1.108,,0.436904761904767,,Bosso
1219,1991,29.497333333333334,29.49966666666667,65.7554,0.4208,,-0.060878306878304755,,Bosso
1219,1992,28.94355555555556,28.052666666666667,59.7072,-0.1764,,-0.599216931216926,,Bosso
1219,1993,29.906777777777776,24.488222222222223,49.9358,-0.542,,0.37944444444444514,,Bosso
1219,1994,27.870444444444445,47.833666666666666,82.843,1.8572,,-1.6414497354497328,,Bosso
1219,1995,29.540888888888887,28.232222222222223,63.119600000000005,-0.0646,,0.044433862433862714,,Bosso
1219,1996,29.686333333333337,17.580111111111112,36.599599999999995,-1.5412000000000001,,0.20531746031746678,,Bosso
1219,1997,30.337000000000003,20.226777777777777,46.4868,-0.8166,,0.8714232804232864,,Bosso
1219,1998,29.387444444444448,30.188666666666663,57.77,-0.08719999999999997,,-0.06269312169311902,,Bosso
1219,1999,28.240666666666666,43.18544444444444,79.75019999999999,1.526,,-1.1940317460317473,,Bosso
1219,2000,29.56377777777778,19.817111111111114,41.428200000000004,-1.3536,,0.14451851851852027,,Bosso
1219,2001,29.15188888888889,19.981222222222225,42.769999999999996,-1.096,-0.8139,-0.2519312169312151,-0.03603939393939393,Bosso
1219,2002,29.90188888888889,18.302,39.0998,-1.5282,-0.9128000000000001,0.5135079365079385,-0.19976111111111117,Bosso
1219,2003,29.21933333333333,30.34222222222222,72.6532,0.7891999999999999,0.1524,-0.15360846560846753,0.8006171717171716,Bosso
1219,2004,29.698555555555554,19.118000000000002,43.6126,-1.0131999999999999,-1.0863,0.34105291005290894,-0.5029045454545455,Bosso
1219,2005,29.495444444444445,21.929555555555556,58.162,-0.2404,-0.0412,0.15338095238095306,0.47737373737373734,Bosso
1219,2006,29.59222222222222,20.842555555555556,41.4174,-1.2524,-0.8764000000000001,0.2655978835978807,-0.42264797979797986,Bosso
1219,2007,28.673555555555556,38.81444444444444,71.2114,1.0488,0.415,-0.6376296296296289,0.803930303030303,Bosso
1219,2008,29.47222222222222,26.63977777777778,53.4864,-0.16840000000000002,-0.7294,0.17647619047619045,-0.40529141414141423,Bosso
1219,2009,30.092666666666666,24.87088888888889,40.287400000000005,-0.4654,-1.3606,0.8123597883597888,-1.1013131313131312,Bosso
1219,2010,29.152111111111115,32.68611111111111,57.145,0.5956,0.2681,-0.11275661375660917,0.46256515151515154,Bosso
1219,2011,29.91611111111111,23.10322222222222,47.4114,-0.6044,0.0192,0.6666825396825402,0.14884343434343433,Bosso
1219,2012,28.434555555555555,36.013222222222225,86.0726,1.06,0.5002,-0.7994338624338617,0.5650217171717171,Bosso
1219,2013,29.47188888888889,26.164666666666665,57.6746,-0.09280000000000001,-0.47670000000000007,0.2533386243386282,-0.47670000000000007,Bosso
1219,2014,29.758888888888887,23.811444444444444,48.7506,-0.558,-0.5073,0.5557777777777773,-0.5721217171717171,Bosso
1219,2015,29.789888888888886,26.827555555555556,53.170399999999994,-0.4234,-0.41300000000000003,0.6022169312169297,-0.5426434343434343,Bosso
1219,2016,29.216666666666665,33.394222222222226,80.8116,1.2772000000000001,0.8156,0.044433862433862714,0.6211348484848485,Bosso
1219,2017,29.574111111111115,25.68288888888889,61.00500000000001,0.1032,-0.4911,0.4173174603174665,-0.7503868686868687,Bosso
1219,2018,28.83277777777778,33.87911111111111,77.334,1.2913999999999999,-0.0765,-0.30857671957671684,-0.40060858585858583,Bosso
1219,2019,29.195777777777778,34.39066666666667,72.6782,0.8442000000000001,-0.6846,0.06986243386243274,-1.073530303030303,Bosso
1219,2020,28.740333333333336,42.153666666666666,80.4556,1.4836,0.7081,-0.3701428571428558,0.25434797979797974,Bosso
1219,2021,29.137444444444448,31.65266666666667,66.1696,0.10779999999999998,0.6469,0.04240740740740989,0.12832626262626268,Bosso
1219,2022,28.456666666666667,44.78322222222222,81.0974,1.4394,1.0629,-0.6229312169312173,0.47950454545454546,Bosso
1219,2023,30.162333333333336,25.61733333333333,56.4576,0.15399999999999997,-0.6213,1.0981746031746056,-1.2695171717171716,Bosso
1219,2024,28.402,53.52177777777777,95.7902,2.4744,2.1084,-0.6467195767195761,1.3953611111111113,Bosso
1219,2025,28.837555555555557,36.641111111111115,77.2996,0.7001999999999999,1.5803,-0.1957248677248664,0.802439393939394,Bosso
1219,2026,30.55542857142857,19.238428571428575,43.891333333333336,-1.2983333333333333,-0.925,1.5375873015873012,-1.7676823232323233,Bosso
1353,1989,28.382777777777775,22.63288888888889,,-0.32080000000000003,,-0.3081591397849479,,Bermo
1353,1990,28.716333333333335,14.62811111111111,,-1.8664,,0.026238709677421923,,Bermo
1353,1991,28.235,23.042555555555555,79.9306,0.10139999999999998,,-0.454252329749103,,Bermo
1353,1992,27.723111111111113,18.66033333333333,61.2986,-0.8646,,-0.9652989247311794,,Bermo
1353,1993,28.982000000000003,15.06122222222222,43.406600000000005,-2.1038,,0.29443225806452133,,Bermo
1353,1994,27.64977777777778,31.154444444444444,86.43440000000001,0.6634,,-1.0369476702508926,,Bermo
1353,1995,29.14788888888889,18.44388888888889,48.2348,-1.5341999999999998,,0.462005734767029,,Bermo
1353,1996,29.17611111111111,16.28033333333333,46.4126,-1.4693999999999998,,0.49107025089605827,,Bermo
1353,1997,29.282555555555557,16.15877777777778,50.1896,-1.0984,,0.5983569892473142,,Bermo
1353,1998,28.182444444444442,32.103,85.4182,0.9763999999999999,,-0.5009118279569904,,Bermo
1353,1999,27.44788888888889,37.56466666666667,91.8318,1.476,,-1.234625089605732,,Bermo
1353,2000,28.727888888888888,19.484444444444446,58.7654,-0.7442,,0.04621720430107601,,Bermo
1353,2001,28.86122222222222,29.44966666666667,83.4708,0.8981999999999999,0.5701,0.18039283154121932,0.82799,Bermo
1353,2002,29.421222222222223,26.238777777777777,63.2864,-0.0984,-0.7112,0.741235125448032,-0.4748008333333334,Bermo
1353,2003,28.44211111111111,28.182111111111112,74.1466,0.641,0.3994,-0.23703369175627031,0.6143083333333333,Bermo
1353,2004,29.31555555555556,21.026444444444444,66.511,-0.2876,-2.2862999999999998,0.6372530465949886,-2.0928825,Bermo
1353,2005,28.58888888888889,28.03977777777778,71.4548,0.6714,-0.007099999999999995,-0.08857132616487462,0.16482666666666668,Bermo
1353,2006,29.022111111111112,27.13188888888889,71.3296,-0.1958,-0.9890000000000001,0.34549318996415934,-0.8385641666666668,Bermo
1353,2007,28.387888888888888,26.24722222222222,71.2476,0.23360000000000003,0.08170000000000001,-0.2878867383512542,0.21064500000000003,Bermo
1353,2008,28.848444444444446,28.111222222222224,61.6192,0.1544,-0.5065999999999999,0.1735111111111145,-0.39914583333333326,Bermo
1353,2009,29.817888888888888,19.700333333333333,47.8808,-0.6482,-0.7675,1.1437978494623664,-0.6815366666666667,Bermo
1353,2010,28.66622222222222,32.355333333333334,81.1976,1.3696,0.5532000000000001,-0.007026523297490428,0.6176725000000002,Bermo
1353,2011,29.31022222222222,25.856111111111108,58.632400000000004,0.626,0.4149,0.6378157706093184,0.45788166666666663,Bermo
1353,2012,28.302222222222223,24.976555555555553,70.1224,0.4338,0.7606999999999999,-0.3693419354838703,0.7821908333333333,Bermo
1353,2013,28.82288888888889,25.47722222222222,63.9372,0.24580000000000002,0.0804,0.15216702508960722,0.0804,Bermo
1353,2014,28.98622222222222,30.673666666666666,75.3688,0.9676,0.2812,0.3163426523297481,0.25970916666666666,Bermo
1353,2015,28.94355555555556,24.921333333333333,64.6812,-0.39899999999999997,0.009399999999999992,0.2745182795698966,-0.033581666666666676,Bermo
1353,2016,28.917777777777776,26.44066666666667,69.37519999999999,0.6054,0.5756,0.24958279569892383,0.5111275,Bermo
1353,2017,28.973,19.586666666666666,61.86899999999999,-0.2634,0.047799999999999954,0.3056473118279577,-0.03816333333333338,Bermo
1353,2018,28.508888888888887,26.17077777777778,77.53139999999999,0.589,0.2271,-0.15762150537634412,0.11964583333333333,Bermo
1353,2019,29.09388888888889,25.557555555555556,63.339,0.2994,0.2957,0.42822078853047074,0.16675500000000001,Bermo
1353,2020,27.976333333333333,35.256,88.9614,0.9945999999999999,0.12539999999999998,-0.6884924731182807,-0.02503583333333334,Bermo
1353,2021,28.92611111111111,34.08533333333333,79.93679999999999,1.1412,0.857,0.2621275985663054,0.6850733333333333,Bermo
1353,2022,28.20888888888889,24.06877777777778,60.2838,-0.9289999999999999,0.0823,-0.454252329749103,-0.11111750000000002,Bermo
1353,2023,29.516333333333332,25.67888888888889,73.9162,-0.1056,-0.39030000000000004,0.8540344086021499,-0.6052083333333333,Bermo
1353,2024,27.552555555555553,41.86477777777778,97.4096,1.8686,0.44129999999999997,-1.1089010752688182,0.2049008333333333,Bermo
1353,2025,27.657555555555557,27.973333333333333,83.97919999999999,0.04919999999999998,0.4242,-1.0030587813620038,0.16631,Bermo
1353,2026,29.520714285714288,22.190428571428573,60.12866666666667,-0.5836666666666667,-0.17933333333333334,0.8609422427035369,-0.4587141666666667,Bermo
1356,1989,28.753555555555554,44.67822222222222,,0.827,,-0.24918196248196267,,Téra
1356,1990,29.321,30.426444444444446,,-0.8783999999999998,,0.31235844155844106,,Téra
1356,1991,29.082222222222224,33.57888888888888,85.0476,0.033199999999999986,,0.06767662337662372,,Téra
1356,1992,28.74488888888889,36.379222222222225,81.1404,0.01080000000000001,,-0.27556075036075,,Téra
1356,1993,29.285888888888888,31.889555555555553,71.2392,-1.1018000000000001,,0.25953520923520657,,Téra
1356,1994,28.223888888888887,50.23588888888889,91.58879999999999,1.3152,,-0.8083688311688348,,Téra
1356,1995,29.117,39.52722222222222,83.8646,0.41079999999999994,,0.07883823953823921,,Téra
1356,1996,29.15522222222222,34.300777777777775,70.976,-0.9067999999999999,,0.11115642135641934,,Téra
1356,1997,29.791777777777774,31.42188888888889,70.3422,-1.2088,,0.7418079365079322,,Téra
1356,1998,28.784444444444446,46.53044444444444,89.5296,0.593,,-0.2714294372294397,,Téra
1356,1999,27.907111111111114,46.071666666666665,95.411,0.6912,,-1.1546668109668126,,Téra
1356,2000,29.27911111111111,33.00033333333333,77.551,-0.6367999999999999,,0.21142914862914353,,Téra
1356,2001,29.12888888888889,38.57877777777778,86.91600000000001,-0.08700000000000001,-0.2695,0.05530288600288458,0.38154285714285713,Téra
1356,2002,29.763444444444442,36.565777777777775,77.2212,-0.29,-1.011,0.683954401154395,-0.4142107142857142,Téra
1356,2003,28.622666666666664,47.391333333333336,95.4158,1.3716000000000002,0.2272,-0.46272741702742337,0.7697357142857144,Téra
1356,2004,29.46322222222222,30.087555555555557,74.34880000000001,-1.3290000000000002,-0.5851999999999999,0.37192409812409366,-0.09691785714285706,Téra
1356,2005,29.016888888888886,36.57844444444444,92.0586,0.382,0.31379999999999997,-0.08031327561328538,0.7478285714285714,Téra
1356,2006,29.120777777777775,35.88066666666666,74.3246,-0.5504,-0.3469,0.017671572871563512,0.03287499999999999,Téra
1356,2007,28.931777777777775,40.09577777777778,90.2158,0.6324,0.2296,-0.1772324675324768,0.5551214285714285,Téra
1356,2008,29.035222222222224,33.09833333333333,83.1422,-0.0714,-0.06369999999999999,-0.07969206349206814,0.2075678571428572,Téra
1356,2009,29.781555555555556,32.69555555555556,73.7018,-0.8987999999999999,-0.9455,0.660737229437224,-0.7284857142857143,Téra
1356,2010,28.795333333333335,36.611444444444444,88.7742,-0.35459999999999997,-0.48610000000000003,-0.331389033189037,-0.3233392857142857,Téra
1356,2011,29.537333333333336,31.363555555555553,74.9422,-1.188,-1.1959,0.40470692640692363,-1.087392857142857,Téra
1356,2012,28.61811111111111,46.345,95.6464,0.8051999999999999,-0.7031999999999999,-0.5204193362193479,-0.6489464285714285,Téra
1356,2013,28.942333333333334,41.455333333333336,88.1016,0.6866,-0.2827,-0.20210115440116283,-0.2827,Téra
1356,2014,29.394777777777776,33.074444444444445,82.7938,-0.5874,-0.08830000000000002,0.2444392496392389,-0.14255357142857145,Téra
1356,2015,29.09766666666667,44.96577777777778,93.69579999999999,0.6334,0.1561,-0.05857590187590844,0.04759285714285713,Téra
1356,2016,29.15088888888889,40.61988888888889,91.57939999999999,0.44399999999999995,0.034899999999999994,-0.011257720057727738,-0.1278607142857143,Téra
1356,2017,29.12688888888889,31.473222222222223,87.4302,-0.6801999999999999,0.993,-0.04116176046176889,0.7759857142857143,Téra
1356,2018,29.16111111111111,33.970333333333336,91.4168,-0.2198,0.8105,-0.01284357864358654,0.5392321428571428,Téra
1356,2019,29.519777777777776,38.120777777777775,86.8254,0.3034,-0.34740000000000004,0.33991904761903413,-0.6729214285714287,Téra
1356,2020,29.05277777777778,64.9208888888889,93.385,2.3926,-0.13870000000000002,-0.1329849927850013,-0.518475,Téra
1356,2021,29.69688888888889,35.98211111111111,79.36240000000001,-0.3034,0.9829,0.5052220779220669,0.5488714285714286,Téra
1356,2022,29.23177777777778,37.698,86.64200000000001,-0.2008,-0.15510000000000002,0.03420692640691669,-0.6433821428571429,Téra
1356,2023,29.786,35.49422222222222,82.3498,-0.4568,0.5162,0.5825251082250986,-0.02633571428571435,Téra
1356,2024,28.921777777777777,60.39522222222222,98.0842,2.2498,0.827,-0.28760115440116607,0.23021071428571427,Téra
1356,2025,28.75255555555556,52.06877777777778,94.17660000000001,1.314,1.2569,-0.46272741702742337,0.6058571428571428,Téra
1356,2026,30.372142857142855,35.83114285714286,78.81933333333333,-0.2913333333333333,1.3984999999999999,1.1509558441558312,0.6932035714285713,Téra
1389,1989,29.683555555555554,19.358222222222224,,-0.0336,,-0.12710767195767048,,Tesker
1389,1990,29.94011111111111,9.454444444444444,,-1.8544,,0.1292904761904765,,Tesker
1389,1991,29.58566666666667,18.861555555555555,48.5342,0.0031999999999999863,,-0.2253113756613736,,Tesker
1389,1992,29.39288888888889,16.67488888888889,31.0704,-0.7058,,-0.4182465608465584,,Tesker
1389,1993,29.96388888888889,13.878777777777778,29.792,-1.325,,0.15259603174603242,,Tesker
1389,1994,28.529777777777774,32.358,63.9904,1.3442,,-1.2816724867724893,,Tesker
1389,1995,29.96433333333333,19.14011111111111,41.2132,-0.003799999999999998,,0.15272566137565846,,Tesker
1389,1996,30.41622222222222,12.241,28.6832,-1.407,,0.604457142857143,,Tesker
1389,1997,30.557111111111112,15.356555555555556,33.2216,-0.8997999999999999,,0.7451886243386276,,Tesker
1389,1998,29.37755555555556,22.07788888888889,49.596799999999995,-0.15539999999999998,,-0.4345243386243318,,Tesker
1389,1999,28.348333333333333,28.031,59.565,0.5558,,-1.463903968253966,,Tesker
1389,2000,29.981222222222225,17.23177777777778,34.676,-0.8328,,0.16882751322751943,,Tesker
1389,2001,29.828,20.83822222222222,45.5404,0.0732,-0.1959,0.015447883597886403,0.5285285714285716,Tesker
1389,2002,30.341333333333335,25.855555555555554,51.249199999999995,0.73,-0.5255,0.5286238095238147,0.13855952380952397,Tesker
1389,2003,29.798333333333332,20.834444444444443,51.386799999999994,0.4728,0.6171,-0.014533597883598759,1.2207904761904762,Tesker
1389,2004,30.373444444444445,13.341222222222221,35.6688,-0.9454,-0.7166,0.560420105820107,-0.1732785714285714,Tesker
1389,2005,29.60533333333333,25.898,49.094,1.145,-0.3681,-0.20784841269841436,0.11485238095238104,Tesker
1389,2006,30.182777777777776,19.02277777777778,36.37,-0.6564,-0.8105,0.36943862433862407,-0.3879166666666666,Tesker
1389,2007,29.45311111111111,24.511222222222223,45.062,0.46319999999999995,-0.1552,-0.3603854497354497,0.20701428571428576,Tesker
1389,2008,29.954,17.903777777777776,44.8874,-0.3916,-0.8473,0.14034603174603433,-0.5454547619047619,Tesker
1389,2009,30.856444444444442,9.72188888888889,20.9022,-1.8546,-1.3643999999999998,1.0426330687830685,-1.1229238095238094,Tesker
1389,2010,29.65811111111111,25.543,48.660000000000004,0.7368,-0.3176,-0.1558576719576692,-0.1364928571428571,Tesker
1389,2011,30.391555555555556,17.570888888888888,38.1462,-0.2718,-0.6683,0.577429365079368,-0.5475619047619047,Tesker
1389,2012,29.33277777777778,32.684333333333335,68.7856,1.7711999999999999,0.3712,-0.48150582010581644,0.4315690476190476,Tesker
1389,2013,29.82988888888889,18.076222222222224,44.7466,0.25220000000000004,0.046,0.015447883597886403,0.046,Tesker
1389,2014,30.060444444444443,14.720222222222223,40.5216,-0.8904,-0.2226,0.2458460317460336,-0.2829690476190476,Tesker
1389,2015,30.290555555555557,21.060111111111112,41.0848,-0.1976,0.0076000000000000095,0.47579973544973697,-0.11313809523809525,Tesker
1389,2016,30.050555555555555,24.21211111111111,57.1706,0.9091999999999999,0.6394,0.23564232804232788,0.45829285714285706,Tesker
1389,2017,30.102777777777778,17.21188888888889,40.4536,-0.1752,0.1099,0.28770714285714405,-0.1315761904761905,Tesker
1389,2018,29.415666666666667,17.370777777777775,50.062799999999996,-0.1246,0.7802,-0.3995613756613743,0.4783547619047619,Tesker
1389,2019,29.790000000000003,32.19133333333333,61.0678,1.9132000000000002,-0.5365,-0.02538544973544532,-0.8987142857142858,Tesker
1389,2020,29.624,23.742666666666665,50.61,0.4022,0.7886,-0.19154285714285635,0.36601666666666655,Tesker
1389,2021,30.176000000000002,29.352888888888888,53.774,1.1514,0.2793,0.3602997354497397,-0.20365238095238103,Tesker
1389,2022,29.281888888888894,30.273777777777777,58.125800000000005,0.9549999999999998,0.48829999999999996,-0.5339687830687758,-0.055021428571428665,Tesker
1389,2023,30.912666666666667,18.256777777777778,34.3642,-0.1386,-0.37,1.09665158730159,-0.9736904761904762,Tesker
1389,2024,28.58133333333333,36.553,75.3254,1.8707999999999998,1.3598,-1.2348391534391538,0.695740476190476,Tesker
1389,2025,29.46988888888889,31.772,65.28720000000001,1.2826,1.415,-0.34644100529100186,0.6905714285714285,Tesker
1389,2026,31.589142857142857,14.349571428571428,35.66466666666667,-1.0943333333333334,-0.028333333333333335,1.7726555555555592,-0.8131309523809525,Tesker
1669,1989,27.879444444444445,37.956888888888884,,0.23879999999999998,,-0.0606591269841239,,Takéita
1669,1990,28.11111111111111,26.704666666666668,,-1.2642,,0.17796587301587508,,Takéita
1669,1991,27.788777777777778,29.224999999999998,85.6942,-0.5791999999999999,,-0.13740912698412444,,Takéita
1669,1992,27.21311111111111,29.935111111111112,89.0524,-0.7814,,-0.7061174603174578,,Takéita
1669,1993,28.115,30.229444444444443,68.08840000000001,-1.3006,,0.202729761904763,,Takéita
1669,1994,26.910555555555554,46.38477777777778,98.059,0.4288,,-0.994756349206348,,Takéita
1669,1995,28.12377777777778,34.641,83.993,-0.3086,,0.22542420634921,,Takéita
1669,1996,28.391000000000002,26.856333333333332,63.088800000000006,-1.6602000000000001,,0.49960476190476655,,Takéita
1669,1997,28.49777777777778,31.106444444444442,77.6314,-0.9241999999999999,,0.6133408730158791,,Takéita
1669,1998,27.519444444444446,44.00333333333333,95.6224,0.2948,,-0.35803412698412274,,Takéita
1669,1999,26.560111111111112,50.19833333333333,98.477,0.7689999999999999,,-1.3104091269841227,,Takéita
1669,2000,28.197333333333333,32.86244444444444,82.464,-0.7706,,0.3337714285714313,,Takéita
1669,2001,27.703777777777777,47.94122222222222,94.10260000000001,1.6384,-0.4043,-0.1528257936507913,0.26020769230769225,Takéita
1669,2002,28.292777777777776,44.672222222222224,91.4768,0.48460000000000003,-0.6784000000000001,0.44313253968254074,-0.06926794871794884,Takéita
1669,2003,27.741444444444443,45.36022222222223,95.1172,1.3956,0.015100000000000002,-0.10124246031745798,0.5688564102564102,Takéita
1669,2004,28.327777777777776,34.66177777777778,85.875,0.2032,-0.7608999999999999,0.4920492063492077,-0.2625192307692307,Takéita
1669,2005,27.702222222222222,38.37288888888889,89.481,0.6742,1.0336,-0.1265480158730128,1.4766051282051282,Takéita
1669,2006,28.182888888888886,40.32955555555556,83.8388,-0.5316,-1.1954000000000002,0.36107698412698497,-0.807770512820513,Takéita
1669,2007,27.372666666666664,33.093222222222224,82.6704,-0.4338,-0.6886000000000001,-0.44218690476190403,-0.356346153846154,Takéita
1669,2008,27.835,43.02988888888889,93.955,0.8934,-0.16260000000000002,0.027104761904766406,0.11427820512820508,Takéita
1669,2009,28.993333333333332,22.64388888888889,58.589,-1.8576000000000001,-1.2321999999999997,1.1923964285714312,-1.0106974358974357,Takéita
1669,2010,27.632333333333335,41.1,91.85679999999999,0.6494,-0.43299999999999994,-0.16164523809523246,-0.2668730769230769,Takéita
1669,2011,28.176555555555556,32.05622222222222,79.9126,-0.3386,-0.045399999999999996,0.38953531746032155,0.06535128205128204,Takéita
1669,2012,27.224777777777778,43.133111111111106,95.0946,1.097,0.8607,-0.5552841269841231,0.916075641025641,Takéita
1669,2013,28.047777777777778,35.07511111111111,85.36800000000001,0.1172,-0.2684,0.2746742063492107,-0.2684,Takéita
1669,2014,28.231,32.68477777777778,86.4038,-0.6794,-0.2858,0.4648547619047676,-0.341175641025641,Takéita
1669,2015,28.116888888888887,37.241,87.2204,-0.38639999999999997,0.018899999999999997,0.3577019841269866,-0.09185128205128204,Takéita
1669,2016,28.273222222222223,25.126,81.201,-1.15,-1.0236,0.5209936507936561,-1.1897269230769232,Takéita
1669,2017,28.00111111111111,31.46177777777778,84.909,-0.1662,0.6507000000000001,0.25584087301587743,0.429197435897436,Takéita
1669,2018,27.388444444444445,36.587666666666664,96.34020000000001,0.2722,0.33820000000000006,-0.34986746031745497,0.061321794871794955,Takéita
1669,2019,28.07,40.30877777777778,91.3252,0.9725999999999999,-0.5145,0.33864642857143323,-0.8467538461538461,Takéita
1669,2020,27.22011111111111,47.89966666666666,96.65299999999999,1.1944,0.0379,-0.5042841269841247,-0.34972948717948715,Takéita
1669,2021,27.926555555555556,44.343444444444444,92.9286,0.41319999999999996,0.2525,0.20911865079365555,-0.19050512820512816,Takéita
1669,2022,26.976777777777777,45.330555555555556,97.4778,0.6519999999999999,-0.0583,-0.7337007936507902,-0.5566807692307691,Takéita
1669,2023,28.348666666666666,45.748333333333335,91.2184,0.7632,1.0998999999999999,0.645146428571433,0.5461435897435897,Takéita
1669,2024,26.990444444444442,67.6348888888889,99.877,2.2408,1.4283000000000001,-0.7061174603174578,0.8191679487179488,Takéita
1669,2025,27.182888888888886,47.61522222222222,97.602,0.7455999999999999,1.6125,-0.5067146825396804,0.9479923076923078,Takéita
1669,2026,28.904857142857143,32.88357142857143,69.331,-0.38933333333333336,0.6905,1.2222119047619096,-0.029383333333333206,Takéita
1673,1989,28.41611111111111,29.31122222222222,,0.06239999999999999,,-0.13056349206349083,,Tanout
1673,1990,28.655888888888892,23.210444444444445,,-0.9198000000000001,,0.11260317460317992,,Tanout
1673,1991,28.246,29.185666666666666,79.73580000000001,0.1196,,-0.2938968253968248,,Tanout
1673,1992,27.87211111111111,20.91977777777778,66.295,-1.1152,,-0.6643968253968247,,Tanout
1673,1993,28.705333333333336,24.701,51.7466,-1.114,,0.17221428571428987,,Tanout
1673,1994,27.49777777777778,39.83233333333333,91.941,0.5875999999999999,,-1.0319523809523758,,Tanout
1673,1995,28.783,31.698666666666668,70.2644,-0.0464,,0.2566587301587333,,Tanout
1673,1996,29.192333333333334,16.228333333333335,39.2864,-2.3245999999999998,,0.6693809523809549,,Tanout
1673,1997,29.102444444444448,21.631777777777778,55.288,-1.1732,,0.5828809523809575,,Tanout
1673,1998,27.961222222222222,32.24888888888889,85.922,-0.03759999999999999,,-0.5549523809523791,,Tanout
1673,1999,27.124,45.69188888888888,94.1258,1.371,,-1.3887857142857136,,Tanout
1673,2000,28.824111111111115,25.721,65.4154,-0.7508,,0.3147142857142917,,Tanout
1673,2001,28.399222222222225,37.11866666666666,86.2476,1.0576,-0.2621,-0.10678571428571004,0.07136785714285715,Tanout
1673,2002,28.996555555555556,29.65555555555555,74.7548,-0.123,-0.7107,0.49393650793651034,-0.40502113095238096,Tanout
1673,2003,28.366444444444443,37.02288888888889,85.84639999999999,1.181,0.22039999999999998,-0.1327857142857134,0.49828988095238097,Tanout
1673,2004,29.147555555555552,24.023777777777777,64.6784,-0.4204,-1.0213,0.6517142857142844,-0.7711991071428572,Tanout
1673,2005,28.39688888888889,31.15122222222222,71.23920000000001,0.5316,0.6685,-0.09556349206349068,0.8908119047619047,Tanout
1673,2006,28.715333333333334,32.49177777777778,67.9494,-0.6135999999999999,-1.1772,0.2262698412698434,-0.9826770833333334,Tanout
1673,2007,28.109666666666666,29.093444444444444,67.9236,-0.11040000000000001,-0.9897,-0.3760079365079356,-0.8229660714285715,Tanout
1673,2008,28.797666666666665,37.031444444444446,81.084,0.8542,0.4572,0.3153809523809521,0.5961449404761905,Tanout
1673,2009,29.712666666666664,17.425333333333334,39.0026,-1.7841999999999998,-1.4805000000000001,1.2337698412698401,-1.3693440476190477,Tanout
1673,2010,28.47277777777778,36.12211111111111,76.0532,0.9304,0.4549,-0.0027301587301558072,0.5382669642857143,Tanout
1673,2011,28.944666666666667,28.14044444444444,64.42999999999999,0.1258,0.1205,0.47254761904762077,0.1760779761904762,Tanout
1673,2012,28.140888888888888,35.71677777777778,80.5678,1.0626000000000002,1.2019000000000002,-0.3278412698412687,1.2296889880952382,Tanout
1673,2013,28.67188888888889,34.24988888888888,71.7764,1.0148,0.3194,0.20654761904762253,0.3194,Tanout
1673,2014,28.76311111111111,31.59911111111111,72.4032,0.0852,-0.00019999999999999185,0.3011587301587326,-0.027988988095238088,Tanout
1673,2015,28.931777777777782,27.073111111111114,62.6078,-0.8516,-0.49929999999999997,0.4732142857142918,-0.5548779761904762,Tanout
1673,2016,28.873777777777775,20.89977777777778,61.6588,-0.9608000000000001,-0.002599999999999998,0.41860317460317376,-0.08596696428571429,Tanout
1673,2017,28.636888888888887,25.686333333333334,69.1708,0.010199999999999987,0.4897,0.18510317460317438,0.37854404761904764,Tanout
1673,2018,28.082,32.55777777777777,78.7488,0.6026,0.2178,-0.36639682539682283,0.0788550595238095,Tanout
1673,2019,28.701666666666668,34.05111111111111,77.887,0.7736,-0.6138,0.2566587301587333,-0.7805339285714286,Tanout
1673,2020,27.90088888888889,36.01988888888889,86.8914,0.6692,-0.03229999999999998,-0.5407301587301561,-0.22682291666666665,Tanout
1673,2021,28.776444444444444,37.29966666666667,78.55940000000001,0.48119999999999996,0.3423,0.3382142857142867,0.11998809523809523,Tanout
1673,2022,27.807888888888886,40.179111111111105,81.16499999999999,0.6252000000000001,0.08009999999999998,-0.6269523809523818,-0.1700008928571429,Tanout
1673,2023,29.058111111111113,35.31622222222222,68.18719999999999,0.38739999999999997,-0.1187,0.6266587301587343,-0.396589880952381,Tanout
1673,2024,27.31088888888889,58.27744444444444,98.4304,2.1122,0.21650000000000003,-1.1171746031746004,-0.08917886904761901,Tanout
1673,2025,27.856,39.20733333333333,88.98519999999999,0.43420000000000003,1.8568,-0.5686746031745997,1.523332142857143,Tanout
1673,2026,29.728857142857144,28.90028571428571,56.74866666666666,-0.236,-0.26833333333333337,1.307571428571432,-0.6295901785714286,Tanout
1687,1989,26.99,55.156333333333336,,-0.3554,,-0.4199238095238158,,Dioundiou
1687,1990,27.672777777777778,50.053333333333335,,-1.0076,,0.2558857142857107,,Dioundiou
1687,1991,27.254222222222225,46.87,95.8588,-0.14899999999999997,,-0.16963809523809914,,Dioundiou
1687,1992,26.977777777777778,64.81088888888888,97.8604,0.7594000000000001,,-0.4530507936507995,,Dioundiou
1687,1993,27.626333333333335,50.090666666666664,98.8692,-0.9856,,0.18853650793650445,,Dioundiou
1687,1994,26.877,76.20233333333334,99.5346,2.2350000000000003,,-0.5677650793650848,,Dioundiou
1687,1995,27.60422222222222,53.62711111111111,95.69579999999999,-0.6527999999999999,,0.15248888888888246,,Dioundiou
1687,1996,27.51511111111111,50.21755555555555,96.9196,-0.6066,,0.05640952380952058,,Dioundiou
1687,1997,28.26111111111111,41.84788888888889,98.0376,-1.7266,,0.7954412698412661,,Dioundiou
1687,1998,27.303,56.87433333333334,99.9528,-0.13799999999999998,,-0.16963809523809914,,Dioundiou
1687,1999,26.86611111111111,79.16088888888889,98.2756,1.1634,,-0.6134952380952434,,Dioundiou
1687,2000,27.525111111111112,55.35377777777778,96.2068,0.04239999999999998,,0.03853650793650587,,Dioundiou
1687,2001,27.452777777777776,57.00944444444445,98.4162,0.006000000000000004,0.010299999999999997,-0.04076507936508378,-0.32810902255639096,Dioundiou
1687,2002,27.659000000000002,62.74777777777778,99.7896,0.24319999999999994,0.7764,0.1584888888888898,0.46619172932330827,Dioundiou
1687,2003,27.24588888888889,67.85255555555555,99.67439999999999,0.9592,0.778,-0.26159047619047726,0.49599248120300754,Dioundiou
1687,2004,27.627444444444443,48.172,97.8718,-1.1552,0.2928,0.11299682539682365,0.0389932330827068,Dioundiou
1687,2005,27.670555555555556,60.272999999999996,98.6328,0.8226000000000001,0.9944000000000001,0.1491396825396798,0.7687939849624061,Dioundiou
1687,2006,27.58488888888889,73.35566666666666,97.38239999999999,0.7686,0.3397,0.056504761904761835,0.14229473684210528,Dioundiou
1687,2007,27.422777777777778,60.687,98.1108,0.53,-0.3877,-0.112574603174604,-0.5569045112781954,Dioundiou
1687,2008,27.415777777777777,57.144777777777776,99.0904,0.2572,0.3216,-0.12654285714285862,0.18059624060150375,Dioundiou
1687,2009,28.025,53.92166666666667,98.6418,0.0568,-0.6505000000000001,0.4757111111111101,-0.7633030075187971,Dioundiou
1687,2010,27.55211111111111,52.758,99.2316,-0.11879999999999999,-0.1116,-0.004146031746032008,-0.19620225563909774,Dioundiou
1687,2011,28.495333333333335,44.96488888888889,96.65180000000001,-1.5946,-0.6454,0.9321079365079399,-0.7018015037593984,Dioundiou
1687,2012,27.297666666666668,62.12488888888889,99.2636,0.41739999999999994,-0.4112,-0.2725269841269835,-0.43940075187969924,Dioundiou
1687,2013,27.52911111111111,51.794222222222224,98.6938,-0.40459999999999996,-0.1437,-0.04805079365079479,-0.1437,Dioundiou
1687,2014,27.59155555555556,57.785999999999994,99.59880000000001,-0.1424,0.7122999999999999,0.007425396825400554,0.7405007518796992,Dioundiou
1687,2015,27.790555555555557,55.547888888888885,98.94680000000001,-0.5896,-1.2856999999999998,0.19945714285714544,-1.2292984962406013,Dioundiou
1687,2016,27.72222222222222,47.87555555555556,99.32759999999999,-1.1827999999999999,-0.2569,0.12415555555555713,-0.17229774436090228,Dioundiou
1687,2017,27.823888888888888,45.57944444444445,98.2818,-0.5874,0.8021,0.21885396825397052,0.914903007518797,Dioundiou
1687,2018,27.423444444444446,59.33422222222222,99.5928,0.22139999999999999,0.3879,-0.18855873015872504,0.5289037593984962,Dioundiou
1687,2019,27.737555555555556,65.00533333333334,99.6346,0.8682000000000001,0.43710000000000004,0.11858412698412835,0.6063045112781955,Dioundiou
1687,2020,27.362000000000002,73.10866666666666,99.7654,1.2014,-0.0689,-0.2639396825396787,0.12850526315789473,Dioundiou
1687,2021,27.784444444444446,64.27211111111112,98.599,0.3324,-0.7935,0.15153650793651252,-0.5678939849624061,Dioundiou
1687,2022,27.278666666666666,68.86322222222222,99.63640000000001,1.1684,-0.0069,-0.36120952380952076,0.2469067669172932,Dioundiou
1687,2023,28.206777777777777,47.67211111111111,98.05080000000001,-0.8458,-0.2281,0.559933333333337,0.05390751879699249,Dioundiou
1687,2024,27.356333333333332,78.428,99.8588,1.7056,-0.4315,-0.29747936507936146,-0.12129172932330828,Dioundiou
1687,2025,27.115444444444442,69.533,99.2704,0.7872,-0.4188,-0.5453365079365042,-0.08039097744360907,Dioundiou
1687,2026,28.366714285714288,35.25442857142857,89.67466666666667,-2.3190000000000004,0.27899999999999997,0.6989650793650846,0.6456097744360902,Dioundiou
1875,1989,27.450000000000003,63.490111111111105,,0.37320000000000003,,-0.3621039682539724,,Say
1875,1990,28.06377777777778,48.138888888888886,,-1.2222,,0.2482238095238074,,Say
1875,1991,27.653222222222222,38.06133333333334,94.9134,-0.9294,,-0.165781746031751,,Say
1875,1992,27.55688888888889,49.34844444444444,97.4418,-0.5112,,-0.26556507936508567,,Say
1875,1993,27.952777777777776,52.37211111111111,98.9004,-0.2792,,0.12687380952380067,,Say
1875,1994,27.131333333333334,76.6711111111111,99.7842,2.3129999999999997,,-0.6980206349206384,,Say
1875,1995,27.89333333333333,50.89922222222222,95.7894,-0.5378000000000001,,0.06052936507935769,,Say
1875,1996,27.910444444444444,47.35122222222222,95.3812,-0.733,,0.07419047619046992,,Say
1875,1997,28.807,37.48544444444445,95.3644,-2.2404,,0.9672960317460237,,Say
1875,1998,27.58488888888889,66.93588888888888,99.7774,0.7003999999999999,,-0.25826507936508136,,Say
1875,1999,27.221222222222224,72.57877777777777,99.58720000000001,0.9385999999999999,,-0.6253817460317492,,Say
1875,2000,28.036444444444445,50.36811111111111,95.4436,-0.22140000000000004,,0.18639047619047133,,Say
1875,2001,28.056666666666665,51.63622222222222,98.5548,-0.18639999999999998,-0.2547,0.2031626984126902,-0.6141294117647059,Say
1875,2002,28.259333333333334,53.62211111111112,99.19539999999999,-0.4016,0.5383,0.4023793650793621,0.20882303921568623,Say
1875,2003,27.590888888888887,54.49122222222222,99.1902,-0.015200000000000005,0.4913,-0.26951507936508534,0.19177549019607837,Say
1875,2004,27.917444444444445,47.13177777777778,97.9088,-0.865,0.5492,0.05359047619047175,0.27962794117647055,Say
1875,2005,27.928,55.64077777777778,99.1732,0.41719999999999996,1.5881,0.060696031746026335,1.3484803921568629,Say
1875,2006,27.75311111111111,66.79977777777778,98.57860000000001,0.5282,-0.1615,-0.1176428571428616,-0.37116715686274515,Say
1875,2007,27.71333333333333,60.846666666666664,97.8644,0.49799999999999994,-0.049,-0.16087063492064146,-0.228714705882353,Say
1875,2008,27.622555555555557,51.63144444444444,98.9372,-0.514,0.5875999999999999,-0.25509841269841615,0.4378377450980391,Say
1875,2009,28.310111111111112,55.09544444444444,98.4532,0.0854,0.30579999999999996,0.42900714285713804,0.1859901960784313,Say
1875,2010,27.904555555555554,58.879222222222225,99.75739999999999,0.2048,0.1915,0.02000158730157864,0.10164264705882352,Say
1875,2011,28.772,49.98977777777778,95.241,-0.593,-0.2408,0.883996031746026,-0.3007049019607843,Say
1875,2012,27.537,57.111777777777775,99.5682,0.014599999999999997,-0.1339,-0.35445396825397424,-0.16385245098039214,Say
1875,2013,27.818555555555555,55.03766666666667,96.9034,0.09640000000000001,-0.6526000000000001,-0.07634841269841885,-0.6526000000000001,Say
1875,2014,28.04577777777778,53.059333333333335,98.9392,-0.075,-0.4188,0.14742380952380785,-0.38884754901960783,Say
1875,2015,28.070333333333334,61.41877777777778,99.2994,0.2882,-1.7973999999999997,0.16852936507936178,-1.7374950980392154,Say
1875,2016,27.979444444444443,54.117555555555555,99.652,-0.182,0.32820000000000005,0.07419047619046992,0.4180573529411765,Say
1875,2017,27.98111111111111,46.626999999999995,98.6786,0.0492,0.5094,0.07240714285713779,0.6292098039215686,Say
1875,2018,27.962333333333333,54.915888888888894,99.2314,-0.5614,-0.7474999999999999,0.05017936507935872,-0.5977377450980391,Say
1875,2019,28.10188888888889,63.56144444444445,99.1786,1.279,0.2753,0.1862849206349182,0.45501470588235293,Say
1875,2020,27.59722222222222,71.77822222222223,99.7728,1.4196,-0.1312,-0.32183174603175146,0.07846715686274511,Say
1875,2021,28.048,64.035,97.1994,1.2158,-0.3023,0.12549603174602453,-0.06268039215686272,Say
1875,2022,27.554222222222222,62.40622222222222,99.6326,0.6818,-0.4499,-0.37173174603174886,-0.18032794117647055,Say
1875,2023,28.316444444444446,44.53666666666666,98.0664,-1.1442,0.0537,0.38704047619047444,0.3532245098039216,Say
1875,2024,27.67511111111111,72.30855555555556,99.836,1.4816,-0.0134,-0.25774285714286194,0.31607696078431374,Say
1875,2025,27.45488888888889,59.87766666666667,98.3574,0.3706,-0.3197,-0.4814150793650853,0.03972941176470596,Say
1875,2026,28.794714285714285,49.613571428571426,99.37599999999999,-0.32466666666666666,0.6971666666666667,0.8549603174603106,1.0865485294117647,Say
1895,1989,29.051555555555556,32.21344444444444,,0.154,,-0.13814603174603945,,Goudoumaria
1895,1990,29.45777777777778,23.052555555555557,,-1.16,,0.27357911445279015,,Goudoumaria
1895,1991,29.004111111111108,30.84733333333333,74.47,0.44800000000000006,,-0.1745846282372696,,Goudoumaria
1895,1992,28.646777777777782,24.032555555555557,50.5696,-1.0646,,-0.5264150375939884,,Goudoumaria
1895,1993,29.477555555555554,25.74488888888889,50.638,-0.843,,0.30986566416039096,,Goudoumaria
1895,1994,27.881555555555554,40.51933333333333,77.3442,0.9411999999999999,,-1.2806314118629984,,Goudoumaria
1895,1995,29.192666666666664,24.837222222222223,58.8728,-0.6072,,0.03598262322471868,,Goudoumaria
1895,1996,29.59622222222222,24.699222222222218,47.6922,-0.8806,,0.44504110275688546,,Goudoumaria
1895,1997,30.09877777777778,24.21366666666667,47.6546,-1.041,,0.9530995822890524,,Goudoumaria
1895,1998,28.807222222222222,34.47777777777778,70.98339999999999,0.118,,-0.3329530492898982,,Goudoumaria
1895,1999,27.915888888888887,37.220555555555556,71.107,0.23959999999999998,,-1.218783458646623,,Goudoumaria
1895,2000,29.128111111111114,25.314666666666668,44.7618,-1.3948,,-0.0010583124477889783,,Goudoumaria
1895,2001,29.08566666666667,30.05177777777778,57.81079999999999,-0.2788,0.035699999999999996,-0.03799983291562725,0.4696428571428571,Goudoumaria
1895,2002,29.797444444444448,33.587999999999994,59.289199999999994,-0.07139999999999999,-0.4286,0.679280868838763,-0.030819047619047635,Goudoumaria
1895,2003,29.005999999999997,34.041333333333334,79.7612,0.768,0.48829999999999996,-0.10666065162908112,0.8499190476190475,Goudoumaria
1895,2004,29.544333333333334,21.527555555555555,50.3966,-1.0741999999999998,-0.9488999999999999,0.4371756056808671,-0.6234428571428571,Goudoumaria
1895,2005,28.785888888888888,33.150000000000006,68.935,0.678,0.39749999999999996,-0.31576591478697225,0.686795238095238,Goudoumaria
1895,2006,29.537444444444443,28.720555555555556,56.4904,-0.4404,-0.6303,0.44129256474518996,-0.37716666666666665,Goudoumaria
1895,2007,28.59877777777778,36.16277777777778,68.3544,0.5843999999999999,-0.528,-0.4918711779448621,-0.3110285714285715,Goudoumaria
1895,2008,29.11588888888889,24.780444444444445,58.715599999999995,-0.7872,-0.1488,0.03074285714285452,0.03200952380952379,Goudoumaria
1895,2009,30.197999999999997,22.81511111111111,40.069599999999994,-1.1376000000000002,-1.1664,1.1183568922305689,-1.021752380952381,Goudoumaria
1895,2010,28.77877777777778,38.45011111111111,70.773,1.0012,-0.0373,-0.2953624060150375,0.07118571428571427,Goudoumaria
1895,2011,29.496333333333332,22.967666666666666,50.6002,-1.1964000000000001,-0.7323000000000001,0.42769607351712224,-0.6599761904761905,Goudoumaria
1895,2012,28.40822222222222,37.873333333333335,87.412,0.9982,0.7997,-0.6549121136173817,0.8358619047619047,Goudoumaria
1895,2013,29.20077777777778,30.171,65.1934,0.1774,-0.3855,0.14314636591478802,-0.3855,Goudoumaria
1895,2014,29.482000000000003,22.31388888888889,54.977599999999995,-1.3812000000000002,-0.40690000000000004,0.4298715121136176,-0.44306190476190477,Goudoumaria
1895,2015,29.636,30.22077777777778,55.023199999999996,-0.4864,-0.1575,0.5893744360902247,-0.2298238095238095,Goudoumaria
1895,2016,29.063666666666663,38.54177777777778,84.2828,1.3952,1.0404,0.022544026733495315,0.9319142857142857,Goudoumaria
1895,2017,29.41866666666667,26.770666666666664,58.6914,-0.1306,0.2081,0.38304695071010997,0.06345238095238098,Goudoumaria
1895,2018,28.89033333333333,33.60733333333334,70.9218,0.5688,1.3841999999999999,-0.1397834586466189,1.2033904761904761,Goudoumaria
1895,2019,29.023555555555554,43.42133333333334,77.639,1.7611999999999999,0.2192,-0.0010583124477889783,0.0022285714285714686,Goudoumaria
1895,2020,28.55755555555556,39.44444444444444,74.775,0.8423999999999999,0.4631,-0.46155538847117583,0.2099666666666667,Goudoumaria
1895,2021,29.208000000000002,45.05888888888889,75.354,1.4776,0.23120000000000002,0.19439197994987722,-0.05809523809523803,Goudoumaria
1895,2022,28.308,49.23266666666667,86.676,1.8752,-0.2781,-0.7001050960735178,-0.6035571428571428,Goudoumaria
1895,2023,29.936444444444444,30.288666666666668,58.8018,-0.06720000000000001,-0.7714000000000001,0.9338422723475368,-1.1330190476190476,Goudoumaria
1895,2024,28.218333333333334,48.183,90.90119999999999,1.8532,0.7964,-0.7787659147869661,0.39861904761904765,Goudoumaria
1895,2025,28.935111111111112,37.434555555555555,81.0274,0.9882,0.5915000000000001,-0.05648521303258036,0.15755714285714306,Goudoumaria
1895,2026,30.651999999999997,24.384285714285713,62.638666666666666,-1.3253333333333333,-0.9159999999999999,1.6659065998329154,-1.3861047619047617,Goudoumaria
1990,1989,27.04588888888889,44.86577777777777,,0.5372,,0.14681746031746812,,Aguié
1990,1990,27.231111111111108,31.66111111111111,,-1.0739999999999998,,0.32831746031746434,,Aguié
1990,1991,26.634444444444444,38.74,92.57759999999999,0.10600000000000001,,-0.2720714285714223,,Aguié
1990,1992,26.38688888888889,32.94811111111111,94.4006,-1.1603999999999999,,-0.5233492063491987,,Aguié
1990,1993,27.201333333333334,29.65855555555556,74.8846,-2.0545999999999998,,0.28737301587302255,,Aguié
1990,1994,26.20777777777778,50.179,98.7328,0.7404,,-0.709904761904756,,Aguié
1990,1995,27.00877777777778,38.932,91.02340000000001,-0.3324,,0.08737301587302326,,Aguié
1990,1996,27.30522222222222,32.45077777777778,77.8878,-1.4125999999999999,,0.38009523809524026,,Aguié
1990,1997,27.55388888888889,33.95433333333333,90.752,-0.6182000000000001,,0.6250396825396862,,Aguié
1990,1998,26.83588888888889,45.56666666666667,93.6206,0.2914,,-0.09668253968253637,,Aguié
1990,1999,25.997666666666664,62.48811111111112,99.2928,1.7388000000000001,,-0.9386269841269836,,Aguié
1990,2000,27.256444444444444,39.93188888888889,90.5798,-0.2234,,0.31642857142857395,,Aguié
1990,2001,26.852444444444444,54.749444444444435,95.2942,1.9666000000000001,0.126,-0.0912936507936486,0.6924428571428571,Aguié
1990,2002,27.339222222222222,44.38388888888889,91.7968,0.148,0.1475,0.391761904761907,0.6667392857142856,Aguié
1990,2003,26.85988888888889,50.81144444444445,97.5766,1.48,0.6143000000000001,-0.0912936507936486,1.0863357142857144,Aguié
1990,2004,27.282555555555557,36.662333333333336,89.2552,-0.05500000000000003,-0.16499999999999998,0.32765079365079686,0.2598321428571429,Aguié
1990,2005,26.904333333333334,41.96377777777778,95.4992,0.1146,0.46549999999999997,-0.05429365079364956,0.8431285714285714,Aguié
1990,2006,27.409000000000002,45.24188888888889,90.9298,-0.1572,-1.03,0.44665079365079663,-0.6995750000000001,Aguié
1990,2007,26.854666666666667,32.330555555555556,85.6522,-0.9027999999999998,-0.9112999999999999,-0.11140476190476178,-0.6280785714285713,Aguié
1990,2008,27.073333333333334,38.09211111111111,92.4366,-0.2428,-0.8424,0.10353968253968304,-0.6063821428571429,Aguié
1990,2009,27.813000000000002,32.64388888888889,83.8838,-1.0348,-1.0191999999999999,0.8394841269841287,-0.8303857142857142,Aguié
1990,2010,26.92511111111111,47.157222222222224,98.2822,1.0204,-0.746,-0.052126984126985576,-0.6043892857142857,Aguié
1990,2011,27.429111111111112,35.36888888888889,88.817,-0.1462,0.2198,0.44815079365079313,0.31420714285714285,Aguié
1990,2012,26.334555555555553,38.727333333333334,96.0932,0.3354,0.6896,-0.6501269841269881,0.7368035714285714,Aguié
1990,2013,27.012777777777778,47.297333333333334,93.7424,0.8224,-0.8419,0.02437301587301377,-0.8419,Aguié
1990,2014,27.394,39.947,90.0352,-0.0928,-0.49950000000000006,0.4018730158730115,-0.5467035714285715,Aguié
1990,2015,27.306666666666665,40.198,95.032,-0.6801999999999999,-1.2649,0.3108174603174554,-1.3593071428571428,Aguié
1990,2016,27.421888888888887,35.442,93.26820000000001,0.082,0.2832,0.4223174603174549,0.14158928571428572,Aguié
1990,2017,27.108888888888888,25.134888888888888,90.48440000000001,-1.5358,0.7166999999999999,0.10559523809523341,0.5278857142857142,Aguié
1990,2018,26.738666666666667,42.156,98.4288,0.02319999999999998,0.1059,-0.26834920634921033,-0.13011785714285715,Aguié
1990,2019,27.276555555555557,40.16266666666667,92.91120000000001,-0.1676,0.2092,0.26581746031745723,-0.07402142857142857,Aguié
1990,2020,26.41122222222222,53.66111111111112,98.27680000000001,1.2888,-0.08589999999999999,-0.6032380952381011,-0.41632499999999995,Aguié
1990,2021,27.131666666666668,55.00666666666667,93.3652,1.1986,-0.242,0.11348412698412247,-0.6196285714285714,Aguié
1990,2022,26.32888888888889,47.12577777777778,98.5448,0.1694,0.2923,-0.6930158730158773,-0.13253214285714288,Aguié
1990,2023,27.653777777777776,45.79877777777777,98.6082,-0.19519999999999998,1.371,0.6281507936507857,0.8989642857142857,Aguié
1990,2024,26.380222222222223,66.42144444444445,98.73060000000001,1.8174,1.3164,-0.6491269841269904,0.7971607142857143,Aguié
1990,2025,26.311999999999998,57.32777777777778,98.7174,0.9648,1.2187000000000001,-0.7210714285714381,0.652257142857143,Aguié
1990,2026,27.608857142857143,43.08228571428572,81.48566666666666,-0.09200000000000001,2.571333333333333,0.5720634920634851,1.9576869047619043,Aguié
2159,1989,28.55944444444444,35.034666666666666,,0.34659999999999996,,-0.3320718253968238,,Bagaroua
2159,1990,29.11888888888889,31.148,,0.029800000000000004,,0.23155317460317804,,Bagaroua
2159,1991,28.812444444444445,29.692222222222217,88.1152,0.3042,,-0.07071071428570974,,Bagaroua
2159,1992,28.16688888888889,32.11355555555556,87.647,-0.23160000000000003,,-0.7120857142857098,,Bagaroua
2159,1993,29.078,23.597666666666665,62.9732,-1.3652,,0.20320595238095507,,Bagaroua
2159,1994,28.11877777777778,51.14011111111111,98.3908,2.3,,-0.7518357142857113,,Bagaroua
2159,1995,29.089777777777776,26.44333333333333,77.44919999999999,-0.8904,,0.22334484126984222,,Bagaroua
2159,1996,29.20011111111111,20.24677777777778,60.660199999999996,-1.2512,,0.3378587301587288,,Bagaroua
2159,1997,29.304222222222222,20.687666666666665,65.1304,-1.6956,,0.4461503968253986,,Bagaroua
2159,1998,28.548999999999996,37.092666666666666,94.5914,0.5002,,-0.3048912698412707,,Bagaroua
2159,1999,27.814444444444444,50.46911111111111,96.5768,1.9818000000000002,,-1.0352662698412693,,Bagaroua
2159,2000,28.861000000000004,26.654333333333334,77.74199999999999,-0.6684,,0.015469841269847961,,Bagaroua
2159,2001,28.72522222222222,30.57033333333333,87.9812,-0.05419999999999999,-0.2466,-0.11612738095238129,0.004919999999999952,Bagaroua
2159,2002,29.422888888888888,29.604777777777777,74.532,-0.7028,-1.7215,0.5857198412698423,-1.4909400000000002,Bagaroua
2159,2003,28.590111111111113,33.74955555555555,90.0118,0.6584,0.6683000000000001,-0.24287738095237899,0.8779000000000001,Bagaroua
2159,2004,29.377333333333336,28.83311111111111,82.01480000000001,-0.5014000000000001,-0.5679000000000001,0.5485253968254007,-0.37926000000000004,Bagaroua
2159,2005,29.046222222222223,32.80177777777778,85.8342,0.6694,0.7617,0.22159484126984097,0.9293800000000001,Bagaroua
2159,2006,28.891555555555556,47.98211111111111,88.35119999999999,1.1874,-0.20990000000000003,0.07110873015873054,-0.06318000000000004,Bagaroua
2159,2007,28.61811111111111,38.94911111111111,93.7012,1.2386,0.7884,-0.1981551587301631,0.91416,Bagaroua
2159,2008,28.82477777777778,29.95411111111111,78.394,-0.1142,-0.1816,0.01269206349206442,-0.07680000000000001,Bagaroua
2159,2009,29.657555555555557,26.87311111111111,61.8968,-0.7405999999999999,-0.9449000000000001,0.8496503968253997,-0.86106,Bagaroua
2159,2010,28.647777777777776,36.623555555555555,94.1024,0.7452,-0.04069999999999999,-0.15594682539682836,0.02218,Bagaroua
2159,2011,29.470444444444443,23.345444444444446,59.5432,-0.827,0.831,0.6709003968253953,0.8729199999999999,Bagaroua
2159,2012,28.422,36.025000000000006,94.6904,-0.0894,-0.24029999999999999,-0.3733634920634934,-0.21933999999999998,Bagaroua
2159,2013,28.751333333333335,31.200555555555557,79.9158,0.13140000000000002,0.0553,-0.039849603174602066,0.0553,Bagaroua
2159,2014,28.770666666666664,32.794000000000004,89.431,0.06380000000000001,0.0622,-0.016335714285720115,0.04124,Bagaroua
2159,2015,28.74777777777778,35.38688888888888,92.00800000000001,0.0996,-0.1403,-0.03504404761904567,-0.18222,Bagaroua
2159,2016,28.78533333333333,33.373444444444445,89.5692,0.21459999999999999,0.06810000000000001,0.006692063492057088,0.005220000000000016,Bagaroua
2159,2017,29.22077777777778,21.877222222222223,77.0124,-1.7012,0.13859999999999997,0.4463170634920637,0.054759999999999975,Bagaroua
2159,2018,28.64511111111111,34.87822222222222,95.3202,0.2758,-0.3951,-0.12516904761905323,-0.4999,Bagaroua
2159,2019,29.149,29.48277777777778,73.86319999999999,-0.6274,-0.5678000000000001,0.382900396825395,-0.6935600000000001,Bagaroua
2159,2020,28.23188888888889,42.47533333333333,98.503,1.4006,0.16870000000000002,-0.5300301587301632,0.021980000000000027,Bagaroua
2159,2021,29.339,36.506777777777785,86.5592,0.135,0.2774,0.5812615079365031,0.10971999999999998,Bagaroua
2159,2022,28.448666666666668,34.244,86.17960000000001,-0.25220000000000004,0.39059999999999995,-0.3048912698412707,0.20195999999999995,Bagaroua
2159,2023,29.77477777777778,28.683777777777777,84.76140000000001,-0.6003999999999999,-0.5385,1.0254003968253933,-0.7481,Bagaroua
2159,2024,27.957,42.897666666666666,98.9182,1.3439999999999999,-0.3995,-0.7881968253968274,-0.6300600000000001,Bagaroua
2159,2025,27.912999999999997,34.971333333333334,95.7886,0.016799999999999992,1.7387000000000001,-0.8280162698412781,1.4871800000000002,Bagaroua
2159,2026,29.654285714285717,25.231285714285715,62.90366666666667,-1.4806666666666668,0.8128333333333333,0.9174499999999988,0.5403533333333332,Bagaroua
2340,1989,27.72688888888889,54.266666666666666,,-0.17980000000000002,,-0.4489333333333363,,Boboye
2340,1990,28.607666666666667,41.54011111111111,,-1.4060000000000001,,0.4305555555555536,,Boboye
2340,1991,27.873,41.22011111111111,92.8746,-0.27480000000000004,,-0.30540000000000234,,Boboye
2340,1992,27.86677777777778,51.95222222222222,94.0188,0.09380000000000001,,-0.31291111111110936,,Boboye
2340,1993,28.35022222222222,43.257555555555555,93.9146,-0.7584,,0.1692444444444412,,Boboye
2340,1994,27.540777777777777,70.95933333333333,99.0864,2.3316,,-0.6414888888888939,,Boboye
2340,1995,28.336222222222222,49.46722222222222,90.7604,-0.36560000000000004,,0.15266666666666495,,Boboye
2340,1996,28.33822222222222,44.29377777777778,86.13640000000001,-0.6988,,0.15337777777777362,,Boboye
2340,1997,29.190777777777775,36.79277777777778,90.4832,-1.7396,,1.0046444444444411,,Boboye
2340,1998,27.897888888888886,58.46888888888889,99.3308,0.6858,,-0.2895333333333383,,Boboye
2340,1999,27.494999999999997,63.48122222222222,98.7228,0.4542,,-0.6937111111111136,,Boboye
2340,2000,28.513,49.67366666666666,88.3064,0.2988,,0.3230000000000004,,Boboye
2340,2001,28.19622222222222,49.55211111111111,96.6348,0.198,0.1874,0.004933333333333678,-0.09972142857142863,Boboye
2340,2002,28.52922222222222,51.66744444444444,96.0548,-0.2982,0.3784,0.33664444444444186,0.11520535714285712,Boboye
2340,2003,27.981,51.14611111111111,97.50460000000001,-0.008599999999999998,-0.2548,-0.2128666666666632,-0.4940678571428572,Boboye
2340,2004,28.306444444444445,43.760444444444445,95.77000000000001,-0.8852,0.4548,0.11128888888888966,0.2394589285714285,Boboye
2340,2005,28.418333333333333,47.071333333333335,97.4658,-0.060399999999999995,1.7014,0.22188888888889124,1.5099857142857143,Boboye
2340,2006,28.084111111111113,64.64955555555555,94.2104,0.6442,0.0936,-0.11362222222221874,-0.07388750000000004,Boboye
2340,2007,27.88611111111111,56.246111111111105,96.3128,0.5404,-0.2549,-0.31291111111110936,-0.39846071428571433,Boboye
2340,2008,28.09,54.94411111111111,97.2508,0.5408000000000001,0.9220999999999999,-0.11031111111110903,0.8024660714285713,Boboye
2340,2009,28.665333333333333,52.654333333333334,96.0398,0.3358,0.2095,0.4637333333333338,0.11379285714285711,Boboye
2340,2010,28.207,49.60566666666667,99.00280000000001,-0.001599999999999996,-0.2795,0.004111111111114951,-0.3512803571428572,Boboye
2340,2011,29.146,38.108222222222224,86.4548,-1.4226,-0.3526,0.9418222222222248,-0.40045357142857146,Boboye
2340,2012,27.900333333333336,60.172,98.261,0.9974000000000001,-0.38459999999999994,-0.3051333333333268,-0.4085267857142857,Boboye
2340,2013,28.12911111111111,49.736999999999995,94.9202,0.059199999999999996,-0.5368,-0.07764444444444152,-0.5368,Boboye
2340,2014,28.267999999999997,50.587555555555554,92.30420000000001,0.019399999999999997,-0.1867,0.05995555555555754,-0.16277321428571428,Boboye
2340,2015,28.393444444444444,57.455555555555556,97.4894,0.2694,-1.1532,0.18411111111111467,-1.1053464285714285,Boboye
2340,2016,28.283555555555555,44.84311111111111,96.634,-1.0226,-0.6136,0.07293333333333862,-0.5418196428571429,Boboye
2340,2017,28.299111111111113,40.03966666666667,96.0752,-0.8844,1.0549,0.08720000000000638,1.150607142857143,Boboye
2340,2018,28.212,49.87811111111111,97.9464,-0.6218,-0.46930000000000005,-0.0011999999999936506,-0.3496660714285714,Boboye
2340,2019,28.44788888888889,61.63455555555556,97.5758,1.4516,0.35309999999999997,0.2334000000000067,0.4966607142857143,Boboye
2340,2020,27.872888888888887,68.53777777777778,98.537,1.3981999999999999,-0.1004,-0.3428888888888828,0.06708750000000004,Boboye
2340,2021,28.375777777777778,58.296888888888894,90.6688,0.889,0.42489999999999994,0.15871111111111702,0.6163142857142857,Boboye
2340,2022,27.914666666666665,54.18655555555555,96.893,0.26680000000000004,-0.6811,-0.3036888888888818,-0.46575892857142853,Boboye
2340,2023,28.609222222222222,41.13755555555556,96.42439999999999,-0.9964000000000001,-0.437,0.38957777777778446,-0.1977321428571428,Boboye
2340,2024,27.798111111111112,72.22111111111111,99.6868,1.6810000000000003,-0.007600000000000003,-0.42282222222221577,0.2555946428571429,Boboye
2340,2025,27.59511111111111,56.06966666666667,96.8816,0.5286,0.1187,-0.6271111111111054,0.40582142857142867,Boboye
2340,2026,28.920714285714286,45.57828571428571,92.521,-0.5386666666666667,0.5674999999999999,0.6972031746031817,0.8785482142857143,Boboye
2354,1989,27.766555555555556,39.11588888888889,,-0.0984,,-0.32333664596273337,,Madaoua
2354,1990,28.35611111111111,28.209111111111113,,-1.8004000000000002,,0.26560538302277337,,Madaoua
2354,1991,27.768666666666668,42.34988888888889,94.6326,0.5312,,-0.32245258799171594,,Madaoua
2354,1992,27.369,32.300222222222224,89.4378,-1.0602,,-0.7227327812284337,,Madaoua
2354,1993,28.396444444444445,27.673777777777776,67.65939999999999,-1.9946000000000002,,0.30409813664596186,,Madaoua
2354,1994,27.169333333333334,55.89077777777778,98.2418,1.593,,-0.9236265010351978,,Madaoua
2354,1995,28.503111111111114,37.325,87.9572,-0.6302,,0.4095377501725359,,Madaoua
2354,1996,28.41922222222222,31.165333333333333,77.8574,-0.9862,,0.32503533471359347,,Madaoua
2354,1997,28.97588888888889,31.74777777777778,80.5172,-0.7744,,0.8810884748102126,,Madaoua
2354,1998,27.774444444444445,45.64044444444445,95.4644,0.1938,,-0.32096949620428106,,Madaoua
2354,1999,26.956888888888887,60.168111111111116,97.3728,1.6600000000000001,,-1.1391385783298844,,Madaoua
2354,2000,28.009333333333334,36.314,87.2628,-0.6567999999999999,,-0.08730766045548677,,Madaoua
2354,2001,28.079,52.513333333333335,96.3068,1.5155999999999998,-0.1592,-0.01825452035886954,0.5142985645933014,Madaoua
2354,2002,28.661222222222225,40.63288888888889,87.136,-0.1488,-0.28259999999999996,0.5633541752933056,0.33477368421052633,Madaoua
2354,2003,27.95266666666667,42.857777777777784,97.0714,0.4048,0.0286,-0.14581490683229603,0.5898488038277512,Madaoua
2354,2004,28.573111111111114,37.510111111111115,88.7302,0.027600000000000003,-0.7514000000000001,0.47401601104209945,-0.24627607655502404,Madaoua
2354,2005,28.246222222222222,46.818444444444445,93.393,0.9468,0.4375,0.14651359558315846,0.886499043062201,Madaoua
2354,2006,28.461333333333332,51.675444444444445,90.1818,0.215,-1.1987,0.36101118012421907,-0.8058258373205742,Madaoua
2354,2007,27.956444444444443,44.39944444444445,88.934,0.4828,-0.3631,-0.14449123533471564,-0.02635071770334929,Madaoua
2354,2008,28.13922222222222,44.218444444444444,87.488,0.35340000000000005,-0.49570000000000003,0.037673015873011195,-0.21507559808612442,Madaoua
2354,2009,29.127666666666666,29.372999999999998,60.928,-1.1046,-0.7685,1.0255039337474088,-0.5440004784688994,Madaoua
2354,2010,27.97577777777778,44.108333333333334,98.0322,0.8402000000000001,-0.975,-0.1269984817115244,-0.8066253588516746,Madaoua
2354,2011,28.790888888888887,34.286,82.0172,-0.28500000000000003,-0.4999,0.6874991028295341,-0.38765023923444974,Madaoua
2354,2012,27.83288888888889,40.26188888888888,96.203,0.4932,0.17909999999999998,-0.27111442374051364,0.23522488038277511,Madaoua
2354,2013,28.154666666666667,36.51111111111111,83.596,-0.5526,-0.5818,0.05004982746721609,-0.5818,Madaoua
2354,2014,28.38688888888889,42.35744444444444,90.837,0.321,-0.25880000000000003,0.2816585231193933,-0.31492488038277516,Madaoua
2354,2015,28.171666666666667,46.17166666666667,90.098,0.2278,-0.4613,0.06582277432712047,-0.5735497607655502,Madaoua
2354,2016,28.087000000000003,42.202444444444446,93.7234,0.8493999999999999,0.36560000000000004,-0.019457418909592405,0.1972253588516747,Madaoua
2354,2017,28.439444444444447,29.845555555555556,85.0626,-0.8076000000000001,1.0227,0.3323734989648024,0.7982004784688994,Madaoua
2354,2018,28.171333333333333,40.05111111111111,96.3628,0.17440000000000003,1.0806,0.06364886128364233,0.7999755980861244,Madaoua
2354,2019,28.433333333333334,40.14822222222222,88.005,-0.1976,0.1227,0.32503533471359347,-0.21404928229665068,Madaoua
2354,2020,27.46911111111111,55.184222222222225,96.8678,1.2922,0.04610000000000001,-0.6398004140786782,-0.3467741626794258,Madaoua
2354,2021,28.230666666666664,42.21233333333333,89.7384,-0.1634,0.782,0.12114161490682562,0.3330009569377991,Madaoua
2354,2022,27.499333333333333,45.754222222222225,91.3228,-0.23199999999999998,0.666,-0.610805244996552,0.160876076555024,Madaoua
2354,2023,28.852444444444448,38.82333333333333,93.3258,-0.5486,-0.014699999999999998,0.7416923395445139,-0.5759488038277513,Madaoua
2354,2024,27.291222222222224,58.0178888888889,99.4238,1.6614,0.8362999999999999,-0.8201434092477591,0.21892631578947364,Madaoua
2354,2025,27.228333333333335,46.05322222222222,96.5946,-0.16279999999999997,1.0845,-0.8836458247066972,0.41100143540669865,Madaoua
2354,2026,28.938,37.98871428571429,80.145,-0.4416666666666667,0.6698333333333333,0.8254073153899206,-0.05979011164274328,Madaoua
2355,1989,28.09477777777778,45.41733333333334,,0.6724,,-0.16359841269840913,,Malbaza
2355,1990,28.586888888888886,30.56122222222222,,-1.6252,,0.32801269841269587,,Malbaza
2355,1991,28.081222222222223,45.31955555555555,93.964,0.6918,,-0.1781539682539659,,Malbaza
2355,1992,27.532444444444444,37.08733333333333,93.9014,-0.9536,,-0.7274317460317441,,Malbaza
2355,1993,28.54122222222222,34.679,85.035,-1.2164,,0.2808460317460302,,Malbaza
2355,1994,27.407555555555557,57.976444444444446,98.7372,1.4995999999999998,,-0.8533206349206317,,Malbaza
2355,1995,28.638666666666666,45.643,91.4188,0.1492,,0.3772904761904776,,Malbaza
2355,1996,28.64177777777778,34.56355555555555,87.4488,-0.7862,,0.37990158730158896,,Malbaza
2355,1997,28.94677777777778,33.837222222222216,87.124,-0.8492000000000001,,0.6844015873015898,,Malbaza
2355,1998,27.931333333333335,48.327666666666666,96.65700000000001,0.8969999999999999,,-0.33154285714285336,,Malbaza
2355,1999,27.13733333333333,61.92111111111111,99.026,1.7673999999999999,,-1.1260428571428598,,Malbaza
2355,2000,28.169555555555558,38.82577777777778,87.7826,-0.5186,,-0.09432063492063136,,Malbaza
2355,2001,28.268,40.906777777777776,94.96000000000001,-0.11420000000000001,-1.374,0.0036238095238125823,-0.4685294117647061,Malbaza
2355,2002,28.839222222222222,39.45488888888889,91.5088,-0.33940000000000003,-0.9647999999999999,0.5743460317460318,-0.13478529411764706,Malbaza
2355,2003,28.098111111111113,42.144555555555556,96.2752,0.23700000000000002,-0.34700000000000003,-0.16726507936507673,0.4075588235294116,Malbaza
2355,2004,28.758555555555557,43.51566666666667,89.025,0.5309999999999999,-1.0228,0.49267936507936483,-0.3436970588235294,Malbaza
2355,2005,28.428,44.97888888888889,89.556,1.0236,0.6519,0.16162380952381028,1.2555470588235293,Malbaza
2355,2006,28.409222222222223,56.929,92.8808,0.7266,-0.6845,0.14234603174603322,-0.1563088235294119,Malbaza
2355,2007,28.195888888888888,44.992111111111114,92.9666,0.5354,-0.752,-0.07148730158730388,-0.299264705882353,Malbaza
2355,2008,28.411,44.19144444444444,95.2354,0.3538,-0.1212,0.14312380952381076,0.25607941176470583,Malbaza
2355,2009,29.22955555555556,27.222555555555555,63.3052,-1.955,-0.5148999999999999,0.9611793650793707,-0.21307647058823526,Malbaza
2355,2010,28.07577777777778,43.24955555555555,97.7302,0.5942000000000001,-0.027999999999999997,-0.19309841269841144,0.1983676470588235,Malbaza
2355,2011,29.022444444444446,35.94511111111111,81.2292,-0.30060000000000003,-0.7241,0.7530682539682552,-0.5731882352941177,Malbaza
2355,2012,27.96588888888889,43.895111111111106,97.1876,0.2532,0.4364,-0.3039873015872985,0.5118558823529412,Malbaza
2355,2013,28.215555555555554,36.34688888888889,88.6194,-0.5642,-0.5261,-0.054820634920638156,-0.5261,Malbaza
2355,2014,28.344555555555555,40.208222222222226,92.6724,-0.21500000000000002,-0.13290000000000002,0.07367936507936435,-0.20835588235294117,Malbaza
2355,2015,28.294333333333334,49.707,97.0412,0.4888,-0.2273,0.022957142857141122,-0.37821176470588236,Malbaza
2355,2016,28.180222222222223,43.14044444444445,94.03620000000001,0.7836000000000001,0.6028,-0.09165396825396854,0.3764323529411765,Malbaza
2355,2017,28.787555555555556,28.54222222222222,86.9376,-1.719,0.047,0.5151793650793657,-0.25482352941176467,Malbaza
2355,2018,28.44033333333333,46.78477777777778,97.3884,0.621,0.7765,0.1674571428571383,0.39922058823529416,Malbaza
2355,2019,28.543222222222223,37.36622222222222,91.08019999999999,-0.9872,0.11979999999999999,0.26984603174603095,-0.332935294117647,Malbaza
2355,2020,27.66322222222222,57.006,98.186,1.3706,0.5428999999999999,-0.6106539682539704,0.01470882352941183,Malbaza
2355,2021,28.555222222222223,43.99111111111111,92.25399999999999,-0.1994,0.2694,0.2808460317460302,-0.33424705882352934,Malbaza
2355,2022,27.73166666666667,46.288222222222224,95.99459999999999,-0.25479999999999997,0.7768,-0.5432095238095229,0.09769705882352953,Malbaza
2355,2023,29.00322222222222,40.63377777777778,94.3176,-0.5871999999999999,-0.6443000000000001,0.7278460317460294,-1.3988588235294117,Malbaza
2355,2024,27.470444444444446,58.30633333333334,99.14779999999999,1.6536000000000002,1.6788,-0.805431746031747,0.8487852941176472,Malbaza
2355,2025,27.416555555555554,51.078111111111106,98.8292,0.3614,0.788,-0.8598206349206379,-0.117470588235294,Malbaza
2355,2026,29.166285714285713,38.27357142857143,80.83366666666667,-1.0046666666666668,1.307,0.8894095238095225,0.3260735294117648,Malbaza
2360,1989,28.970555555555556,33.44844444444445,,-0.5391999999999999,,-0.3557666666666677,,Filingué
2360,1990,29.632111111111115,28.704,,-1.0464,,0.3101777777777812,,Filingué
2360,1991,29.140777777777778,30.301555555555556,81.4426,-0.16820000000000002,,-0.17676666666666918,,Filingué
2360,1992,28.600444444444445,40.48733333333334,92.3854,0.4612,,-0.712711111111112,,Filingué
2360,1993,29.613555555555553,34.117777777777775,74.2358,-0.652,,0.3047888888888828,,Filingué
2360,1994,28.562555555555555,58.88544444444444,97.61179999999999,2.3356000000000003,,-0.7418222222222255,,Filingué
2360,1995,29.524666666666665,41.33,87.0534,0.5222,,0.22467777777777442,,Filingué
2360,1996,29.68577777777778,28.547444444444448,65.4238,-1.1995999999999998,,0.39017777777777596,,Filingué
2360,1997,30.141888888888886,25.331000000000003,66.3476,-1.1872,,0.8506777777777721,,Filingué
2360,1998,28.933,42.64255555555556,91.76820000000001,0.654,,-0.3538222222222238,,Filingué
2360,1999,28.452555555555552,53.41777777777778,95.374,1.6620000000000001,,-0.829877777777785,,Filingué
2360,2000,29.711444444444446,33.608333333333334,81.8432,-0.0498,,0.4333999999999989,,Filingué
2360,2001,29.233777777777775,39.79266666666667,90.2396,0.5952,0.8533999999999999,-0.03987777777778234,0.54194,Filingué
2360,2002,29.75766666666667,35.689,76.2444,-0.77,-0.9144,0.4883999999999986,-1.199905,Filingué
2360,2003,29.021777777777775,37.34688888888889,89.15259999999999,0.3174,1.1436000000000002,-0.24310000000000542,0.8840500000000002,Filingué
2360,2004,29.620555555555555,35.70044444444444,87.1572,-0.3512,-0.6481,0.3600666666666612,-0.881695,Filingué
2360,2005,29.334555555555557,35.266222222222225,85.2358,0.145,0.7213,0.0784555555555535,0.51366,Filingué
2360,2006,29.189666666666668,47.06444444444445,89.488,0.6544,-0.0185,-0.0620444444444459,-0.20018499999999997,Filingué
2360,2007,28.80644444444444,36.55588888888889,94.0436,0.33080000000000004,0.6314,-0.4408777777777857,0.47567,Filingué
2360,2008,29.09922222222222,40.54866666666666,81.3438,1.024,0.532,-0.14371111111111645,0.40222500000000005,Filingué
2360,2009,30.033777777777775,32.565777777777775,74.57180000000001,-0.49400000000000005,-0.7837999999999999,0.7952333333333286,-0.88762,Filingué
2360,2010,29.050666666666668,40.940777777777775,94.4178,0.45920000000000005,0.0167,-0.18348888888889192,-0.06116499999999999,Filingué
2360,2011,29.905888888888892,31.45411111111111,58.9264,-0.49879999999999997,0.12890000000000001,0.6761222222222223,0.07699000000000002,Filingué
2360,2012,28.770888888888887,39.108111111111114,92.2672,-0.181,-0.39990000000000003,-0.4544888888888927,-0.42585500000000004,Filingué
2360,2013,29.044222222222224,38.458333333333336,83.86,0.5494,-0.053000000000000005,-0.17676666666666918,-0.053000000000000005,Filingué
2360,2014,29.290555555555557,35.33344444444444,83.11519999999999,-0.020200000000000017,-0.08729999999999999,0.07395555555555333,-0.06134499999999999,Filingué
2360,2015,29.339444444444446,44.79322222222223,93.7474,0.6748000000000001,0.5559000000000001,0.1272333333333293,0.6078100000000001,Filingué
2360,2016,29.152111111111115,33.58833333333334,83.3184,-0.3264,-0.38480000000000003,-0.05571111111111193,-0.30693500000000007,Filingué
2360,2017,29.391222222222225,27.433888888888887,85.3532,-1.0539999999999998,0.7505,0.187788888888889,0.85432,Filingué
2360,2018,28.98177777777778,31.30322222222222,92.7582,-0.9508000000000001,0.0398,-0.21726666666667072,0.169575,Filingué
2360,2019,29.512,36.81622222222222,81.061,-0.054200000000000005,-0.51,0.31734444444444065,-0.35427000000000003,Filingué
2360,2020,28.93811111111111,46.67822222222222,93.85940000000001,1.0510000000000002,0.19549999999999998,-0.2521555555555608,0.377185,Filingué
2360,2021,29.63733333333333,41.493,82.779,0.55,0.33519999999999994,0.4514555555555475,0.54284,Filingué
2360,2022,29.234222222222222,31.565333333333335,81.5492,-1.0379999999999998,-0.7376,0.05273333333332886,-0.504005,Filingué
2360,2023,29.797666666666665,25.936777777777777,81.3946,-1.6268,-0.8786,0.6205666666666616,-0.6190500000000001,Filingué
2360,2024,28.438111111111112,54.42677777777778,98.9394,1.8544,-0.5558,-0.7346000000000039,-0.27029499999999995,Filingué
2360,2025,28.554333333333332,37.17077777777778,92.914,-0.1364,0.9193,-0.613988888888894,1.23076,Filingué
2360,2026,29.841857142857144,25.007857142857144,64.282,-1.6776666666666664,1.2315,0.6779238095238043,1.568915,Filingué
2383,1989,28.410666666666668,51.391333333333336,,0.3094,,-0.34368412698412243,,Unit unavailable
2383,1990,28.904555555555557,36.14211111111111,,-0.9911999999999999,,0.15126031746032353,,Unit unavailable
2383,1991,28.546666666666667,35.74355555555556,90.491,-0.6056,,-0.2055730158730107,,Unit unavailable
2383,1992,28.449555555555555,44.07844444444444,93.7314,0.0742,,-0.30162857142856936,,Unit unavailable
2383,1993,29.035777777777778,39.048,90.873,-0.727,,0.2856492063492091,,Unit unavailable
2383,1994,27.907666666666668,58.586555555555556,98.6216,1.319,,-0.8414063492063448,,Unit unavailable
2383,1995,28.813444444444446,46.63433333333333,93.6558,0.009999999999999998,,0.06542698412698655,,Unit unavailable
2383,1996,28.931666666666665,42.73444444444445,89.0402,-0.4688,,0.18470476190476148,,Unit unavailable
2383,1997,29.58666666666667,28.302222222222223,77.96799999999999,-2.3074,,0.8407603174603224,,Unit unavailable
2383,1998,28.348666666666666,74.70222222222222,99.809,2.259,,-0.39618412698412797,,Unit unavailable
2383,1999,27.910444444444444,56.004222222222225,99.69300000000001,0.2726,,-0.8333507936507942,,Unit unavailable
2383,2000,28.978,42.794222222222224,86.4862,-0.1688,,0.2352603174603196,,Unit unavailable
2383,2001,28.90522222222222,44.406,95.70939999999999,-0.3982,-0.32180000000000003,0.16353809523809204,-0.42159377990430624,Unit unavailable
2383,2002,29.25588888888889,36.809444444444445,88.3202,-0.8886,-0.00039999999999999064,0.5152603174603172,-0.09187763157894735,Unit unavailable
2383,2003,28.390555555555554,38.99711111111111,94.9828,-0.5067999999999999,0.7888,-0.3490174603174623,0.7056385167464114,Unit unavailable
2383,2004,28.773111111111106,41.29855555555556,95.2798,-0.9394,0.8953,0.03459365079364218,0.8204546650717703,Unit unavailable
2383,2005,28.787999999999997,42.33277777777778,95.861,0.058399999999999994,1.4108,0.05053809523808894,1.3442708133971293,Unit unavailable
2383,2006,28.60644444444445,46.42711111111111,94.9386,-0.5162,-0.3154,-0.1299619047619025,-0.37361303827751197,Unit unavailable
2383,2007,28.386444444444447,54.330999999999996,95.69120000000001,1.044,-0.6548,-0.3489063492063522,-0.7046968899521532,Unit unavailable
2383,2008,28.478666666666665,44.56744444444444,95.0004,0.23520000000000002,0.829,-0.2556285714285771,0.7874192583732057,Unit unavailable
2383,2009,29.467111111111112,42.88677777777778,92.1254,-0.017999999999999995,-0.1018,0.7338714285714261,-0.13506459330143541,Unit unavailable
2383,2010,28.744444444444444,47.44388888888889,97.81559999999999,-0.03779999999999999,-0.46820000000000006,0.012260317460309977,-0.4931484449760766,Unit unavailable
2383,2011,29.471555555555558,36.32177777777778,80.63,-1.0364,-0.903,0.7404269841269802,-0.9196322966507178,Unit unavailable
2383,2012,28.31888888888889,48.882333333333335,97.5904,0.293,-0.2736,-0.4111841269841321,-0.2819161483253589,Unit unavailable
2383,2013,28.622,53.815444444444445,91.2774,1.1324,-0.8521000000000001,-0.1070174603174685,-0.8521000000000001,Unit unavailable
2383,2014,28.97233333333333,45.93044444444445,88.40520000000001,0.3396,0.0736,0.24437142857141936,0.08191614832535885,Unit unavailable
2383,2015,28.876222222222225,54.07244444444444,98.4674,0.6376,0.3268,0.14931587301586902,0.34343229665071767,Unit unavailable
2383,2016,28.737444444444446,38.587666666666664,98.0222,-0.9722,-0.17210000000000003,0.011593650793642496,-0.14715155502392346,Unit unavailable
2383,2017,28.775333333333336,41.775666666666666,95.4102,0.1986,1.2296999999999998,0.05053809523808894,1.2629645933014353,Unit unavailable
2383,2018,28.73211111111111,44.86222222222222,97.348,-0.3698,-0.035500000000000004,0.008371428571418704,0.006080741626794256,Unit unavailable
2383,2019,28.89111111111111,51.367,95.9768,0.792,-0.8211,0.16842698412697032,-0.7712031100478469,Unit unavailable
2383,2020,28.376444444444445,66.863,97.87480000000001,1.9784,-0.47450000000000003,-0.3451841269841367,-0.4162869617224881,Unit unavailable
2383,2021,29.10777777777778,54.17477777777778,90.4362,1.1764,-0.4053,0.38720476190475495,-0.33877081339712917,Unit unavailable
2383,2022,28.63522222222222,43.44577777777778,96.0634,-0.23879999999999998,-0.3347,-0.08429523809525108,-0.25985466507177035,Unit unavailable
2383,2023,29.230666666666668,36.65011111111111,91.9658,-1.0524,-0.008499999999999994,0.5122047619047514,0.07466148325358853,Unit unavailable
2383,2024,28.282111111111114,68.16633333333333,99.5552,2.0766,-0.18949999999999997,-0.4352952380952466,-0.09802236842105261,Unit unavailable
2383,2025,28.366666666666664,49.153666666666666,96.4506,0.3964,0.45089999999999997,-0.349684126984144,0.5506937799043061,Unit unavailable
2383,2026,29.500857142857143,45.061,97.39733333333334,-0.11133333333333334,0.7303333333333334,0.7855619047618916,0.8384432615629984,Unit unavailable
2488,1989,28.53111111111111,28.836444444444446,,-0.32320000000000004,,-0.08994430014429966,,Damagaram Takaya
2488,1990,28.860888888888887,22.903888888888886,,-1.1336,,0.24795468975469248,,Damagaram Takaya
2488,1991,28.301111111111112,33.903,80.4212,0.6772,,-0.30370187590187214,,Damagaram Takaya
2488,1992,27.91722222222222,25.354,67.2844,-0.9038,,-0.6794695526695484,,Damagaram Takaya
2488,1993,28.78311111111111,30.326333333333334,60.782799999999995,-0.4654,,0.19454054834055157,,Damagaram Takaya
2488,1994,27.458777777777776,45.00211111111111,91.5004,1.0854,,-1.1216715728715698,,Damagaram Takaya
2488,1995,28.753555555555554,28.287444444444443,61.242200000000004,-0.6138,,0.18122741702741862,,Damagaram Takaya
2488,1996,29.025777777777776,22.40822222222222,49.187200000000004,-1.5832000000000002,,0.46157085137085474,,Damagaram Takaya
2488,1997,29.267333333333333,23.74077777777778,57.589800000000004,-1.1702,,0.7112476190476222,,Damagaram Takaya
2488,1998,28.156555555555556,33.81822222222222,82.7788,-0.1494,,-0.3914089466089443,,Damagaram Takaya
2488,1999,27.108999999999998,39.653333333333336,88.9118,0.3538,,-1.4308432900432884,,Damagaram Takaya
2488,2000,28.94022222222222,27.64911111111111,62.88440000000001,-0.7996000000000001,,0.40850014430014525,,Damagaram Takaya
2488,2001,28.404777777777777,36.020999999999994,83.2852,0.8074,-0.48539999999999994,-0.11882308802308472,0.29202666666666677,Damagaram Takaya
2488,2002,28.959555555555557,36.35344444444444,75.3108,0.1034,-0.6536,0.4440759018759053,0.0590411111111111,Damagaram Takaya
2488,2003,28.313888888888886,41.19211111111111,90.3168,1.6344,0.33699999999999997,-0.19346955266955135,0.9848555555555555,Damagaram Takaya
2488,2004,29.101444444444446,26.494333333333334,69.4924,-0.2158,-1.0427,0.6022072150072191,-0.45963,Damagaram Takaya
2488,2005,28.25433333333333,29.41611111111111,77.2222,0.2636,0.2875,-0.23678268398268187,0.8057844444444444,Damagaram Takaya
2488,2006,28.78055555555555,34.693333333333335,65.1834,-0.4042,-1.2758,0.29756075036074847,-0.8223011111111111,Damagaram Takaya
2488,2007,27.970555555555556,28.674999999999997,66.3622,-0.324,-0.9621999999999999,-0.5043180375180327,-0.5734866666666666,Damagaram Takaya
2488,2008,28.652111111111108,35.21366666666667,77.7638,0.5534,-0.2108,0.18535873015872895,0.11312777777777777,Damagaram Takaya
2488,2009,29.58188888888889,15.827888888888888,40.8624,-2.3766,-1.3052000000000001,1.1232577200577225,-1.046057777777778,Damagaram Takaya
2488,2010,28.408333333333335,37.84788888888889,75.953,0.8926000000000001,-0.2065,-0.042176623376619204,-0.012143333333333312,Damagaram Takaya
2488,2011,28.85088888888889,29.24411111111111,63.041,-0.028200000000000003,0.0754,0.40850014430014525,0.2049711111111111,Damagaram Takaya
2488,2012,28.081666666666667,43.51644444444444,87.1556,1.738,0.8761000000000001,-0.3526008658008628,0.9408855555555556,Damagaram Takaya
2488,2013,28.604555555555553,31.106555555555556,71.01559999999999,0.39,-0.0443,0.17840923520923369,-0.0443,Damagaram Takaya
2488,2014,28.90377777777778,26.887444444444444,71.16159999999999,-0.762,-0.3941,0.4857526695526744,-0.45888555555555555,Damagaram Takaya
2488,2015,28.90711111111111,31.090888888888887,67.14099999999999,-0.6798,-0.6934,0.4972072150072151,-0.8229711111111111,Damagaram Takaya
2488,2016,28.700222222222223,26.756999999999998,72.643,-0.061399999999999975,-0.021600000000000005,0.29843953823954195,-0.21595666666666669,Damagaram Takaya
2488,2017,28.664111111111108,27.417333333333332,71.3936,-0.2378,0.8174,0.2704496392496374,0.5582577777777777,Damagaram Takaya
2488,2018,28.064000000000004,29.175444444444445,84.09740000000001,-0.09979999999999999,0.8988,-0.321540259740253,0.5748722222222222,Damagaram Takaya
2488,2019,28.608333333333334,39.562,82.26520000000001,1.5413999999999999,-0.1688,0.23091428571428807,-0.5575133333333333,Damagaram Takaya
2488,2020,27.948,34.79277777777778,84.4664,0.1712,-0.0998,-0.4212978354978354,-0.5532988888888889,Damagaram Takaya
2488,2021,28.53022222222222,38.09255555555555,81.1736,0.45380000000000004,0.501,0.16904559884559944,-0.017284444444444436,Damagaram Takaya
2488,2022,27.678777777777775,43.21011111111111,90.7924,0.9911999999999999,0.035800000000000005,-0.6742776334776366,-0.5472699999999999,Damagaram Takaya
2488,2023,29.19022222222222,38.93566666666666,74.3,0.7762,0.9001999999999999,0.845288023088024,0.25234444444444437,Damagaram Takaya
2488,2024,27.487555555555556,58.876666666666665,96.8386,2.2248,0.9156000000000001,-0.8492574314574313,0.20295888888888902,Damagaram Takaya
2488,2025,27.976777777777777,37.44677777777778,90.0406,0.38079999999999997,1.4343000000000001,-0.3519139971139964,0.6568733333333334,Damagaram Takaya
2488,2026,29.878999999999998,31.17814285714286,63.56333333333333,-0.209,0.011500000000000003,1.5584294372294352,-0.8307122222222223,Damagaram Takaya
2551,1989,30.602,17.242333333333335,,0.3736,,-0.26398677248676705,,Tchirozérine
2551,1990,30.801222222222222,6.9622222222222225,,-1.4972,,-0.06796825396824957,,Tchirozérine
2551,1991,30.471111111111114,12.734444444444444,29.4004,-0.04640000000000001,,-0.4012830687830622,,Tchirozérine
2551,1992,30.058222222222224,11.759333333333334,22.750799999999998,-0.028600000000000004,,-0.8173756613756566,,Tchirozérine
2551,1993,31.183444444444447,7.318888888888889,13.5078,-1.7386,,0.3046428571428663,,Tchirozérine
2551,1994,29.62977777777778,29.296555555555553,41.9528,1.2788,,-1.2522275132275063,,Tchirozérine
2551,1995,31.53166666666667,3.2814444444444444,9.5152,-2.3288,,0.6464576719576804,,Tchirozérine
2551,1996,31.45122222222222,5.571555555555555,11.1588,-1.7948,,0.562809523809527,,Tchirozérine
2551,1997,31.192777777777778,19.29611111111111,34.9984,0.6315999999999999,,0.3011613756613798,,Tchirozérine
2551,1998,30.497999999999998,25.642666666666667,40.791199999999996,0.9416,,-0.39682010582010463,,Tchirozérine
2551,1999,29.38955555555556,24.401888888888887,56.756600000000006,0.9411999999999999,,-1.5084682539682461,,Tchirozérine
2551,2000,30.880999999999997,9.227333333333334,17.3066,-0.9698,,-0.020227513227510485,,Tchirozérine
2551,2001,31.423333333333332,11.642999999999999,20.9072,-0.5646,-0.834,0.5189021164021206,-0.296075,Tchirozérine
2551,2002,31.594555555555555,14.128666666666668,27.866000000000003,-0.1708,-0.24130000000000001,0.6869206349206394,0.2517979166666667,Tchirozérine
2551,2003,30.977666666666664,17.888555555555556,32.178,0.3464,-0.4901,0.06682804232804429,-0.041829166666666584,Tchirozérine
2551,2004,31.130666666666666,9.116999999999999,18.2656,-0.807,-0.19140000000000001,0.21662433862434227,0.21204375000000003,Tchirozérine
2551,2005,31.069222222222223,11.422222222222222,16.375,0.0118,-0.5169999999999999,0.15197619047619781,-0.1583833333333332,Tchirozérine
2551,2006,31.21644444444444,14.367444444444443,17.909399999999998,-0.5382,-1.2273,0.29599470899471214,-0.9135104166666668,Tchirozérine
2551,2007,30.432666666666666,17.18777777777778,17.886000000000003,0.0926,-0.006800000000000007,-0.49098677248676736,0.26216249999999997,Tchirozérine
2551,2008,31.133333333333333,14.871777777777778,17.7664,0.23199999999999998,-0.1389,0.20647619047619514,0.0852354166666667,Tchirozérine
2551,2009,31.574444444444445,17.037222222222223,17.1752,0.12400000000000003,-0.0010999999999999985,0.6443835978836034,0.17820833333333336,Tchirozérine
2551,2010,30.666333333333334,26.122666666666667,33.023,1.3938000000000001,0.8786,-0.26693121693121213,1.01308125,Tchirozérine
2551,2011,31.28677777777778,12.009777777777778,14.770199999999999,-0.2042,-0.76,0.3503095238095284,-0.6703458333333333,Tchirozérine
2551,2012,30.37388888888889,22.10388888888889,25.143,1.0737999999999999,0.9936,-0.5657830687830625,1.0384270833333333,Tchirozérine
2551,2013,31.16288888888889,12.612111111111112,18.7468,-0.06999999999999999,-0.3718,0.2200132275132347,-0.3718,Tchirozérine
2551,2014,31.230777777777778,13.98388888888889,15.021600000000001,-0.22820000000000001,-0.8698,0.2846984126984182,-0.9146270833333333,Tchirozérine
2551,2015,31.466333333333335,23.07611111111111,27.631999999999998,1.0126000000000002,-0.1597,0.5170502645502708,-0.24935416666666668,Tchirozérine
2551,2016,31.204222222222224,10.374555555555554,14.872199999999998,-0.0116,0.1239,0.25173544973545603,-0.01058125,Tchirozérine
2551,2017,31.238111111111113,7.807333333333334,11.2962,-0.4114,0.5333,0.2824206349206406,0.35399166666666665,Tchirozérine
2551,2018,30.39311111111111,20.143444444444444,32.3066,1.2858,0.2957,-0.5657830687830625,0.07156458333333332,Tchirozérine
2551,2019,30.922111111111107,25.620444444444445,29.6224,1.2600000000000002,-0.19219999999999998,-0.039986772486770406,-0.4611625,Tchirozérine
2551,2020,30.528888888888886,24.191555555555556,26.449599999999997,1.0216,1.2444,-0.4364126984126955,0.9306104166666667,Tchirozérine
2551,2021,31.55355555555555,14.395555555555555,18.046,0.1808,0.6042000000000001,0.5850502645502651,0.24558333333333338,Tchirozérine
2551,2022,31.03344444444444,16.176000000000002,19.863599999999998,0.21139999999999998,-0.007399999999999999,0.0617354497354512,-0.41084375000000006,Tchirozérine
2551,2023,32.054,11.085666666666667,13.4288,-0.5612,-0.9436000000000001,1.0790873015873075,-1.3918708333333334,Tchirozérine
2551,2024,29.879222222222225,28.54511111111111,34.4152,1.2934,0.5655,-1.0988941798941703,0.07240208333333331,Tchirozérine
2551,2025,30.60722222222222,26.663888888888888,30.4478,1.1016,0.8805000000000001,-0.3740978835978801,0.3425750000000001,Tchirozérine
2551,2026,32.34028571428571,12.627571428571429,14.840333333333334,-0.503,-0.7145000000000001,1.3557619047619127,-1.2972520833333334,Tchirozérine
2650,1989,31.6715,16.758875,,0.0898,,-0.16326785714285208,,Arlit
2650,1990,31.740750000000002,4.095375,,-1.7914,,-0.0997020676691669,,Arlit
2650,1991,31.467375,10.159875,27.4514,-0.3464,,-0.378761278195487,,Arlit
2650,1992,30.847125,11.99775,20.6102,0.186,,-1.0046954887218043,,Arlit
2650,1993,32.280375,4.295,10.764199999999999,-2.3112,,0.42287030075187815,,Arlit
2650,1994,30.788875,26.13475,41.873200000000004,0.7654,,-1.0743139097744319,,Arlit
2650,1995,32.53875,8.23475,14.0858,-1.0530000000000002,,0.6698768796992489,,Arlit
2650,1996,32.584125,3.477375,9.599599999999999,-2.1672000000000002,,0.7095676691729373,,Arlit
2650,1997,32.063125,30.548125,53.771800000000006,1.7841999999999998,,0.18288345864661792,,Arlit
2650,1998,31.518,27.075499999999998,43.2226,0.9728,,-0.3679257518796959,,Arlit
2650,1999,30.295125,29.546375,62.599199999999996,1.2794,,-1.5964849624060165,,Arlit
2650,2000,31.781625,13.063875,22.638600000000004,-0.246,,-0.11566917293233203,,Arlit
2650,2001,32.446625,14.41025,27.6324,-0.1954,-0.7693000000000001,0.5436466165413485,-0.28382417582417585,Arlit
2650,2002,32.572125,14.44525,33.708,0.13840000000000002,-0.1469,0.6634624060150394,0.2981195054945055,Arlit
2650,2003,32.293625,14.958874999999999,30.913400000000003,0.1862,-0.659,0.37927819548871966,-0.25443681318681316,Arlit
2650,2004,32.02175,9.759875000000001,21.4388,-0.5456000000000001,0.23540000000000003,0.10171898496240672,0.5995068681318683,Arlit
2650,2005,32.39,10.67975,15.8398,-0.47240000000000004,-0.3462,0.4642847744360914,-0.02254945054945051,Arlit
2650,2006,32.2145,12.84525,26.563800000000004,-0.4928,-0.8595999999999999,0.28310056390977323,-0.5764057692307691,Arlit
2650,2007,31.208750000000002,19.47725,21.959600000000002,0.37220000000000003,0.2838,-0.7283336466165409,0.5265379120879121,Arlit
2650,2008,32.075375,15.559625,22.4978,0.3206,0.5433,0.13260714285714315,0.7455815934065935,Arlit
2650,2009,32.75,8.285,13.611799999999999,-0.5721999999999999,-1.1377000000000002,0.8015479323308234,-0.9758747252747254,Arlit
2650,2010,31.508375,29.35275,35.3732,1.5026,0.548,-0.4457612781954907,0.6693689560439561,Arlit
2650,2011,32.19725,11.384,13.9274,-0.45339999999999997,-0.8324,0.23742951127819012,-0.7514873626373626,Arlit
2650,2012,31.484125,21.945875,27.0794,0.9396000000000001,0.6524,-0.48137969924812296,0.6928563186813187,Arlit
2650,2013,32.177125000000004,10.867624999999999,18.054399999999998,-0.6058,-0.8576999999999999,0.20593609022556691,-0.8576999999999999,Arlit
2650,2014,32.375125000000004,12.541625,17.412799999999997,-0.259,-0.6984,0.3982518796992487,-0.7388563186813187,Arlit
2650,2015,32.627875,18.497125,30.0526,0.7609999999999999,-0.246,0.6453176691729361,-0.32691263736263737,Arlit
2650,2016,32.094875,10.522,14.038599999999999,-0.006799999999999995,-0.34149999999999997,0.10663345864661622,-0.46286895604395606,Arlit
2650,2017,32.289375,9.4995,15.5752,-0.3184,0.6029,0.2954492481202955,0.44107472527472524,Arlit
2650,2018,31.23575,19.678625,39.14,1.109,0.5902000000000001,-0.7638599624060198,0.3879184065934066,Arlit
2650,2019,31.889625000000002,29.431625,33.7062,1.3364,0.06459999999999999,-0.11566917293233203,-0.17813791208791213,Arlit
2650,2020,31.407625,26.6405,32.4788,1.0390000000000001,0.8087,-0.60335338345865,0.5255057692307692,Arlit
2650,2021,32.577625,13.840875,21.220599999999997,0.036,0.5192,0.5609624060150331,0.1955494505494505,Arlit
2650,2022,32.345625,12.521125,20.794,-0.23279999999999998,0.1633,0.32327819548871517,-0.2008068681318682,Arlit
2650,2023,33.05375,12.0275,17.4406,-0.42279999999999995,-0.5702,1.0257189849624062,-0.974763186813187,Arlit
2650,2024,30.979125,27.499624999999998,33.9082,1.0582,0.7024999999999999,-1.0545902255639135,0.2574804945054944,Arlit
2650,2025,31.616375,28.2975,36.4838,1.1298,0.9816,-0.4230244360902269,0.4961241758241758,Arlit
2650,2026,33.624833333333335,6.876333333333332,10.951666666666666,-1.4263333333333332,-0.6206666666666667,1.5797496867167915,-1.1465988095238098,Arlit
2651,1989,30.027125,9.281375,,0.1058,,-0.2839285714285751,,Iférouane
2651,1990,30.099375000000002,2.790125,,-1.5718,,-0.21445357142857446,,Iférouane
2651,1991,29.89,6.654125,11.055,-0.5404,,-0.42660357142857563,,Iférouane
2651,1992,29.1285,9.976125,8.473,0.3226,,-1.190878571428577,,Iférouane
2651,1993,30.8185,1.396125,4.677,-2.0878,,0.4963464285714245,,Iférouane
2651,1994,28.960124999999998,14.350125,15.959800000000001,0.3026,,-1.3648035714285776,,Iférouane
2651,1995,31.097125,2.128625,4.3888,-1.7280000000000002,,0.7694214285714231,,Iférouane
2651,1996,31.04825,2.22675,3.8576,-1.8059999999999998,,0.7177714285714245,,Iférouane
2651,1997,30.482875,22.092375,19.160800000000002,1.4294,,0.14962142857142524,,Iférouane
2651,1998,29.79675,16.434875,17.6894,0.6928000000000001,,-0.539278571428575,,Iférouane
2651,1999,28.569875,19.9455,28.297800000000002,0.9109999999999999,,-1.7689285714285745,,Iférouane
2651,2000,30.16525,10.764125,10.2274,0.0468,,-0.1763285714285736,,Iférouane
2651,2001,30.9525,5.637625,8.673,-1.0104,-1.0406,0.6081464285714269,-0.10144571428571436,Iférouane
2651,2002,30.948999999999998,10.547625,13.780199999999999,0.2056,-0.8419000000000001,0.6018714285714246,0.018991428571428326,Iférouane
2651,2003,30.781875,9.50125,11.3104,0.0994,-0.4542,0.43197142857142623,0.32842857142857135,Iférouane
2651,2004,30.560125,11.223625,11.581399999999999,0.2286,-0.8743000000000001,0.20744642857142637,-0.16993428571428582,Iférouane
2651,2005,30.974375000000002,6.539,6.426399999999999,-0.305,-0.9953000000000001,0.6189214285714293,-0.369197142857143,Iférouane
2651,2006,30.811500000000002,10.79175,10.586400000000001,-0.0708,-1.0684,0.4532714285714299,-0.5205600000000001,Iférouane
2651,2007,29.700875,16.018875,10.8236,0.7834,-0.48650000000000004,-0.6601285714285723,-0.01692285714285724,Iférouane
2651,2008,30.551875,10.58,8.3498,0.2132,0.4242,0.18809642857142705,0.8155142857142856,Iférouane
2651,2009,31.176375,4.6975,5.8466000000000005,-0.4154,-0.6227,0.8098214285714285,-0.3096485714285715,Iférouane
2651,2010,29.8435,17.634875,12.559000000000001,1.0530000000000002,-0.1731,-0.5258285714285726,0.0616885714285714,Iférouane
2651,2011,30.825375,6.623500000000001,7.555200000000001,-0.0818,-0.7357,0.4532714285714299,-0.5791742857142858,Iférouane
2651,2012,30.00375,15.099,9.9252,0.7652,0.2133,-0.3711285714285708,0.2915628571428571,Iférouane
2651,2013,30.748124999999998,3.5615,5.7778,-1.2862,-0.4884,0.37047142857142745,-0.4884,Iférouane
2651,2014,30.857375,7.79925,6.3352,-0.3298,-0.6955,0.47694642857143066,-0.7737628571428572,Iférouane
2651,2015,31.054625,19.286,14.977,1.5808,0.05890000000000001,0.6714214285714313,-0.09762571428571426,Iférouane
2651,2016,30.367,8.222125,6.1578,0.11600000000000002,0.6605000000000001,-0.01897857142856907,0.4257114285714287,Iférouane
2651,2017,30.769125,7.644749999999999,8.7352,0.1574,1.142,0.38037142857142925,0.8289485714285714,Iférouane
2651,2018,29.757125,15.419125,14.383000000000001,1.0938,0.8870999999999999,-0.634403571428571,0.4957857142857142,Iférouane
2651,2019,30.045125,25.101,15.074000000000002,1.5332000000000001,0.8643000000000001,-0.34917857142857045,0.39472285714285726,Iférouane
2651,2020,29.756125,18.6125,13.5698,0.9916,1.2418,-0.6409535714285681,0.6939600000000001,Iférouane
2651,2021,31.013875,9.584,8.333400000000001,-0.0338,0.5192,0.61402142857143,-0.10690285714285708,Iférouane
2651,2022,30.723375,6.731625,7.2886,-0.333,0.49,0.3207464285714323,-0.21436571428571427,Iférouane
2651,2023,31.424875,7.0646249999999995,6.5862,-0.492,-0.4441,1.019471428571432,-1.2267285714285714,Iférouane
2651,2024,29.194625000000002,21.237000000000002,14.6082,1.2116,0.0812,-1.213553571428566,-0.7796914285714285,Iférouane
2651,2025,29.9325,19.300375,13.1726,1.1320000000000001,1.315,-0.4784535714285667,0.37584571428571434,Iférouane
2651,2026,32.16116666666667,6.596166666666668,6.274,-0.7599999999999999,-0.15250000000000002,1.747438095238099,-1.1699171428571429,Iférouane
2653,1989,31.927222222222227,9.848555555555556,,-0.1296,,-0.29722857142856896,,Ingall
2653,1990,32.06233333333333,5.598444444444445,,-1.3746,,-0.1672952380952495,,Ingall
2653,1991,31.78344444444444,5.860444444444444,15.081999999999999,-0.9086000000000001,,-0.45136190476191373,,Ingall
2653,1992,31.374333333333336,6.6754444444444445,12.3042,-0.34700000000000003,,-0.8656507936507971,,Ingall
2653,1993,32.532222222222224,5.895444444444445,10.166599999999999,-0.984,,0.287060317460309,,Ingall
2653,1994,31.255444444444443,14.619222222222223,21.8012,0.7176,,-0.9948952380952463,,Ingall
2653,1995,32.912000000000006,3.7425555555555556,6.9156,-2.0420000000000003,,0.6564825396825356,,Ingall
2653,1996,32.92466666666667,3.6284444444444444,7.3498,-2.013,,0.663971428571422,,Ingall
2653,1997,32.525333333333336,8.702222222222222,15.641,0.08499999999999999,,0.2594603174603165,,Ingall
2653,1998,32.27033333333333,15.049999999999999,19.038999999999998,0.6444,,-0.0007174603174675553,,Ingall
2653,1999,31.010444444444445,18.89211111111111,31.7692,1.421,,-1.2657841269841335,,Ingall
2653,2000,32.236999999999995,7.606888888888889,10.276399999999999,-0.9390000000000001,,-0.044406349206361995,,Ingall
2653,2001,32.776333333333326,10.902555555555557,13.3734,-0.161,-0.6087,0.4897492063491953,0.08465798319327733,Ingall
2653,2002,32.94522222222222,8.50411111111111,13.376,-0.483,-1.0764,0.6534603174603077,-0.4408218487394958,Ingall
2653,2003,32.301,12.267000000000001,17.5808,0.13520000000000001,-0.4164,0.004060317460307772,0.1613983193277312,Ingall
2653,2004,32.473444444444446,5.637888888888889,10.9846,-0.9968,-0.7652,0.17132698412697778,-0.24518151260504195,Ingall
2653,2005,32.285444444444444,12.73911111111111,13.290000000000001,0.45780000000000004,-0.10070000000000001,-0.02185079365080611,0.3615386554621849,Ingall
2653,2006,32.644555555555556,9.035555555555554,10.5612,-0.7971999999999999,-0.5961000000000001,0.3320825396825313,-0.19164117647058831,Ingall
2653,2007,31.822000000000003,11.164111111111112,13.88,0.42519999999999997,0.0679,-0.49565079365079967,0.4145789915966387,Ingall
2653,2008,32.32544444444445,9.592333333333334,11.0696,0.34340000000000004,-0.4465,0.0026158730158698518,-0.15760084033613442,Ingall
2653,2009,33.09022222222222,10.597888888888889,8.2386,-0.1436,-0.7965,0.7622158730158688,-0.5653806722689075,Ingall
2653,2010,32.04822222222222,17.078111111111113,15.7982,1.3236,0.3818,-0.2849619047619143,0.5551394957983193,Ingall
2653,2011,32.74777777777778,8.681888888888889,10.3172,0.37560000000000004,-0.6464000000000001,0.4094158730158668,-0.5308403361344538,Ingall
2653,2012,31.890666666666668,16.555,14.745600000000001,1.4312,0.34400000000000003,-0.4528730158730241,0.4017798319327731,Ingall
2653,2013,32.40555555555555,11.845333333333334,14.834999999999999,0.5276,-0.26630000000000004,0.05683809523808492,-0.26630000000000004,Ingall
2653,2014,32.620666666666665,9.475222222222222,11.519200000000001,-0.5092000000000001,-0.26580000000000004,0.2667714285714169,-0.3235798319327732,Ingall
2653,2015,32.784555555555556,11.870555555555555,14.799600000000002,0.6936,-0.15159999999999998,0.4254825396825268,-0.26715966386554624,Ingall
2653,2016,32.60566666666667,10.899777777777778,10.018600000000001,0.5862,0.7554,0.24141587301586753,0.5820605042016807,Ingall
2653,2017,32.628888888888895,9.134444444444446,9.724599999999999,-0.016599999999999993,0.3841,0.2594603174603165,0.15298067226890755,Ingall
2653,2018,31.535111111111114,12.787888888888888,20.3408,1.3312000000000002,0.4923,-0.8394952380952461,0.20340084033613443,Ingall
2653,2019,32.399,14.604555555555557,14.5662,0.9784,-0.0974,0.019215873015859586,-0.44407899159663866,Ingall
2653,2020,32.11633333333334,11.948444444444444,14.737200000000001,0.4878,0.5406,-0.26862857142857877,0.1361411764705882,Ingall
2653,2021,32.85411111111111,13.828777777777779,13.8458,0.8188000000000001,0.8713,0.46397142857141915,0.40906134453781506,Ingall
2653,2022,32.42333333333333,11.250333333333334,12.908000000000001,-0.2262,0.3651,0.028015873015860393,-0.15491848739495806,Ingall
2653,2023,33.50977777777778,8.997555555555556,10.9398,-0.33799999999999997,0.019699999999999995,1.1092825396825319,-0.5580983193277311,Ingall
2653,2024,31.33722222222222,20.18788888888889,21.712200000000003,1.3756,0.7546999999999999,-1.0684507936508076,0.11912184873949572,Ingall
2653,2025,31.903222222222226,16.746333333333332,18.1886,1.1418,0.6533,-0.5076285714285795,-0.04005798319327736,Ingall
2653,2026,33.710857142857144,10.405714285714284,9.845666666666668,-0.2066666666666667,-0.35850000000000004,1.2948285714285603,-1.1096378151260504,Ingall
2661,1989,28.99777777777778,28.674444444444443,,-0.48860000000000003,,-0.03467174603174783,,Maïné-Soroa
2661,1990,29.25911111111111,22.76422222222222,,-1.5286000000000002,,0.23431047619047263,,Maïné-Soroa
2661,1991,28.977888888888888,32.77577777777778,72.3942,0.3984,,-0.03926285714286237,,Maïné-Soroa
2661,1992,28.392,27.765,58.8914,-0.7014,,-0.6175028571428598,,Maïné-Soroa
2661,1993,29.326555555555558,26.919333333333334,53.038199999999996,-0.8602000000000001,,0.32470158730158616,,Maïné-Soroa
2661,1994,27.639888888888887,45.93266666666667,78.5578,1.4202,,-1.3543161904761973,,Maïné-Soroa
2661,1995,29.09911111111111,29.64911111111111,63.2606,-0.4104,,0.11255492063491701,,Maïné-Soroa
2661,1996,29.402111111111115,27.257444444444445,49.5686,-0.8645999999999999,,0.42320380952380887,,Maïné-Soroa
2661,1997,29.876555555555555,22.717555555555556,47.7692,-1.447,,0.9052971428571404,,Maïné-Soroa
2661,1998,28.648555555555554,33.43988888888889,66.8112,-0.22400000000000003,,-0.3150539682539737,,Maïné-Soroa
2661,1999,27.76388888888889,43.55711111111111,78.5596,1.2276,,-1.1920717460317505,,Maïné-Soroa
2661,2000,28.949888888888886,26.911555555555555,47.4476,-1.3994,,0.0015771428571369484,,Maïné-Soroa
2661,2001,28.86688888888889,29.924444444444443,58.18240000000001,-0.394,-0.2913,-0.07377396825397042,0.1004684210526316,Maïné-Soroa
2661,2002,29.656333333333333,33.781666666666666,57.1616,-0.138,-0.5164,0.7233193650793623,-0.15727894736842102,Maïné-Soroa
2661,2003,28.876666666666665,36.812666666666665,81.7868,0.8798,0.9222999999999999,-0.04869841269841757,1.2487736842105264,Maïné-Soroa
2661,2004,29.40777777777778,23.592111111111112,48.7802,-1.0196,-1.1044,0.4900615873015859,-0.8105736842105263,Maïné-Soroa
2661,2005,28.66288888888889,28.942888888888888,67.563,0.006600000000000006,0.6621999999999999,-0.247178412698414,0.923378947368421,Maïné-Soroa
2661,2006,29.37466666666667,29.081555555555553,55.497400000000006,-0.648,-0.8213,0.4722482539682531,-0.5927684210526316,Maïné-Soroa
2661,2007,28.445444444444448,40.705,72.7728,0.9224,-0.1915,-0.44932507936507804,0.004384210526315796,Maïné-Soroa
2661,2008,28.86622222222222,30.630000000000003,60.6794,-0.1924,-0.1459,-0.02089841269841841,0.017336842105263178,Maïné-Soroa
2661,2009,29.810333333333332,28.267,42.8942,-0.7274,-0.8646,0.9308615873015817,-0.7340105263157894,Maïné-Soroa
2661,2010,28.549555555555553,37.84866666666667,65.6326,0.7016,-0.45,-0.3222673015873063,-0.3520578947368421,Maïné-Soroa
2661,2011,29.40022222222222,24.141111111111112,55.5582,-1.2076,-0.8500000000000001,0.5360482539682465,-0.7847052631578948,Maïné-Soroa
2661,2012,28.258333333333333,37.17677777777778,85.704,0.6172,0.8983,-0.5981917460317483,0.9309473684210526,Maïné-Soroa
2661,2013,29.017777777777773,31.921111111111113,66.3092,0.0626,-0.018299999999999997,0.16890158730157978,-0.018299999999999997,Maïné-Soroa
2661,2014,29.31422222222222,25.783666666666665,52.7658,-1.0558,-0.3641,0.472994920634914,-0.3967473684210526,Maïné-Soroa
2661,2015,29.513555555555556,31.255999999999997,56.351800000000004,-0.31,-0.2266,0.6799771428571404,-0.29189473684210526,Maïné-Soroa
2661,2016,28.786666666666665,36.12833333333333,85.3306,1.2366,0.9048,-0.03926285714286237,0.8068578947368421,Maïné-Soroa
2661,2017,29.131333333333334,28.30322222222222,65.3724,-0.0852,0.1538,0.31305269841269734,0.02321052631578946,Maïné-Soroa
2661,2018,28.769111111111116,31.638555555555552,76.7024,0.2584,0.7287,-0.041520634920633626,0.5654631578947369,Maïné-Soroa
2661,2019,28.969222222222225,39.52122222222222,77.1922,1.1271999999999998,0.3738,0.1662393650793632,0.17791578947368422,Maïné-Soroa
2661,2020,28.20288888888889,43.09455555555556,76.49539999999999,1.1656,0.45599999999999996,-0.5924450793650813,0.22746842105263154,Maïné-Soroa
2661,2021,28.840333333333334,43.80466666666666,73.3172,1.2274,0.09149999999999998,0.05264825396825046,-0.1696789473684211,Maïné-Soroa
2661,2022,27.90911111111111,52.095333333333336,83.937,2.1084,0.1582,-0.8709250793650831,-0.1356263157894737,Maïné-Soroa
2661,2023,29.772111111111112,35.29533333333333,62.7062,0.3402,-0.9974000000000001,0.9997238095238075,-1.3238736842105263,Maïné-Soroa
2661,2024,28.035222222222224,51.714333333333336,90.6922,2.1713999999999998,1.0354,-0.7295161904761933,0.6762789473684212,Maïné-Soroa
2661,2025,28.535888888888888,36.56944444444444,77.92060000000001,0.64,0.1664,-0.22120063492063835,-0.2253684210526316,Maïné-Soroa
2661,2026,30.40042857142857,23.096571428571426,55.934666666666665,-1.8726666666666667,-0.9531666666666666,1.6509879365079314,-1.377582456140351,Maïné-Soroa
2668,1989,27.311777777777777,50.09122222222222,,-0.5568,,-0.45293791887125323,,Dosso
2668,1990,28.124222222222222,46.87455555555555,,-0.8384,,0.35679047619047566,,Dosso
2668,1991,27.502,41.98711111111111,93.4722,0.020600000000000042,,-0.268147795414464,,Dosso
2668,1992,27.30366666666667,56.06355555555555,96.26320000000001,0.4476,,-0.46919717813051065,,Dosso
2668,1993,28.02611111111111,44.54088888888889,96.4526,-0.7748,,0.25053121693121483,,Dosso
2668,1994,27.168777777777777,73.144,99.3518,2.3586,,-0.6095181657848343,,Dosso
2668,1995,27.943666666666665,48.251666666666665,92.6348,-0.632,,0.16265467372133813,,Dosso
2668,1996,27.941,43.79622222222222,89.175,-0.8314,,0.15727195767195568,,Dosso
2668,1997,28.697999999999997,38.54511111111111,94.8666,-1.4356,,0.9115559082892375,,Dosso
2668,1998,27.539555555555555,53.49144444444445,99.6648,0.178,,-0.2496045855379201,,Dosso
2668,1999,27.12911111111111,67.06922222222222,98.4284,0.6326,,-0.6627650793650801,,Dosso
2668,2000,28.03377777777778,50.72588888888889,91.20360000000001,0.2326,,0.2391855379188712,,Dosso
2668,2001,27.757555555555555,50.122666666666674,97.0668,0.1092,-0.34620000000000006,-0.03975273368606835,-0.442878787878788,Dosso
2668,2002,28.01522222222222,54.96711111111111,99.5154,-0.0014000000000000013,0.5533,0.21519788359788095,0.46467777777777775,Dosso
2668,2003,27.471333333333334,56.96777777777778,99.3158,0.5676,0.2531,-0.331407054673722,0.17253434343434337,Dosso
2668,2004,27.941333333333333,44.70688888888889,96.56800000000001,-1.0952,-0.093,0.13587689594356078,-0.16550909090909094,Dosso
2668,2005,27.965444444444444,49.33511111111111,96.9606,0.2324,1.2797999999999998,0.15727195767195568,1.2153474747474746,Dosso
2668,2006,27.794777777777778,67.04255555555557,96.0582,0.8166,0.0772,-0.016110758377426038,0.02080404040404038,Dosso
2668,2007,27.521666666666665,55.187111111111115,97.4934,0.40099999999999997,-0.41679999999999995,-0.2919379188712554,-0.4651393939393939,Dosso
2668,2008,27.71333333333333,57.61022222222222,98.232,0.8476000000000001,0.5388,-0.10298730158730507,0.49851717171717164,Dosso
2668,2009,28.35,50.49355555555556,97.8022,0.09540000000000001,-0.3163,0.5309633156966491,-0.3485262626262627,Dosso
2668,2010,27.782333333333334,49.16866666666667,99.0486,0.018000000000000016,-0.2052,-0.03941940035273461,-0.22936969696969697,Dosso
2668,2011,28.86688888888889,38.556000000000004,89.92280000000001,-1.5314,-0.5899000000000001,1.0424201058201064,-0.6060131313131314,Dosso
2668,2012,27.517,58.66977777777778,99.036,0.5988,-0.7130000000000001,-0.3101848324515011,-0.7210565656565657,Dosso
2668,2013,27.774,46.322,96.8444,-0.4062,0.189,-0.05590088183421571,0.189,Dosso
2668,2014,27.80588888888889,50.12544444444445,96.6184,-0.147,0.1492,-0.026728042328041823,0.15725656565656565,Dosso
2668,2015,27.993222222222222,55.275444444444446,98.34,-0.014400000000000001,-1.1141999999999999,0.15788924162257345,-1.0980868686868686,Dosso
2668,2016,27.951333333333334,44.720666666666666,97.4602,-1.0135999999999998,-0.49620000000000003,0.1132843033509694,-0.472030303030303,Dosso
2668,2017,28.009666666666664,43.02922222222222,95.998,-0.6938,0.7847,0.16890158730158333,0.8169262626262626,Dosso
2668,2018,27.69677777777778,54.01511111111111,98.9086,0.1424,-0.1477,-0.14670335097001796,-0.10741717171717169,Dosso
2668,2019,28.06088888888889,59.102777777777774,98.774,0.8253999999999999,0.9472,0.21469171075837679,0.9955393939393941,Dosso
2668,2020,27.58488888888889,66.47277777777778,99.4202,1.295,0.060399999999999995,-0.2640243386243384,0.11679595959595962,Dosso
2668,2021,28.118333333333332,55.98166666666667,94.369,0.3852,0.1996,0.26670405643738704,0.2640525252525253,Dosso
2668,2022,27.546444444444447,57.99466666666667,98.1284,0.6346,-0.4599,-0.3079008818342146,-0.387390909090909,Dosso
2668,2023,28.374333333333333,40.504222222222225,96.36580000000001,-1.1401999999999999,-0.5066,0.5172719576719551,-0.42603434343434343,Dosso
2668,2024,27.45577777777778,73.068,99.7426,1.7186,-0.1526,-0.4039996472663141,-0.06397777777777774,Dosso
2668,2025,27.217111111111112,58.82966666666667,97.6994,0.5664,0.17930000000000001,-0.6453823633156972,0.27597878787878793,Dosso
2668,2026,28.558,36.55957142857143,86.363,-1.6769999999999998,0.6806666666666666,0.6927904761904742,0.7854020202020202,Dosso
2670,1989,26.376666666666665,56.32111111111111,,-0.5806,,-0.31440708180707944,,Gaya
2670,1990,27.028000000000002,53.34577777777778,,-0.7252000000000001,,0.3232168498168555,,Gaya
2670,1991,26.632666666666665,43.60766666666667,97.934,-0.9702,,-0.08582588522588352,,Gaya
2670,1992,26.244444444444444,62.14677777777778,99.2346,0.20299999999999999,,-0.4877575091575075,,Gaya
2670,1993,26.85622222222222,50.114111111111114,99.5132,-0.9158,,0.11031086691086855,,Gaya
2670,1994,26.30022222222222,77.957,99.9068,1.9789999999999999,,-0.45939853479853454,,Gaya
2670,1995,27.046888888888887,55.42622222222222,98.4514,-0.4588,,0.273558730158733,,Gaya
2670,1996,26.851555555555553,52.73766666666667,99.7176,-0.6774,,0.06451599511599682,,Gaya
2670,1997,27.59722222222222,42.67144444444445,99.7466,-1.7007999999999999,,0.7964732600732631,,Gaya
2670,1998,26.77311111111111,63.71333333333333,99.9484,0.4396,,-0.04134725274725071,,Gaya
2670,1999,26.342444444444443,77.95633333333333,96.6014,0.6786,,-0.48572332112332006,,Gaya
2670,2000,26.76677777777778,54.26288888888889,99.6498,-0.23879999999999998,,-0.07509938949938544,,Gaya
2670,2001,26.81288888888889,67.29533333333333,99.46379999999999,1.1086,-0.16879999999999998,-0.04269768009767816,-0.7199090909090907,Gaya
2670,2002,27.131777777777778,66.96922222222221,99.693,0.6596,0.7469999999999999,0.2624818070818087,0.24181666666666668,Gaya
2670,2003,26.655444444444445,76.15899999999999,99.8544,1.5188000000000001,0.8741000000000001,-0.2275609279609263,0.41484242424242446,Gaya
2670,2004,26.96811111111111,50.25011111111111,99.7562,-1.1122,1.3415,0.07139633699634018,0.9281681818181818,Gaya
2670,2005,27.033666666666665,60.29066666666667,99.6568,0.1888,0.6167,0.12324249084249317,0.2492939393939395,Gaya
2670,2006,27.01022222222222,76.98211111111111,96.4164,0.8949999999999999,-0.3181,0.08608864468864752,-0.6395803030303029,Gaya
2670,2007,26.90233333333333,69.2401111111111,99.28020000000001,1.0848,-0.018099999999999998,-0.035509645909645116,-0.2936545454545454,Gaya
2670,2008,26.67422222222222,60.07211111111111,99.816,0.3484,0.6767000000000001,-0.27733015873015887,0.44707121212121226,Gaya
2670,2009,27.215333333333334,64.08433333333333,99.1368,0.9164,0.1278,0.25007155067155296,-0.05590303030303026,Gaya
2670,2010,26.985,56.22044444444444,99.8838,0.1672,-0.1609,0.006028815628816631,-0.2986772727272727,Gaya
2670,2011,27.714111111111112,55.02622222222222,98.6108,-0.7539999999999999,-0.2245,0.7214305250305273,-0.31635151515151516,Gaya
2670,2012,26.610333333333333,64.78022222222222,99.85799999999999,0.3264,-0.06040000000000001,-0.39605665445665394,-0.10632575757575757,Gaya
2670,2013,26.913555555555558,50.55255555555556,99.3432,-0.6164,0.11690000000000002,-0.10654383394382805,0.11690000000000002,Gaya
2670,2014,27.083000000000002,46.675111111111114,97.31320000000001,-1.8262,-0.7031,0.04919120879121408,-0.6571742424242424,Gaya
2670,2015,27.339555555555553,53.07077777777778,96.2984,-1.2494,-1.2717999999999998,0.29203736263736246,-1.1799484848484847,Gaya
2670,2016,27.152555555555555,53.72133333333333,99.8528,-0.7974,-0.34040000000000004,0.09132796092796269,-0.20262272727272734,Gaya
2670,2017,27.418333333333337,54.84877777777778,99.66839999999999,0.27280000000000004,0.5003,0.3433963369963422,0.6840030303030302,Gaya
2670,2018,26.904444444444447,58.42555555555556,99.93499999999999,0.022200000000000004,0.45089999999999997,-0.18420195360194924,0.6805287878787878,Gaya
2670,2019,27.185333333333332,67.13600000000001,99.84100000000001,0.9618,0.9546000000000001,0.08297753357753379,1.2301545454545455,Gaya
2670,2020,26.81588888888889,68.56355555555555,99.82480000000001,0.609,-0.546,-0.30017631257631194,-0.2245196969696971,Gaya
2670,2021,27.19188888888889,58.270555555555546,97.7398,-0.42460000000000003,-0.5253000000000001,0.06211428571428712,-0.1578939393939396,Gaya
2670,2022,26.802000000000003,72.10833333333333,99.73179999999999,1.0256,-0.2654,-0.34148400488399844,0.14793181818181805,Gaya
2670,2023,27.71311111111111,56.80277777777778,99.4032,-0.359,-0.5732,0.5559177045177073,-0.1139424242424244,Gaya
2670,2024,26.96077777777778,83.86388888888888,99.8386,1.8594000000000002,-0.661,-0.2101250305250275,-0.15581666666666683,Gaya
2670,2025,26.698888888888888,73.82677777777778,97.3936,0.8144,-0.7383,-0.48572332112332006,-0.18719090909090919,Gaya
2670,2026,27.740142857142853,44.864285714285714,98.54966666666667,-1.3956666666666668,-0.14366666666666666,0.541821245421243,0.45336818181818167,Gaya
2674,1989,27.93177777777778,38.986666666666665,,0.3106,,-0.23148351648351095,,Bouza
2674,1990,28.332333333333334,23.465444444444444,,-1.7778000000000003,,0.16731135531136232,,Bouza
2674,1991,27.90311111111111,42.05522222222223,92.2732,1.1989999999999998,,-0.2636715506715497,,Bouza
2674,1992,27.232,28.084,82.7212,-0.9586,,-0.9365433455433418,,Bouza
2674,1993,28.44922222222222,24.119777777777777,61.5896,-2.0644,,0.27891819291819786,,Bouza
2674,1994,27.272666666666666,49.95088888888889,98.0818,1.1362,,-0.8993980463980442,,Bouza
2674,1995,28.649666666666665,30.617555555555555,78.1258,-1.1362,,0.47584126984127195,,Bouza
2674,1996,28.57622222222222,28.486222222222224,70.8084,-0.9408,,0.400636141636145,,Bouza
2674,1997,28.86011111111111,23.26877777777778,65.19919999999999,-1.3452,,0.6827643467643476,,Bouza
2674,1998,27.781333333333336,41.846444444444444,95.56039999999999,0.425,,-0.3977741147741085,,Bouza
2674,1999,27.022222222222222,53.79855555555556,96.365,1.567,,-1.1586459096459052,,Bouza
2674,2000,28.20588888888889,29.045333333333335,80.5404,-0.9847999999999999,,0.023260073260075842,,Bouza
2674,2001,28.341333333333335,42.547333333333334,93.4826,0.745,0.4004,0.15694383394383848,0.8743368421052631,Bouza
2674,2002,28.791333333333334,35.467999999999996,84.013,-0.3342,-0.7401,0.605183150183155,-0.3056578947368422,Bouza
2674,2003,28.004,38.40877777777777,92.96700000000001,0.4702,0.3636,-0.18391086691086045,0.7585473684210525,Bouza
2674,2004,28.828888888888887,34.01166666666667,83.9682,0.0786,-1.3405,0.639217338217339,-0.9850473684210528,Bouza
2674,2005,28.14788888888889,39.11333333333333,85.5088,0.613,0.37840000000000007,-0.04354334554334116,0.6943578947368421,Bouza
2674,2006,28.479444444444443,41.614222222222224,89.0818,-0.06080000000000001,-1.0621,0.2862515262515295,-0.7856368421052633,Bouza
2674,2007,27.935333333333332,38.02466666666666,86.87440000000001,0.3068,-0.36549999999999994,-0.2596202686202673,-0.12853157894736839,Bouza
2674,2008,28.290444444444447,39.227444444444444,77.7538,-0.07520000000000002,-0.38480000000000003,0.09373015873016399,-0.18732631578947376,Bouza
2674,2009,29.309222222222225,25.88111111111111,56.3856,-1.0062,-0.2681,1.1107472527472595,-0.11012105263157898,Bouza
2674,2010,28.107333333333333,44.980555555555554,95.5198,1.3501999999999998,-0.0702,-0.09290231990231845,0.04828421052631578,Bouza
2674,2011,28.81411111111111,33.24488888888889,73.8062,0.2144,0.3913,0.6121147741147759,0.4702894736842105,Bouza
2674,2012,27.807000000000002,34.70355555555555,91.32039999999999,-0.0466,1.0217,-0.3967570207570148,1.0611947368421053,Bouza
2674,2013,28.22877777777778,32.83088888888889,79.77799999999999,-0.2144,-0.6763,0.023260073260075842,-0.6763,Bouza
2674,2014,28.489555555555555,40.79188888888889,88.01320000000001,0.594,0.0899,0.2822771672771687,0.05040526315789474,Bouza
2674,2015,28.352444444444444,42.425,88.1824,0.22200000000000003,-0.38170000000000004,0.14340537240537543,-0.46068947368421054,Bouza
2674,2016,28.31522222222222,41.54355555555556,88.0608,1.0358,0.44880000000000003,0.10442246642247,0.33031578947368423,Bouza
2674,2017,28.62022222222222,24.84211111111111,75.6652,-0.7978000000000001,0.3889,0.40766178266178343,0.230921052631579,Bouza
2674,2018,28.192222222222224,41.82122222222222,95.074,0.7404,0.3548,-0.02209890109889656,0.15732631578947373,Bouza
2674,2019,28.538555555555554,34.48755555555555,80.64739999999999,-0.10179999999999997,0.01200000000000001,0.322473748473751,-0.22496842105263154,Bouza
2674,2020,27.54133333333333,54.00377777777778,96.3302,1.4924,-0.12450000000000003,-0.6765091575091589,-0.4009631578947368,Bouza
2674,2021,28.52288888888889,39.309444444444445,87.3832,0.2566,0.155,0.3032857142857175,-0.16095789473684205,Bouza
2674,2022,27.719222222222225,36.946888888888886,82.8648,-0.8220000000000001,0.4119,-0.50214163614163,0.05644736842105269,Bouza
2674,2023,28.967777777777776,37.916,89.8922,-0.0342,-0.5892000000000001,0.7446532356532352,-0.9841473684210527,Bouza
2674,2024,27.266000000000002,56.044777777777774,99.029,1.8378,1.1279,-0.9588852258852221,0.6934578947368422,Bouza
2674,2025,27.322,37.657666666666664,94.7148,-0.514,0.859,-0.9046459096459074,0.3850631578947369,Bouza
2674,2026,29.069714285714287,34.144999999999996,75.97466666666666,-0.5023333333333334,0.35183333333333333,0.8413076923076943,-0.16159824561403502,Bouza
2675,1989,30.887222222222224,17.59711111111111,,-0.0382,,-0.2555576719576784,,Tassara
2675,1990,31.148777777777777,12.809111111111111,,-0.7455999999999999,,-0.00017142857143781498,,Tassara
2675,1991,30.695444444444448,11.780666666666667,38.8262,-0.8013999999999999,,-0.4596740740740799,,Tassara
2675,1992,30.324444444444445,17.453,49.743399999999994,0.11400000000000002,,-0.8368433862433946,,Tassara
2675,1993,31.39577777777778,13.868222222222222,27.367,-0.9598000000000001,,0.2283206349206317,,Tassara
2675,1994,30.28244444444444,24.00277777777778,62.5954,0.7172,,-0.8911820105820212,,Tassara
2675,1995,31.72711111111111,9.948222222222222,20.3172,-2.2334,,0.5473153439153364,,Tassara
2675,1996,31.765,12.659333333333333,27.569799999999997,-1.6568,,0.5790349206349141,,Tassara
2675,1997,31.689888888888888,15.869444444444444,33.2432,-0.18239999999999998,,0.49775449735448873,,Tassara
2675,1998,31.17611111111111,27.55933333333333,63.4064,1.5322,,-0.022192592592602978,,Tassara
2675,1999,29.964,29.368555555555556,77.3158,1.6422,,-1.2404730158730253,,Tassara
2675,2000,31.194444444444443,13.447,36.95,-0.808,,-0.016197883597893536,,Tassara
2675,2001,31.516444444444446,19.47088888888889,45.2726,0.31120000000000003,0.3333,0.2996328042327967,0.6745457142857145,Tassara
2675,2002,31.750888888888888,15.507777777777777,38.8334,-0.4196,-1.2238000000000002,0.5279079365079262,-0.9109914285714286,Tassara
2675,2003,31.26377777777778,19.903555555555556,48.608799999999995,0.5018,-0.2067,0.0346275132275089,0.07767142857142878,Tassara
2675,2004,31.411222222222225,11.331555555555555,37.2856,-1.1822,-0.3225,0.17590264550264223,-0.06656571428571412,Tassara
2675,2005,31.130222222222226,22.055333333333333,55.4436,1.0848,0.7709,-0.11126666666666907,0.998397142857143,Tassara
2675,2006,31.400999999999996,16.314222222222224,31.7656,-0.8642,-1.1061,0.15334179894178845,-0.90704,Tassara
2675,2007,30.797111111111107,21.677333333333333,54.626599999999996,0.5764,1.3592,-0.4567164021164132,1.5298228571428572,Tassara
2675,2008,31.16944444444444,19.227777777777774,49.6314,0.8272,-0.3036,-0.09055238095239204,-0.1614142857142856,Tassara
2675,2009,32.19777777777778,19.708555555555556,30.858800000000002,0.26620000000000005,-1.1502,0.931611640211635,-1.0364514285714284,Tassara
2675,2010,31.036222222222225,22.647666666666666,43.2162,1.0402,0.2641,-0.23611322751323272,0.3494114285714286,Tassara
2675,2011,31.684111111111108,16.57477777777778,39.9794,0.29979999999999996,-0.8455,0.4056063492063373,-0.7886257142857143,Tassara
2675,2012,30.910444444444447,28.482000000000003,48.677,1.6146,1.5005000000000002,-0.37422962962963524,1.528937142857143,Tassara
2675,2013,31.322777777777773,19.801333333333332,39.4704,0.1476,-0.0852,0.03193439153437794,-0.0852,Tassara
2675,2014,31.488444444444447,12.56088888888889,41.9002,-0.9798,-0.5588,0.19143174603174273,-0.5872371428571428,Tassara
2675,2015,31.58822222222222,21.326333333333334,39.277,0.563,0.3342,0.28504021164020443,0.27732571428571423,Tassara
2675,2016,31.588000000000005,15.542333333333334,41.7966,-0.008199999999999995,-0.5598000000000001,0.27864867724867537,-0.6451114285714287,Tassara
2675,2017,31.548333333333332,17.003666666666668,42.686,0.579,-0.0008999999999999841,0.23281269841269037,-0.11464857142857149,Tassara
2675,2018,30.868222222222226,18.61622222222222,58.9606,0.30979999999999996,-0.0968,-0.45346772486772835,-0.23898571428571438,Tassara
2675,2019,31.305666666666664,15.14777777777778,38.8608,-0.1652,-0.3063,-0.022192592592602978,-0.47692285714285726,Tassara
2675,2020,30.981222222222225,19.771333333333335,54.8494,-0.021200000000000017,0.4721000000000001,-0.3528063492063538,0.27303999999999995,Tassara
2675,2021,31.781333333333333,19.07,50.993,0.47779999999999995,0.9796,0.44113544973544094,0.752102857142857,Tassara
2675,2022,31.39611111111111,13.529333333333334,35.0222,-1.2484,0.5317,0.049743915343906764,0.27576571428571406,Tassara
2675,2023,32.46388888888889,16.19,43.9396,-0.11840000000000002,-0.022200000000000004,1.1113523809523755,-0.3065714285714288,Tassara
2675,2024,30.368444444444442,30.89277777777778,68.7452,1.5150000000000001,0.39420000000000005,-0.9902613756613832,0.08139142857142839,Tassara
2675,2025,30.915888888888887,20.104444444444443,54.48780000000001,0.5776,0.19140000000000001,-0.44898624338625126,-0.14984571428571447,Tassara
2675,2026,32.45771428571429,19.500857142857143,34.330333333333336,-0.10966666666666665,-0.3926666666666666,1.0866698412698383,-0.7623495238095239,Tassara
2686,1989,28.399444444444445,47.852333333333334,,0.6666000000000001,,-0.40504973544973666,,Gothèye
2686,1990,28.93588888888889,34.62588888888889,,-0.8800000000000001,,0.12987619047618892,,Gothèye
2686,1991,28.667777777777776,32.23688888888889,87.01259999999999,-0.634,,-0.13975343915344496,,Gothèye
2686,1992,28.572111111111113,47.132666666666665,89.3992,0.6506000000000001,,-0.23693862433862378,,Gothèye
2686,1993,29.064777777777774,37.82822222222222,85.8502,-0.9145999999999999,,0.2542095238095179,,Gothèye
2686,1994,27.98477777777778,53.42677777777778,98.1688,1.0878,,-0.8273089947089964,,Gothèye
2686,1995,28.976777777777777,44.11377777777778,90.3224,0.44939999999999997,,0.16317248677248486,,Gothèye
2686,1996,28.869000000000003,43.16866666666667,86.50739999999999,-0.28259999999999996,,0.053876190476191965,,Gothèye
2686,1997,29.549000000000003,35.479,83.5904,-1.2162,,0.7323576719576721,,Gothèye
2686,1998,28.50033333333333,52.43333333333333,97.3962,0.7485999999999999,,-0.3178275132275168,,Gothèye
2686,1999,27.798222222222222,54.629,97.4708,0.8998000000000002,,-1.0214571428571446,,Gothèye
2686,2000,28.97955555555556,39.76644444444444,85.90639999999999,-0.11579999999999999,,0.15835767195767403,,Gothèye
2686,2001,28.935333333333332,40.47688888888889,92.9404,-0.4636,-0.7304999999999999,0.11261693121693028,-0.41003142857142855,Gothèye
2686,2002,29.384999999999998,35.32877777777778,82.3678,-0.8934,-0.9932000000000001,0.5607650793650762,-0.699437142857143,Gothèye
2686,2003,28.504222222222225,54.340888888888884,98.2118,1.475,0.29969999999999997,-0.32153121693121633,0.5667571428571427,Gothèye
2686,2004,29.093222222222224,39.708111111111116,92.0834,-0.7014,0.08549999999999999,0.26595026455026627,0.3258514285714285,Gothèye
2686,2005,28.772111111111112,46.79533333333333,94.88640000000001,0.9218,0.8336999999999999,-0.056679365079364885,1.047345714285714,Gothèye
2686,2006,28.81188888888889,39.970333333333336,86.8942,-0.884,-0.2854,-0.018420105820105448,-0.09846000000000002,Gothèye
2686,2007,28.656,47.83955555555556,93.8368,0.9513999999999999,0.5434000000000001,-0.17582751322751378,0.7036342857142858,Gothèye
2686,2008,28.628,34.66411111111111,91.9742,-0.729,0.20490000000000003,-0.20534603174603205,0.3384285714285714,Gothèye
2686,2009,29.552555555555557,35.989444444444445,83.7676,-0.857,-0.694,0.7176910052910053,-0.5871771428571428,Gothèye
2686,2010,28.599444444444444,42.482,96.4922,-0.05620000000000001,-0.005099999999999997,-0.23693862433862378,0.07501714285714285,Gothèye
2686,2011,29.481,32.218111111111114,79.7414,-1.6552,-1.3559999999999999,0.6430984126984143,-1.3025885714285712,Gothèye
2686,2012,28.328555555555553,51.903444444444446,97.718,0.825,-0.5499,-0.5108645502645537,-0.5231942857142857,Gothèye
2686,2013,28.698777777777778,43.72533333333334,90.384,0.3276,-0.38570000000000004,-0.14216084656084504,-0.38570000000000004,Gothèye
2686,2014,29.069666666666667,38.849666666666664,90.051,-0.3684,0.0318,0.22720952380952397,0.005094285714285721,Gothèye
2686,2015,28.963777777777775,51.482777777777784,97.2796,0.8012,-0.35290000000000005,0.1198021164021128,-0.4063114285714286,Gothèye
2686,2016,28.831666666666667,39.858555555555554,96.24100000000001,-0.6182000000000001,-0.4658,-0.01382751322751119,-0.5459171428571429,Gothèye
2686,2017,28.856666666666666,33.949555555555555,93.2526,-0.8310000000000001,0.7075,0.009653968253967804,0.6006771428571429,Gothèye
2686,2018,28.761777777777777,36.61933333333334,95.05760000000001,-0.5964,0.6787,-0.08675343915344058,0.5451714285714285,Gothèye
2686,2019,29.079777777777778,44.748555555555555,93.1698,0.315,-0.1338,0.22972804232804478,-0.2940342857142857,Gothèye
2686,2020,28.603,75.19444444444444,97.06400000000001,2.4012000000000002,-0.3641,-0.24856825396825144,-0.55104,Gothèye
2686,2021,29.38733333333333,43.87277777777778,86.1674,0.2404,1.0995,0.5342465608465581,0.8858542857142857,Gothèye
2686,2022,28.86911111111111,41.20488888888889,92.86359999999999,-0.2156,-0.1165,0.014505820105821243,-0.35685142857142854,Gothèye
2686,2023,29.392555555555557,39.425,91.49600000000001,-0.3214,1.0098,0.5364317460317487,0.7427428571428571,Gothèye
2686,2024,28.493333333333332,67.00866666666667,99.6346,2.282,-0.2974,-0.36430899470899547,-0.5911628571428571,Gothèye
2686,2025,28.450000000000003,58.000777777777785,96.494,1.2908,0.5052,-0.40916084656084095,0.1847314285714286,Gothèye
2686,2026,29.72342857142857,45.129999999999995,92.71433333333333,0.074,1.0833333333333335,0.862749206349207,0.7361590476190478,Gothèye
2689,1989,28.16288888888889,51.346777777777774,,0.2976,,-0.3887310245310154,,Kollo
2689,1990,28.826666666666668,36.17144444444445,,-1.2884,,0.2757639249639361,,Kollo
2689,1991,28.31711111111111,35.595222222222226,90.473,-0.42200000000000004,,-0.23307445887445155,,Kollo
2689,1992,28.204666666666665,44.178555555555555,93.7716,-0.05279999999999998,,-0.3448017316017271,,Kollo
2689,1993,28.773444444444447,41.65811111111111,89.2606,-0.44580000000000003,,0.22469321789322905,,Kollo
2689,1994,27.773777777777777,62.72033333333333,98.4708,1.893,,-0.7742562770562706,,Kollo
2689,1995,28.62677777777778,46.952777777777776,92.8154,0.12000000000000002,,0.07946089466090456,,Kollo
2689,1996,28.724999999999998,42.68244444444444,86.0596,-0.484,,0.17840028860029378,,Kollo
2689,1997,29.42488888888889,30.857999999999997,80.8348,-1.9772000000000003,,0.8790063492063567,,Kollo
2689,1998,28.187666666666665,62.55122222222222,99.449,1.4116,,-0.3574987012986952,,Kollo
2689,1999,27.77433333333333,59.928222222222225,99.0098,0.6932,,-0.7701148629148591,,Kollo
2689,2000,28.87566666666667,43.900999999999996,86.44839999999999,0.0678,,0.3319356421356545,,Kollo
2689,2001,28.629888888888885,45.30177777777778,95.0026,0.009400000000000006,0.1542,0.08687503607503899,-0.006348529411764697,Kollo
2689,2002,29.016333333333332,41.14566666666666,89.52439999999999,-0.6718,0.24769999999999998,0.47403665223665925,0.10053051470588234,Kollo
2689,2003,28.266333333333332,43.08577777777778,94.6024,-0.10600000000000001,0.6129,-0.27524617604617063,0.4791095588235294,Kollo
2689,2004,28.668444444444447,40.696,93.9944,-0.7323999999999999,0.5698,0.12758210678211412,0.44938860294117644,Kollo
2689,2005,28.619444444444444,41.35077777777778,95.58279999999999,-0.059199999999999996,1.6271,0.07929927849928475,1.5200676470588235,Kollo
2689,2006,28.41088888888889,53.40811111111111,93.6396,0.10679999999999998,-0.3032,-0.1285391053390974,-0.3968533088235294,Kollo
2689,2007,28.200666666666663,49.904333333333334,95.755,0.6285999999999999,-0.05830000000000002,-0.3380441558441518,-0.13857426470588236,Kollo
2689,2008,28.339777777777776,45.90644444444444,94.473,0.23700000000000002,0.6994,-0.19821587301586874,0.6325047794117648,Kollo
2689,2009,29.172666666666665,42.47622222222222,90.55199999999999,-0.1266,-0.4549,0.6353901875901897,-0.5084161764705882,Kollo
2689,2010,28.512222222222224,46.96233333333333,97.8604,-0.00040000000000001146,-0.6678999999999999,-0.024337085137076997,-0.7080371323529411,Kollo
2689,2011,29.374444444444446,36.13,79.761,-1.1274000000000002,-0.6860999999999999,0.8386023088023151,-0.7128580882352941,Kollo
2689,2012,28.123555555555555,49.31266666666667,96.9814,0.45220000000000005,-0.4151,-0.41156940836940237,-0.4284790441176471,Kollo
2689,2013,28.41122222222222,49.143,91.7162,0.7696000000000001,-0.5803,-0.12318556998556573,-0.5803,Kollo
2689,2014,28.700333333333333,44.995222222222225,89.88640000000001,0.144,0.004300000000000005,0.16664271284271592,0.017679044117647064,Kollo
2689,2015,28.696666666666665,53.07588888888889,98.39000000000001,0.571,-0.1726,0.163693217893222,-0.1458419117647059,Kollo
2689,2016,28.570555555555554,39.92111111111112,95.9526,-0.8135999999999999,-0.3417,0.03829927849928083,-0.3015628676470588,Kollo
2689,2017,28.611000000000004,37.062222222222225,95.3158,-0.5752,0.9258,0.07946089466090456,0.9793161764705882,Kollo
2689,2018,28.52144444444444,42.888888888888886,96.851,-0.7342000000000001,-0.057800000000000004,-0.009377489177488485,0.009095220588235295,Kollo
2689,2019,28.74277777777778,51.61555555555556,95.2692,0.8417999999999999,-0.049600000000000005,0.21267301587302256,0.030674264705882345,Kollo
2689,2020,28.164,63.498,97.7558,1.6612000000000002,-0.31379999999999997,-0.36538759018758427,-0.22014669117647057,Kollo
2689,2021,28.858333333333334,51.28277777777778,90.3374,0.8652,0.047099999999999996,0.32966291486291865,0.15413235294117647,Kollo
2689,2022,28.380666666666666,43.747,94.5298,-0.2532,-0.7736,-0.14728658008657547,-0.6531886029411764,Kollo
2689,2023,29.005222222222226,36.70466666666667,91.0332,-1.0434,0.013000000000000005,0.4779861471861544,0.1467904411764706,Kollo
2689,2024,28.064,68.27722222222222,99.5654,2.1178,-0.24270000000000003,-0.4625189033188981,-0.09553051470588239,Kollo
2689,2025,28.08555555555556,51.20166666666667,96.35499999999999,0.6362,0.3722,-0.4402461760461698,0.5327485294117646,Kollo
2689,2026,29.28,41.82714285714286,92.26733333333334,-0.3423333333333333,0.9483333333333333,0.7549154401154432,1.122260906862745,Kollo
2691,1989,27.461,57.754222222222225,,0.46040000000000003,,-0.498461904761907,,Torodi
2691,1990,28.15533333333333,43.50533333333333,,-0.842,,0.19537142857142697,,Torodi
2691,1991,27.840777777777777,32.757777777777775,94.3184,-1.3152000000000001,,-0.11968412698412578,,Torodi
2691,1992,27.71966666666667,50.01111111111111,96.797,0.173,,-0.2412952380952369,,Torodi
2691,1993,28.144111111111112,50.75933333333333,98.4342,-0.2866,,0.18264920634920756,,Torodi
2691,1994,27.16444444444444,72.42588888888889,99.83619999999999,2.0044,,-0.7975174603174615,,Torodi
2691,1995,28.03066666666667,46.463,97.5074,-0.2158,,0.06820476190476299,,Torodi
2691,1996,28.067666666666668,43.839777777777776,94.6778,-0.6881999999999999,,0.10470476190476319,,Torodi
2691,1997,28.866444444444443,39.370111111111115,92.139,-1.927,,0.9029825396825402,,Torodi
2691,1998,27.611555555555555,73.51755555555556,99.73819999999999,1.7259999999999998,,-0.35240634920635117,,Torodi
2691,1999,27.263666666666666,69.29511111111111,99.928,1.1598,,-0.7007952380952389,,Torodi
2691,2000,28.00922222222222,46.458555555555556,95.5408,-0.346,,0.04426031746031711,,Torodi
2691,2001,28.160333333333334,45.003888888888895,98.3484,-0.6072,-0.08889999999999999,0.19487142857142814,-0.2891871428571428,Torodi
2691,2002,28.40277777777778,45.06822222222222,97.926,-0.6758,-0.2682,0.436815873015874,-0.45179654761904753,Torodi
2691,2003,27.66,51.58822222222222,99.61019999999999,0.3274,0.8748,-0.30646190476190327,0.7078940476190476,Torodi
2691,2004,28.004222222222225,44.12166666666666,97.8182,-0.9086000000000001,0.9242999999999999,0.037260317460319214,0.7740846428571428,Torodi
2691,2005,28.03311111111111,53.04044444444444,99.2534,0.4958,1.8774,0.06564920634920668,1.743875238095238,Torodi
2691,2006,27.889666666666667,51.660333333333334,98.23179999999999,-0.2652,-0.2416,-0.07829523809523664,-0.3584341666666666,Torodi
2691,2007,27.927444444444447,54.846111111111114,97.274,0.5628,0.3288,-0.0410174603174589,0.2286564285714286,Torodi
2691,2008,27.598888888888887,43.13288888888889,98.526,-0.7926,0.42779999999999996,-0.3700730158730181,0.34434702380952376,Torodi
2691,2009,28.495111111111115,50.19711111111111,97.10040000000001,0.21139999999999998,0.0583,0.5256492063492111,-0.008462380952380937,Torodi
2691,2010,27.954777777777778,57.93311111111112,99.6608,0.4382,-0.3853,-0.015184126984127744,-0.4353717857142857,Torodi
2691,2011,28.622888888888887,44.952555555555556,94.45779999999999,-0.4144,-0.368,0.6524269841269827,-0.4013811904761905,Torodi
2691,2012,27.574444444444442,51.00044444444445,99.6178,-0.3088,-0.025400000000000013,-0.3965174603174617,-0.042090595238095246,Torodi
2691,2013,27.948333333333334,53.756666666666675,96.4712,0.5398,-0.8090999999999999,-0.02312857142857183,-0.8090999999999999,Torodi
2691,2014,28.227555555555554,47.343555555555554,98.4802,-0.3436,-0.25460000000000005,0.2555936507936494,-0.2379094047619048,Torodi
2691,2015,28.197444444444443,58.50711111111111,99.6612,0.4814,-0.8977,0.22498253968253934,-0.8643188095238096,Torodi
2691,2016,27.966333333333335,47.73777777777778,99.6316,-0.5364,-0.2587,-0.006628571428571206,-0.2086282142857143,Torodi
2691,2017,28.03911111111111,41.37444444444444,98.24260000000001,-0.1882,0.19639999999999996,0.06564920634920668,0.26316238095238087,Torodi
2691,2018,27.919,46.800666666666665,98.74940000000001,-0.5378000000000001,-1.1066,-0.05496190476190321,-1.023147023809524,Torodi
2691,2019,28.160777777777778,50.96755555555555,98.4958,0.2084,-0.8878,0.1863158730158716,-0.7876564285714286,Torodi
2691,2020,27.771333333333335,72.10977777777778,99.3262,1.8998000000000002,-0.7461,-0.20362857142857038,-0.6292658333333334,Torodi
2691,2021,28.14611111111111,54.513999999999996,96.59819999999999,0.7534,0.36970000000000003,0.1706492063492071,0.5032247619047618,Torodi
2691,2022,27.76,59.651,99.3736,0.6849999999999999,0.0236,-0.21596190476190458,0.17381535714285712,Torodi
2691,2023,28.467444444444443,41.932,97.69,-0.9437999999999999,-0.05790000000000001,0.4909825396825376,0.10900595238095234,Torodi
2691,2024,27.715444444444444,64.98177777777778,99.8852,1.341,0.5582,-0.26151746031746015,0.7417965476190476,Torodi
2691,2025,27.552888888888887,60.42777777777778,99.2692,0.8236000000000001,0.6665,-0.424573015873019,0.8667871428571428,Torodi
2691,2026,28.88214285714286,47.27471428571429,99.41766666666666,-0.041666666666666664,1.1103333333333334,0.9041809523809547,1.3273110714285714,Torodi
2696,1989,27.499777777777776,42.82322222222222,,-0.4354,,0.055395859213248855,,Magaria
2696,1990,27.878777777777778,37.44288888888889,,-1.2104,,0.4346567287784673,,Magaria
2696,1991,27.304111111111112,39.98477777777778,86.2384,-0.5284,,-0.13974906832297762,,Magaria
2696,1992,26.95388888888889,46.66511111111111,90.1868,0.018400000000000003,,-0.4897104209799821,,Magaria
2696,1993,27.59477777777778,42.11011111111111,83.6062,-0.8206,,0.1514393374741232,,Magaria
2696,1994,26.608111111111114,61.141666666666666,91.87899999999999,1.1644,,-0.8349664596273243,,Magaria
2696,1995,27.575333333333333,43.25922222222222,88.92,-0.4342,,0.13251663216011167,,Magaria
2696,1996,27.691555555555553,40.95522222222222,82.64500000000001,-0.8906000000000001,,0.24899972394754855,,Magaria
2696,1997,28.255666666666666,44.87822222222222,87.80940000000001,-0.19660000000000002,,0.8133717046238793,,Magaria
2696,1998,27.36777777777778,61.91555555555556,88.911,1.266,,-0.07425631469979166,,Magaria
2696,1999,26.44344444444444,53.66911111111111,88.8232,0.176,,-0.9983287784679113,,Magaria
2696,2000,27.644333333333336,41.13188888888889,79.5478,-1.2524000000000002,,0.20282097998619975,,Magaria
2696,2001,27.125,49.714888888888886,93.542,0.4784,-0.2752,-0.3162514837819188,0.2666428571428572,Magaria
2696,2002,27.91122222222222,53.084666666666664,85.40899999999999,-0.2354,-0.9963000000000001,0.4702316080055198,-0.49961071428571435,Magaria
2696,2003,27.099222222222224,57.29844444444445,97.47560000000001,1.6,0.1326,-0.3415075224292572,0.5841357142857143,Magaria
2696,2004,27.96377777777778,47.641888888888886,87.9648,0.5536000000000001,-0.151,0.5233089026915145,0.2553821428571429,Magaria
2696,2005,27.21211111111111,47.980888888888884,95.3544,0.688,0.528,-0.22809689440993708,0.8892285714285715,Magaria
2696,2006,27.888666666666666,47.46211111111111,80.9962,-0.5052,-1.451,0.4487195307108358,-1.134925,Magaria
2696,2007,27.26677777777778,37.882,77.2846,-1.076,-0.8968,-0.17290848861283337,-0.6258785714285715,Magaria
2696,2008,27.45288888888889,49.31133333333333,90.764,0.3128,-0.7355,0.013463492063493732,-0.5097321428571429,Magaria
2696,2009,28.383222222222223,39.019888888888886,81.824,-0.9152000000000001,-0.26980000000000004,0.9440576949620443,-0.08918571428571431,Magaria
2696,2010,27.365222222222222,49.659555555555556,93.9086,0.1908,0.26990000000000003,-0.07368143547273931,0.4053607142857143,Magaria
2696,2011,27.821,41.236444444444444,86.7336,-0.5836,0.046,0.3823572118702572,0.13630714285714285,Magaria
2696,2012,26.770666666666667,54.34155555555556,97.0052,1.2578,1.1338,-0.6677152518978602,1.1789535714285713,Magaria
2696,2013,27.49566666666667,45.119,89.24260000000001,0.4346,-0.10329999999999999,0.05754561766735833,-0.10329999999999999,Magaria
2696,2014,27.887777777777778,43.878888888888895,78.5304,-0.6344000000000001,-0.3659,0.4499175983436885,-0.41105357142857146,Magaria
2696,2015,27.775666666666666,46.355777777777774,82.4754,-0.42919999999999997,-1.1147,0.33806735679779365,-1.205007142857143,Magaria
2696,2016,27.714222222222222,34.392,90.1896,-0.9596,0.4118,0.276883781918567,0.2763392857142857,Magaria
2696,2017,27.62177777777778,35.879,89.4304,-1.0862,0.1412,0.18470020703934154,-0.039414285714285735,Magaria
2696,2018,27.20111111111111,39.77055555555555,97.2706,-0.4668,-0.010700000000000001,-0.23570559006211056,-0.23646785714285717,Magaria
2696,2019,27.685555555555553,50.44877777777778,90.81280000000001,0.9189999999999999,0.6238,0.24899972394754855,0.35287857142857143,Magaria
2696,2020,26.959777777777777,59.49866666666666,90.3638,1.2289999999999999,-0.3387,-0.4765171842650098,-0.654775,Magaria
2696,2021,27.377222222222223,56.63655555555556,88.1386,0.7832,-0.054599999999999996,-0.05881187025534729,-0.41582857142857144,Magaria
2696,2022,26.794555555555558,59.65033333333334,97.252,1.239,-0.1124,-0.6412176673567949,-0.5187821428571429,Magaria
2696,2023,28.117555555555555,50.809,95.05019999999999,0.3438,1.3213,0.6820432022084191,0.8697642857142855,Magaria
2696,2024,27.015444444444444,68.01033333333334,94.4284,1.7251999999999998,1.5062,-0.4198070393374742,1.0095107142857143,Magaria
2696,2025,27.034777777777776,54.786,94.17060000000001,0.5072,0.48629999999999995,-0.400212836438925,-0.05554285714285723,Magaria
2696,2026,28.698571428571427,46.960142857142856,75.45133333333334,-0.397,1.136,1.2638416839199458,0.5490035714285713,Magaria
2791,1989,28.206666666666663,37.657444444444444,,-0.4584,,-0.313191269841294,,Dogondoutchi
2791,1990,28.799555555555557,35.10755555555556,,-0.5519999999999999,,0.28250317460315344,,Dogondoutchi
2791,1991,28.416555555555554,38.45044444444444,89.3614,0.8518000000000001,,-0.09769126984129173,,Dogondoutchi
2791,1992,27.813444444444443,39.52222222222222,94.2042,-0.28219999999999995,,-0.6979968253968458,,Dogondoutchi
2791,1993,28.78022222222222,33.41333333333333,80.5744,-0.9097999999999999,,0.2715865079364903,,Dogondoutchi
2791,1994,27.709777777777777,54.49333333333333,98.5208,2.1538,,-0.7960523809523998,,Dogondoutchi
2791,1995,28.764111111111113,36.11311111111112,86.499,-0.49720000000000003,,0.26108650793649346,,Dogondoutchi
2791,1996,28.91066666666667,31.968777777777778,74.88579999999999,-0.7604,,0.4104476190476092,,Dogondoutchi
2791,1997,29.20111111111111,30.029666666666667,83.38499999999999,-1.0502,,0.7036976190476061,,Dogondoutchi
2791,1998,28.152555555555555,42.63933333333333,96.0088,0.009599999999999997,,-0.3420523809523921,,Dogondoutchi
2791,1999,27.540000000000003,55.406555555555556,97.9616,1.564,,-0.9518023809523903,,Dogondoutchi
2791,2000,28.658666666666665,35.79922222222223,85.6354,-0.12440000000000002,,0.16966984126982965,,Dogondoutchi
2791,2001,28.357555555555557,37.57211111111111,93.9332,-0.1806,-0.0851,-0.1286357142857213,0.03003333333333333,Dogondoutchi
2791,2002,28.978,38.337555555555554,88.87859999999999,-0.7074,-1.5426,0.494614285714281,-1.4370611111111111,Dogondoutchi
2791,2003,28.16922222222222,38.74133333333334,95.798,0.42919999999999997,0.3236,-0.31135793650794596,0.41954444444444444,Dogondoutchi
2791,2004,28.88822222222222,38.05488888888888,92.86760000000001,-0.3166,-0.4819,0.4104476190476092,-0.39555,Dogondoutchi
2791,2005,28.629,34.77377777777778,90.9962,-0.005000000000000027,0.4384,0.15403095238094977,0.5151555555555556,Dogondoutchi
2791,2006,28.52011111111111,53.541,95.093,0.8974,-0.6941999999999999,0.047947619047615575,-0.6270388888888888,Dogondoutchi
2791,2007,28.070444444444448,40.65411111111111,94.6166,0.603,-0.052099999999999994,-0.39891349206349247,0.005466666666666668,Dogondoutchi
2791,2008,28.40588888888889,39.18344444444445,91.7914,0.1986,0.06720000000000001,-0.06066349206349386,0.11517222222222223,Dogondoutchi
2791,2009,29.337000000000003,35.281555555555556,80.85040000000001,-0.1594,-0.2278,0.8732531746031782,-0.18942222222222221,Dogondoutchi
2791,2010,28.34188888888889,41.55322222222222,97.4428,0.5519999999999999,-0.08070000000000001,-0.11905238095237891,-0.05191666666666668,Dogondoutchi
2791,2011,29.23477777777778,30.138333333333335,69.6932,-0.924,0.6302,0.7766420634920657,0.6493888888888889,Dogondoutchi
2791,2012,28.029777777777777,40.358333333333334,95.9978,-0.40099999999999997,0.2886,-0.4255523809523787,0.2981944444444445,Dogondoutchi
2791,2013,28.38011111111111,39.787333333333336,90.5214,0.48500000000000004,0.4361,-0.07241349206348957,0.4361,Dogondoutchi
2791,2014,28.375666666666667,40.544444444444444,91.41040000000001,0.404,0.7707999999999999,-0.0740523809523772,0.7612055555555555,Dogondoutchi
2791,2015,28.379555555555555,49.022444444444446,96.9828,0.8824,-0.0735,-0.06735793650793198,-0.09268888888888888,Dogondoutchi
2791,2016,28.450444444444443,35.154,92.33239999999999,-0.3806,0.6549,0.006336507936513414,0.6261166666666667,Dogondoutchi
2791,2017,28.794666666666664,28.276777777777777,87.1064,-1.9444,-0.48669999999999997,0.35336428571429224,-0.5250777777777778,Dogondoutchi
2791,2018,28.313000000000002,44.21133333333333,96.97619999999999,0.5196,-0.1912,-0.12549682539681228,-0.23917222222222223,Dogondoutchi
2791,2019,28.853444444444442,39.64266666666666,86.57860000000001,-0.3222,-0.08930000000000002,0.41775317460318107,-0.14686666666666667,Dogondoutchi
2791,2020,28.110333333333333,50.251555555555555,98.4386,1.5859999999999999,0.3573,-0.32255238095237004,0.2901388888888889,Dogondoutchi
2791,2021,29.01588888888889,45.42766666666667,89.615,0.4136,0.1704,0.585808730158746,0.09364444444444445,Dogondoutchi
2791,2022,28.125777777777778,38.647777777777776,90.4272,-0.21000000000000002,-0.3237,-0.3014968253968142,-0.41004999999999997,Dogondoutchi
2791,2023,29.416555555555558,29.904333333333334,90.2702,-1.4125999999999999,-0.2843,0.9920865079365235,-0.38024444444444444,Dogondoutchi
2791,2024,27.701777777777778,50.717777777777776,99.31,1.3928,-0.5055000000000001,-0.7198857142856987,-0.6110388888888889,Dogondoutchi
2791,2025,27.50311111111111,46.138000000000005,96.925,0.5306,0.8963,-0.9157468253968091,0.7811666666666667,Dogondoutchi
2791,2026,29.201428571428572,29.357714285714284,76.321,-1.8676666666666666,0.8358333333333333,0.7853761904762102,0.7111055555555555,Dogondoutchi
2796,1989,28.096,40.38444444444445,,-0.9084,,-0.33949206349206307,,Loga
2796,1990,28.778999999999996,38.23144444444444,,-0.8158,,0.34539682539682204,,Loga
2796,1991,28.173333333333332,39.67366666666666,90.7448,0.5266,,-0.2583809523809535,,Loga
2796,1992,27.82922222222222,50.543,97.78920000000001,0.5636,,-0.6006031746031759,,Loga
2796,1993,28.769222222222222,41.46944444444445,90.8554,-0.248,,0.3412857142857142,,Loga
2796,1994,27.716444444444445,64.965,98.8446,2.3074,,-0.7096031746031741,,Loga
2796,1995,28.59977777777778,45.12844444444445,93.13199999999999,0.2072,,0.17561904761905112,,Loga
2796,1996,28.797111111111107,38.824777777777776,82.0216,-0.4366,,0.37484126984126576,,Loga
2796,1997,29.34155555555556,35.316,89.0398,-0.6891999999999999,,0.921174603174606,,Loga
2796,1998,28.117666666666665,48.486555555555555,98.4728,0.43339999999999995,,-0.3008253968253989,,Loga
2796,1999,27.647555555555556,59.15933333333333,99.4924,0.8318,,-0.769047619047619,,Loga
2796,2000,28.855777777777778,42.35711111111111,85.7992,0.27599999999999997,,0.44106349206349194,,Loga
2796,2001,28.348222222222223,43.80266666666667,94.17179999999999,0.3036,-0.2841,-0.06460317460317455,-0.033950000000000036,Loga
2796,2002,28.79077777777778,43.73466666666667,95.256,-0.7044,-1.0762,0.37984126984127187,-0.8468958333333334,Loga
2796,2003,28.105333333333334,42.03755555555556,97.547,0.1378,0.4777,-0.3037142857142854,0.6861583333333333,Loga
2796,2004,28.693666666666665,39.51144444444444,95.13199999999999,-0.8958,0.0491,0.2865079365079346,0.2367125,Loga
2796,2005,28.581,39.54944444444445,92.704,-0.1852,1.3329999999999997,0.17573015873015763,1.4997666666666665,Loga
2796,2006,28.423444444444446,60.26533333333334,97.38019999999999,0.9962,-0.5701,0.02006349206349256,-0.4241791666666668,Loga
2796,2007,27.951666666666668,43.33144444444444,96.47,0.05700000000000001,-0.4953,-0.44982539682539624,-0.370225,Loga
2796,2008,28.206777777777777,48.961888888888886,95.0036,1.0002,0.0932,-0.19282539682539834,0.19742916666666666,Loga
2796,2009,29.11077777777778,41.31922222222222,92.868,-0.10600000000000001,0.16210000000000002,0.713063492063494,0.24548333333333333,Loga
2796,2010,28.188222222222223,44.123222222222225,98.1126,0.24019999999999997,-0.21939999999999998,-0.20760317460317523,-0.1568625,Loga
2796,2011,29.28344444444444,31.996222222222222,78.1216,-1.1856,-0.1533,0.8895079365079326,-0.11160833333333334,Loga
2796,2012,27.924777777777777,46.11555555555556,97.378,-0.0708,-0.5019,-0.46726984126984306,-0.48105416666666667,Loga
2796,2013,28.272666666666666,41.49677777777778,93.25399999999999,0.1474,0.2901,-0.11749206349206531,0.2901,Loga
2796,2014,28.323666666666668,41.99455555555556,91.69120000000001,-0.11840000000000002,0.1597,-0.06460317460317455,0.13885416666666667,Loga
2796,2015,28.483444444444444,50.120444444444445,98.8512,0.33419999999999994,-0.03019999999999999,0.09706349206349074,-0.07189166666666666,Loga
2796,2016,28.485444444444447,36.577444444444446,94.5628,-1.0044,-0.7559,0.10095238095238201,-0.8184375,Loga
2796,2017,28.548999999999996,32.72488888888889,91.7662,-1.5282,-0.1108,0.16639682539682,-0.19418333333333332,Loga
2796,2018,28.212666666666664,43.59833333333333,96.998,-0.1738,-0.5044,-0.16804761904762344,-0.6086291666666666,Loga
2796,2019,28.680666666666664,45.55844444444445,95.3198,0.11259999999999999,0.3636,0.30184126984126536,0.238525,Loga
2796,2020,28.145444444444443,57.614,98.1862,1.4234,0.4528,-0.23149206349206608,0.3068791666666667,Loga
2796,2021,28.807777777777776,49.833555555555556,91.98140000000001,0.5566,0.1051,0.4327301587301555,-0.06166666666666665,Loga
2796,2022,28.25277777777778,44.29855555555556,94.72999999999999,0.0698,-0.9501999999999999,-0.12038095238095181,-1.1378125,Loga
2796,2023,28.968444444444444,30.628555555555554,92.5222,-1.7666,-0.201,0.5971746031746008,-0.4094583333333333,Loga
2796,2024,27.73166666666667,64.04133333333334,99.3758,1.8316,0.5357,-0.637714285714285,0.3063958333333333,Loga
2796,2025,27.616666666666667,46.95811111111111,96.197,0.2854,1.5469,-0.7508253968253982,1.2967499999999998,Loga
2796,2026,29.072285714285716,32.653571428571425,80.02999999999999,-1.539,1.4831666666666667,0.7066825396825394,1.2121708333333334,Loga
2809,1989,27.028000000000002,54.08566666666667,,-0.42519999999999997,,-0.4889046176046179,,Falmey
2809,1990,27.88411111111111,50.11122222222222,,-1.0118,,0.3610499278499226,,Falmey
2809,1991,27.233999999999998,41.25355555555555,94.85220000000001,-0.5536,,-0.29521774891775365,,Falmey
2809,1992,27.16477777777778,61.608444444444444,95.7292,0.38520000000000004,,-0.3705965367965405,,Falmey
2809,1993,27.711555555555556,46.70433333333333,98.4238,-0.661,,0.17002467532467236,,Falmey
2809,1994,27.008111111111113,81.44944444444445,99.60499999999999,2.4061999999999997,,-0.5395763347763385,,Falmey
2809,1995,27.705,55.50644444444444,91.2828,-0.5042,,0.151155988455983,,Falmey
2809,1996,27.603333333333335,44.053,95.94539999999999,-1.2042,,0.04333275613275234,,Falmey
2809,1997,28.53344444444444,38.37255555555556,97.6586,-2.1618,,0.9672873015872945,,Falmey
2809,1998,27.431666666666665,58.74155555555555,99.97200000000001,0.23199999999999998,,-0.14064704184704624,,Falmey
2809,1999,27.034222222222223,69.41988888888889,98.0598,0.5858,,-0.5442480519480561,,Falmey
2809,2000,27.761555555555557,51.95166666666667,96.0548,-0.18239999999999998,,0.17692871572871383,,Falmey
2809,2001,27.575222222222223,54.46366666666667,98.5592,0.011399999999999993,-0.2694,-0.015561183261187495,-0.7358630769230768,Falmey
2809,2002,27.816,60.36077777777777,99.90979999999999,0.21639999999999998,1.3011,0.2190600288600244,0.873508846153846,Falmey
2809,2003,27.362111111111112,67.95766666666667,99.73780000000001,1.183,0.7187,-0.24098542568543024,0.32998076923076924,Falmey
2809,2004,27.666666666666668,51.125,97.68879999999999,-0.7979999999999999,0.048799999999999996,0.057413564213561585,-0.30104730769230764,Falmey
2809,2005,27.801888888888886,51.74888888888889,99.27000000000001,-0.04360000000000001,1.7161,0.18647922077921208,1.4051246153846153,Falmey
2809,2006,27.59477777777778,67.41933333333333,94.6302,0.5128,0.07540000000000001,-0.026788455988459248,-0.19670346153846152,Falmey
2809,2007,27.493666666666666,59.91788888888888,97.8228,0.5334,0.1117,-0.1340561327561396,-0.12153153846153844,Falmey
2809,2008,27.410555555555554,62.79966666666667,98.97540000000001,0.743,0.8393999999999999,-0.2233238095238157,0.6450403846153845,Falmey
2809,2009,28.026888888888887,60.33266666666667,98.7186,0.4486,-0.2722,0.3868529581529536,-0.4276876923076923,Falmey
2809,2010,27.71466666666667,56.74366666666666,99.7642,0.4436,0.4834,0.06847417027416824,0.3667842307692308,Falmey
2809,2011,28.53633333333333,47.09433333333333,95.5104,-1.0164,-0.6523,0.883984271284266,-0.7300438461538461,Falmey
2809,2012,27.394555555555556,67.84833333333333,99.7366,1.137,-0.24190000000000003,-0.2639500721500774,-0.2807719230769231,Falmey
2809,2013,27.582,51.235,98.2126,-0.3156,-0.3755,-0.08266219336219649,-0.3755,Falmey
2809,2014,27.73477777777778,45.784555555555556,99.529,-1.1032,-0.0737,0.06395901875901444,-0.03482807692307693,Falmey
2809,2015,27.90688888888889,57.79933333333333,97.2194,-0.2178,-1.6706,0.22991356421356102,-1.5928561538461539,Falmey
2809,2016,27.726333333333333,49.68233333333333,99.26079999999999,-0.8784000000000001,-0.2956,0.043201443001436246,-0.17898423076923076,Falmey
2809,2017,27.840444444444444,44.93844444444444,98.2368,-0.3982,0.0887,0.151155988455983,0.2441876923076923,Falmey
2809,2018,27.688555555555556,55.56766666666667,99.85979999999999,-0.20700000000000002,-0.08199999999999999,-0.006889466089472052,0.11235961538461539,Falmey
2809,2019,27.851333333333333,70.25433333333334,99.61479999999999,1.6166,0.3286,0.14973174603174044,0.5618315384615384,Falmey
2809,2020,27.41788888888889,67.9301111111111,99.9432,0.6258,-0.1323,-0.2898692640692673,0.13980346153846154,Falmey
2809,2021,27.820888888888888,59.664777777777786,93.4716,0.3424,0.1101,0.10697417027416378,0.42107538461538463,Falmey
2809,2022,27.28988888888889,66.00855555555556,99.5624,0.782,-0.3689,-0.4301823953823991,-0.019052692307692354,Falmey
2809,2023,28.08488888888889,46.955666666666666,98.7586,-0.7828,-0.42989999999999995,0.35866103896103496,-0.04118076923076919,Falmey
2809,2024,27.483333333333334,71.709,99.8538,1.0468,-0.4737,-0.24905108225108563,-0.046108846153846195,Falmey
2809,2025,27.177555555555557,64.77677777777778,98.5054,0.6816000000000001,-0.7547999999999999,-0.5609854256854305,-0.28833692307692305,Falmey
2809,2026,28.441142857142857,48.47528571428571,97.41000000000001,-0.773,0.3711666666666667,0.6964453102453056,0.8765016666666667,Falmey
2810,1989,29.18588888888889,35.94211111111111,,0.41159999999999997,,-0.15601375661376338,,Bankilaré
2810,1990,29.743000000000002,25.209333333333333,,-1.1166,,0.3926634920634875,,Bankilaré
2810,1991,29.58277777777778,29.845666666666666,83.3702,0.23959999999999998,,0.22400740740740233,,Bankilaré
2810,1992,29.05311111111111,30.953888888888887,77.84819999999999,0.03699999999999999,,-0.3140931216931264,,Bankilaré
2810,1993,29.720444444444443,26.59433333333333,58.24679999999999,-1.4689999999999999,,0.34480634920634046,,Bankilaré
2810,1994,28.63988888888889,38.403555555555556,86.2322,0.6724,,-0.744183068783073,,Bankilaré
2810,1995,29.433777777777777,32.13322222222222,78.884,-0.05840000000000001,,0.041271957671952464,,Bankilaré
2810,1996,29.619000000000003,26.311,58.589200000000005,-1.6439999999999997,,0.2180603174603135,,Bankilaré
2810,1997,30.212333333333333,26.87688888888889,62.2222,-1.2176,,0.8029597883597823,,Bankilaré
2810,1998,29.182,41.54622222222222,84.81559999999999,0.7256,,-0.2358074074074139,,Bankilaré
2810,1999,28.144444444444446,39.54233333333333,95.4766,0.7186,,-1.2817968253968282,,Bankilaré
2810,2000,29.703888888888887,29.040999999999997,72.96860000000001,-0.7928,,0.26921375661374825,,Bankilaré
2810,2001,29.448999999999998,36.286,85.58040000000001,0.4640000000000001,0.13199999999999998,0.005891005290997953,0.8180367647058824,Bankilaré
2810,2002,30.228222222222225,31.305222222222223,70.4722,-0.4382,-1.2439,0.7766793650793637,-0.6150329656862745,Bankilaré
2810,2003,28.89288888888889,39.018,92.308,1.2336,0.3799,-0.5670878306878357,0.9515973039215687,Bankilaré
2810,2004,29.956666666666667,24.269444444444446,64.6126,-1.6643999999999999,-0.8876999999999999,0.4882560846560793,-0.3731724264705881,Bankilaré
2810,2005,29.27433333333333,30.43444444444444,90.7136,0.1864,-0.030300000000000007,-0.20251111111111797,0.4270578431372549,Bankilaré
2810,2006,29.567444444444448,32.022666666666666,64.482,-0.292,-0.5487,0.08216613756613711,-0.14851188725490194,Bankilaré
2810,2007,29.258444444444446,35.70088888888889,89.26899999999999,0.7293999999999999,0.3286,-0.23526772486772884,0.6716183823529411,Bankilaré
2810,2008,29.501999999999995,29.445222222222224,73.9044,0.2298,-0.1057,-0.00014603174604133073,0.18014865196078433,Bankilaré
2810,2009,30.168333333333333,30.99711111111111,64.5578,-0.47059999999999996,-0.7106999999999999,0.657753439153435,-0.48202107843137243,Bankilaré
2810,2010,29.124555555555553,32.51211111111111,83.3142,-0.173,-0.7202,-0.3944582010582103,-0.5486908088235294,Bankilaré
2810,2011,29.753666666666668,33.175,74.4088,-0.13940000000000002,-0.6384,0.22621904761904332,-0.5240605392156863,Bankilaré
2810,2012,28.88266666666667,41.132777777777775,94.9724,0.8151999999999999,-0.9824999999999999,-0.6532148148148167,-0.925330269607843,Bankilaré
2810,2013,29.363222222222223,37.08722222222222,84.7488,0.8036,-0.439,-0.18109312169312375,-0.439,Bankilaré
2810,2014,29.851555555555553,29.767555555555557,76.55359999999999,-0.46159999999999995,-0.4017,0.2988063492063411,-0.45886973039215684,Bankilaré
2810,2015,29.35088888888889,38.153222222222226,91.7726,0.6392,0.3307,-0.2102941798941842,0.21636053921568627,Bankilaré
2810,2016,29.610888888888887,39.496,88.729,1.3438,0.1162,0.041271957671952464,-0.055309191176470596,Bankilaré
2810,2017,29.50622222222222,29.771777777777775,85.0106,-0.2916,1.4498,-0.07182857142857912,1.2211210784313726,Bankilaré
2810,2018,29.570777777777778,32.35055555555555,89.0318,0.05419999999999999,1.1067,-0.015706878306883,0.8208513480392157,Bankilaré
2810,2019,29.82577777777778,32.19088888888889,83.801,0.27759999999999996,-0.31170000000000003,0.2308592592592582,-0.6547183823529412,Bankilaré
2810,2020,29.445444444444448,54.06688888888888,91.7898,2.3560000000000003,0.3055,-0.1579079365079359,-0.09468811274509803,Bankilaré
2810,2021,30.181333333333335,28.712000000000003,73.2304,-0.7714000000000001,0.6032,0.5695470899470862,0.14584215686274504,Bankilaré
2810,2022,29.723222222222223,33.216,81.5026,-0.2284,-0.4806,0.10300211640211288,-0.9951275735294118,Bankilaré
2810,2023,30.395444444444447,28.52988888888889,71.4054,-0.9864,0.4797,0.7667904761904758,-0.09199730392156868,Bankilaré
2810,2024,29.26188888888889,53.24444444444444,97.5856,2.241,0.9,-0.37519894179894564,0.27113296568627454,Bankilaré
2810,2025,29.138555555555556,42.791777777777774,93.4348,1.2258,1.5000999999999998,-0.5069661375661418,0.8140632352941174,Bankilaré
2810,2026,30.831285714285716,28.062857142857144,70.71466666666667,-0.7793333333333333,0.4058333333333334,1.1773301587301575,-0.3373731617647059,Bankilaré
2811,1989,27.936333333333334,35.653222222222226,,-0.0424,,-0.05603809523809744,,Mayahi
2811,1990,28.138555555555556,28.060333333333332,,-0.8780000000000001,,0.14931862990810174,,Mayahi
2811,1991,27.59188888888889,31.047111111111107,88.2492,-0.26639999999999997,,-0.3942135338345878,,Mayahi
2811,1992,27.235444444444443,26.533333333333335,79.9266,-1.2202,,-0.7475234753550559,,Mayahi
2811,1993,28.176666666666666,22.645555555555557,60.4068,-2.1014,,0.19683324979114047,,Mayahi
2811,1994,27.049666666666667,48.733555555555554,97.529,1.186,,-0.9270322472848811,,Mayahi
2811,1995,28.192444444444444,36.135999999999996,90.3582,0.06080000000000001,,0.21888003341687323,,Mayahi
2811,1996,28.412222222222223,23.365,57.5692,-1.9056000000000002,,0.4417923141186293,,Mayahi
2811,1997,28.503666666666668,27.74111111111111,77.21520000000001,-0.6494,,0.5363712614870515,,Mayahi
2811,1998,27.543222222222223,38.45777777777778,96.3056,0.1532,,-0.42093868003341584,,Mayahi
2811,1999,26.827777777777776,55.764,98.58399999999999,1.6927999999999996,,-1.1332486215538893,,Mayahi
2811,2000,28.299555555555557,30.206777777777777,81.216,-0.8821999999999999,,0.3416636591478692,,Mayahi
2811,2001,27.96788888888889,49.24366666666666,92.84400000000001,1.9082000000000001,-1.2243,0.01313149540517955,-0.5884694117647057,Mayahi
2811,2002,28.515777777777778,38.098555555555556,87.33420000000001,0.13999999999999999,-0.5517000000000001,0.5641548872180451,0.031144705882352963,Mayahi
2811,2003,27.777444444444445,42.412,94.7562,1.0244,0.4326,-0.1710439431913109,0.9624588235294119,Mayahi
2811,2004,28.570444444444448,33.00577777777778,85.4078,0.24099999999999996,-1.0171999999999999,0.6250905597326692,-0.5403270588235292,Mayahi
2811,2005,27.939555555555554,34.763222222222225,89.351,0.2726,1.0315,-0.002663826232250699,1.4553870588235296,Mayahi
2811,2006,28.32477777777778,38.69544444444445,92.2664,-0.4058,-1.1409,0.38569289891395186,-0.7699988235294117,Mayahi
2811,2007,27.71655555555556,32.44422222222222,85.5736,-0.09000000000000001,-0.8702,-0.21939482038429148,-0.5522847058823528,Mayahi
2811,2008,28.170333333333332,35.57122222222222,85.9182,0.007600000000000001,-0.0469,0.23751746031745924,0.21802941176470597,Mayahi
2811,2009,29.031222222222222,26.53811111111111,56.376599999999996,-1.22,-1.3818000000000001,1.1015408521303272,-1.1698564705882353,Mayahi
2811,2010,27.871111111111112,40.33822222222223,94.9968,0.8257999999999999,-0.33420000000000005,-0.05543575605680573,-0.1752423529411765,Mayahi
2811,2011,28.497222222222224,34.54233333333333,82.85900000000001,0.25179999999999997,0.4755,0.5738098579782829,0.5814717647058824,Mayahi
2811,2012,27.384888888888888,34.269,92.4376,0.5334,0.6864,-0.535388972431079,0.7393858823529412,Mayahi
2811,2013,28.066111111111113,37.257111111111115,87.3682,0.40700000000000003,0.5936,0.14896775271512297,0.5936,Mayahi
2811,2014,28.19911111111111,36.816,88.9402,0.2868,-0.2014,0.2851022556390994,-0.2543858823529412,Mayahi
2811,2015,28.252444444444443,33.89788888888889,88.48979999999999,-0.7686,-0.06489999999999999,0.34157009189640775,-0.17087176470588236,Mayahi
2811,2016,28.393,29.71966666666667,84.7544,-0.016999999999999994,-1.0955,0.48526015037594306,-1.2544576470588236,Mayahi
2811,2017,27.833000000000002,22.414666666666665,86.0362,-1.0532,1.0297999999999998,-0.07160534670007834,0.8178564705882351,Mayahi
2811,2018,27.798777777777776,38.29877777777778,95.64200000000001,0.6662,0.7825,-0.10269306599833072,0.517570588235294,Mayahi
2811,2019,28.302222222222223,38.00311111111111,90.4828,0.429,-0.2474,0.40388588137009407,-0.5653152941176471,Mayahi
2811,2020,27.232444444444443,45.43288888888889,96.67179999999999,1.1082,-0.311,-0.6627573934837088,-0.6819011764705882,Mayahi
2811,2021,28.145444444444443,43.60355555555556,91.6732,0.4888,0.2305,0.2533771094402688,-0.1933870588235295,Mayahi
2811,2022,27.201555555555554,40.21944444444445,94.70360000000001,0.0026000000000000246,0.11019999999999999,-0.6873772765246429,-0.36667294117647076,Mayahi
2811,2023,28.51088888888889,38.81177777777778,90.1628,-0.1584,0.5804,0.6250905597326692,0.05054117647058809,Mayahi
2811,2024,26.941222222222223,60.61388888888889,99.59880000000001,1.9194,0.47050000000000003,-0.9414416040100235,-0.11234470588235301,Mayahi
2811,2025,27.172555555555554,46.992222222222225,97.564,0.5288,0.839,-0.7069737677527144,0.2031694117647057,Mayahi
2811,2026,28.623285714285714,37.90128571428572,80.46266666666666,0.23099999999999998,0.7676666666666667,0.7468908939014227,0.07885019607843125,Mayahi
2812,1989,27.477666666666668,47.72377777777778,,-0.2372,,-0.4408380952380959,,Tibiri
2812,1990,28.154777777777777,40.29522222222222,,-1.168,,0.23639999999999617,,Tibiri
2812,1991,27.728666666666665,43.75944444444444,92.2826,0.5008,,-0.18958412698412985,,Tibiri
2812,1992,27.346333333333334,51.74977777777778,97.62719999999999,0.257,,-0.5717904761904791,,Tibiri
2812,1993,28.20788888888889,43.031888888888886,95.76820000000001,-0.8314,,0.2898920634920614,,Tibiri
2812,1994,27.180333333333333,66.31188888888889,99.3158,2.2712,,-0.737536507936511,,Tibiri
2812,1995,28.071555555555555,48.20555555555555,91.808,-0.22039999999999998,,0.15381269841269685,,Tibiri
2812,1996,28.120777777777775,41.797666666666665,91.2088,-0.5152,,0.20316190476189888,,Tibiri
2812,1997,28.78788888888889,39.40922222222222,95.248,-0.8394,,0.8704000000000001,,Tibiri
2812,1998,27.595,48.71344444444444,99.466,-0.256,,-0.32236190476190885,,Tibiri
2812,1999,27.123555555555555,66.53133333333334,98.904,1.1292000000000002,,-0.7936793650793668,,Tibiri
2812,2000,28.015777777777778,50.46888888888889,91.77000000000001,0.4668,,0.0986698412698388,,Tibiri
2812,2001,27.85011111111111,47.20166666666667,96.4822,-0.027600000000000003,-0.5449999999999999,-0.06686984126984186,-0.2762713286713286,Tibiri
2812,2002,28.079444444444444,53.657000000000004,99.738,0.1608,0.251,0.1625904761904735,0.4973346153846154,Tibiri
2812,2003,27.560777777777776,56.516,99.398,0.95,-0.06910000000000002,-0.3559492063492087,0.1548405594405594,Tibiri
2812,2004,28.03066666666667,42.80522222222223,96.12100000000001,-0.8422000000000001,0.1787,0.1140666666666661,0.38024650349650346,Tibiri
2812,2005,28.133555555555557,47.07,95.84819999999999,0.4394,0.5235000000000001,0.21708253968254,0.7026524475524476,Tibiri
2812,2006,27.98122222222222,66.50911111111111,98.4544,1.0668,-0.1086,0.06487619047618765,0.04815839160839161,Tibiri
2812,2007,27.611555555555555,46.571777777777775,96.434,-0.146,-0.1447,-0.30466349206349363,-0.010335664335664324,Tibiri
2812,2008,27.906111111111112,47.693555555555555,98.4396,0.007600000000000007,-0.1641,-0.009980952380953312,-0.05212972027972028,Tibiri
2812,2009,28.647222222222222,43.413,97.1984,-0.21280000000000002,-0.7507,0.7312571428571388,-0.6611237762237763,Tibiri
2812,2010,27.88666666666667,43.04411111111111,98.36280000000001,-0.2464,-0.5111000000000001,-0.02917142857142707,-0.44391783216783226,Tibiri
2812,2011,28.97922222222222,35.431999999999995,89.035,-1.6674,-0.9751,1.0635111111111044,-0.930311888111888,Tibiri
2812,2012,27.579444444444444,48.915222222222226,99.04459999999999,-0.14379999999999998,-1.0436,-0.3361396825396845,-1.0212059440559442,Tibiri
2812,2013,27.883555555555557,41.80811111111112,96.9506,-0.8076000000000001,0.00030000000000000165,-0.031901587301589984,0.00030000000000000165,Tibiri
2812,2014,27.793,53.34011111111111,98.2252,0.5124000000000001,0.5621,-0.12233015873016129,0.5397059440559441,Tibiri
2812,2015,27.994222222222223,51.234,98.9982,-0.1724,-1.5758999999999999,0.07901904761904532,-1.6206881118881118,Tibiri
2812,2016,27.985333333333333,38.961,96.9238,-1.27,-0.055499999999999994,0.07025714285714102,-0.12268216783216783,Tibiri
2812,2017,28.11811111111111,35.72088888888889,95.5842,-1.5776,0.47009999999999996,0.20316190476189888,0.3805237762237762,Tibiri
2812,2018,27.69222222222222,55.71933333333333,98.8312,0.7544,0.7184999999999999,-0.22260000000000346,0.6065297202797202,Tibiri
2812,2019,28.11988888888889,52.04011111111111,98.6948,0.127,0.9563,0.2051936507936496,0.8219356643356643,Tibiri
2812,2020,27.796222222222223,65.65388888888889,99.4054,1.6274000000000002,0.6609,-0.11834603174603231,0.5041416083916084,Tibiri
2812,2021,28.377111111111113,57.047,95.399,0.7268,0.6328,0.46266984126983957,0.4536475524475525,Tibiri
2812,2022,27.506777777777778,58.127333333333326,98.2906,1.0956,0.42379999999999995,-0.4075365079365092,0.22225349650349646,Tibiri
2812,2023,28.78566666666667,39.501444444444445,95.326,-0.9852000000000001,-0.5354,0.8714793650793666,-0.7593405594405594,Tibiri
2812,2024,27.427666666666667,66.86566666666666,99.6568,1.7759999999999998,0.2464,-0.4863936507936515,6.53846153846338e-05,Tibiri
2812,2025,27.159666666666666,56.608222222222224,98.1472,0.6809999999999999,0.30879999999999996,-0.7542666666666697,0.04007132867132862,Tibiri
2812,2026,28.739285714285717,33.952,86.58233333333334,-1.6153333333333333,1.014,0.8254793650793673,0.7228772727272728,Tibiri
2813,1989,29.966666666666665,16.34288888888889,,-0.2914,,-0.3835412698413023,,Aderbissinat
2813,1990,30.197666666666667,10.600222222222222,,-1.4312,,-0.15648571428574343,,Aderbissinat
2813,1991,29.747222222222224,13.621,42.4288,-0.41559999999999997,,-0.6108746031746293,,Aderbissinat
2813,1992,29.48788888888889,12.12,37.1206,-0.20700000000000002,,-0.8741523809524061,,Aderbissinat
2813,1993,30.635444444444445,11.195555555555556,28.533800000000003,-1.3534000000000002,,0.269458730158707,,Aderbissinat
2813,1994,29.12533333333333,22.924999999999997,49.8174,0.358,,-1.244596825396851,,Aderbissinat
2813,1995,30.86888888888889,10.456444444444443,25.5676,-1.378,,0.49501428571426587,,Aderbissinat
2813,1996,31.065888888888892,8.758333333333333,22.681,-1.8436,,0.6880698412698258,,Aderbissinat
2813,1997,30.861777777777775,12.908444444444445,31.470799999999997,-0.874,,0.4800142857142653,,Aderbissinat
2813,1998,30.191,22.980666666666664,55.814800000000005,0.9338000000000001,,-0.19470793650795315,,Aderbissinat
2813,1999,29.04222222222222,30.231555555555556,72.2576,1.3472,,-1.3474301587301731,,Aderbissinat
2813,2000,30.423000000000002,12.761666666666667,30.937400000000004,-1.2866,,0.029403174603164217,,Aderbissinat
2813,2001,30.790666666666667,20.081777777777777,40.546800000000005,0.19319999999999998,-0.3164,0.3931253968253863,0.41777846153846165,Aderbissinat
2813,2002,31.039,19.73788888888889,41.0336,0.10800000000000001,-0.9144000000000001,0.6375142857142784,-0.24140307692307694,Aderbissinat
2813,2003,30.388444444444442,22.84822222222222,49.313599999999994,1.1888,-0.2622,-0.01698571428572393,0.34961538461538466,Aderbissinat
2813,2004,30.802222222222227,12.196111111111112,33.025800000000004,-0.982,-1.5887,0.3928476190476182,-1.0380661538461537,Aderbissinat
2813,2005,30.253888888888884,19.761555555555553,36.283,0.465,0.10469999999999999,-0.1594301587301672,0.5941523076923078,Aderbissinat
2813,2006,30.810111111111112,16.135444444444445,31.6928,-0.9067999999999999,-0.8466,0.3928476190476182,-0.41832923076923073,Aderbissinat
2813,2007,29.97022222222222,17.59111111111111,34.1168,0.1318,0.3322,-0.4509857142857179,0.6992892307692309,Aderbissinat
2813,2008,30.54988888888889,16.233333333333334,30.506,0.0408,-0.9236000000000001,0.12473650793651103,-0.6176923076923078,Aderbissinat
2813,2009,31.440888888888892,14.383777777777778,27.579199999999997,-0.3606,-1.1086,1.01179206349207,-0.8638738461538462,Aderbissinat
2813,2010,30.443777777777782,25.584666666666667,47.72,1.5942,0.4424,0.01073650793651737,0.6259446153846154,Aderbissinat
2813,2011,30.93733333333333,16.115333333333336,32.1842,0.15059999999999998,-0.4152,0.5003476190476235,-0.2928369230769231,Aderbissinat
2813,2012,30.060111111111112,21.69677777777778,39.0226,0.7426,0.24059999999999998,-0.3808190476190383,0.30178153846153843,Aderbissinat
2813,2013,30.57466666666667,21.950444444444443,41.9074,0.9098,0.5284,0.12979206349207573,0.5284,Aderbissinat
2813,2014,30.69344444444444,21.985666666666667,36.0002,0.4242,0.46130000000000004,0.24462539682540552,0.4001184615384616,Aderbissinat
2813,2015,30.975333333333335,18.649555555555555,37.299400000000006,0.061399999999999996,-0.3387,0.5225698412698563,-0.4610630769230769,Aderbissinat
2813,2016,30.853777777777776,18.433666666666667,32.681200000000004,0.49939999999999996,0.3367,0.3970698412698539,0.15315538461538458,Aderbissinat
2813,2017,30.73622222222222,13.827333333333334,29.9994,-0.3322,0.023700000000000006,0.2755698412698564,-0.22102615384615387,Aderbissinat
2813,2018,29.94311111111111,18.620444444444445,44.981,0.8752000000000001,0.1706,-0.5214857142856957,-0.13530769230769232,Aderbissinat
2813,2019,30.570888888888888,21.157555555555557,39.405199999999994,1.2794,-0.3762,0.102347619047638,-0.7432892307692308,Aderbissinat
2813,2020,29.907888888888888,20.111666666666665,39.7214,0.20420000000000002,0.4323,-0.564596825396805,0.004029230769230729,Aderbissinat
2813,2021,30.978,24.938333333333333,40.673199999999994,0.8438000000000001,1.1591999999999998,0.5015698412698661,0.669747692307692,Aderbissinat
2813,2022,30.276333333333337,20.72122222222222,35.285399999999996,-0.01040000000000001,0.029700000000000004,-0.20404126984124105,-0.5209338461538462,Aderbissinat
2813,2023,31.637,14.821666666666667,31.798400000000004,-0.6638,0.6384000000000001,1.1526809523809796,0.02658461538461543,Aderbissinat
2813,2024,29.119777777777774,30.76133333333333,64.018,1.5734,1.1505,-1.3684857142856899,0.4775030769230769,Aderbissinat
2813,2025,29.67866666666667,21.726444444444446,45.537400000000005,0.7182000000000001,0.7182,-0.8135412698412381,-0.01597846153846172,Aderbissinat
2813,2026,31.67985714285714,16.313142857142857,31.581000000000003,-0.501,0.35050000000000003,1.1837047619047922,-0.44486000000000003,Aderbissinat
2818,1989,30.011444444444447,17.76,,-0.5264,,0.11313174603174403,,N'Guigmi
2818,1990,30.202555555555552,14.098,,-1.3148,,0.3128222222222128,,N'Guigmi
2818,1991,29.858333333333334,19.885666666666665,51.678599999999996,-0.20060000000000003,,-0.022820634920638128,,N'Guigmi
2818,1992,29.332666666666668,25.025000000000002,49.771,0.267,,-0.5399079365079409,,N'Guigmi
2818,1993,30.21933333333333,19.832333333333334,44.6566,-0.4828,,0.3553380952380891,,N'Guigmi
2818,1994,28.38588888888889,29.47877777777778,62.3626,0.807,,-1.4695269841269862,,N'Guigmi
2818,1995,29.888444444444442,19.957555555555555,47.4202,-0.5,,0.04160793650792982,,N'Guigmi
2818,1996,30.224333333333334,15.009333333333334,32.6824,-1.2822,,0.3860761904761887,,N'Guigmi
2818,1997,30.694333333333336,14.482111111111111,35.5546,-1.3948,,0.8646555555555544,,N'Guigmi
2818,1998,29.411222222222225,21.24811111111111,48.1516,-0.41319999999999996,,-0.40987619047619006,,N'Guigmi
2818,1999,28.319222222222223,34.50844444444445,66.2818,1.6724,,-1.493296825396829,,N'Guigmi
2818,2000,29.796444444444447,13.719555555555555,33.3268,-1.8174,,-0.007495238095238221,,N'Guigmi
2818,2001,29.95177777777778,14.525444444444446,35.5788,-1.2178,0.07859999999999999,0.15641746031745996,0.47848531468531463,N'Guigmi
2818,2002,30.391000000000002,18.323888888888888,38.741200000000006,-0.7310000000000001,-0.44090000000000007,0.604219047619047,-0.07433846153846169,N'Guigmi
2818,2003,29.821222222222225,25.683999999999997,61.8158,0.9904,0.16149999999999998,0.04302063492063368,0.49473776223776217,N'Guigmi
2818,2004,30.279000000000003,17.996444444444446,41.9246,-0.425,-1.4026,0.5093777777777788,-1.102686013986014,N'Guigmi
2818,2005,29.685222222222226,17.68422222222222,50.5806,-0.1954,0.5217,-0.0758206349206354,0.7882902097902098,N'Guigmi
2818,2006,30.27444444444445,18.060444444444446,39.8392,-0.9154,-0.6888000000000001,0.5219809523809538,-0.4555335664335666,N'Guigmi
2818,2007,29.331,28.218444444444444,58.2728,0.748,0.6305000000000001,-0.4128841269841317,0.8304426573426573,N'Guigmi
2818,2008,29.910222222222224,21.509666666666664,45.1826,-0.055600000000000004,-0.2659,0.17491746031745947,-0.09928111888111893,N'Guigmi
2818,2009,30.581777777777777,17.75888888888889,31.966,-0.8638,-1.0035,0.8550523809523796,-0.8702048951048952,N'Guigmi
2818,2010,29.171555555555553,23.64922222222222,47.8524,0.23359999999999997,0.3798,-0.546590476190481,0.47977132867132866,N'Guigmi
2818,2011,30.45811111111111,17.51966666666667,41.5396,-0.696,-0.5135000000000001,0.7485444444444411,-0.44685244755244763,N'Guigmi
2818,2012,29.089,31.387777777777778,75.4138,1.5122,0.445,-0.6119873015873054,0.4783237762237762,N'Guigmi
2818,2013,29.826666666666668,22.637666666666668,49.6176,0.34140000000000004,-0.762,0.1342587301587308,-0.762,N'Guigmi
2818,2014,30.074444444444445,19.103666666666665,41.1754,-0.5004000000000001,-0.3822,0.39061587301587153,-0.41552377622377623,N'Guigmi
2818,2015,30.34877777777778,20.623555555555555,43.806200000000004,-0.3604,-0.4061,0.673528571428573,-0.47274755244755245,N'Guigmi
2818,2016,29.728222222222218,26.073555555555558,64.0086,1.2778,0.5949,0.061552380952374364,0.49492867132867135,N'Guigmi
2818,2017,30.07177777777778,18.10311111111111,46.3632,-0.2132,-0.2087,0.41368730158730216,-0.3419951048951049,N'Guigmi
2818,2018,29.22311111111111,24.994666666666667,66.4726,0.8782,0.2546,-0.42640000000000455,0.0879811188811189,N'Guigmi
2818,2019,29.61811111111111,27.006777777777774,57.9682,0.9724,-0.6209,-0.022820634920638128,-0.8208426573426573,N'Guigmi
2818,2020,29.200333333333333,33.63633333333333,63.854200000000006,1.551,0.6769000000000001,-0.4320190476190504,0.44363356643356655,N'Guigmi
2818,2021,29.915555555555557,29.486555555555558,55.8248,0.8236000000000001,0.12009999999999998,0.29178253968254,-0.14649020979020977,N'Guigmi
2818,2022,29.08933333333333,36.73788888888889,65.61080000000001,1.6317999999999997,0.8489,-0.5258603174603209,0.548986013986014,N'Guigmi
2818,2023,30.68111111111111,23.752222222222223,44.449799999999996,0.39640000000000003,-0.8130999999999999,1.0744968253968246,-1.1463377622377622,N'Guigmi
2818,2024,28.619999999999997,42.40422222222222,83.0766,2.4236,2.2215,-0.9780349206349221,1.8549384615384614,N'Guigmi
2818,2025,29.263666666666666,28.385,62.6096,0.6968,0.652,-0.3257888888888907,0.2521146853146854,N'Guigmi
2818,2026,31.271714285714285,15.316999999999998,35.183,-1.5236666666666665,-0.48416666666666663,1.690838095238096,-0.9173757575757575,N'Guigmi
2820,1989,27.918111111111113,28.054111111111112,,-0.762,,-0.2735738095238105,,Dakoro
2820,1990,28.231333333333332,24.427666666666667,,-1.3874,,0.043465079365077486,,Dakoro
2820,1991,27.70811111111111,29.961888888888886,88.6732,-0.0912,,-0.4759404761904804,,Dakoro
2820,1992,27.30922222222222,27.04888888888889,80.4648,-0.8790000000000001,,-0.8710126984126987,,Dakoro
2820,1993,28.422222222222224,20.254222222222225,54.9508,-2.1436,,0.24580396825396988,,Dakoro
2820,1994,27.24677777777778,44.47044444444444,95.5956,0.9678000000000001,,-0.9258238095238092,,Dakoro
2820,1995,28.51166666666667,31.15088888888889,77.5956,-0.5522,,0.34288174603175037,,Dakoro
2820,1996,28.54688888888889,23.19988888888889,58.8652,-1.4246,,0.3819206349206361,,Dakoro
2820,1997,28.787444444444443,23.177000000000003,66.1462,-1.1196,,0.6262928571428574,,Dakoro
2820,1998,27.71622222222222,38.25333333333333,94.8194,0.4364,,-0.44111269841269873,,Dakoro
2820,1999,26.961111111111112,50.522555555555556,97.1586,1.6141999999999999,,-1.1924071428571423,,Dakoro
2820,2000,28.230666666666664,29.892666666666667,78.7338,-0.6222000000000001,,0.0809650793650789,,Dakoro
2820,2001,28.192,45.196333333333335,92.5466,1.7408000000000001,-0.4756,0.04611507936508019,-0.039314285714285635,Dakoro
2820,2002,28.68144444444444,32.16433333333333,79.7588,-0.3754,-0.6121000000000001,0.5393761904761902,-0.21217142857142857,Dakoro
2820,2003,27.986666666666665,36.623333333333335,89.37440000000001,0.5388,0.5104,-0.1515849206349209,0.8739714285714286,Dakoro
2820,2004,28.760666666666665,29.068222222222218,81.4054,-0.16699999999999998,-1.5177,0.6262317460317455,-1.1904857142857144,Dakoro
2820,2005,28.182888888888886,35.44833333333334,85.2268,0.4984,0.8400000000000001,0.05227063492063522,1.130857142857143,Dakoro
2820,2006,28.499777777777776,39.32922222222223,90.322,0.11059999999999999,-1.0431,0.3729761904761908,-0.7885999999999999,Dakoro
2820,2007,27.862000000000002,35.79122222222222,85.9354,0.49400000000000005,-0.7367999999999999,-0.26098492063491463,-0.5186571428571427,Dakoro
2820,2008,28.283555555555555,34.79811111111111,72.97279999999999,0.1056,0.004700000000000003,0.16438730158730408,0.18648571428571434,Dakoro
2820,2009,29.27488888888889,24.944666666666667,52.3466,-1.0876,-0.8846,1.159537301587303,-0.7391714285714286,Dakoro
2820,2010,28.102555555555554,39.284444444444446,93.24159999999999,0.9986,-0.1015,-0.008979365079362367,0.00757142857142859,Dakoro
2820,2011,28.72811111111111,32.596,76.4784,0.41880000000000006,0.5073000000000001,0.6203928571428605,0.5800142857142858,Dakoro
2820,2012,27.718555555555557,32.15455555555556,88.5624,0.5048,0.9259000000000001,-0.38534603174602466,0.9622571428571429,Dakoro
2820,2013,28.255555555555556,31.88088888888889,81.201,-0.0128,-0.0888,0.15547063492063984,-0.0888,Dakoro
2820,2014,28.43788888888889,33.403888888888886,88.39259999999999,0.11299999999999999,-0.0701,0.34162063492063766,-0.10645714285714286,Dakoro
2820,2015,28.435333333333332,33.93933333333334,83.3352,-0.2508,-0.0793,0.34288174603175037,-0.1520142857142857,Dakoro
2820,2016,28.387444444444444,34.43522222222222,84.461,0.5388,-0.3565,0.29880952380952763,-0.4655714285714286,Dakoro
2820,2017,28.195333333333334,27.278888888888886,81.0096,-0.1842,0.5248,0.11051507936508642,0.3793714285714286,Dakoro
2820,2018,28.05088888888889,35.56588888888889,94.1012,0.6728,0.5543,-0.030112698412693817,0.3725142857142857,Dakoro
2820,2019,28.496222222222222,36.08411111111111,82.0014,0.4434,0.35530000000000006,0.4190373015873057,0.13715714285714287,Dakoro
2820,2020,27.39311111111111,45.041111111111114,96.0938,1.1834,0.00789999999999999,-0.6802571428571369,-0.24660000000000007,Dakoro
2820,2021,28.233,40.256,88.8528,0.5602,0.3659,0.16344841269841837,0.07504285714285708,Dakoro
2820,2022,27.447111111111113,36.28088888888889,83.1016,-0.4328,0.2888,-0.6186238095238004,-0.03841428571428579,Dakoro
2820,2023,28.790666666666667,33.58988888888889,86.7076,-0.319,-0.3762,0.728748412698419,-0.7397714285714286,Dakoro
2820,2024,27.115444444444446,54.38033333333333,99.135,1.8876000000000002,0.1508,-0.9426571428571364,-0.24912857142857153,Dakoro
2820,2025,27.219444444444445,41.14977777777778,96.37899999999999,0.3252,0.8307,-0.8348404761904682,0.3944142857142856,Dakoro
2820,2026,28.876285714285718,34.78371428571429,80.97333333333333,-0.03366666666666667,0.18100000000000002,0.8258174603174702,-0.2916428571428572,Dakoro
2821,1989,27.003555555555558,47.63666666666667,,0.7746000000000001,,0.021597222222229817,,Gazaoua
2821,1990,27.286,37.49755555555556,,-0.534,,0.30180555555556055,,Gazaoua
2821,1991,26.661444444444445,39.11544444444444,90.87899999999999,-0.19540000000000002,,-0.3249861111111052,,Gazaoua
2821,1992,26.448777777777778,35.39277777777778,93.0076,-1.0408000000000002,,-0.5398888888888855,,Gazaoua
2821,1993,27.18022222222222,33.85377777777777,71.2292,-1.6434000000000002,,0.18931944444444682,,Gazaoua
2821,1994,26.264,53.870111111111115,96.09880000000001,0.9768000000000001,,-0.7291388888888868,,Gazaoua
2821,1995,26.988777777777777,41.70099999999999,90.027,-0.3282,,-0.0065972222222185906,,Gazaoua
2821,1996,27.360555555555557,36.58922222222222,80.539,-1.0375999999999999,,0.3629444444444516,,Gazaoua
2821,1997,27.595333333333333,38.27311111111111,89.94539999999999,-0.346,,0.5954861111111143,,Gazaoua
2821,1998,26.857666666666667,47.05444444444444,92.02380000000001,0.3348,,-0.1444166666666611,,Gazaoua
2821,1999,26.012444444444444,66.02366666666666,94.7842,1.9978000000000002,,-0.9918749999999967,,Gazaoua
2821,2000,27.360444444444443,43.50966666666667,89.571,0.1258,,0.3538888888888927,,Gazaoua
2821,2001,27.026444444444444,54.05588888888889,95.2494,1.7096,-0.647,0.01765277777777996,-0.030707142857142822,Gazaoua
2821,2002,27.456555555555557,47.98877777777778,88.3922,0.21180000000000004,-0.7448,0.44552777777778374,-0.17986488095238096,Gazaoua
2821,2003,26.958333333333332,50.39644444444444,96.675,1.403,-0.0532,-0.05493055555555415,0.4603773809523809,Gazaoua
2821,2004,27.537333333333336,40.50511111111111,87.74539999999999,0.12940000000000002,-0.5698000000000001,0.5218333333333405,-0.10758035714285724,Gazaoua
2821,2005,26.94222222222222,44.26611111111111,95.5472,0.198,0.05790000000000001,-0.07551388888888866,0.46876190476190477,Gazaoua
2821,2006,27.485333333333333,43.23788888888889,85.71079999999999,-0.5404,-0.7505,0.46536111111111467,-0.39099583333333326,Gazaoua
2821,2007,26.896555555555558,33.864666666666665,81.238,-0.9686,-0.49760000000000004,-0.1256527777777734,-0.18945357142857144,Gazaoua
2821,2008,27.179555555555556,41.708888888888886,91.16600000000001,-0.0998,0.2215,0.15511111111111475,0.4782886904761905,Gazaoua
2821,2009,27.827444444444446,33.26288888888889,86.89739999999999,-1.1482,-0.19829999999999998,0.8007638888888948,0.0071309523809524045,Gazaoua
2821,2010,27.051666666666666,46.99733333333333,97.98299999999999,0.8356,-0.5158,0.022750000000002046,-0.36172678571428574,Gazaoua
2821,2011,27.370111111111115,34.62733333333333,89.6212,-0.44279999999999997,-0.2493,0.33895833333334124,-0.1465845238095238,Gazaoua
2821,2012,26.285444444444447,42.672111111111114,96.41499999999999,0.4588,0.8082,-0.747944444444439,0.8595577380952382,Gazaoua
2821,2013,27.064444444444444,49.102333333333334,91.15639999999999,0.8862,-0.5293,0.02881944444444784,-0.5293,Gazaoua
2821,2014,27.504888888888885,39.337555555555554,85.4144,-0.37,-0.6157,0.46702777777777627,-0.6670577380952382,Gazaoua
2821,2015,27.299666666666667,37.56233333333333,85.92179999999999,-1.2176,-1.4646000000000001,0.2595694444444483,-1.5673154761904764,Gazaoua
2821,2016,27.52422222222222,33.919333333333334,91.4734,-0.4257999999999999,0.5571,0.48188888888888926,0.40302678571428574,Gazaoua
2821,2017,27.233888888888888,27.277555555555555,90.6264,-1.4512,0.5666,0.18931944444444682,0.3611690476190476,Gazaoua
2821,2018,26.68777777777778,34.92655555555555,98.048,-1.1460000000000001,0.1485,-0.3590277777777757,-0.10828869047619047,Gazaoua
2821,2019,27.30611111111111,43.60788888888889,90.5358,0.16,0.5667,0.257069444444447,0.2585535714285714,Gazaoua
2821,2020,26.448333333333334,55.339111111111116,93.75219999999999,1.332,-0.2514,-0.6029444444444394,-0.6109041666666667,Gazaoua
2821,2021,27.162666666666667,59.61133333333333,88.85900000000001,1.4540000000000002,-0.6760999999999999,0.10915277777777987,-1.0869619047619046,Gazaoua
2821,2022,26.240111111111112,49.306555555555555,97.0672,0.2266,0.19640000000000002,-0.8156388888888841,-0.2658196428571428,Gazaoua
2821,2023,27.736777777777778,44.93177777777778,96.2548,-0.32,1.5048,0.6787916666666689,0.991222619047619,Gazaoua
2821,2024,26.477444444444444,66.39366666666666,95.296,1.7188000000000003,1.4251,-0.5827777777777747,0.860164880952381,Gazaoua
2821,2025,26.422555555555554,55.93211111111111,95.9864,0.8768,1.0673,-0.6399027777777775,0.4510071428571427,Gazaoua
2821,2026,27.728714285714286,42.32299999999999,75.26333333333334,-0.3333333333333333,1.557,0.6640198412698446,0.8893494047619047,Gazaoua
2822,1989,27.324444444444442,38.87466666666667,,-0.2464,,-0.1423284780578875,,Guidan Roumdji
2822,1990,27.51811111111111,36.778444444444446,,-0.3528,,0.05458655462185291,,Guidan Roumdji
2822,1991,27.119333333333334,36.24411111111111,93.7568,-0.0816,,-0.3409428571428528,,Guidan Roumdji
2822,1992,26.789555555555555,36.71577777777778,95.2142,-0.702,,-0.6674722689075594,,Guidan Roumdji
2822,1993,27.811333333333337,27.348111111111113,72.5136,-2.1438,,0.35755387488329404,,Guidan Roumdji
2822,1994,26.551222222222222,55.92944444444444,98.62899999999999,1.6001999999999998,,-0.8993088702147496,,Guidan Roumdji
2822,1995,27.548666666666666,42.13411111111111,91.257,0.22139999999999999,,0.10138394024276565,,Guidan Roumdji
2822,1996,27.674555555555557,28.737333333333336,74.2058,-1.458,,0.23052119514472835,,Guidan Roumdji
2822,1997,28.150666666666666,32.285111111111114,87.43679999999999,-0.6368,,0.709880672268909,,Guidan Roumdji
2822,1998,27.278555555555556,46.75033333333333,96.495,0.502,,-0.15898207282912935,,Guidan Roumdji
2822,1999,26.34711111111111,58.25988888888888,99.21520000000001,1.2804,,-1.0871781512605025,,Guidan Roumdji
2822,2000,27.593333333333334,39.79711111111111,90.035,-0.27440000000000003,,0.1622924369747949,,Guidan Roumdji
2822,2001,27.317666666666668,56.370666666666665,96.2742,2.0742000000000003,-0.5666,-0.11012586367879962,0.08730649350649355,Guidan Roumdji
2822,2002,27.762444444444444,40.688,90.63239999999999,-0.1994,-0.32230000000000003,0.33790028011204853,0.27711428571428576,Guidan Roumdji
2822,2003,27.30788888888889,49.10277777777778,97.738,1.0841999999999998,0.10980000000000001,-0.11340690943043441,0.654722077922078,Guidan Roumdji
2822,2004,27.825000000000003,36.79711111111111,88.71979999999999,0.1262,-0.4198,0.4069525676937502,0.07062987012987021,Guidan Roumdji
2822,2005,27.489444444444445,42.24377777777777,96.16720000000001,0.1512,0.5642,0.07464537815126349,1.0001376623376625,Guidan Roumdji
2822,2006,27.857444444444443,51.20977777777778,93.6484,0.5231999999999999,-1.2850000000000001,0.4458937441643336,-0.9035545454545455,Guidan Roumdji
2822,2007,27.19211111111111,42.886,91.2596,0.4828,-0.43379999999999996,-0.21619122315592776,-0.10684675324675319,Guidan Roumdji
2822,2008,27.425444444444445,35.11477777777778,92.0848,-0.21760000000000002,-0.5144,0.02039047619047807,-0.24193896103896095,Guidan Roumdji
2822,2009,28.421777777777777,28.09466666666667,67.7676,-1.8946,-1.4931,1.019972175536882,-1.2751311688311688,Guidan Roumdji
2822,2010,27.275666666666666,44.62555555555556,98.44500000000001,0.6068,-0.5992,-0.12289056956115729,-0.43572337662337657,Guidan Roumdji
2822,2011,27.921666666666667,34.135000000000005,89.526,-0.538,0.1638,0.526357796451915,0.2727844155844156,Guidan Roumdji
2822,2012,27.02288888888889,35.68355555555556,96.8056,-0.09659999999999999,0.533,-0.36917161531279064,0.5874922077922078,Guidan Roumdji
2822,2013,27.47211111111111,41.93033333333333,91.3232,0.07780000000000001,-0.21290000000000003,0.08329897292250266,-0.21290000000000003,Guidan Roumdji
2822,2014,27.84477777777778,32.766555555555556,91.83340000000001,-0.9692000000000001,-0.4868,0.45921400560224157,-0.5412922077922078,Guidan Roumdji
2822,2015,27.636777777777777,42.41988888888889,94.8016,-0.2444,-0.7564,0.25446237161531116,-0.8653844155844156,Guidan Roumdji
2822,2016,27.621222222222222,40.388666666666666,94.8576,0.3824,-0.8013,0.24215518207282827,-0.9647766233766234,Guidan Roumdji
2822,2017,27.452777777777776,29.477,87.588,-0.5926,1.1637,0.07695910364145675,0.9457311688311687,Guidan Roumdji
2822,2018,27.379555555555555,37.76755555555556,97.76140000000001,-0.07880000000000001,0.1424,0.006985247432307773,-0.13006103896103902,Guidan Roumdji
2822,2019,27.707222222222224,41.925111111111114,93.6294,0.014600000000000002,0.08650000000000001,0.33790028011204853,-0.24045324675324675,Guidan Roumdji
2822,2020,26.802666666666667,54.49022222222222,98.3392,1.433,0.16760000000000003,-0.5634069094304373,-0.21384545454545456,Guidan Roumdji
2822,2021,27.474222222222224,47.828,93.9872,0.3568,0.9914999999999998,0.11139701213819109,0.5555623376623374,Guidan Roumdji
2822,2022,26.725,48.480222222222224,96.66159999999999,0.0948,0.2433,-0.6345768440709598,-0.24712987012987023,Guidan Roumdji
2822,2023,28.15711111111111,43.66255555555556,97.2948,-0.199,0.8307,0.8007826330532204,0.28577792207792196,Guidan Roumdji
2822,2024,26.668111111111113,61.27477777777777,98.7962,1.4358,1.1355,-0.6849690009337053,0.5360857142857142,Guidan Roumdji
2822,2025,26.551555555555556,57.815111111111115,99.4186,0.9225999999999999,1.1923,-0.7982761904761908,0.5383935064935064,Guidan Roumdji
2822,2026,28.20114285714286,42.75957142857143,89.04633333333334,-0.10833333333333334,1.8945,0.8545594771241838,1.1861012987012987,Guidan Roumdji
2823,1989,26.844,50.04311111111111,,0.6274,,0.08680000000000021,,Madarounfa
2823,1990,26.979111111111113,37.449444444444445,,-0.8728,,0.22051111111111155,,Madarounfa
2823,1991,26.517333333333333,44.632777777777775,96.4432,0.2048,,-0.24266666666666836,,Madarounfa
2823,1992,26.214777777777776,43.641,96.1922,-0.725,,-0.5466222222222257,,Madarounfa
2823,1993,27.030555555555555,35.71788888888889,88.83720000000001,-1.5142,,0.26775555555555286,,Madarounfa
2823,1994,25.96588888888889,56.218777777777774,98.4774,0.9254000000000001,,-0.7983111111111079,,Madarounfa
2823,1995,26.805555555555557,40.531555555555556,89.1114,-0.4558,,0.039955555555557964,,Madarounfa
2823,1996,26.935,34.62266666666667,86.796,-1.323,,0.16799999999999926,,Madarounfa
2823,1997,27.392555555555553,38.07066666666667,93.8586,-0.5778000000000001,,0.6241555555555536,,Madarounfa
2823,1998,26.743444444444446,53.87088888888889,94.8392,0.5112,,-0.026355555555554133,,Madarounfa
2823,1999,25.85788888888889,60.609111111111105,98.638,1.1948,,-0.9133111111111099,,Madarounfa
2823,2000,26.96488888888889,43.22777777777778,92.27919999999999,-0.3418,,0.19228888888888918,,Madarounfa
2823,2001,26.63111111111111,57.62544444444445,96.2248,1.8142,-0.28550000000000003,-0.14288888888889062,0.40745271739130434,Madarounfa
2823,2002,27.165333333333333,45.970333333333336,94.8194,-0.0886,-0.1252,0.3899333333333317,0.5100066576086958,Madarounfa
2823,2003,26.651888888888887,53.830333333333336,98.8976,1.1096,0.32589999999999997,-0.12491111111111053,0.903360597826087,Madarounfa
2823,2004,27.028666666666666,41.696222222222225,90.672,0.05299999999999999,-0.2901,0.25046666666666795,0.2296145380434783,Madarounfa
2823,2005,26.819555555555556,47.02033333333333,97.7372,-0.05080000000000001,0.07859999999999999,0.039955555555557964,0.5405684782608696,Madarounfa
2823,2006,27.22588888888889,56.89566666666667,94.91799999999999,0.5322,-0.9390000000000001,0.4448888888888902,-0.5347775815217392,Madarounfa
2823,2007,26.688444444444443,39.90233333333333,92.6988,-0.39,-0.8783,-0.09395555555555646,-0.5318236413043478,Madarounfa
2823,2008,26.819666666666663,39.02122222222222,95.8766,-0.48319999999999996,-0.645,0.035866666666663605,-0.3562697010869565,Madarounfa
2823,2009,27.647666666666666,32.51277777777778,85.7598,-1.8618,-1.2753999999999999,0.8624666666666663,-1.044415760869565,Madarounfa
2823,2010,26.706222222222223,55.60211111111111,98.7402,1.405,-0.801,-0.08037777777777677,-0.627761820652174,Madarounfa
2823,2011,27.261666666666667,38.542,95.34200000000001,-0.4218,0.51,0.47366666666666646,0.6254921195652174,Madarounfa
2823,2012,26.35188888888889,40.541333333333334,97.7602,-0.11259999999999999,0.7909999999999999,-0.4375111111111103,0.8487460597826086,Madarounfa
2823,2013,26.839444444444446,51.187333333333335,95.3838,0.75,-0.2728,0.04864444444444871,-0.2728,Madarounfa
2823,2014,27.22511111111111,38.17155555555556,92.8986,-0.8858,-0.6192,0.4329111111111139,-0.6769460597826087,Madarounfa
2823,2015,27.086,48.156555555555556,95.6394,-0.0882,-1.3214000000000001,0.29240000000000066,-1.4368921195652176,Madarounfa
2823,2016,27.015444444444444,42.632777777777775,95.5168,0.0702,0.1467,0.22044444444444622,-0.026538179347826096,Madarounfa
2823,2017,26.906444444444446,28.472555555555555,91.4682,-1.5032,0.6494,0.11004444444444772,0.41841576086956517,Madarounfa
2823,2018,26.642444444444447,44.00255555555556,99.1388,-0.2872,-0.0040999999999999925,-0.15535555555555192,-0.2928302989130435,Madarounfa
2823,2019,27.075000000000003,45.97088888888889,96.6582,-0.0498,0.1693,0.2758000000000038,-0.17717635869565218,Madarounfa
2823,2020,26.272000000000002,60.49166666666666,98.1162,1.5626000000000002,-0.2138,-0.5285999999999973,-0.6180224184782609,Madarounfa
2823,2021,26.84511111111111,57.41833333333333,95.46900000000001,0.9663999999999999,0.4817,0.043111111111109324,0.019731521739130398,Madarounfa
2823,2022,26.200222222222223,54.29055555555556,98.7828,0.19419999999999998,0.7262,-0.6031777777777769,0.20648546195652162,Madarounfa
2823,2023,27.496,53.31155555555555,98.9428,0.1614,1.5755,0.691200000000002,0.9980394021739128,Madarounfa
2823,2024,26.258,70.34277777777778,97.65599999999999,1.5552,1.0269,-0.5481999999999978,0.39169334239130416,Madarounfa
2823,2025,26.145888888888887,69.14511111111112,99.0686,1.3923999999999999,0.905,-0.66171111111111,0.21204728260869565,Madarounfa
2823,2026,27.530857142857144,47.78328571428572,94.161,-0.17200000000000001,1.7603333333333335,0.7218571428571465,1.0096345561594204,Madarounfa
2824,1989,27.709111111111113,39.111333333333334,,0.26080000000000003,,-0.03328730158730053,,Tessaoua
2824,1990,27.96366666666667,32.300777777777775,,-0.6668000000000001,,0.22405396825396906,,Tessaoua
2824,1991,27.483999999999998,31.915444444444443,87.634,-0.3896,,-0.2528269841269868,,Tessaoua
2824,1992,27.05488888888889,30.216666666666665,85.2504,-1.0588000000000002,,-0.679152380952381,,Tessaoua
2824,1993,27.92,29.21888888888889,65.27380000000001,-1.6438,,0.1887444444444455,,Tessaoua
2824,1994,26.84188888888889,48.198,96.43379999999999,0.642,,-0.8865809523809531,,Tessaoua
2824,1995,27.885555555555555,38.044999999999995,89.32719999999999,-0.11539999999999999,,0.159871428571428,,Tessaoua
2824,1996,28.21411111111111,28.82511111111111,65.2276,-1.5736,,0.49121269841269566,,Tessaoua
2824,1997,28.238222222222223,35.605333333333334,84.28999999999999,-0.2098,,0.5181095238095246,,Tessaoua
2824,1998,27.373,43.53644444444444,94.0418,0.1758,,-0.34432698412698315,,Tessaoua
2824,1999,26.518888888888892,55.90211111111111,96.9788,1.5437999999999998,,-1.195652380952378,,Tessaoua
2824,2000,28.02477777777778,34.34222222222222,83.8824,-0.6304000000000001,,0.313022222222223,,Tessaoua
2824,2001,27.631777777777778,50.830444444444446,93.4954,1.8649999999999998,-0.6823,-0.07719206349206331,-0.1689353846153846,Tessaoua
2824,2002,28.229444444444443,46.953,89.6884,0.7582,-0.5230000000000001,0.5232603174603163,-0.052415769230769294,Tessaoua
2824,2003,27.587,48.25244444444444,95.14500000000001,1.5976000000000001,0.3511,-0.11639841269841256,0.7789038461538462,Tessaoua
2824,2004,28.30188888888889,37.742222222222225,85.5172,0.361,-0.6101,0.6012761904761916,-0.22507653846153836,Tessaoua
2824,2005,27.618222222222222,38.571888888888886,90.7164,0.37639999999999996,0.9943000000000001,-0.07960476190476129,1.336543076923077,Tessaoua
2824,2006,28.148777777777777,38.84122222222223,85.5642,-0.7731999999999999,-1.0361,0.4537365079365081,-0.7366373076923076,Tessaoua
2824,2007,27.489777777777775,33.583,81.1982,-0.4194,-0.43210000000000004,-0.20247777777777998,-0.17541769230769233,Tessaoua
2824,2008,27.900444444444446,38.726444444444446,91.9922,0.16019999999999998,-0.1158,0.2109746031746056,0.09810192307692313,Tessaoua
2824,2009,28.736555555555558,28.073333333333334,66.8912,-1.2868,-1.4603,1.0498714285714321,-1.2891784615384614,Tessaoua
2824,2010,27.627111111111113,41.034111111111116,93.73179999999999,0.572,-0.1217,-0.056787301587299055,0.006641153846153852,Tessaoua
2824,2011,28.11011111111111,34.50866666666666,82.979,-0.0252,0.4636,0.4289984126984123,0.5491607692307693,Tessaoua
2824,2012,27.098444444444443,38.461777777777776,93.808,0.49539999999999995,0.49829999999999997,-0.57988253968254,0.5410803846153845,Tessaoua
2824,2013,27.817333333333334,41.038222222222224,87.96000000000001,0.571,-0.2223,0.14179206349206552,-0.2223,Tessaoua
2824,2014,28.064333333333334,35.705000000000005,85.5356,-0.3176,-0.3894,0.3915777777777798,-0.43218038461538466,Tessaoua
2824,2015,27.92711111111111,35.47677777777778,85.0376,-0.8158,-0.5811,0.25714126984127006,-0.6666607692307692,Tessaoua
2824,2016,28.194666666666667,26.929444444444446,83.58239999999999,-0.8466000000000001,-0.4691000000000001,0.5274825396825413,-0.5974411538461539,Tessaoua
2824,2017,27.73388888888889,25.462444444444444,86.8622,-1.189,0.7347,0.06949047619048088,0.5635784615384616,Tessaoua
2824,2018,27.34711111111111,36.598222222222226,96.1134,0.028599999999999993,0.3095,-0.31450158730158506,0.09559807692307687,Tessaoua
2824,2019,28.03022222222222,39.58877777777778,90.1198,0.43920000000000003,-0.2523,0.3713952380952392,-0.5089823076923077,Tessaoua
2824,2020,27.081444444444443,48.76744444444444,95.1354,1.274,-0.2567,-0.5745968253968243,-0.5561626923076923,Tessaoua
2824,2021,27.842,48.60655555555556,90.5952,0.6846,-0.06929999999999999,0.1887444444444455,-0.41154307692307696,Tessaoua
2824,2022,26.874666666666666,43.96955555555556,95.5926,0.1922,0.0378,-0.7758031746031726,-0.3472234615384616,Tessaoua
2824,2023,28.28388888888889,42.36677777777778,90.7492,-0.028600000000000004,1.1131000000000002,0.6362047619047644,0.6852961538461539,Tessaoua
2824,2024,26.881,63.66799999999999,98.71979999999999,1.996,0.9793000000000001,-0.7638984126984099,0.5087157692307692,Tessaoua
2824,2025,27.018888888888892,47.47833333333333,96.6442,0.46799999999999997,1.0577,-0.6232238095238039,0.5443353846153847,Tessaoua
2824,2026,28.581285714285713,35.898714285714284,72.48333333333333,-0.20233333333333334,0.8873333333333334,0.9419587301587313,0.3311883333333333,Tessaoua
2825,1989,28.28222222222222,31.690777777777775,,0.528,,-0.24200886243385966,,Abalak
2825,1990,28.520333333333333,20.10811111111111,,-1.3926,,-0.0038468253968204635,,Abalak
2825,1991,28.252333333333333,33.42733333333334,85.93379999999999,1.3678,,-0.2717958994708951,,Abalak
2825,1992,27.516444444444446,22.168444444444443,67.08,-1.0078,,-1.007633862433856,,Abalak
2825,1993,28.78688888888889,19.43588888888889,47.422,-1.8514000000000004,,0.2628615079365133,,Abalak
2825,1994,27.52588888888889,43.50533333333333,96.465,1.718,,-0.9980875661375599,,Abalak
2825,1995,28.961333333333332,25.095555555555556,62.087199999999996,-0.7622,,0.4374078042328087,,Abalak
2825,1996,28.91977777777778,20.26033333333333,51.861799999999995,-1.264,,0.3959031746031805,,Abalak
2825,1997,29.13588888888889,17.26511111111111,50.992200000000004,-1.2091999999999998,,0.6120652116402141,,Abalak
2825,1998,28.21688888888889,32.32244444444444,82.471,0.544,,-0.30688386243386034,,Abalak
2825,1999,27.343444444444444,40.97011111111111,91.3318,1.4103999999999999,,-1.1802773809523792,,Abalak
2825,2000,28.624555555555553,21.849888888888888,63.986000000000004,-1.0094,,0.10088465608465569,,Abalak
2825,2001,28.714111111111112,31.734444444444446,83.837,0.7352000000000001,0.5315,0.19049113756614133,0.7934230769230768,Abalak
2825,2002,29.172888888888888,28.724333333333334,67.00460000000001,-0.4468,-0.9140999999999999,0.6493198412698433,-0.6740038461538461,Abalak
2825,2003,28.397555555555556,31.693333333333335,81.159,0.7712,0.9212,-0.12596256613756296,1.1394692307692307,Abalak
2825,2004,29.044333333333334,23.90977777777778,70.7902,-0.3438,-1.3803,0.5208661375661414,-1.1838576923076924,Abalak
2825,2005,28.402666666666665,28.835111111111114,75.9518,0.23279999999999998,0.1585,-0.12074960317460182,0.3331153846153846,Abalak
2825,2006,28.746555555555556,32.01755555555556,73.70840000000001,0.018000000000000016,-0.09059999999999997,0.22319021164021535,0.06218846153846151,Abalak
2825,2007,28.17677777777778,30.145777777777774,76.2216,0.25839999999999996,0.3962,-0.3465366402116352,0.5271615384615385,Abalak
2825,2008,28.552555555555557,28.845333333333333,68.6502,-0.0534,-0.1041,0.029292063492068365,0.00503461538461536,Abalak
2825,2009,29.612333333333336,23.587555555555557,51.9572,-0.5238,-0.9417000000000001,1.089120767195773,-0.8543923076923078,Abalak
2825,2010,28.370777777777775,35.17022222222222,81.92920000000001,1.3054000000000001,0.3267,-0.1523838624338616,0.39218076923076917,Abalak
2825,2011,29.143666666666668,26.075666666666663,56.476,-0.0754,-0.1084,0.6205559523809576,-0.06474615384615386,Abalak
2825,2012,28.138444444444445,27.77744444444444,72.42060000000001,-0.1996,0.4447,-0.384615343915339,0.46652692307692306,Abalak
2825,2013,28.583666666666666,27.055777777777777,67.2526,-0.1062,-0.3146,0.06065780423280742,-0.3146,Abalak
2825,2014,28.839222222222222,29.562888888888892,77.0496,0.06499999999999999,0.0722,0.3162642857142899,0.05037307692307693,Abalak
2825,2015,28.694,28.298111111111112,69.94460000000001,-0.49420000000000003,-0.6381,0.17109298941799267,-0.6817538461538462,Abalak
2825,2016,28.67522222222222,29.176222222222222,75.5476,0.233,-0.6646,0.15236613756614048,-0.7300807692307691,Abalak
2825,2017,28.826333333333334,20.653555555555556,64.7864,-0.4584,0.2672,0.30352817460317993,0.1798923076923077,Abalak
2825,2018,28.43477777777778,31.61766666666667,84.2838,0.6682,-0.22820000000000007,-0.08797645502644968,-0.3373346153846154,Abalak
2825,2019,28.817,25.08777777777778,63.3494,-0.23840000000000003,0.29719999999999996,0.2942966931216979,0.16623846153846156,Abalak
2825,2020,27.813333333333333,42.59722222222222,91.51140000000001,1.333,0.1281,-0.7093190476190436,-0.024688461538461492,Abalak
2825,2021,28.95011111111111,34.83,80.894,0.8774,0.8126,0.42750965608465563,0.6379846153846154,Abalak
2825,2022,28.215666666666667,29.510444444444445,66.6354,-0.7676000000000001,0.3165,-0.30688386243386034,0.12005769230769237,Abalak
2825,2023,29.44888888888889,29.517777777777773,79.9414,0.10600000000000001,-0.22470000000000007,0.9263892857142899,-0.4429692307692308,Abalak
2825,2024,27.462888888888887,45.82511111111111,96.868,2.0102,0.7321,-1.0595597883597883,0.4920038461538462,Abalak
2825,2025,27.797,30.575444444444443,85.3356,-0.293,0.7362,-0.725397751322749,0.47427692307692315,Abalak
2825,2026,29.492285714285714,26.50842857142857,59.812333333333335,-0.4723333333333333,0.5256666666666666,0.9699388888888905,0.24191666666666672,Abalak
2826,1989,28.08077777777778,43.10344444444444,,0.2744,,-0.3268666666666711,,Birni N'Konni
2826,1990,28.715666666666664,33.03622222222222,,-1.006,,0.31102222222221343,,Birni N'Konni
2826,1991,28.21466666666667,41.86211111111111,92.5736,0.458,,-0.18697777777778057,,Birni N'Konni
2826,1992,27.64177777777778,38.43655555555555,92.78999999999999,-0.7774,,-0.7568666666666708,,Birni N'Konni
2826,1993,28.694222222222223,37.33855555555556,80.7172,-0.7916000000000001,,0.2985777777777727,,Birni N'Konni
2826,1994,27.60977777777778,60.50877777777777,98.3374,1.8578,,-0.7828666666666706,,Birni N'Konni
2826,1995,28.61777777777778,41.87122222222222,88.73179999999999,-0.213,,0.22813333333332864,,Birni N'Konni
2826,1996,28.727,33.214444444444446,82.3078,-0.8032,,0.34035555555555064,,Birni N'Konni
2826,1997,29.00033333333333,32.68011111111111,84.32419999999999,-1.0144,,0.6166888888888806,,Birni N'Konni
2826,1998,28.076666666666668,50.68988888888889,95.4392,0.7386,,-0.30397777777778145,,Birni N'Konni
2826,1999,27.319444444444443,64.09744444444443,98.5378,1.9146,,-1.0582000000000065,,Birni N'Konni
2826,2000,28.28511111111111,38.663111111111114,85.488,-0.4928,,-0.08953333333333902,,Birni N'Konni
2826,2001,28.240222222222222,37.38133333333334,94.3398,-0.504,-0.6807000000000001,-0.131422222222227,-0.5068105263157896,Birni N'Konni
2826,2002,28.959999999999997,40.31,87.6962,-0.3166,-1.0024,0.5913555555555483,-0.8430013157894737,Birni N'Konni
2826,2003,28.27077777777778,43.18555555555556,96.8372,0.2894,0.4644,-0.09486666666666821,0.6093078947368421,Birni N'Konni
2826,2004,28.90077777777778,41.318,89.16159999999999,0.08159999999999999,-0.38960000000000006,0.5381333333333309,-0.2591828947368422,Birni N'Konni
2826,2005,28.52911111111111,43.90244444444445,92.3136,0.851,1.1688,0.16946666666666133,1.2847263157894737,Birni N'Konni
2826,2006,28.44633333333333,61.080666666666666,90.2456,1.1182,0.047,0.08968888888888316,0.1484355263157895,Birni N'Konni
2826,2007,28.10977777777778,47.65577777777778,92.506,0.8464,-0.4601,-0.24386666666666912,-0.3731552631578947,Birni N'Konni
2826,2008,28.426222222222222,42.88033333333333,94.3628,0.3848,0.4461,0.07557777777777375,0.5185539473684211,Birni N'Konni
2826,2009,29.150555555555556,28.535111111111114,63.384800000000006,-1.6451999999999998,-0.3003,0.8029111111111078,-0.24233684210526318,Birni N'Konni
2826,2010,28.173222222222222,45.44277777777778,98.1168,0.5926,-0.021200000000000004,-0.17142222222222614,0.02227236842105263,Birni N'Konni
2826,2011,29.18433333333333,33.54811111111111,73.7324,-0.6044,0.06220000000000001,0.8426888888888833,0.09118157894736843,Birni N'Konni
2826,2012,28.053444444444445,40.937,94.70360000000001,-0.328,0.014200000000000004,-0.28520000000000323,0.028690789473684215,Birni N'Konni
2826,2013,28.24077777777778,34.98133333333333,86.185,-0.5692,-0.3728,-0.09486666666666821,-0.3728,Birni N'Konni
2826,2014,28.339666666666666,40.616,91.92179999999999,-0.12079999999999999,0.0158,0.007022222222218488,0.0013092105263157912,Birni N'Konni
2826,2015,28.388333333333335,51.81922222222222,96.824,0.7908,-0.086,0.0586888888888879,-0.1149815789473684,Birni N'Konni
2826,2016,28.301222222222222,41.35355555555556,94.7464,0.2002,0.8133,-0.025422222222225344,0.7698276315789474,Birni N'Konni
2826,2017,28.834444444444443,28.192666666666668,86.4938,-1.8804000000000003,-0.2147,0.5107999999999961,-0.27266315789473683,Birni N'Konni
2826,2018,28.281666666666666,48.01233333333333,97.6608,0.6964,0.5998999999999999,-0.038977777777780886,0.5274460526315788,Birni N'Konni
2826,2019,28.771666666666665,38.614888888888885,84.4434,-0.906,-0.2561,0.45402222222221766,-0.34304473684210524,Birni N'Konni
2826,2020,27.85377777777778,57.67122222222223,98.527,1.5486,0.2585,-0.46086666666666787,0.15706447368421053,Birni N'Konni
2826,2021,28.69833333333333,43.34222222222222,90.337,-0.21680000000000002,-0.0363,0.38668888888888375,-0.15222631578947368,Birni N'Konni
2826,2022,27.771,47.91288888888889,93.9548,0.1322,0.009800000000000003,-0.5376444444444459,-0.12061710526315789,Birni N'Konni
2826,2023,29.13588888888889,39.67122222222222,92.8366,-0.5868,-1.1360999999999999,0.8302444444444426,-1.281007894736842,Birni N'Konni
2826,2024,27.568333333333335,56.33822222222222,99.57719999999999,1.4218,0.05489999999999999,-0.7343111111111114,-0.10449868421052631,Birni N'Konni
2826,2025,27.45588888888889,56.525333333333336,99.0464,0.9096,0.32120000000000004,-0.8437555555555569,0.1473105263157895,Birni N'Konni
2826,2026,29.300285714285714,38.309285714285714,74.91266666666667,-1.0359999999999998,1.0470000000000002,1.0036412698412676,0.8586197368421054,Birni N'Konni
2827,1989,28.456111111111113,42.25977777777778,,0.9048,,-0.23417118437118134,,Illéla
2827,1990,28.965,31.47277777777778,,-0.638,,0.27465787545787634,,Illéla
2827,1991,28.52411111111111,38.76277777777778,93.2954,0.8318,,-0.16629084249084158,,Illéla
2827,1992,27.961666666666666,32.56522222222222,87.5732,-0.9408,,-0.7287951159951156,,Illéla
2827,1993,28.95588888888889,29.48866666666667,75.27680000000001,-1.3126,,0.2653672771672788,,Illéla
2827,1994,27.94033333333333,54.583888888888886,98.619,2.2176,,-0.7502481074481082,,Illéla
2827,1995,28.991111111111113,36.51133333333333,90.631,-0.1966,,0.30046984126984455,,Illéla
2827,1996,29.029444444444444,28.872666666666664,75.4382,-0.9400000000000001,,0.33874334554334595,,Illéla
2827,1997,29.189777777777774,26.93155555555556,73.5356,-1.2132,,0.49901684981684724,,Illéla
2827,1998,28.433555555555557,41.53922222222222,96.1466,0.5469999999999999,,-0.2572652014651986,,Illéla
2827,1999,27.637555555555554,51.696333333333335,97.3306,1.4088,,-1.0533250305250306,,Illéla
2827,2000,28.641444444444446,33.95011111111111,86.0658,-0.3856,,-0.04949597069596834,,Illéla
2827,2001,28.701777777777775,37.22288888888889,93.3388,0.3652,-0.5797,0.010777533577531528,0.05933025210084031,Illéla
2827,2002,29.27977777777778,34.99966666666667,87.6798,-0.2788,-1.0003,0.588717704517709,-0.41452226890756305,Illéla
2827,2003,28.544666666666664,36.50788888888889,92.5004,0.4142,0.45400000000000007,-0.14645323565323665,0.9865252100840337,Illéla
2827,2004,29.19688888888889,34.51511111111111,86.51759999999999,-0.2496,-1.6678000000000002,0.505709157509159,-1.18852731092437,Illéla
2827,2005,28.882111111111115,37.18044444444445,86.5684,0.6060000000000001,0.5491999999999999,0.19087155067155592,0.9752201680672268,Illéla
2827,2006,28.86522222222222,52.513,91.8854,1.0908,-0.5476000000000001,0.17392283272283038,-0.1748323529411766,Illéla
2827,2007,28.623666666666665,43.12833333333333,93.7572,1.1218,-0.19240000000000002,-0.06769255189255219,0.12711512605042014,Illéla
2827,2008,28.788777777777778,35.958555555555556,86.9072,0.098,0.1139,0.09735873015873153,0.3801626050420168,Illéla
2827,2009,29.50322222222222,26.913555555555558,61.211,-1.5076,-0.4294,0.8117433455433449,-0.21638991596638657,Illéla
2827,2010,28.521555555555558,38.06711111111112,96.9674,0.49260000000000004,0.182,-0.16998315018314614,0.3417575630252101,Illéla
2827,2011,29.30611111111111,28.452888888888893,68.8372,-0.5302,0.35109999999999997,0.6145125763125776,0.4576050420168067,Illéla
2827,2012,28.316444444444443,39.724,96.1392,-0.221,-0.4104,-0.3752139194139197,-0.3571474789915966,Illéla
2827,2013,28.69355555555556,32.73477777777778,83.6966,-0.3134,-0.5596000000000001,0.0018373626373673346,-0.5596000000000001,Illéla
2827,2014,28.702555555555552,36.635333333333335,91.543,-0.1156,-0.3925,0.010777533577531528,-0.44575252100840335,Illéla
2827,2015,28.71933333333333,38.09733333333333,94.92519999999999,-0.2426,-0.19020000000000004,0.02749548229548182,-0.29670504201680675,Illéla
2827,2016,28.70311111111111,39.380222222222216,93.0964,0.4976,0.027700000000000002,0.011213431013430863,-0.13205756302521007,Illéla
2827,2017,29.18688888888889,23.693444444444445,81.56039999999999,-1.8544,0.19090000000000001,0.49493137973138346,-0.02211008403361342,Illéla
2827,2018,28.663333333333338,39.659555555555556,96.94919999999999,0.3936,0.2143,-0.028684004883999137,-0.05196260504201683,Illéla
2827,2019,29.02811111111111,31.682222222222222,82.143,-0.9368000000000001,-0.040600000000000004,0.336033943833943,-0.3601151260504202,Illéla
2827,2020,28.141666666666666,50.654444444444444,98.2786,1.5470000000000002,1.0473,-0.550470329670329,0.6745323529411764,Illéla
2827,2021,29.039444444444445,39.91977777777778,90.1258,0.021399999999999995,0.194,0.34724761904762147,-0.23202016806722686,Illéla
2827,2022,28.299666666666667,39.47977777777778,91.9512,-0.39,0.5901,-0.3925899877899859,0.1108273109243697,Illéla
2827,2023,29.484333333333332,35.80944444444444,91.33959999999999,-0.3452,-0.5252,0.79201684981685,-1.0577252100840338,Illéla
2827,2024,27.766888888888886,51.012,99.6396,1.6332,0.7201,-0.9254874236874251,0.13432226890756305,Illéla
2827,2025,27.935666666666666,40.407000000000004,98.223,0.020799999999999985,1.3220999999999998,-0.7567694749694738,0.6830697478991595,Illéla
2827,2026,29.698857142857143,32.23171428571429,71.44033333333334,-1.1656666666666666,0.4925,1.0063611721611743,-0.1997827731092437,Illéla
2828,1989,28.07188888888889,39.943444444444445,,0.46340000000000003,,-0.18591684981685574,,Kéita
2828,1990,28.311444444444444,28.922777777777778,,-0.9235999999999999,,0.05204468864468481,,Kéita
2828,1991,28.061666666666667,40.13522222222222,91.193,1.3494,,-0.19932710622710914,,Kéita
2828,1992,27.34,31.59511111111111,84.3298,-0.5822,,-0.9225877899877943,,Kéita
2828,1993,28.522444444444446,25.559,62.7062,-1.8960000000000001,,0.258262637362634,,Kéita
2828,1994,27.236777777777778,56.02811111111111,98.3364,1.9796,,-1.0289980463980513,,Kéita
2828,1995,28.71311111111111,32.70344444444444,81.833,-0.7094,,0.44574126984126394,,Kéita
2828,1996,28.667333333333332,27.378888888888888,68.1734,-1.2348000000000001,,0.3983694749694706,,Kéita
2828,1997,28.87511111111111,24.36,66.6962,-1.1258,,0.6045532356532313,,Kéita
2828,1998,27.986777777777778,39.047888888888885,92.2674,0.48440000000000005,,-0.2853741147741182,,Kéita
2828,1999,27.137444444444444,47.699666666666666,94.627,1.343,,-1.1363014652014698,,Kéita
2828,2000,28.40277777777778,28.941333333333333,80.1416,-0.9974000000000001,,0.12743785103784688,,Kéita
2828,2001,28.422888888888888,39.35377777777778,91.0996,0.7512000000000001,0.062099999999999995,0.14595494505494244,0.6667604347826087,Kéita
2828,2002,28.854111111111113,35.51488888888889,83.1858,-0.43079999999999996,-0.7452,0.5755831501831494,-0.19092793478260872,Kéita
2828,2003,28.153000000000002,36.91777777777778,89.93820000000001,0.5218,0.1251,-0.12712197802197878,0.6289836956521739,Kéita
2828,2004,28.83233333333333,32.34444444444445,83.13140000000001,-0.1238,-1.4281000000000001,0.5506173382173323,-0.9746046739130436,Kéita
2828,2005,28.196,35.86922222222223,82.3846,0.33940000000000003,-0.4252,-0.08731001221001478,-0.02209304347826091,Kéita
2828,2006,28.470555555555556,40.23266666666667,89.7586,-0.10200000000000001,-0.6611,0.18565152625152592,-0.3083814130434783,Kéita
2828,2007,28.006666666666668,37.897333333333336,89.66839999999999,0.526,0.09720000000000001,-0.2798313797313803,0.39953021739130434,Kéita
2828,2008,28.296444444444447,36.31433333333334,80.4948,-0.0826,-0.025399999999999992,0.008352380952381111,0.226541847826087,Kéita
2828,2009,29.287444444444443,29.785444444444447,63.699,-0.8146000000000001,-1.0937999999999999,0.9977583638583596,-0.8922465217391303,Kéita
2828,2010,28.147888888888886,44.95044444444445,94.2378,1.4522,0.44599999999999995,-0.1433912087912148,0.5971651086956521,Kéita
2828,2011,28.860666666666663,33.03633333333333,69.19,0.08639999999999999,0.0137,0.5677925518925484,0.11447673913043478,Kéita
2828,2012,27.841666666666665,34.00977777777778,89.53659999999999,-0.558,0.2549,-0.4528014652014676,0.30528836956521743,Kéita
2828,2013,28.275333333333336,30.983333333333334,81.0676,-0.49640000000000006,-0.37029999999999996,-0.020728815628814345,-0.37029999999999996,Kéita
2828,2014,28.56888888888889,35.08711111111111,87.5466,-0.26539999999999997,-0.16540000000000002,0.27123272283272115,-0.2157883695652174,Kéita
2828,2015,28.371555555555556,38.431999999999995,89.70660000000001,-0.14279999999999998,-0.5291999999999999,0.0723053724053706,-0.6299767391304347,Kéita
2828,2016,28.35111111111111,35.54766666666667,87.7006,0.02499999999999999,-0.4496,0.0502669108669096,-0.6007651086956521,Kéita
2828,2017,28.786222222222225,24.078333333333333,76.3474,-0.8804000000000001,0.4974,0.48378400488400786,0.29584652173913045,Kéita
2828,2018,28.31811111111111,39.16133333333333,95.0574,0.5402,0.033399999999999985,0.01407887667887664,-0.218541847826087,Kéita
2828,2019,28.563888888888886,30.288444444444444,78.2264,-0.5004,0.025599999999999998,0.258262637362634,-0.2767302173913043,Kéita
2828,2020,27.703555555555553,52.51166666666667,96.1874,1.5956,0.496,-0.6036647130647168,0.1432814130434783,Kéita
2828,2021,28.80655555555556,42.178111111111114,89.44739999999999,0.8220000000000001,0.49820000000000003,0.49774126984127065,0.09509304347826092,Kéita
2828,2022,28.010555555555555,38.12622222222222,84.0288,-0.7276,0.26789999999999997,-0.29985274725274635,-0.18559532608695656,Kéita
2828,2023,29.14833333333333,37.37511111111112,89.4496,0.24020000000000002,0.154,0.8363310134310105,-0.3498836956521739,Kéita
2828,2024,27.311111111111114,54.059444444444445,98.53659999999999,1.9466,1.2149,-1.0024852258852235,0.6606279347826088,Kéita
2828,2025,27.55488888888889,37.12555555555556,95.9534,-0.3666,1.7687,-0.760301465201465,1.1640395652173914,Kéita
2828,2026,29.28357142857143,33.99614285714286,72.66466666666666,-0.6093333333333333,0.8425,0.9667870573870587,0.18745119565217394,Kéita
2829,1989,29.166666666666668,28.512777777777778,,0.23079999999999998,,-0.14653121693121562,,Tchintabaraden
2829,1990,29.25688888888889,19.345444444444443,,-1.2238,,-0.05607619047618684,,Tchintabaraden
2829,1991,29.025666666666666,28.713444444444445,79.4744,0.9414,,-0.2870656084656069,,Tchintabaraden
2829,1992,28.350222222222225,21.886666666666667,65.0492,-0.8310000000000001,,-0.9622772486772462,,Tchintabaraden
2829,1993,29.510666666666665,20.85677777777778,41.7524,-1.3276,,0.19839999999999947,,Tchintabaraden
2829,1994,28.273,47.803444444444445,94.928,2.3548,,-1.039033862433861,,Tchintabaraden
2829,1995,29.694777777777777,23.475777777777775,56.0418,-0.9954000000000001,,0.38297671957671753,,Tchintabaraden
2829,1996,29.65522222222222,18.349333333333334,43.4676,-1.8066,,0.34365396825396743,,Tchintabaraden
2829,1997,29.920444444444442,17.044888888888888,45.3412,-1.0436,,0.6091089947089934,,Tchintabaraden
2829,1998,29.116111111111113,34.74022222222222,77.295,0.835,,-0.1949915343915336,,Tchintabaraden
2829,1999,28.15411111111111,37.253,88.6216,1.0888,,-1.1567587301587317,,Tchintabaraden
2829,2000,29.45988888888889,23.32122222222222,62.1962,-0.40359999999999996,,0.1492518518518544,,Tchintabaraden
2829,2001,29.45011111111111,27.82888888888889,72.3494,0.31260000000000004,-0.1638,0.13970687830687467,0.39993090909090906,Tchintabaraden
2829,2002,29.916444444444444,26.926333333333336,59.998599999999996,-0.6881999999999999,-0.8949,0.6062730158730147,-0.37814666666666663,Tchintabaraden
2829,2003,29.336222222222222,30.757111111111115,73.99600000000001,1.0302,0.5914,0.02628359788359802,1.0611757575757577,Tchintabaraden
2829,2004,29.62722222222222,22.273333333333333,63.833600000000004,-0.7567999999999999,-0.9515,0.31751640211639653,-0.5287018181818182,Tchintabaraden
2829,2005,29.306333333333335,25.753333333333334,74.14059999999999,0.2354,-0.3565,-0.0031396825396825534,0.019320606060606094,Tchintabaraden
2829,2006,29.467777777777776,28.965888888888887,62.15219999999999,-0.12120000000000002,-0.4911,0.1585375661375643,-0.16225696969696968,Tchintabaraden
2829,2007,28.911222222222225,30.587444444444444,77.9288,0.5386,0.7098,-0.39778518518518524,0.9916654545454545,Tchintabaraden
2829,2008,29.156222222222222,27.218222222222224,72.3804,0.4056,-0.10510000000000001,-0.15255238095238255,0.12978787878787879,Tchintabaraden
2829,2009,30.31988888888889,28.519222222222222,55.065,0.3516,-0.64,1.0113470899470904,-0.452089696969697,Tchintabaraden
2829,2010,29.118666666666666,28.501666666666665,72.87859999999999,0.6052,-0.0665,-0.18964232804233205,0.07443272727272726,Tchintabaraden
2829,2011,29.863555555555553,21.785333333333334,49.5826,-0.9421999999999999,-0.5005,0.5554793650793606,-0.4065448484848484,Tchintabaraden
2829,2012,29.02077777777778,33.59655555555556,71.1462,0.49239999999999995,-0.357,-0.2870656084656069,-0.3100224242424242,Tchintabaraden
2829,2013,29.351111111111113,28.594666666666665,67.9904,0.023399999999999997,-0.4188,0.04350052910052682,-0.4188,Tchintabaraden
2829,2014,29.602444444444448,24.288111111111114,71.9546,-0.7485999999999999,-0.2428,0.29506666666666703,-0.28977757575757573,Tchintabaraden
2829,2015,29.40666666666667,26.83588888888889,65.5672,-0.534,-0.7247,0.09952169312169445,-0.8186551515151516,Tchintabaraden
2829,2016,29.44166666666667,28.880666666666666,69.5686,0.2324,-0.605,0.1347544973544963,-0.7459327272727272,Tchintabaraden
2829,2017,29.474222222222224,19.64811111111111,63.6462,-0.42460000000000003,0.4787,0.16754285714285544,0.290789696969697,Tchintabaraden
2829,2018,29.131999999999998,31.496333333333332,85.6108,0.49660000000000004,-0.24029999999999999,-0.1744465608465653,-0.4751878787878788,Tchintabaraden
2829,2019,29.479111111111113,21.652333333333335,58.077999999999996,-0.4902,0.5184000000000001,0.17289735449735133,0.23653454545454555,Tchintabaraden
2829,2020,28.55644444444444,40.14733333333333,91.0646,1.278,0.8815999999999999,-0.749536507936515,0.5527569696969696,Tchintabaraden
2829,2021,29.80644444444444,32.328111111111106,78.27459999999999,0.6642,1.263,0.5006962962962902,0.8871793939393938,Tchintabaraden
2829,2022,29.333555555555556,32.306222222222225,69.0336,0.11700000000000002,0.0799,0.028040211640206536,-0.3428981818181819,Tchintabaraden
2829,2023,30.510777777777776,25.945333333333334,72.274,-0.15019999999999997,0.5935,1.2054952380952315,0.1237242424242424,Tchintabaraden
2829,2024,28.160666666666668,45.66488888888889,94.6156,2.2398,0.10239999999999999,-1.1443830687830712,-0.4143533333333334,Tchintabaraden
2829,2025,28.897444444444446,31.098,82.76820000000001,0.16800000000000004,1.3773,-0.40737248677249127,0.8135690909090909,Tchintabaraden
2829,2026,30.378000000000004,29.052,57.538333333333334,-0.18066666666666667,0.09966666666666667,1.0734158730158718,-0.5110418181818182,Tchintabaraden
2830,1989,30.009555555555558,24.324333333333332,,0.1122,,-0.2894466422466415,,Tillia
2830,1990,30.26133333333333,21.596555555555554,,-0.010399999999999998,,-0.038241514041519764,,Tillia
2830,1991,29.905444444444445,26.188666666666663,68.272,0.9071999999999999,,-0.39470305250305415,,Tillia
2830,1992,29.468444444444444,18.89022222222222,53.3018,-0.7632,,-0.8322757020757052,,Tillia
2830,1993,30.499555555555553,15.451222222222222,33.5056,-1.8552,,0.19826275946275373,,Tillia
2830,1994,29.354777777777777,37.32666666666667,84.9956,1.887,,-0.9470876678876721,,Tillia
2830,1995,30.71211111111111,17.47611111111111,38.6588,-1.8922,,0.4096730158730111,,Tillia
2830,1996,30.71466666666667,17.077777777777776,36.791399999999996,-1.4308,,0.41165592185592104,,Tillia
2830,1997,30.979666666666667,17.373666666666665,42.5144,-0.9221999999999999,,0.6760832722832681,,Tillia
2830,1998,30.151555555555554,30.39577777777778,71.5832,0.7203999999999999,,-0.15260048840049478,,Tillia
2830,1999,29.162999999999997,33.57288888888889,83.2208,1.2773999999999999,,-1.1417286935287017,,Tillia
2830,2000,30.437111111111115,20.974555555555554,52.4794,-0.425,,0.13180976800976651,,Tillia
2830,2001,30.443333333333335,24.522777777777776,57.3096,0.030199999999999998,-0.3427,0.13745934065933696,0.3182400000000001,Tillia
2830,2002,30.896555555555558,20.19344444444444,44.5914,-1.2234,-1.0113999999999999,0.5901089133089137,-0.4055383333333331,Tillia
2830,2003,30.447555555555557,28.16477777777778,63.992200000000004,0.952,0.1439,0.14053626373626216,0.6946833333333334,Tillia
2830,2004,30.497666666666664,18.917333333333332,52.512,-0.8086,-0.6002000000000001,0.19007472527471947,-0.104495,Tillia
2830,2005,30.193777777777775,24.117444444444445,68.9276,0.5498,-0.4602,-0.11438681318681887,-0.019573333333333276,Tillia
2830,2006,30.39088888888889,23.102666666666668,47.6806,-0.6668000000000001,-0.8582,0.08215164835164757,-0.4726516666666666,Tillia
2830,2007,29.900999999999996,27.889555555555557,71.3744,0.5584,1.0274,-0.4083098901098978,1.3578700000000001,Tillia
2830,2008,30.104666666666667,26.061555555555557,66.0222,0.6618,-0.18630000000000002,-0.2052158730158773,0.08909166666666668,Tillia
2830,2009,31.313222222222223,27.09777777777778,51.635799999999996,0.5993999999999999,-0.9120999999999999,1.0027670329670286,-0.6917866666666665,Tillia
2830,2010,30.099333333333334,24.263666666666666,57.991,0.19,-0.4068,-0.21169450549450985,-0.24156499999999997,Tillia
2830,2011,30.729111111111113,19.91322222222222,47.642,-0.7852,-0.4883,0.4175106227106191,-0.37814333333333333,Tillia
2830,2012,30.05977777777778,33.23544444444445,66.337,1.1646,0.29800000000000004,-0.252395360195365,0.3530783333333334,Tillia
2830,2013,30.30211111111111,29.07388888888889,58.1964,0.5222,-0.137,-0.010634676434683854,-0.137,Tillia
2830,2014,30.53388888888889,21.784555555555553,62.364,-0.3648,0.14100000000000001,0.22057045177044543,0.08592166666666667,Tillia
2830,2015,30.432111111111112,24.154555555555554,59.15319999999999,-0.055600000000000004,-0.1238,0.11822002442002244,-0.23395666666666667,Tillia
2830,2016,30.62644444444444,24.147000000000002,56.315999999999995,-0.22139999999999999,-0.593,0.3119807081807018,-0.758235,Tillia
2830,2017,30.517666666666667,18.797222222222224,58.464200000000005,-0.2684,0.6067,0.20263028083027734,0.38638666666666666,Tillia
2830,2018,30.01377777777778,28.974444444444444,82.79740000000001,0.5856,-0.2188,-0.3018312576312603,-0.4941916666666667,Tillia
2830,2019,30.455111111111112,19.098444444444443,52.348400000000005,-0.4806,-0.1834,0.1389294261294225,-0.51387,Tillia
2830,2020,29.84,34.986333333333334,87.5196,1.16,0.5403,-0.47675433455433947,0.15475166666666662,Tillia
2830,2021,30.727,27.123555555555555,71.0608,0.5568,1.061,0.4096730158730111,0.6203733333333332,Tillia
2830,2022,30.38666666666667,24.92088888888889,58.191599999999994,-0.25820000000000004,0.1016,0.06876703296703113,-0.39410500000000004,Tillia
2830,2023,31.42677777777778,22.89011111111111,62.1688,0.042600000000000006,0.6477999999999999,1.1083054945054904,0.09701666666666653,Tillia
2830,2024,29.177555555555557,38.79211111111111,89.17139999999999,1.8864,0.4053,-1.141489377289382,-0.20056166666666675,Tillia
2830,2025,29.94355555555556,24.802222222222223,71.4624,0.09100000000000001,1.2056,-0.37606202686203005,0.5446599999999999,Tillia
2830,2026,31.201714285714285,24.31657142857143,51.21633333333333,-0.38400000000000006,0.023166666666666665,0.8815240537240463,-0.6928516666666668,Tillia
2831,1989,29.47955555555556,27.555666666666667,,-0.47519999999999996,,-0.34339076479075814,,Abala
2831,1990,30.014555555555553,24.09911111111111,,-0.7278,,0.19614458874458762,,Abala
2831,1991,29.67911111111111,29.78888888888889,84.062,0.8722,,-0.1347645021645043,,Abala
2831,1992,29.110444444444447,29.914555555555555,81.5066,0.14340000000000003,,-0.6988958152958098,,Abala
2831,1993,30.13088888888889,19.075222222222223,50.477999999999994,-1.9748,,0.3260839826839863,,Abala
2831,1994,29.00977777777778,46.526444444444444,96.7202,1.989,,-0.7904917748917697,,Abala
2831,1995,30.251222222222218,29.01711111111111,74.678,-0.46980000000000005,,0.4554880230880194,,Abala
2831,1996,30.157333333333334,20.158555555555555,47.7692,-1.5128,,0.36613448773449164,,Abala
2831,1997,30.37644444444444,20.51688888888889,58.644999999999996,-1.096,,0.5897809523809521,,Abala
2831,1998,29.39177777777778,35.07677777777778,87.3414,0.643,,-0.39035036075035734,,Abala
2831,1999,28.69244444444444,46.18988888888889,91.3654,2.2152000000000003,,-1.08514834054834,,Abala
2831,2000,30.159111111111113,25.86622222222222,70.449,-0.5734,,0.38605367965368487,,Abala
2831,2001,29.798777777777772,33.78577777777778,85.8256,0.7238,0.9891,0.030255699855697316,1.0454714285714286,Abala
2831,2002,30.454666666666665,28.028555555555556,65.04839999999999,-0.7976,-0.9599000000000001,0.6906799422799423,-0.9082261904761906,Abala
2831,2003,29.557666666666666,30.502333333333336,79.8938,0.5114,0.8941999999999999,-0.20178470418469985,0.9411761904761904,Abala
2831,2004,30.081,26.238555555555553,75.9408,-0.5236000000000001,-0.3686,0.3260839826839863,-0.32632142857142854,Abala
2831,2005,29.64788888888889,26.726222222222223,80.5042,0.1392,-0.04470000000000002,-0.10249177489177086,-0.00711904761904765,Abala
2831,2006,29.813555555555556,36.169000000000004,77.0418,0.44079999999999997,-0.5552,0.0677102453102485,-0.5223166666666668,Abala
2831,2007,29.313666666666663,30.745555555555555,91.1508,0.5548,0.5713,-0.4276432900432887,0.5994857142857143,Abala
2831,2008,29.603444444444442,30.683888888888887,71.693,0.5438,0.4352,-0.13333015873015697,0.45868809523809523,Abala
2831,2009,30.68922222222222,26.787777777777777,62.6364,-0.6853999999999999,-0.887,0.9569829725829742,-0.8682095238095239,Abala
2831,2010,29.57188888888889,30.11588888888889,81.29740000000001,0.24020000000000002,0.05939999999999998,-0.15581500721500063,0.07349285714285712,Abala
2831,2011,30.054,23.081555555555557,49.727,-0.9408000000000001,-0.06509999999999999,0.3308314574314615,-0.055704761904761896,Abala
2831,2012,29.357999999999997,35.08177777777777,88.1164,0.26280000000000003,-0.4755,-0.3606331890331873,-0.4708023809523809,Abala
2831,2013,29.63411111111111,35.76277777777778,76.1138,0.9905999999999999,-0.4567,-0.07998672438672116,-0.4567,Abala
2831,2014,29.91433333333333,32.30088888888889,80.4264,0.4114,-0.0487,0.20477085137085638,-0.05339761904761905,Abala
2831,2015,29.62166666666667,34.61811111111111,80.7338,0.42000000000000004,-0.5464,-0.08336046176045286,-0.5557952380952381,Abala
2831,2016,29.65077777777778,29.93722222222222,77.2328,0.429,0.22559999999999997,-0.04971399711399016,0.21150714285714284,Abala
2831,2017,29.973333333333333,22.347333333333335,70.029,-0.8454,1.3912,0.2773769119769156,1.3724095238095237,Abala
2831,2018,29.46511111111111,27.517333333333333,87.8116,-0.3418,-0.0376,-0.2263099567099509,-0.06108809523809523,Abala
2831,2019,29.939777777777774,27.723888888888887,66.93,-0.18460000000000001,-0.3407,0.25289206349206594,-0.36888571428571426,Abala
2831,2020,29.06844444444444,36.18266666666667,97.3014,0.8426,0.0005000000000000282,-0.6139059163059137,-0.03238333333333329,Abala
2831,2021,30.380999999999997,33.900999999999996,80.3976,0.4156000000000001,0.6003000000000001,0.7031849927849976,0.5627190476190477,Abala
2831,2022,29.785777777777778,26.322,74.776,-0.7363999999999999,-0.38070000000000004,0.11249812409813131,-0.4229785714285714,Abala
2831,2023,30.636555555555553,22.722555555555555,72.9452,-1.0303999999999998,-0.344,0.9678112554112595,-0.3909761904761904,Abala
2831,2024,28.75144444444444,43.14788888888889,98.41,1.6987999999999999,-0.34859999999999997,-0.9127645021644994,-0.4002738095238095,Abala
2831,2025,29.062444444444445,26.647222222222226,84.52619999999999,-0.8922000000000001,1.6817000000000002,-0.5972291486291397,1.6253285714285717,Abala
2831,2026,30.442285714285713,19.684571428571427,55.671,-1.9846666666666668,1.2585,0.7871474747474814,1.1974309523809523,Abala
2832,1989,29.863777777777777,30.728222222222225,,0.4444,,-0.17419365079364724,,Ayérou
2832,1990,30.344,18.12811111111111,,-1.6966,,0.29973968253968764,,Ayérou
2832,1991,30.27077777777778,27.948333333333338,74.9968,0.5952,,0.22022857142857788,,Ayérou
2832,1992,29.695111111111107,24.592111111111112,71.1986,-0.4062,,-0.36172698412698523,,Ayérou
2832,1993,30.413666666666668,23.757666666666665,57.5946,-1.3862,,0.3505396825396865,,Ayérou
2832,1994,29.382111111111115,34.84177777777778,80.6284,1.0118,,-0.6873047619047554,,Ayérou
2832,1995,30.107999999999997,29.18288888888889,73.4136,-0.02739999999999999,,0.032295238095237266,,Ayérou
2832,1996,30.302222222222227,24.246666666666666,55.596399999999996,-1.4178000000000002,,0.22022857142857788,,Ayérou
2832,1997,30.87533333333333,23.233,57.7572,-1.0374,,0.787050793650792,,Ayérou
2832,1998,29.70588888888889,32.59655555555556,77.22319999999999,0.5804,,-0.38868253968253796,,Ayérou
2832,1999,28.650111111111112,36.916666666666664,91.3004,1.2730000000000001,,-1.4507492063492045,,Ayérou
2832,2000,30.42966666666667,27.310222222222222,70.8386,-0.3238,,0.32251746031746364,,Ayérou
2832,2001,30.052222222222227,32.99622222222222,80.0208,0.8986000000000001,0.6402,-0.06121587301586828,1.3950923076923076,Ayérou
2832,2002,31.020999999999997,26.267333333333333,63.5724,-0.6436,-1.4020000000000001,0.9012730158730129,-0.7100153846153849,Ayérou
2832,2003,29.576999999999998,28.67577777777778,75.6354,0.3036,0.11589999999999999,-0.5490158730158754,0.7449769230769229,Ayérou
2832,2004,30.58522222222222,22.195666666666668,63.599000000000004,-1.3704,-1.3294,0.45291746031745816,-0.7632307692307693,Ayérou
2832,2005,29.865111111111112,27.41011111111111,82.8614,0.42400000000000004,0.31599999999999995,-0.27348253968254,0.8192615384615383,Ayérou
2832,2006,30.258666666666663,28.50177777777778,61.574,-0.19820000000000002,-0.5665,0.11378412698412177,-0.12614615384615396,Ayérou
2832,2007,29.813222222222223,31.09144444444445,82.7634,0.8363999999999999,0.4324,-0.337949206349208,0.8098461538461538,Ayérou
2832,2008,30.276777777777777,25.257111111111115,63.4576,0.3296,-0.09349999999999999,0.1193174603174576,0.22103846153846146,Ayérou
2832,2009,30.93922222222222,20.90911111111111,57.1878,-1.3562,-0.843,0.7754730158730112,-0.5913692307692309,Ayérou
2832,2010,29.786,28.354111111111113,78.215,0.1414,-0.583,-0.38403809523809684,-0.3942769230769231,Ayérou
2832,2011,30.345666666666666,28.296888888888887,69.9576,0.054599999999999996,-0.5233,0.1693396825396789,-0.39748461538461544,Ayérou
2832,2012,29.44111111111111,36.656888888888886,89.0908,0.7818,-0.5732999999999999,-0.7415047619047677,-0.5103923076923076,Ayérou
2832,2013,29.981666666666666,30.165555555555557,75.5404,0.46180000000000004,0.0072999999999999975,-0.20723809523810033,0.0072999999999999975,Ayérou
2832,2014,30.617444444444445,25.94633333333333,70.04220000000001,-0.059199999999999996,-0.2086,0.42225079365078955,-0.2715076923076923,Ayérou
2832,2015,30.02,32.18011111111111,83.4444,0.44800000000000006,0.4343,-0.1814825396825448,0.30848461538461547,Ayérou
2832,2016,30.321555555555555,33.733222222222224,81.38239999999999,1.3321999999999998,0.3762,0.11378412698412177,0.1874769230769231,Ayérou
2832,2017,30.095000000000002,23.55333333333333,72.3654,-0.473,0.6467,-0.11906031746032042,0.3950692307692309,Ayérou
2832,2018,30.21944444444445,30.52922222222222,83.88820000000001,0.4852,0.4209,-0.000904761904763518,0.10636153846153856,Ayérou
2832,2019,30.387888888888888,27.270555555555557,76.61280000000001,0.03880000000000001,-0.6156999999999999,0.16125079365078676,-0.9931461538461537,Ayérou
2832,2020,30.138333333333335,46.20822222222222,88.779,2.1675999999999997,0.12650000000000003,-0.09459365079365512,-0.31385384615384604,Ayérou
2832,2021,30.89511111111111,24.58811111111111,64.1606,-0.7418,0.8789,0.6558952380952299,0.3756384615384617,Ayérou
2832,2022,30.290555555555557,25.721444444444444,71.6606,-0.8122,0.016499999999999994,0.04505079365078757,-0.5496692307692307,Ayérou
2832,2023,31.118666666666666,23.078111111111113,63.07619999999999,-0.8336,0.3983,0.8668730158730078,-0.23077692307692288,Ayérou
2832,2024,29.820666666666668,50.51933333333333,95.0548,2.4964,0.8247,-0.4374158730158797,0.1327153846153848,Ayérou
2832,2025,29.810666666666666,36.971,88.3746,1.424,1.7428,-0.4537047619047705,0.9879076923076924,Ayérou
2832,2026,31.40414285714286,23.899857142857144,66.82866666666666,-0.49466666666666664,1.0295,1.1334825396825323,0.21170000000000033,Ayérou
2833,1989,28.642555555555557,40.721333333333334,,-0.1166,,-0.38106142167011114,,Balleyara
2833,1990,29.369999999999997,32.16544444444444,,-1.0158,,0.34869703243616357,,Balleyara
2833,1991,28.848444444444446,28.721444444444444,84.93679999999999,-0.71,,-0.17054451345754984,,Balleyara
2833,1992,28.451555555555558,45.95822222222222,92.952,0.5058,,-0.5651193926846041,,Balleyara
2833,1993,29.33277777777778,41.72588888888889,87.13,0.146,,0.3184168391994504,,Balleyara
2833,1994,28.293555555555557,61.51877777777778,97.87219999999999,2.4059999999999997,,-0.7184913733609335,,Balleyara
2833,1995,29.186999999999998,45.986555555555555,90.2174,0.8306000000000001,,0.1772670807453416,,Balleyara
2833,1996,29.358777777777775,40.16444444444445,79.3222,0.08580000000000002,,0.3513588681849562,,Balleyara
2833,1997,29.906111111111116,27.459999999999997,71.173,-1.5776,,0.9010062111801318,,Balleyara
2833,1998,28.657666666666664,45.50677777777778,94.5066,0.5216000000000001,,-0.3451242236024825,,Balleyara
2833,1999,28.252111111111113,54.809555555555555,98.008,0.8352,,-0.7483657694961998,,Balleyara
2833,2000,29.46988888888889,37.18844444444445,84.411,-0.041200000000000014,,0.4717260179434142,,Balleyara
2833,2001,28.99266666666667,43.554,92.8862,0.5816,1.1297000000000001,-0.0031821946169721116,0.94415,Balleyara
2833,2002,29.380555555555556,40.394777777777776,83.7688,-0.7414000000000001,-1.5581,0.3870207039337501,-1.7281875000000002,Balleyara
2833,2003,28.714555555555553,39.92355555555556,92.0764,0.2526,0.5686,-0.2766652864044161,0.413975,Balleyara
2833,2004,29.372222222222224,36.91122222222222,89.6498,-0.5602,-0.0466,0.3833153899240891,-0.18576250000000002,Balleyara
2833,2005,29.055888888888887,35.62188888888889,90.2758,-0.2024,1.3692000000000002,0.06929606625259055,1.2455000000000003,Balleyara
2833,2006,28.88188888888889,57.73388888888889,93.6374,1.1862,-0.6864,-0.10238992408557124,-0.7946375,Balleyara
2833,2007,28.528888888888886,38.623111111111115,95.2204,0.1016,-0.0585,-0.4530759144237386,-0.15127500000000002,Balleyara
2833,2008,28.789666666666662,46.537222222222226,86.4664,0.9116,0.4729,-0.18998412698412892,0.3955875,Balleyara
2833,2009,29.669666666666664,37.99511111111111,84.3318,0.0888,-0.006499999999999999,0.6923298826777078,-0.06835000000000002,Balleyara
2833,2010,28.832555555555555,41.882333333333335,96.853,0.037800000000000014,-0.022500000000000006,-0.14246721877156432,-0.06888750000000002,Balleyara
2833,2011,29.782333333333334,32.968333333333334,67.3118,-0.9194000000000001,0.1421,0.809624568668049,0.111175,Balleyara
2833,2012,28.51011111111111,42.32722222222222,93.5798,-0.008799999999999997,-0.14229999999999998,-0.46028364389233545,-0.15776249999999997,Balleyara
2833,2013,28.772444444444446,40.89022222222222,88.988,0.7344,-0.21889999999999998,-0.1956363008971671,-0.21889999999999998,Balleyara
2833,2014,28.998777777777775,40.05977777777778,84.0912,0.11679999999999999,-0.2921,0.033011042097999876,-0.27663750000000004,Balleyara
2833,2015,29.148,46.15555555555555,96.7902,0.307,0.5466,0.1845472739820586,0.577525,Balleyara
2833,2016,28.944777777777777,34.46622222222222,88.0382,-1.0066,-0.2449,-0.01636093857833032,-0.19851249999999998,Balleyara
2833,2017,29.153555555555556,28.351666666666667,91.0934,-1.593,1.0138,0.1947308488612869,1.07565,Balleyara
2833,2018,28.797888888888888,32.004333333333335,94.76820000000001,-1.3763999999999998,-0.009200000000000003,-0.15862180814354687,0.06811250000000002,Balleyara
2833,2019,29.25722222222222,42.54555555555555,90.013,0.40679999999999994,0.251,0.3030255348516242,0.34377500000000005,Balleyara
2833,2020,28.66622222222222,55.437,94.467,1.2812000000000001,-0.27459999999999996,-0.28566045548654273,-0.1663624999999999,Balleyara
2833,2021,29.305222222222223,43.78644444444445,85.7462,0.46980000000000005,0.0668,0.35565355417529787,0.19050000000000003,Balleyara
2833,2022,28.858333333333334,34.76222222222222,88.58279999999999,-0.9318,-1.2631000000000001,-0.0889213250517571,-1.1239375,Balleyara
2833,2023,29.416666666666668,31.86266666666667,90.32480000000001,-1.204,-0.007300000000000001,0.4717260179434142,0.14732500000000004,Balleyara
2833,2024,28.295,63.23511111111111,99.2228,2.141,-0.3451,-0.6476266390614178,-0.17501249999999996,Balleyara
2833,2025,28.404777777777777,43.81166666666667,95.3012,0.438,0.7448999999999999,-0.5355348516218079,0.93045,Balleyara
2833,2026,29.62842857142857,28.044999999999998,72.48933333333333,-1.2653333333333332,0.9843333333333334,0.6904299516908239,1.1853458333333333,Balleyara
2835,1989,30.021555555555558,28.658666666666665,,-0.4366,,-0.42526854791298874,,Banibangou
2835,1990,30.648555555555554,21.715888888888887,,-1.1686,,0.20003597883597735,,Banibangou
2835,1991,30.24533333333333,30.953444444444447,79.6308,0.6106,,-0.20488171663727428,,Banibangou
2835,1992,29.964111111111112,32.27055555555555,85.1916,0.6688,,-0.4877994121105189,,Banibangou
2835,1993,30.778666666666666,23.583666666666666,50.160199999999996,-1.6303999999999998,,0.32506067019400575,,Banibangou
2835,1994,29.75144444444445,44.791777777777774,87.4524,1.4674,,-0.7038570252792411,,Banibangou
2835,1995,30.66577777777778,34.79866666666666,80.6324,0.05780000000000002,,0.2087808348030613,,Banibangou
2835,1996,30.879111111111108,29.486555555555558,54.3808,-1.0482,,0.42041869488535966,,Banibangou
2835,1997,31.33088888888889,20.42711111111111,51.1962,-1.231,,0.870500999412112,,Banibangou
2835,1998,29.92322222222222,35.27577777777778,81.0578,0.2492,,-0.5388611405055848,,Banibangou
2835,1999,29.210111111111114,45.686,88.46520000000001,1.9707999999999999,,-1.253667724867718,,Banibangou
2835,2000,30.761111111111113,32.74911111111111,74.6896,0.3666,,0.2956368018812512,,Banibangou
2835,2001,30.38811111111111,36.12411111111111,81.59020000000001,0.8332,1.1225999999999998,-0.07905867136977918,1.6809572727272726,Banibangou
2835,2002,31.203888888888887,31.40777777777778,65.3038,-0.3222,-0.9758,0.7350236331569668,-0.4639724999999999,Banibangou
2835,2003,30.470333333333333,32.43044444444445,73.38980000000001,0.6135999999999999,1.1711,-0.0002273956496168239,1.6363977272727275,Banibangou
2835,2004,30.96511111111111,28.246,66.8948,-0.6864,-0.47109999999999996,0.49285490887713124,-0.052332045454545395,Banibangou
2835,2005,30.275000000000002,27.75744444444444,71.25019999999999,-0.139,-1.1098,-0.19895167548500226,-0.737561818181818,Banibangou
2835,2006,30.480444444444444,33.23211111111111,61.7438,-0.23399999999999999,-0.1707,0.004797295708410587,0.15500840909090915,Banibangou
2835,2007,30.000222222222224,27.951333333333334,85.0264,-0.35259999999999997,0.45999999999999996,-0.4771203997648392,0.7391786363636363,Banibangou
2835,2008,30.653444444444442,33.61844444444444,71.60979999999999,0.7148000000000001,-0.188,0.17440634920635034,0.04464886363636367,Banibangou
2835,2009,31.52111111111111,24.23911111111111,60.8832,-1.5156,-0.9984999999999999,1.0403775426219894,-0.812380909090909,Banibangou
2835,2010,30.349222222222224,28.031555555555556,68.8246,-0.512,-0.8465,-0.1332068195179268,-0.7069106818181818,Banibangou
2835,2011,30.831777777777777,26.189888888888888,56.0798,-0.5324,-0.5671,0.34765326278659714,-0.47404045454545457,Banibangou
2835,2012,29.97188888888889,38.45155555555556,87.7544,0.43479999999999996,0.0511,-0.5139310993533144,0.09762977272727273,Banibangou
2835,2013,30.154666666666667,39.653777777777776,75.37719999999999,1.1932,-0.5193,-0.3328487948265675,-0.5193,Banibangou
2835,2014,30.694222222222223,32.49622222222222,76.90360000000001,0.34340000000000004,-0.5565,0.2050112874779586,-0.6030297727272728,Banibangou
2835,2015,30.302999999999997,37.19022222222222,83.2434,0.572,-0.8294,-0.18790640799529612,-0.9224595454545454,Banibangou
2835,2016,30.517777777777773,30.81411111111111,68.8632,-0.11280000000000001,0.3493,0.025175896531450803,0.2097106818181818,Banibangou
2835,2017,30.492555555555555,26.112666666666666,74.5008,0.097,1.4034,-0.0017417989417971569,1.2172809090909091,Banibangou
2835,2018,30.17088888888889,36.74388888888889,91.678,0.6584,-0.0532,-0.32510393885949185,-0.28584886363636364,Banibangou
2835,2019,30.730444444444444,25.06722222222222,64.5826,-1.0896000000000001,-0.007300000000000001,0.23275614344503737,-0.28647863636363635,Banibangou
2835,2020,29.863555555555553,46.67066666666667,93.77459999999999,1.7176000000000002,0.2505,-0.6358282186948827,-0.07520840909090915,Banibangou
2835,2021,31.27188888888889,29.740666666666666,72.89439999999999,-0.3184,1.2997999999999998,0.770809641387423,0.9275618181818179,Banibangou
2835,2022,30.711555555555556,26.330444444444442,74.0888,-1.161,-0.0517,0.2087808348030613,-0.4704679545454546,Banibangou
2835,2023,31.496222222222222,28.307888888888886,71.0116,-0.0972,1.1942,0.9917520282186985,0.7289022727272726,Banibangou
2835,2024,29.706222222222223,56.034444444444446,97.7764,2.3544,0.06810000000000001,-0.79994344503233,-0.4437275000000001,Banibangou
2835,2025,30.032999999999998,30.321666666666665,81.0934,-0.19180000000000003,1.0987,-0.47486114050558115,0.5403427272727273,Banibangou
2835,2026,31.531714285714287,22.940428571428573,70.86033333333333,-1.0716666666666665,0.4713333333333333,1.0221576719576788,-0.1335537121212122,Banibangou
2836,1989,29.019777777777776,39.82655555555555,,0.5598,,-0.3206881192881248,,Ouallam
2836,1990,29.558555555555554,30.706,,-0.469,,0.2189953823953772,,Ouallam
2836,1991,29.192555555555558,29.697444444444443,86.3546,-0.10900000000000001,,-0.14609889369889473,,Ouallam
2836,1992,28.966333333333335,37.63344444444444,91.6238,0.6374,,-0.3714153920153933,,Ouallam
2836,1993,29.642999999999997,32.681444444444445,78.2226,-0.647,,0.3061569985569932,,Ouallam
2836,1994,28.502777777777776,45.59833333333333,97.0668,1.1192,,-0.8331594997595033,,Ouallam
2836,1995,29.44011111111111,39.126000000000005,90.461,0.21159999999999995,,0.10507955747955577,,Ouallam
2836,1996,29.586555555555556,30.002333333333336,75.184,-1.2087999999999999,,0.25242972582972456,,Ouallam
2836,1997,30.056222222222218,27.13133333333333,71.4084,-1.557,,0.7230021164021103,,Ouallam
2836,1998,28.967666666666666,44.49877777777778,94.1178,1.1506,,-0.3646477152477168,,Ouallam
2836,1999,28.348666666666666,48.608444444444444,95.49980000000001,1.4426,,-0.9827419913419924,,Ouallam
2836,2000,29.613444444444447,35.223222222222226,82.392,0.2366,,0.2829415103415087,,Ouallam
2836,2001,29.30933333333333,32.977333333333334,86.944,-0.37679999999999997,-0.1665,-0.020263876863882757,-0.03719747899159667,Ouallam
2836,2002,30.047111111111107,29.444555555555553,71.53479999999999,-0.8948,-0.4049,0.7184196248196173,-0.2863726890756303,Ouallam
2836,2003,29.177555555555557,39.64777777777778,93.264,1.0102,0.9781,-0.1502302068302086,1.0858521008403361,Ouallam
2836,2004,29.647666666666666,35.96711111111111,89.747,-0.25460000000000005,-0.7474,0.3207866281866245,-0.6504231092436975,Ouallam
2836,2005,29.307444444444442,34.73766666666667,90.9144,0.45200000000000007,0.4502,-0.018529870129874837,0.5364016806722689,Ouallam
2836,2006,29.203,35.784111111111116,79.64320000000001,-0.5722,-0.1262,-0.12206859066859366,-0.05077352941176473,Ouallam
2836,2007,28.939888888888888,40.584777777777774,93.42639999999999,1.1042,0.3975,-0.3842739778739812,0.4621512605042017,Ouallam
2836,2008,29.243222222222226,34.419000000000004,83.9644,0.288,0.2935,-0.0800349206349189,0.34737605042016806,Ouallam
2836,2009,30.141666666666666,26.179222222222222,72.9112,-1.4054,-1.4306999999999999,0.8193152477152452,-1.3875991596638655,Ouallam
2836,2010,29.201666666666668,39.317,94.2414,0.11339999999999999,-0.30110000000000003,-0.11977902837902832,-0.2687743697478992,Ouallam
2836,2011,29.921444444444447,27.97611111111111,64.1214,-1.2786,-1.1977000000000002,0.6009044733044746,-1.176149579831933,Ouallam
2836,2012,28.898777777777777,36.96788888888889,95.6596,0.18280000000000002,-0.2109,-0.4208564694564707,-0.20012478991596638,Ouallam
2836,2013,29.00688888888889,37.272666666666666,87.8672,0.6538,-0.3624,-0.31183963443963236,-0.3624,Ouallam
2836,2014,29.569333333333336,32.34744444444445,84.6396,-0.28040000000000004,0.3533,0.2515105339105368,0.3425247899159664,Ouallam
2836,2015,29.382555555555555,45.14411111111111,95.1458,0.9715999999999999,0.2106,0.06563848003847994,0.1890495798319328,Ouallam
2836,2016,29.267999999999997,34.406222222222226,90.089,-0.41900000000000004,-0.24830000000000002,-0.04801135161135406,-0.28062563025210085,Ouallam
2836,2017,29.288444444444444,31.467444444444443,91.5334,-0.09939999999999997,1.2242,-0.026661183261186494,1.1810991596638656,Ouallam
2836,2018,29.19722222222222,33.595333333333336,94.6226,-0.11039999999999998,0.5108,-0.11697768157768706,0.45692394957983196,Ouallam
2836,2019,29.531666666666663,36.60177777777778,90.28920000000001,0.2452,-0.22870000000000001,0.21837248677248056,-0.2933512605042017,Ouallam
2836,2020,28.877777777777776,50.52377777777778,96.03779999999999,1.6768,-0.37460000000000004,-0.43461067821068156,-0.4500264705882353,Ouallam
2836,2021,29.924444444444443,35.04855555555556,82.905,0.059999999999999984,0.9728999999999999,0.6129617123617095,0.886698319327731,Ouallam
2836,2022,29.43766666666667,29.58666666666667,84.44579999999999,-1.1582000000000001,-0.1481,0.12708965848965903,-0.2450768907563025,Ouallam
2836,2023,29.91911111111111,27.83511111111111,78.3348,-1.2997999999999998,0.31789999999999996,0.6094398268398251,0.21014789915966386,Ouallam
2836,2024,28.618333333333332,58.75611111111112,99.47380000000001,2.4658,-0.6713,-0.690432227032229,-0.7898273109243698,Ouallam
2836,2025,28.936444444444444,37.99266666666667,93.7578,0.23220000000000002,0.7428999999999999,-0.3714153920153933,0.6135974789915966,Ouallam
2836,2026,30.059428571428572,27.231142857142856,78.75366666666667,-0.9946666666666667,0.9785,0.7524744588744596,0.8384222689075631,Ouallam
2840,1989,29.08055555555556,40.659666666666666,,1.1524,,-0.31182281011169266,,Tillabéri
2840,1990,29.555222222222223,24.547666666666668,,-1.2218,,0.16078624338624437,,Tillabéri
2840,1991,29.35822222222222,29.432111111111112,86.6184,0.12699999999999997,,-0.03827136978248191,,Tillabéri
2840,1992,29.150555555555556,31.651777777777777,86.8368,-0.00859999999999998,,-0.24799564961787013,,Tillabéri
2840,1993,29.65422222222222,29.95988888888889,79.78,-0.8572000000000001,,0.25361340388007036,,Tillabéri
2840,1994,28.63111111111111,41.02711111111111,95.428,1.0078,,-0.7715553203997629,,Tillabéri
2840,1995,29.53211111111111,36.31066666666666,89.109,0.49879999999999997,,0.12738706643150977,,Tillabéri
2840,1996,29.56233333333333,29.41611111111111,80.6356,-0.9103999999999999,,0.15555167548500748,,Tillabéri
2840,1997,30.139666666666667,26.034666666666666,77.3838,-1.3820000000000001,,0.7308273956496194,,Tillabéri
2840,1998,29.030444444444445,42.41,94.42519999999999,0.9321999999999999,,-0.38045243974132603,,Tillabéri
2840,1999,28.24488888888889,41.46622222222223,96.9588,0.9182,,-1.1680656084656036,,Tillabéri
2840,2000,29.60488888888889,31.323777777777778,81.88980000000001,-0.12440000000000002,,0.18987677836566874,,Tillabéri
2840,2001,29.425666666666668,32.090888888888884,87.5668,-0.22079999999999997,-0.4093,0.00859694297472302,0.15827000000000013,Tillabéri
2840,2002,30.18922222222222,29.000222222222224,78.296,-0.7022,-1.1437,0.7700948853615515,-0.6234274999999999,Tillabéri
2840,2003,29.122666666666664,39.90022222222222,95.5694,1.2594,0.3699,-0.29851828336272845,0.842875,Tillabéri
2840,2004,29.74088888888889,30.040333333333333,85.272,-0.6446,-0.7293,0.3176463256907738,-0.3036224999999999,Tillabéri
2840,2005,29.313888888888886,33.67477777777778,92.3694,0.8328,0.2163,-0.11141128747795292,0.5946800000000001,Tillabéri
2840,2006,29.423555555555556,31.32322222222222,78.66220000000001,-0.7098,-0.21749999999999997,-0.003802233980010783,0.11358250000000009,Tillabéri
2840,2007,29.14577777777778,38.431444444444445,92.876,1.2066000000000001,0.604,-0.28363762492650935,0.887785,Tillabéri
2840,2008,29.376333333333335,28.151333333333334,85.42,-0.21459999999999999,-0.009899999999999992,-0.0551396825396786,0.22658750000000003,Tillabéri
2840,2009,30.20111111111111,24.173666666666666,74.524,-1.486,-0.9171999999999999,0.7675804820693735,-0.7280099999999998,Tillabéri
2840,2010,29.239,33.30566666666667,91.8524,-0.038599999999999995,-0.3416,-0.1965882422104599,-0.19970749999999998,Tillabéri
2840,2011,29.96933333333333,25.651111111111113,74.3352,-1.482,-1.2415,0.5316874779541436,-1.146905,Tillabéri
2840,2012,28.83966666666667,38.68066666666667,96.01320000000001,0.5506,-0.9526,-0.6000368018812416,-0.9053025,Tillabéri
2840,2013,29.18733333333333,35.077888888888886,88.3694,0.622,-0.3013,-0.2544277483833035,-0.3013,Tillabéri
2840,2014,29.694222222222223,28.796111111111106,85.5106,-0.44480000000000003,0.1023,0.25040352733686433,0.055002499999999996,Tillabéri
2840,2015,29.409333333333336,40.397333333333336,95.56280000000001,0.9158,0.1007,-0.03654297472074575,0.0061049999999999854,Tillabéri
2840,2016,29.494666666666667,35.14011111111111,94.6308,0.047599999999999996,-0.258,0.046732745443861745,-0.39989250000000004,Tillabéri
2840,2017,29.356999999999996,27.65411111111111,89.3764,-0.4862,0.7685,-0.09299153439153685,0.57931,Tillabéri
2840,2018,29.398555555555554,30.237222222222222,93.5766,-0.13940000000000002,0.7811000000000001,-0.053493592004702606,0.5446125000000002,Tillabéri
2840,2019,29.65711111111111,32.83088888888889,89.799,0.16640000000000002,-0.054,0.20300435038213038,-0.33778500000000006,Tillabéri
2840,2020,29.162111111111113,53.63355555555555,96.0788,2.1474,0.2064,-0.2940532627865906,-0.12468250000000006,Tillabéri
2840,2021,30.11488888888889,31.80322222222222,81.30199999999999,-0.04720000000000001,0.9928,0.6566669018224616,0.61442,Tillabéri
2840,2022,29.575000000000003,28.991333333333337,87.5706,-0.6942,-0.20129999999999998,0.11472039976484893,-0.6269775,Tillabéri
2840,2023,30.082666666666665,27.811888888888888,83.5224,-0.739,0.9546,0.6203294532627872,0.48162499999999997,Tillabéri
2840,2024,28.987111111111112,58.272999999999996,99.34479999999999,2.4834,0.39630000000000004,-0.47728371546148907,-0.12397249999999999,Tillabéri
2840,2025,29.086,42.59111111111111,95.35159999999999,0.9687999999999999,0.8744000000000001,-0.38045243974132603,0.30682999999999994,Tillabéri
2840,2026,30.366999999999997,28.50357142857143,87.30233333333332,-0.4136666666666666,1.259,0.8984899470899492,0.6441324999999998,Tillabéri
2841,1989,27.315444444444445,40.958555555555556,,-0.021599999999999998,,0.054693650793655735,,Kantché
2841,1990,27.53611111111111,32.78344444444444,,-1.1208,,0.2761269841269893,,Kantché
2841,1991,27.143555555555555,34.007111111111115,86.42519999999999,-0.6192,,-0.11566190476190386,,Kantché
2841,1992,26.77411111111111,38.918,93.2828,-0.445,,-0.4843396825396802,,Kantché
2841,1993,27.409333333333333,36.92311111111111,80.7072,-0.9151999999999999,,0.15164920634920875,,Kantché
2841,1994,26.43311111111111,55.842666666666666,94.575,0.9654,,-0.8238063492063468,,Kantché
2841,1995,27.346444444444444,38.41444444444445,87.41659999999999,-0.6504,,0.09029365079365448,,Kantché
2841,1996,27.566666666666666,35.592666666666666,79.4248,-1.0210000000000001,,0.3112825396825407,,Kantché
2841,1997,27.918777777777777,38.10477777777778,87.66839999999999,-0.3064,,0.6641603174603183,,Kantché
2841,1998,27.084111111111113,59.19511111111111,88.887,1.3384,,-0.16973968253967797,,Kantché
2841,1999,26.20266666666667,58.22288888888889,94.4898,1.0474,,-1.0504174603174548,,Kantché
2841,2000,27.445666666666668,40.858666666666664,85.9684,-0.41459999999999997,,0.19334920634921104,,Kantché
2841,2001,27.052222222222223,52.986555555555555,96.1702,1.5904,0.13119999999999998,-0.19932857142856975,0.7872333333333332,Kantché
2841,2002,27.759,55.07011111111111,89.94300000000001,0.7230000000000001,-0.5761,0.5082158730158746,0.025263888888888864,Kantché
2841,2003,27.09488888888889,49.86577777777778,97.0428,1.0236,0.1185,-0.15512857142856973,0.6651944444444444,Kantché
2841,2004,27.76222222222222,44.989555555555555,89.2452,0.8592000000000001,-0.40419999999999995,0.5129714285714293,0.08782499999999999,Kantché
2841,2005,27.14488888888889,46.44444444444444,94.5334,0.8238,0.2504,-0.10359523809523452,0.6877555555555555,Kantché
2841,2006,27.741888888888887,43.88644444444444,82.1032,-0.7806,-1.1069,0.49417142857142693,-0.7242138888888889,Kantché
2841,2007,27.087444444444444,36.818333333333335,79.6956,-0.6694,-1.2098,-0.15950634920634954,-0.8817833333333334,Kantché
2841,2008,27.25511111111111,47.010444444444445,93.79400000000001,0.7545999999999999,-0.6851,0.008926984126983228,-0.41175277777777786,Kantché
2841,2009,28.08588888888889,32.80688888888889,79.7748,-1.1792,-0.22609999999999997,0.8404714285714299,-0.007422222222222219,Kantché
2841,2010,27.189666666666668,51.89055555555555,94.2754,1.0798,-0.6291,-0.054984126984123805,-0.4650916666666667,Kantché
2841,2011,27.599000000000004,32.64888888888889,86.893,-1.0798,-0.237,0.3551158730158761,-0.12766111111111111,Kantché
2841,2012,26.52177777777778,47.468111111111114,96.3252,0.833,1.0131000000000001,-0.7213396825396821,1.0677694444444445,Kantché
2841,2013,27.31211111111111,37.26488888888889,88.7634,-0.558,-0.2128,0.06976031746031808,-0.2128,Kantché
2841,2014,27.781333333333336,34.42211111111111,84.0658,-1.0004,-0.15539999999999998,0.5397492063492102,-0.21006944444444442,Kantché
2841,2015,27.51611111111111,42.45144444444444,85.3994,-0.4096,-0.8823000000000001,0.27529365079364965,-0.991638888888889,Kantché
2841,2016,27.623333333333335,27.543222222222223,88.3806,-1.4064,0.39139999999999997,0.3832825396825399,0.22739166666666666,Kantché
2841,2017,27.48211111111111,31.607000000000003,88.15899999999999,-0.9890000000000001,0.0917,0.24282698412698167,-0.12697777777777774,Kantché
2841,2018,26.939,32.69911111111111,97.3546,-1.16,0.3731,-0.2995174603174604,0.0997527777777778,Kantché
2841,2019,27.50722222222222,43.35455555555556,89.95660000000001,0.5032,0.768,0.26947142857142836,0.4399833333333334,Kantché
2841,2020,26.747666666666664,54.83111111111111,92.1994,1.2856,0.10450000000000001,-0.48931746031746215,-0.278186111111111,Kantché
2841,2021,27.316777777777776,56.284444444444446,89.2108,1.0390000000000001,-0.2155,0.08056031746031422,-0.6528555555555555,Kantché
2841,2022,26.514111111111113,54.150777777777776,97.0928,0.728,-0.27290000000000003,-0.7213396825396821,-0.764925,Kantché
2841,2023,27.83888888888889,47.635333333333335,94.0412,0.1486,1.3599999999999999,0.6042047619047608,0.8133055555555555,Kantché
2841,2024,26.707555555555555,68.27799999999999,95.98299999999999,1.8876000000000002,1.4603000000000002,-0.5263619047619059,0.8589361111111113,Kantché
2841,2025,26.71177777777778,52.089,95.30319999999999,0.5184,0.8824,-0.5213730158730137,0.22636666666666672,Kantché
2841,2026,28.246714285714287,40.09542857142857,72.47733333333333,-0.6333333333333333,1.723666666666667,1.0143301587301572,1.0129638888888892,Kantché
2842,1989,28.450888888888887,22.740222222222222,,-0.5714,,-0.3266275132275176,,Belbédji
2842,1990,28.68733333333333,18.640555555555558,,-1.3118,,-0.08663809523810073,,Belbédji
2842,1991,28.281222222222222,22.751444444444445,75.8924,-0.28759999999999997,,-0.48920423280423364,,Belbédji
2842,1992,27.941333333333333,21.34111111111111,64.0068,-0.8454,,-0.825548148148151,,Belbédji
2842,1993,28.896222222222224,18.64022222222222,44.0378,-1.5155999999999998,,0.13288571428571316,,Belbédji
2842,1994,27.733888888888888,36.36233333333334,85.8432,0.7190000000000001,,-1.0259026455026472,,Belbédji
2842,1995,29.18688888888889,31.16477777777778,67.2336,0.03280000000000001,,0.43064232804232816,,Belbédji
2842,1996,29.387555555555554,13.32811111111111,34.1018,-2.4168,,0.6348539682539638,,Belbédji
2842,1997,29.195444444444448,20.224333333333334,56.9356,-0.8341999999999998,,0.44628783068783306,,Belbédji
2842,1998,28.069222222222223,28.81522222222222,80.2244,-0.2524,,-0.6763894179894194,,Belbédji
2842,1999,27.50433333333333,46.38944444444444,92.87280000000001,2.0538,,-1.2377333333333347,,Belbédji
2842,2000,28.93622222222222,22.472333333333335,61.806200000000004,-0.7112,,0.19770052910052627,,Belbédji
2842,2001,28.86266666666667,34.019666666666666,83.2002,1.1704,-0.2344,0.12768994708994796,0.25912999999999997,Belbédji
2842,2002,29.406333333333333,26.483333333333334,67.84479999999999,-0.11280000000000001,-0.6377999999999999,0.6749015873015871,-0.18539749999999994,Belbédji
2842,2003,28.607999999999997,33.47577777777778,79.031,0.9523999999999999,0.1514,-0.11988677248677604,0.5626749999999999,Belbédji
2842,2004,29.48188888888889,21.95888888888889,63.931,-0.38520000000000004,-1.4322,0.7575470899470886,-1.0620525,Belbédji
2842,2005,28.694777777777777,28.56222222222222,64.8016,0.5022,0.4634,-0.026019047619048052,0.7924199999999999,Belbédji
2842,2006,28.89622222222222,28.958666666666666,74.26219999999999,-0.5646,-0.9906999999999999,0.17897037037036867,-0.7028074999999999,Belbédji
2842,2007,28.438666666666666,26.560555555555556,68.5754,-0.036199999999999996,-1.1401999999999999,-0.27504021164021,-0.8934349999999999,Belbédji
2842,2008,29.011777777777777,33.34188888888889,69.62440000000001,0.458,0.47209999999999996,0.3016158730158729,0.6777374999999999,Belbédji
2842,2009,29.92011111111111,20.25722222222222,41.8294,-0.8648,-1.7582999999999998,1.2134941798941803,-1.5937899999999998,Belbédji
2842,2010,28.805333333333333,34.70233333333333,76.05999999999999,1.0126,0.179,0.10226137566137794,0.3023825,Belbédji
2842,2011,29.36488888888889,28.14811111111111,65.6152,0.4168,0.0856,0.6653619047619053,0.16785499999999998,Belbédji
2842,2012,28.41477777777778,27.24077777777778,68.535,0.5048,0.6907000000000001,-0.2812042328042281,0.7318275000000001,Belbédji
2842,2013,28.875444444444447,30.239555555555555,69.836,0.7882,0.9154,0.18300740740741261,0.9154,Belbédji
2842,2014,29.016000000000002,31.805888888888887,71.40060000000001,0.7375999999999999,0.49119999999999997,0.32710793650793946,0.4500725,Belbédji
2842,2015,29.130333333333333,25.471444444444444,62.0062,-0.6042,-0.3044,0.44498624338624637,-0.38665499999999997,Belbédji
2842,2016,29.073333333333338,21.917666666666666,62.00019999999999,-0.27759999999999996,-0.20790000000000003,0.3915312169312237,-0.33128250000000004,Belbédji
2842,2017,28.746444444444446,17.472333333333335,65.122,-0.9308,-0.2604,0.06818730158730446,-0.42491,Belbédji
2842,2018,28.388555555555556,30.105777777777778,77.6182,0.8400000000000001,0.3264,-0.28615661375661006,0.12076250000000005,Belbédji
2842,2019,29.094222222222225,29.961333333333332,68.5278,0.6315999999999999,0.1563,0.4230550264550317,-0.09046499999999999,Belbédji
2842,2020,28.006666666666668,37.08533333333333,86.92439999999999,1.0552,0.5888,-0.6609555555555495,0.3009075,Belbédji
2842,2021,29.024666666666665,36.83211111111111,79.0478,0.9612,0.42289999999999994,0.36058941798942,0.09387999999999996,Belbédji
2842,2022,28.056666666666665,32.821555555555555,74.2178,0.1638,0.18920000000000003,-0.6038656084656076,-0.18094749999999993,Belbédji
2842,2023,29.331888888888884,28.99411111111111,67.2908,-0.2024,0.185,0.6749015873015871,-0.22627499999999995,Belbédji
2842,2024,27.398444444444447,50.56933333333333,97.9198,2.0972,0.1254,-1.254997883597877,-0.3270025,Belbédji
2842,2025,27.67522222222222,32.85466666666667,84.7144,0.1772,1.2889,-0.9746751322751308,0.7953699999999999,Belbédji
2842,2026,29.472714285714286,25.22,60.67066666666667,-0.23500000000000001,-0.45866666666666667,0.8263619047619102,-0.9933241666666667,Belbédji
2843,1989,28.04388888888889,38.35088888888889,,-0.4636,,0.002899823633157439,,Dungass
2843,1990,28.47477777777778,37.45677777777777,,-0.641,,0.4379492063492094,,Dungass
2843,1991,27.882666666666665,38.06344444444445,84.7358,-0.0512,,-0.1500014109347454,,Dungass
2843,1992,27.444111111111113,42.05488888888888,86.8992,-0.0086,,-0.584396472663137,,Dungass
2843,1993,28.242666666666665,38.89588888888889,80.79339999999999,-0.6439999999999999,,0.21831957671957625,,Dungass
2843,1994,27.134333333333334,52.95488888888889,88.7872,0.8962,,-0.8858532627865969,,Dungass
2843,1995,28.079333333333334,41.470666666666666,83.63300000000001,-0.4102,,0.06330723104056446,,Dungass
2843,1996,28.227888888888888,35.18922222222223,72.3408,-1.4318,,0.21602328042327912,,Dungass
2843,1997,28.94966666666667,42.59022222222222,84.3784,-0.1514,,0.9419615520282214,,Dungass
2843,1998,27.867666666666665,55.28488888888889,87.15180000000001,1.0216,,-0.13587795414462178,,Dungass
2843,1999,26.907666666666668,47.80677777777778,83.9882,0.03760000000000001,,-1.091717460317458,,Dungass
2843,2000,28.155444444444445,34.3,70.702,-1.8194,,0.160220811287477,,Dungass
2843,2001,27.58711111111111,42.69555555555556,88.9828,0.19119999999999998,-1.3692,-0.403952028218697,-0.9210767857142858,Dungass
2843,2002,28.51311111111111,45.02077777777778,78.8732,-0.7678,-0.9819000000000001,0.526208465608466,-0.5711203869047621,Dungass
2843,2003,27.540444444444447,50.80877777777778,97.7778,1.7381999999999997,0.19619999999999999,-0.4422977072310381,0.5696360119047619,Dungass
2843,2004,28.39311111111111,35.32111111111111,84.4444,-0.4806,-0.11860000000000001,0.41452945326278723,0.21749241071428568,Dungass
2843,2005,27.65522222222222,41.34466666666666,94.8534,0.263,0.6555,-0.31919894179894115,0.9542488095238095,Dungass
2843,2006,28.472888888888885,45.750888888888895,79.88,-0.198,-1.2144,0.5026282186948805,-0.9529947916666666,Dungass
2843,2007,27.748444444444445,38.62833333333333,72.599,-0.3968,-0.7716000000000001,-0.21765573192239884,-0.5475383928571429,Dungass
2843,2008,28.029444444444444,40.616,86.4194,-0.2794,-0.10020000000000001,0.06750476190476107,0.08651800595238093,Dungass
2843,2009,29.06122222222222,33.76522222222222,71.6472,-1.3528,-0.39769999999999994,1.1034430335096985,-0.2483255952380952,Dungass
2843,2010,27.91011111111111,40.291555555555554,93.86,-0.2144,0.973,-0.043507583774250236,1.0850308035714284,Dungass
2843,2011,28.340555555555554,41.95955555555556,81.9872,0.003,0.5697000000000001,0.39109735449735084,0.6443872023809525,Dungass
2843,2012,27.42077777777778,49.355777777777774,97.3066,1.3776,1.1852,-0.5245199294532625,1.2225436011904762,Dungass
2843,2013,28.108,40.68966666666667,85.5328,0.5198,0.1122,0.16686278659611986,0.1122,Dungass
2843,2014,28.305444444444444,43.974666666666664,73.3436,0.030199999999999994,-0.5168,0.36846772486772394,-0.5541436011904762,Dungass
2843,2015,28.27722222222222,41.729888888888894,78.18039999999999,-0.6504,-0.9454999999999999,0.3444059964726627,-1.0201872023809522,Dungass
2843,2016,28.09288888888889,35.97077777777778,89.91720000000001,-0.15439999999999998,0.367,0.16423315696649254,0.2549691964285714,Dungass
2843,2017,28.083222222222222,33.28711111111111,85.812,-0.892,0.4228,0.15872698412698227,0.2734255952380953,Dungass
2843,2018,27.742666666666665,39.23233333333334,96.2252,-0.28979999999999995,0.4299,-0.1776680776014139,0.24318199404761906,Dungass
2843,2019,28.198333333333334,48.538111111111114,90.9008,1.5204,-0.2697,0.28215908289241654,-0.4937616071428571,Dungass
2843,2020,27.465555555555554,52.403222222222226,88.875,0.8956,-0.1668,-0.4464582010582028,-0.4282052083333333,Dungass
2843,2021,27.763222222222222,49.14822222222222,87.0304,0.5915999999999999,-0.3039,-0.1446310405643736,-0.6026488095238095,Dungass
2843,2022,27.231555555555556,58.38066666666667,97.2196,1.8776,-0.6031,-0.6721372134038788,-0.9391924107142857,Dungass
2843,2023,28.677999999999997,45.00544444444444,93.7722,0.3492,0.7345000000000002,0.7784677248677205,0.36106398809523826,Dungass
2843,2024,27.484333333333336,60.49877777777778,94.6718,1.7508000000000004,0.7008000000000001,-0.41103844797178013,0.290020386904762,Dungass
2843,2025,27.673555555555556,48.093111111111114,93.0096,0.4676,0.042499999999999996,-0.21765573192239884,-0.40562321428571424,Dungass
2843,2026,29.441285714285716,42.00071428571429,76.75733333333334,-0.11066666666666665,0.7338333333333333,1.5542349206349222,0.24836651785714292,Dungass
2844,1989,28.604111111111113,34.61566666666667,,-0.2908,,-0.08430915750916057,,Gouré
2844,1990,29.143666666666668,29.017222222222227,,-1.0506,,0.4601010989010952,,Gouré
2844,1991,28.44677777777778,39.568555555555555,79.7684,0.7348,,-0.23193308913309352,,Gouré
2844,1992,28.067999999999998,32.05322222222222,70.6192,-0.7356,,-0.6058561660561708,,Gouré
2844,1993,28.99666666666667,32.784,63.4722,-0.8102,,0.3276652014652015,,Gouré
2844,1994,27.456000000000003,49.88711111111111,86.38,1.1048,,-1.2081467643467647,,Gouré
2844,1995,28.732000000000003,32.621111111111105,69.291,-0.6856,,0.0727079365079355,,Gouré
2844,1996,29.041444444444444,30.989333333333335,58.0874,-1.1272,,0.3870070818070772,,Gouré
2844,1997,29.581444444444443,34.498555555555555,67.1784,-0.481,,0.9318617826617768,,Gouré
2844,1998,28.27411111111111,42.73733333333334,77.60159999999999,0.06119999999999996,,-0.37061684981685517,,Gouré
2844,1999,27.33988888888889,44.169222222222224,79.5826,0.2218,,-1.2999843711843724,,Gouré
2844,2000,28.878444444444444,32.022444444444446,60.9948,-1.1922000000000001,,0.24342588522588215,,Gouré
2844,2001,28.425333333333334,39.01233333333333,78.683,0.2958,-0.6495,-0.2048305250305269,-0.057466666666666666,Gouré
2844,2002,29.209333333333333,38.73577777777778,68.57939999999999,-0.5894,-0.8109,0.5840241758241724,-0.2682027777777778,Gouré
2844,2003,28.415000000000003,42.041666666666664,91.06960000000001,1.0977999999999999,0.1951,-0.20545445665445783,0.6884611111111111,Gouré
2844,2004,29.139777777777777,28.774555555555555,70.233,-0.6908,-0.7996,0.5241780219780168,-0.355575,Gouré
2844,2005,28.375222222222224,37.27622222222222,85.1572,0.39139999999999997,0.1424,-0.23552283272283248,0.5370888888888888,Gouré
2844,2006,29.018888888888892,39.623333333333335,68.0032,-0.2378,-0.9541999999999999,0.4129985347985361,-0.6088472222222222,Gouré
2844,2007,28.22611111111111,38.28,67.9482,0.2072,-0.5045999999999999,-0.3749245421245462,-0.2085833333333333,Gouré
2844,2008,28.717666666666666,33.879777777777775,73.3726,-0.45199999999999996,-0.4877,0.12148571428571131,-0.24101944444444448,Gouré
2844,2009,29.75922222222222,23.70988888888889,49.3262,-1.9280000000000002,-1.3045,1.167895970695966,-1.1071555555555554,Gouré
2844,2010,28.430222222222223,44.114222222222224,83.372,0.8632,0.3482,-0.1562493284493307,0.49620833333333336,Gouré
2844,2011,29.015666666666668,36.686,69.9372,0.057199999999999994,-0.3679,0.43404981684981436,-0.2692277777777778,Gouré
2844,2012,28.065555555555555,46.17111111111112,91.2018,1.3094000000000001,0.7733000000000001,-0.5112065934065946,0.8226361111111112,Gouré
2844,2013,28.722444444444445,37.15166666666667,77.7486,0.40259999999999996,0.3711,0.1505369963369958,0.3711,Gouré
2844,2014,29.013555555555556,30.18733333333333,66.6494,-1.1438,-0.31370000000000003,0.44650280830280664,-0.3630361111111111,Gouré
2844,2015,29.05322222222222,37.577111111111115,68.55499999999999,-0.5862,-0.49460000000000004,0.49102417582417246,-0.5932722222222222,Gouré
2844,2016,28.69488888888889,37.419444444444444,83.8732,0.6526,0.491,0.13754554334554214,0.3429916666666667,Gouré
2844,2017,28.879444444444445,31.88955555555556,74.4572,-0.32280000000000003,0.5689,0.32695579975579747,0.37155555555555553,Gouré
2844,2018,28.252555555555556,34.757666666666665,87.6054,-0.2732,1.0133,-0.2950783882783874,0.7666194444444445,Gouré
2844,2019,28.64111111111111,48.829,83.676,1.877,-0.3507,0.09833186813186501,-0.6467166666666666,Gouré
2844,2020,28.200444444444443,44.89833333333333,82.3128,0.5142,0.044399999999999995,-0.3374800976800998,-0.30095277777777774,Gouré
2844,2021,28.605777777777778,50.11211111111111,83.0344,1.1804000000000001,0.3604,0.0727079365079355,-0.03428888888888887,Gouré
2844,2022,27.781555555555556,52.73577777777778,92.837,1.4456,-0.05810000000000001,-0.7466595848595858,-0.502125,Gouré
2844,2023,29.391555555555556,38.96988888888889,76.5072,0.1908,0.36869999999999997,0.868195115995114,-0.12466111111111111,Gouré
2844,2024,27.685444444444446,60.456,94.5312,1.9604,1.0279,-0.8330612942612952,0.48520277777777787,Gouré
2844,2025,28.331555555555557,44.12844444444445,89.444,0.642,0.741,-0.18209548229548034,0.1489666666666667,Gouré
2844,2026,30.291,36.42285714285715,73.51066666666667,-0.37266666666666665,-0.09683333333333334,1.7822036630036635,-0.7382027777777778,Gouré
2845,1989,28.073444444444444,35.94888888888889,,-0.5434,,-0.048304761904766735,,Mirriah
2845,1990,28.413444444444444,28.69533333333333,,-1.6038000000000001,,0.2982285714285666,,Mirriah
2845,1991,27.991333333333333,34.948,83.5214,-0.3518,,-0.11734920634921053,,Mirriah
2845,1992,27.455444444444442,35.88644444444444,89.39399999999999,-0.38980000000000004,,-0.6467047619047683,,Mirriah
2845,1993,28.336111111111112,36.43988888888889,77.2612,-0.7376,,0.2404952380952352,,Mirriah
2845,1994,27.022555555555556,53.74155555555556,96.3468,0.9544,,-1.0665269841269875,,Mirriah
2845,1995,28.27077777777778,31.96355555555556,77.477,-1.203,,0.18822857142857075,,Mirriah
2845,1996,28.404777777777777,30.337666666666664,66.9262,-1.5678,,0.32876190476190104,,Mirriah
2845,1997,28.808,31.913666666666668,79.8808,-0.9522,,0.7385174603174569,,Mirriah
2845,1998,27.762444444444444,48.901888888888884,89.3826,0.44060000000000005,,-0.30050476190476516,,Mirriah
2845,1999,26.776777777777777,47.556555555555555,94.3012,0.04900000000000002,,-1.2796380952380986,,Mirriah
2845,2000,28.390333333333334,36.18822222222222,81.1034,-0.8434000000000001,,0.3404507936507919,,Mirriah
2845,2001,27.773,44.48866666666666,92.68780000000001,0.7976,-0.4727,-0.2703492063492092,0.3911999999999999,Mirriah
2845,2002,28.41722222222222,45.489222222222224,86.2138,-0.07600000000000003,-1.0775000000000001,0.3804063492063463,-0.2855916666666668,Mirriah
2845,2003,27.826888888888888,50.30177777777778,95.2568,1.5216,0.1983,-0.2033936507936538,0.9182166666666667,Mirriah
2845,2004,28.55177777777778,37.510111111111115,84.08840000000001,0.0396,-0.7105999999999999,0.5280285714285711,-0.06267499999999993,Mirriah
2845,2005,27.819000000000003,39.20366666666667,90.5996,0.5492,0.5642,-0.1982158730158723,1.1401333333333334,Mirriah
2845,2006,28.328777777777777,42.27088888888889,80.10679999999999,-0.47119999999999995,-1.4623,0.31809523809523554,-0.9583583333333333,Mirriah
2845,2007,27.684444444444445,34.953,77.7012,-0.7051999999999999,-0.4569,-0.31970476190476305,-0.024950000000000028,Mirriah
2845,2008,28.056666666666665,45.20166666666667,90.7578,0.5688,-0.8834,0.05905079365079047,-0.5234416666666666,Mirriah
2845,2009,29.110888888888887,25.226333333333333,63.84439999999999,-1.8634,-0.6415,1.1198063492063461,-0.3535333333333333,Mirriah
2845,2010,27.85088888888889,43.678222222222225,87.01820000000001,0.353,-0.35220000000000007,-0.13366031746031837,-0.1362250000000001,Mirriah
2845,2011,28.384666666666664,36.24355555555556,78.6608,-0.29379999999999995,-0.2992,0.4066507936507904,-0.1552166666666667,Mirriah
2845,2012,27.369333333333334,53.224555555555554,94.7962,1.7776,0.6806000000000001,-0.6021492063492069,0.7525916666666668,Mirriah
2845,2013,28.14011111111111,39.06122222222222,84.3476,0.354,-0.27580000000000005,0.17516190476190374,-0.27580000000000005,Mirriah
2845,2014,28.540444444444443,37.37055555555556,81.391,-0.49139999999999995,-0.2326,0.5820285714285696,-0.30459166666666665,Mirriah
2845,2015,28.313666666666666,42.23288888888889,83.8262,-0.20540000000000003,-0.7874000000000001,0.36178412698412643,-0.9313833333333335,Mirriah
2845,2016,28.263444444444442,31.112222222222222,83.2902,-0.6644,-0.07020000000000001,0.31809523809523554,-0.28617499999999996,Mirriah
2845,2017,28.195888888888888,35.16811111111111,84.36479999999999,-0.2622,0.4402,0.257073015873015,0.15223333333333333,Mirriah
2845,2018,27.686,40.93477777777778,96.30319999999999,0.522,0.42400000000000004,-0.24628253968253944,0.06404166666666672,Mirriah
2845,2019,28.206222222222223,44.81488888888889,87.9204,1.0518,0.4528,0.2804730158730173,0.020850000000000035,Mirriah
2845,2020,27.523777777777777,50.84744444444445,93.94919999999999,1.0808,-0.16920000000000002,-0.39543809523809514,-0.6731416666666666,Mirriah
2845,2021,27.999444444444446,51.24933333333334,91.737,0.9632,0.2774,0.08676190476190726,-0.2985333333333333,Mirriah
2845,2022,27.233777777777778,53.872,97.93820000000001,1.3242,0.1272,-0.6723714285714273,-0.520725,Mirriah
2845,2023,28.72088888888889,48.08133333333333,91.10220000000001,0.8906000000000001,1.3698000000000001,0.8212730158730182,0.6498833333333335,Mirriah
2845,2024,27.27277777777778,68.64822222222223,98.0538,2.2436,1.545,-0.6203047619047588,0.7530916666666666,Mirriah
2845,2025,27.428,48.84766666666667,95.4246,0.6352,1.3391000000000002,-0.45854920634920404,0.4752000000000003,Mirriah
2845,2026,29.18542857142857,39.137,71.348,-0.20233333333333334,1.0848333333333333,1.3054126984126988,0.14894166666666675,Mirriah
