region_id,year,t,rain,wsi,spi,z,t_dt,z_dt,region_name
104,1989,25.607,63.72955555555556,,-0.4998,,-0.022073015873012025,,Aboudéia
104,1990,26.359333333333332,56.727555555555554,,-1.1398,,0.7034666666666709,,Aboudéia
104,1991,25.908333333333335,60.462,97.7564,0.060399999999999995,,0.22567301587302424,,Aboudéia
104,1992,25.532333333333334,61.91266666666666,96.32300000000001,-0.4904,,-0.17712063492062669,,Aboudéia
104,1993,25.80311111111111,52.87877777777778,97.9096,-1.6752000000000002,,0.06686349206349718,,Aboudéia
104,1994,25.43788888888889,78.95222222222223,99.72619999999999,0.8112,,-0.32515238095237464,,Aboudéia
104,1995,25.810666666666666,65.36533333333334,97.4802,-0.4102,,0.020831746031753084,,Aboudéia
104,1996,25.648666666666667,66.69411111111111,99.8518,-0.048,,-0.1679619047618992,,Aboudéia
104,1997,25.978666666666665,54.40866666666667,98.949,-0.805,,0.13524444444444939,,Aboudéia
104,1998,26.020444444444443,76.83644444444445,95.2016,0.42219999999999996,,0.1502285714285776,,Aboudéia
104,1999,25.343222222222224,85.87055555555555,98.9314,1.1423999999999999,,-0.5537873015872918,,Aboudéia
104,2000,25.894333333333336,59.91377777777778,99.5318,-0.4664,,-0.029469841269833097,,Aboudéia
104,2001,25.65722222222222,70.20711111111112,99.024,0.5189999999999999,-0.20659999999999995,-0.2933746031745983,-0.1726089285714285,Aboudéia
104,2002,26.43788888888889,71.35,94.01559999999999,-0.10539999999999998,-0.08399999999999999,0.4604984126984206,-0.05284151785714285,Aboudéia
104,2003,25.533555555555555,68.19866666666667,99.5924,0.4542,0.9861,-0.4706285714285663,1.0144258928571428,Aboudéia
104,2004,26.276666666666667,61.86666666666666,99.11,-0.4126,0.7928000000000001,0.24568888888889617,0.8182933035714286,Aboudéia
104,2005,25.997,70.53066666666668,99.5138,1.641,0.07350000000000001,-0.06077142857142093,0.0961607142857143,Aboudéia
104,2006,26.297444444444444,71.52977777777778,92.3484,0.188,-0.5575,0.21287936507937388,-0.537671875,Aboudéia
104,2007,25.936555555555557,52.903555555555556,93.7756,-1.1304,-0.3973,-0.1748031746031664,-0.3803044642857143,Aboudéia
104,2008,25.887444444444444,61.81166666666666,94.0248,0.2844,-0.10369999999999999,-0.2507079365079292,-0.08953705357142856,Aboudéia
104,2009,26.62088888888889,49.94711111111111,93.9186,-1.4285999999999999,-0.3373,0.4559428571428654,-0.32596964285714286,Aboudéia
104,2010,26.21077777777778,68.24655555555556,96.72999999999999,0.9016,-0.23929999999999998,0.01903809523810196,-0.23080223214285714,Aboudéia
104,2011,26.314333333333334,62.36966666666667,94.3086,0.044799999999999986,-0.19990000000000002,0.09580000000000766,-0.19423482142857146,Aboudéia
104,2012,25.685666666666666,65.02022222222223,99.2882,0.4116000000000001,0.49910000000000004,-0.5596603174603096,0.5019325892857144,Aboudéia
104,2013,26.21777777777778,61.335,98.1072,-0.088,-0.5273000000000001,-0.0543428571428457,-0.5273000000000001,Aboudéia
104,2014,26.35422222222222,78.48344444444444,93.1774,1.4092,-1.0577999999999999,0.055307936507940525,-1.0606325892857142,Aboudéia
104,2015,27.14177777777778,63.34711111111111,96.1122,-0.3766,-1.0668000000000002,0.8160698412698508,-1.0724651785714288,Aboudéia
104,2016,26.408666666666665,47.16266666666667,98.5946,-1.4518,0.4426,0.05616507936508697,0.43410223214285715,Aboudéia
104,2017,26.398333333333333,59.25,99.5728,-0.33540000000000003,0.1786,0.01903809523810196,0.16726964285714285,Aboudéia
104,2018,26.28411111111111,86.11444444444444,99.43440000000001,1.8678000000000001,0.13419999999999999,-0.12197777777777219,0.12003705357142856,Aboudéia
104,2019,26.298000000000002,62.440888888888885,98.7822,-0.5942000000000001,0.8829,-0.13488253968252906,0.8659044642857143,Aboudéia
104,2020,26.111,64.1168888888889,98.80940000000001,-0.1732,0.477,-0.3486761904761799,0.457171875,Aboudéia
104,2021,26.816555555555553,62.11299999999999,98.4556,-0.2592,-0.1068,0.330085714285719,-0.1294607142857143,Aboudéia
104,2022,25.89622222222222,79.37822222222222,98.7548,0.8182,-0.06,-0.6170412698412626,-0.08549330357142856,Aboudéia
104,2023,27.63188888888889,73.79066666666667,99.2282,0.9576,1.0499,1.0918317460317581,1.0215741071428572,Aboudéia
104,2024,26.630333333333333,90.959,96.39020000000001,1.511,-0.4818,0.06348253968254625,-0.5129584821428571,Aboudéia
104,2025,26.413333333333334,79.08277777777778,93.0226,0.6888,-0.2966,-0.1803111111111022,-0.3305910714285714,Aboudéia
104,2026,28.240857142857145,70.80742857142857,95.54433333333334,-0.8376666666666667,-0.7506666666666667,1.620419047619059,-0.7874903273809524,Aboudéia
522,1989,24.853555555555555,67.85,,-0.8661999999999999,,0.00981015873015778,,La Nya
522,1990,25.415555555555557,75.95711111111112,,-0.0934,,0.5504901587301596,,La Nya
522,1991,25.125999999999998,62.644888888888886,98.1208,-1.2004,,0.23961460317459782,,La Nya
522,1992,24.548222222222222,87.39066666666668,93.13579999999999,0.3372,,-0.35948317460317725,,La Nya
522,1993,25.350444444444445,61.023555555555554,93.1852,-1.8874,,0.4214190476190467,,La Nya
522,1994,25.007333333333335,96.94,93.33619999999999,0.7498,,0.05698793650793732,,La Nya
522,1995,25.23177777777778,72.68066666666667,96.0966,-0.5622,,0.260112380952382,,La Nya
522,1996,24.802444444444447,79.42511111111111,97.32419999999999,-0.6528,,-0.19054095238095314,,La Nya
522,1997,25.430333333333333,70.07744444444444,98.2952,-0.5976,,0.416027936507934,,La Nya
522,1998,25.097444444444445,84.44522222222223,91.87180000000001,0.16360000000000002,,0.06181904761904633,,La Nya
522,1999,24.600444444444445,79.42666666666666,90.3322,-0.48460000000000003,,-0.4565009523809529,,La Nya
522,2000,24.89488888888889,72.07344444444445,89.1354,-0.9558,,-0.18337650793650795,,La Nya
522,2001,24.817888888888888,108.29555555555555,92.4948,1.7710000000000001,-0.7075,-0.2816965079365126,-1.5650714285714287,La Nya
522,2002,25.399444444444445,81.87555555555555,88.341,-0.14220000000000002,0.5715,0.278539047619045,-0.21460714285714289,La Nya
522,2003,24.927222222222223,85.17888888888888,88.5602,0.7456,0.3534,-0.21500317460317575,-0.36124285714285714,La Nya
522,2004,25.137999999999998,70.60866666666666,94.04679999999999,-0.808,1.4948,-0.025545396825400246,0.8516214285714284,La Nya
522,2005,25.302888888888887,85.95955555555555,97.0136,0.3078,0.9312999999999999,0.1180234920634895,0.3595857142857142,La Nya
522,2006,25.19011111111111,92.37988888888889,93.9522,0.8707999999999998,-0.1543,-0.01607428571428926,-0.65455,La Nya
522,2007,25.059555555555555,79.22533333333334,89.971,-0.3456,0.7834000000000001,-0.16794984126984502,0.35461428571428577,La Nya
522,2008,24.99411111111111,95.59,86.922,1.3004,0.9575,-0.25471428571428945,0.6001785714285715,La Nya
522,2009,25.594222222222225,65.49477777777777,88.2788,-1.3164,0.0736,0.32407682539682625,-0.21225714285714287,La Nya
522,2010,25.261000000000003,84.64388888888888,95.4966,0.8278000000000001,-0.1145,-0.030465396825395175,-0.32889285714285715,La Nya
522,2011,25.26711111111111,92.09533333333333,91.5372,1.109,0.23660000000000003,-0.04567428571429133,0.0936714285714286,La Nya
522,2012,24.944666666666667,89.25177777777778,95.52680000000001,1.7452,0.3535,-0.38943873015873365,0.2820357142857143,La Nya
522,2013,25.103333333333335,79.057,90.2022,0.8632,-0.0952,-0.25209206349206426,-0.0952,La Nya
522,2014,25.36,75.16322222222223,93.123,-0.40679999999999994,-0.08979999999999999,-0.01674539682539944,-0.018335714285714275,La Nya
522,2015,25.828,76.24666666666667,90.8276,-0.5004,-0.37329999999999997,0.4299346031746012,-0.23037142857142853,La Nya
522,2016,25.659,77.75433333333334,94.2504,0.08420000000000001,-0.15949999999999998,0.23961460317459782,0.05489285714285719,La Nya
522,2017,25.341666666666665,93.172,96.0784,0.675,0.2556,-0.09903873015873543,0.5414571428571429,La Nya
522,2018,25.505555555555556,73.29066666666667,96.0692,-0.2926,-0.3903,0.04353015873015664,-0.03297857142857141,La Nya
522,2019,25.635444444444445,96.75633333333333,94.3544,0.9875999999999999,-0.8160000000000001,0.15209904761904625,-0.38721428571428573,La Nya
522,2020,25.565444444444445,63.65277777777778,94.91040000000001,-1.7835999999999999,0.2294,0.06077904761904662,0.7296499999999999,La Nya
522,2021,25.715444444444444,86.43655555555556,93.74600000000001,-0.15159999999999998,-0.2861,0.1894590476190423,0.2856142857142857,La Nya
522,2022,25.195222222222224,88.47044444444445,95.3096,0.9592,-0.5132000000000001,-0.35208317460317673,0.1299785714285714,La Nya
522,2023,25.83677777777778,70.68266666666666,95.3184,-0.523,-0.6621,0.2681523809523796,0.05254285714285711,La Nya
522,2024,25.670555555555556,101.24955555555556,85.4366,1.4588,-1.2929,0.0806101587301562,-0.506792857142857,La Nya
522,2025,25.30688888888889,94.251,84.71860000000001,0.047599999999999996,-1.294,-0.30437650793651017,-0.4364285714285714,La Nya
522,2026,26.274714285714285,71.48171428571429,88.19566666666667,-0.6859999999999999,-1.4381666666666666,0.6421288888888839,-0.5091309523809523,La Nya
723,1989,28.752111111111113,15.657666666666668,,-1.9140000000000001,,-0.39969841269841666,,Wayi
723,1990,29.61911111111111,21.039555555555555,,-1.1414,,0.46474603174602436,,Wayi
723,1991,29.58488888888889,28.114555555555555,72.59819999999999,0.0622,,0.42796825396825255,,Wayi
723,1992,28.28511111111111,31.042444444444445,72.1818,0.004599999999999998,,-0.8743650793650843,,Wayi
723,1993,29.74277777777778,24.87011111111111,56.8452,-1.2044000000000001,,0.5807460317460276,,Wayi
723,1994,27.829666666666665,44.047,82.399,1.1347999999999998,,-1.334920634920639,,Wayi
723,1995,29.358777777777775,28.739666666666665,67.4888,-0.6622,,0.1916349206349146,,Wayi
723,1996,29.460555555555555,23.217111111111112,59.76859999999999,-1.1172,,0.2908571428571385,,Wayi
723,1997,29.986555555555558,28.631666666666668,66.7218,-0.1464,,0.8143015873015891,,Wayi
723,1998,28.654777777777774,35.388,63.81179999999999,-0.09159999999999999,,-0.5200317460317514,,Wayi
723,1999,27.654555555555554,42.86711111111111,85.251,1.1263999999999998,,-1.5228095238095278,,Wayi
723,2000,29.13811111111111,28.746333333333332,71.0026,-0.27159999999999995,,-0.04180952380952263,,Wayi
723,2001,28.930888888888887,33.34211111111111,79.5254,0.7545999999999999,0.3208,-0.25158730158730336,0.5699200000000001,Wayi
723,2002,29.927000000000003,28.730222222222224,65.1888,-0.6856,-1.0069,0.7419682539682562,-0.7785399999999998,Wayi
723,2003,28.68922222222222,33.315777777777775,84.4362,0.9067999999999999,0.3046,-0.4983650793650831,0.5122,Wayi
723,2004,29.61811111111111,23.06722222222222,68.013,-0.6554,-0.42679999999999996,0.42796825396825255,-0.2399599999999999,Wayi
723,2005,28.894444444444446,30.214222222222222,84.652,0.8612,0.6738999999999999,-0.29825396825396666,0.83998,Wayi
723,2006,29.79077777777778,29.52388888888889,75.018,0.2244,-0.3058,0.5955238095238116,-0.16047999999999996,Wayi
723,2007,28.819,26.664555555555555,74.364,-0.07520000000000002,0.2596,-0.3788095238095224,0.38416000000000006,Wayi
723,2008,29.413444444444444,26.11022222222222,79.06,-0.07359999999999998,-0.28979999999999995,0.2130793650793663,-0.18599999999999992,Wayi
723,2009,30.39544444444444,22.358888888888888,64.55879999999999,-1.3522,-0.6434,1.1925238095238058,-0.56036,Wayi
723,2010,28.957,34.53655555555556,78.2124,0.41,0.5281,-0.24847619047618608,0.59038,Wayi
723,2011,29.72188888888889,30.538444444444444,68.6472,0.1856,-1.0369,0.5138571428571481,-0.9953799999999999,Wayi
723,2012,28.73177777777778,29.981333333333332,85.2456,0.808,0.9188000000000001,-0.47880952380952024,0.9395600000000001,Wayi
723,2013,29.13311111111111,24.020666666666667,65.53819999999999,-0.8555999999999999,-0.6678,-0.08003174603174301,-0.6678,Wayi
723,2014,29.69833333333333,25.29122222222222,56.1152,-1.3706,-0.6879000000000001,0.4826349206349221,-0.7086600000000001,Wayi
723,2015,29.892666666666667,33.80444444444444,71.8926,-0.2136,-0.1306,0.6744126984127021,-0.17212,Wayi
723,2016,29.323555555555554,31.85711111111111,82.9314,0.388,0.2827,0.10274603174603314,0.22041999999999998,Wayi
723,2017,29.45444444444444,29.851111111111113,82.0284,0.4678,-0.3109,0.231079365079367,-0.39394000000000007,Wayi
723,2018,28.750777777777778,33.43244444444444,79.4996,1.0398,0.872,-0.47514285714285265,0.7682,Wayi
723,2019,29.10311111111111,37.50111111111111,78.8862,0.9353999999999999,-0.1936,-0.1253650793650749,-0.31816000000000005,Wayi
723,2020,28.715777777777777,38.63288888888889,86.0552,0.8074,0.4163,-0.5152539682539619,0.27097999999999994,Wayi
723,2021,29.235444444444447,24.360777777777777,71.9624,-1.1196,-0.5507,0.0018571428571512172,-0.71678,Wayi
723,2022,28.972111111111115,49.173,89.5968,1.7630000000000003,0.6516,-0.26403174603173696,0.4647599999999999,Wayi
723,2023,30.49088888888889,30.703777777777777,76.3674,1.0946,0.258,1.252190476190485,0.050399999999999945,Wayi
723,2024,28.49388888888889,51.71111111111111,92.5612,2.2914000000000003,0.5587,-0.7473650793650712,0.33033999999999986,Wayi
723,2025,29.16388888888889,37.709666666666664,74.8478,0.3056,0.5259,-0.07992063492062584,0.2767799999999999,Wayi
723,2026,31.343,14.825571428571427,56.07566666666667,-2.219,-0.9493333333333334,2.09663492063493,-1.2192133333333335,Wayi
817,1989,27.071444444444445,56.187222222222225,,0.8678000000000001,,0.02085820105819991,,Chari
817,1990,28.019666666666666,40.38911111111111,,-0.9982,,0.9578952380952366,,Chari
817,1991,27.57611111111111,47.30522222222223,96.6064,0.164,,0.5031544973544975,,Chari
817,1992,26.506444444444444,48.06022222222222,99.2316,-0.2278,,-0.5776973544973565,,Chari
817,1993,27.64911111111111,41.419333333333334,90.7442,-1.3,,0.5537841269841266,,Chari
817,1994,26.64211111111111,60.425111111111114,99.0282,0.5734,,-0.4644010582010587,,Chari
817,1995,27.292777777777776,52.91822222222223,98.9318,-0.3476,,0.17508042328041995,,Chari
817,1996,27.069777777777777,42.144666666666666,92.81960000000001,-1.3559999999999999,,-0.05910476190476288,,Chari
817,1997,27.834333333333333,37.65222222222222,95.5658,-1.3132,,0.69426560846561,,Chari
817,1998,27.201666666666668,61.97988888888889,95.3582,0.4444,,0.050413756613757243,,Chari
817,1999,26.255777777777777,64.54388888888889,98.15599999999999,1.0626,,-0.906660317460318,,Chari
817,2000,26.994555555555554,52.759,98.32079999999999,0.48360000000000003,,-0.17906772486772482,,Chari
817,2001,26.872888888888887,57.60133333333332,99.5578,0.3318,0.7822,-0.3119195767195784,1.3316700000000001,Chari
817,2002,27.628333333333334,47.43077777777777,88.9268,-0.7814,-0.7979,0.43233968253968413,-0.2942191666666667,Chari
817,2003,26.714222222222222,61.280111111111104,99.79400000000001,1.3042,-0.1713,-0.49295661375661126,0.2865916666666667,Chari
817,2004,27.214777777777776,39.91411111111111,96.6058,-1.0912000000000002,-0.44079999999999997,-0.003586243386244803,-0.02869749999999993,Chari
817,2005,27.10422222222222,48.531555555555556,99.63759999999999,0.1484,-0.2537,-0.1253269841269855,0.1126133333333334,Chari
817,2006,27.596,58.434999999999995,99.06960000000001,0.9272,-0.5856,0.3552656084656114,-0.2650758333333333,Chari
817,2007,27.049777777777777,49.05555555555556,99.1522,0.20739999999999997,-0.6365,-0.20214179894179907,-0.3617649999999999,Chari
817,2008,26.96811111111111,54.84577777777778,98.99199999999999,0.6594,-0.3277,-0.2949936507936499,-0.09875416666666664,Chari
817,2009,28.05988888888889,48.586444444444446,93.49300000000001,-0.23700000000000002,-1.2792,0.7855989417989448,-1.0960433333333333,Chari
817,2010,27.11422222222222,56.714666666666666,99.7526,0.7948000000000001,-0.7021000000000001,-0.17125291005291032,-0.5647325000000001,Chari
817,2011,27.404222222222224,49.02077777777778,95.0358,0.03540000000000002,0.3337,0.10756190476190852,0.4252783333333333,Chari
817,2012,26.633666666666667,48.89277777777778,99.8246,0.34880000000000005,0.8511,-0.6741788359788323,0.8968891666666666,Chari
817,2013,27.188555555555556,41.81133333333334,93.5918,-1.1196,0.18669999999999998,-0.13047513227513008,0.18669999999999998,Chari
817,2014,27.590666666666667,38.400777777777776,66.7532,-1.6882000000000001,-0.5119,0.26045079365079715,-0.5576891666666667,Chari
817,2015,28.04011111111111,56.06688888888889,97.8782,0.1692,-0.246,0.6987100529100552,-0.3375783333333333,Chari
817,2016,27.567333333333334,55.789888888888896,99.822,0.7938,0.7616,0.21474708994709246,0.6242325,Chari
817,2017,27.471333333333334,46.239555555555555,99.5004,-0.0786,0.3418,0.10756190476190852,0.1586433333333333,Chari
817,2018,27.207666666666668,58.06444444444445,99.5972,1.0698,0.5285,-0.16728994708994094,0.2995541666666666,Chari
817,2019,27.33588888888889,57.382666666666665,99.8302,0.6142000000000001,0.11509999999999998,-0.050252910052908106,-0.15963500000000008,Chari
817,2020,27.078555555555553,60.908,94.5186,0.2846,0.6957,-0.31877142857142715,0.37517583333333326,Chari
817,2021,27.738777777777777,35.28055555555555,89.17760000000001,-2.1018,-0.052,0.3302656084656128,-0.41831333333333337,Chari
817,2022,26.983444444444444,69.87255555555556,98.9222,1.0302,-0.3417,-0.43625291005290734,-0.7538025,Chari
817,2023,28.19822222222222,45.68866666666666,99.33500000000001,0.33799999999999997,1.2551,0.767339682539685,0.7972083333333334,Chari
817,2024,27.10066666666667,77.33944444444445,99.987,2.1388,0.5756,-0.3414010582010505,0.07191916666666665,Chari
817,2025,27.324444444444442,64.22122222222222,99.86179999999999,0.7472,0.7012,-0.12880846560846493,0.15172999999999992,Chari
817,2026,28.42814285714286,39.98871428571429,99.21566666666666,-1.1993333333333334,0.04933333333333333,0.9637047619047685,-0.5459258333333334,Chari
920,1989,27.53944444444444,33.74944444444444,,-0.6376000000000001,,-0.26147195767195797,,Haraze-Al-Biar
920,1990,28.59777777777778,32.77911111111111,,-0.9400000000000001,,0.7926761904761932,,Haraze-Al-Biar
920,1991,28.168999999999997,37.13922222222222,90.873,0.06520000000000001,,0.3597132275132253,,Haraze-Al-Biar
920,1992,27.03611111111111,41.67722222222223,96.6688,0.05740000000000001,,-0.7773608465608461,,Haraze-Al-Biar
920,1993,28.546666666666667,33.84777777777778,72.48240000000001,-1.3184,,0.7290095238095269,,Haraze-Al-Biar
920,1994,27.01311111111111,51.61411111111111,98.55499999999999,0.6252000000000001,,-0.8087312169312142,,Haraze-Al-Biar
920,1995,28.02177777777778,39.85388888888889,94.7444,-0.6639999999999999,,0.19575026455026645,,Haraze-Al-Biar
920,1996,27.799999999999997,32.23888888888889,82.6892,-1.6038000000000001,,-0.03021269841270069,,Haraze-Al-Biar
920,1997,28.576999999999998,32.70555555555555,87.15799999999999,-0.9588000000000001,,0.7426021164021179,,Haraze-Al-Biar
920,1998,27.76511111111111,52.75955555555556,92.0792,0.82,,-0.07347195767195558,,Haraze-Al-Biar
920,1999,26.706444444444443,49.99722222222223,97.9672,0.6607999999999999,,-1.1363238095238088,,Haraze-Al-Biar
920,2000,27.86077777777778,43.483000000000004,90.316,0.40659999999999996,,0.013824338624342403,,Haraze-Al-Biar
920,2001,27.52611111111111,44.952111111111115,95.9502,0.25460000000000005,0.10420000000000001,-0.3250275132275142,0.16000454545454545,Haraze-Al-Biar
920,2002,28.34511111111111,38.190111111111115,83.3544,-0.8593999999999999,-0.7965,0.48978730158730244,-0.7453458333333334,Haraze-Al-Biar
920,2003,27.261777777777777,51.56422222222222,98.31280000000001,1.7053999999999998,0.488,-0.5977312169312157,0.5345037878787878,Haraze-Al-Biar
920,2004,27.976333333333333,30.031222222222222,88.7942,-1.0917999999999999,0.2174,0.11263915343915443,0.2592534090909091,Haraze-Al-Biar
920,2005,27.625222222222224,39.85466666666667,97.62039999999999,0.3534,0.2732,-0.24265714285714068,0.3104030303030303,Haraze-Al-Biar
920,2006,28.219555555555555,43.18688888888889,91.5552,0.4546,-0.2435,0.3474910052910083,-0.2109473484848485,Haraze-Al-Biar
920,2007,27.525555555555556,43.833666666666666,94.0586,0.5354,0.3129,-0.3506941798941767,0.3408022727272727,Haraze-Al-Biar
920,2008,27.774777777777775,44.13488888888889,95.8558,0.7298,-0.2315,-0.10565714285714378,-0.2082481060606061,Haraze-Al-Biar
920,2009,28.985888888888887,38.486777777777775,88.53240000000001,-0.3412,-0.4568,1.1012687830687824,-0.43819848484848484,Haraze-Al-Biar
920,2010,27.715333333333334,47.22,96.9168,0.72,0.1891,-0.173471957671957,0.20305113636363634,Haraze-Al-Biar
920,2011,28.096777777777778,43.36377777777778,89.08619999999999,0.476,-0.9863999999999999,0.20378730158730463,-0.9770992424242424,Haraze-Al-Biar
920,2012,27.2,38.83555555555555,98.6316,0.097,1.1529,-0.6971756613756597,1.157550378787879,Haraze-Al-Biar
920,2013,27.776777777777777,29.386222222222223,83.9942,-1.3885999999999998,0.17609999999999998,-0.12458306878306757,0.17609999999999998,Haraze-Al-Biar
920,2014,28.41011111111111,31.406777777777776,62.2312,-1.8316,-0.49629999999999996,0.5045650793650793,-0.5009503787878787,Haraze-Al-Biar
920,2015,28.715888888888887,48.228,95.2938,0.2178,-0.5373,0.8061576719576742,-0.5466007575757575,Haraze-Al-Biar
920,2016,28.107333333333333,43.925444444444445,98.262,0.63,0.0942,0.19341693121693382,0.08024886363636365,Haraze-Al-Biar
920,2017,28.079444444444444,40.623444444444445,96.74980000000001,0.3944,-0.2071,0.16134285714285923,-0.22570151515151515,Haraze-Al-Biar
920,2018,27.70733333333333,45.73811111111112,97.173,1.0068,1.1026,-0.21495343915344023,1.079348106060606,Haraze-Al-Biar
920,2019,27.753,48.218111111111114,98.5612,0.9292,-1.1459000000000001,-0.173471957671957,-1.1738022727272728,Haraze-Al-Biar
920,2020,27.453777777777777,44.352000000000004,96.0602,-0.136,0.6911,-0.47687936507936257,0.6585473484848485,Haraze-Al-Biar
920,2021,28.212777777777777,33.864888888888885,87.0908,-1.3195999999999999,-0.6399,0.2779354497354518,-0.6771030303030303,Haraze-Al-Biar
920,2022,27.516666666666666,60.647,98.06379999999999,1.5608,-0.3657,-0.4223608465608457,-0.4075534090909091,Haraze-Al-Biar
920,2023,28.932444444444442,38.31155555555555,95.1394,0.4152,0.06100000000000001,0.989231746031745,0.014496212121212153,Haraze-Al-Biar
920,2024,27.50088888888889,68.27866666666667,99.6236,2.3418,0.6167,-0.44650899470898864,0.5655458333333334,Haraze-Al-Biar
920,2025,27.900333333333336,49.35622222222222,97.5606,0.47620000000000007,0.732,-0.05124973544972988,0.6761954545454546,Haraze-Al-Biar
920,2026,29.187142857142856,30.131285714285717,92.91766666666666,-1.4413333333333334,-0.38066666666666665,1.2313746031746042,-0.44112159090909087,Haraze-Al-Biar
922,1989,25.76211111111111,62.35922222222223,,-0.2372,,-0.13628376068375658,,Mayo-Boneye
922,1990,26.560666666666666,52.156666666666666,,-1.5018,,0.6427931623931684,,Mayo-Boneye
922,1991,26.36622222222222,64.89222222222222,99.5034,-0.1182,,0.42887008547008776,,Mayo-Boneye
922,1992,25.57911111111111,65.5081111111111,99.42460000000001,0.3336,,-0.377719658119652,,Mayo-Boneye
922,1993,26.337777777777777,55.263555555555556,98.1566,-1.6758,,0.36146837606838034,,Mayo-Boneye
922,1994,25.805222222222223,77.01122222222222,96.6654,0.6862,,-0.19056581196580424,,Mayo-Boneye
922,1995,26.153666666666666,70.15188888888889,98.9262,0.577,,0.1384000000000043,,Mayo-Boneye
922,1996,25.899555555555555,71.24488888888888,99.8236,-0.051000000000000004,,-0.13518974358974134,,Mayo-Boneye
922,1997,26.528555555555556,64.04188888888888,99.2458,-0.13520000000000001,,0.4743316239316293,,Mayo-Boneye
922,1998,26.209333333333333,79.06655555555557,93.9308,1.0030000000000001,,0.13563076923077233,,Mayo-Boneye
922,1999,25.49288888888889,69.18477777777778,95.274,0.009399999999999997,,-0.6002923076923032,,Mayo-Boneye
922,2000,25.88711111111111,67.6561111111111,98.6634,0.0228,,-0.22554871794871545,,Mayo-Boneye
922,2001,25.804444444444446,82.07322222222223,98.4324,1.1027999999999998,-0.8573999999999999,-0.3276940170940108,-0.65325,Mayo-Boneye
922,2002,26.491666666666667,61.32577777777778,91.4862,-1.1404,-0.6457,0.34004957264957625,-0.4585625000000001,Mayo-Boneye
922,2003,26.002333333333333,62.914,98.759,-0.05899999999999998,0.44620000000000004,-0.16876239316238895,0.616325,Mayo-Boneye
922,2004,26.070888888888888,60.36844444444445,98.564,-1.106,0.2397,-0.11968547008546793,0.39281249999999995,Mayo-Boneye
922,2005,26.247777777777777,71.43922222222221,98.8238,0.6846,0.14400000000000002,0.037724786324790927,0.2801,Mayo-Boneye
922,2006,26.466666666666665,71.08588888888889,99.5754,0.5846,-0.2566,0.23713504273504427,-0.13751250000000004,Mayo-Boneye
922,2007,26.086,65.26766666666667,99.0864,0.42679999999999996,0.35989999999999994,-0.1630102564102529,0.4619749999999999,Mayo-Boneye
922,2008,26.013222222222222,62.108555555555554,97.2364,-0.16199999999999998,0.2275,-0.25526666666666387,0.31256249999999997,Mayo-Boneye
922,2009,26.712777777777777,59.78366666666667,87.86800000000001,-0.5394,-0.8674999999999999,0.4248102564102574,-0.79945,Mayo-Boneye
922,2010,26.192,66.41666666666667,99.03,0.7714000000000001,-0.42789999999999995,-0.11544615384615042,-0.3768625,Mayo-Boneye
922,2011,26.401666666666667,62.99488888888888,99.02040000000001,-0.22000000000000003,-0.40869999999999995,0.07474188034188245,-0.374675,Mayo-Boneye
922,2012,25.984111111111112,61.39255555555556,99.9614,0.3082,0.4527,-0.3622923076923037,0.4697125,Mayo-Boneye
922,2013,26.25188888888889,74.51855555555557,95.4266,0.9676,0.1704,-0.11399316239316093,0.1704,Mayo-Boneye
922,2014,26.402555555555555,66.40155555555556,89.9254,-0.38439999999999996,-0.6364,0.017194871794874445,-0.6534125,Mayo-Boneye
922,2015,26.950333333333333,58.509888888888895,96.6668,-1.1808,-0.89,0.5454940170940183,-0.924025,Mayo-Boneye
922,2016,26.72088888888889,65.63566666666667,99.7876,-0.2806,0.7157,0.29657094017094465,0.6646625,Mayo-Boneye
922,2017,26.436111111111114,59.830888888888886,99.8228,-0.6548,0.07440000000000001,-0.007685470085466051,0.006350000000000022,Mayo-Boneye
922,2018,26.501,57.32633333333334,99.8814,-0.7150000000000001,0.1584,0.037724786324790927,0.07333750000000003,Mayo-Boneye
922,2019,26.504555555555555,73.91255555555556,99.923,0.8747999999999999,0.7199,0.021801709401710667,0.6178250000000001,Mayo-Boneye
922,2020,26.42233333333333,79.34066666666666,93.9704,0.3384,0.2516,-0.07989914529914444,0.13251250000000003,Mayo-Boneye
922,2021,26.676000000000002,59.40222222222222,95.4716,-0.8716000000000002,-0.5169,0.15428888888889247,-0.653,Mayo-Boneye
922,2022,26.159444444444446,88.99111111111112,99.8126,2.2776,0.006799999999999987,-0.3817452991452974,-0.14631249999999996,Mayo-Boneye
922,2023,26.955222222222222,60.66544444444445,99.9396,-0.009200000000000009,0.9158,0.3945538461538476,0.745675,Mayo-Boneye
922,2024,26.46966666666667,69.59800000000001,97.75699999999999,0.4236,-0.2213,-0.11048034188033995,-0.40843749999999995,Mayo-Boneye
922,2025,26.21411111111111,78.70311111111111,92.71520000000001,0.9094,-0.012200000000000003,-0.3855145299145306,-0.21634999999999993,Mayo-Boneye
922,2026,27.380857142857142,58.099714285714285,98.911,-0.789,-0.3348333333333333,0.7617528693528683,-0.5559958333333332,Mayo-Boneye
925,1989,24.911777777777775,67.23911111111111,,-0.6684,,-0.1027860805860854,,Mayo-Dallah
925,1990,25.427555555555557,72.75344444444444,,-0.262,,0.3909147741147727,,Mayo-Dallah
925,1991,25.38611111111111,76.758,99.6656,0.1322,,0.32739340659340144,,Mayo-Dallah
925,1992,24.753,78.98344444444444,99.0612,-0.20440000000000005,,-0.3277946275946313,,Mayo-Dallah
925,1993,25.332444444444445,71.71922222222221,99.47959999999999,-0.6365999999999999,,0.22957289377289314,,Mayo-Dallah
925,1994,25.083,96.85255555555555,99.05080000000001,1.5508000000000002,,-0.041948473748476545,,Mayo-Dallah
925,1995,25.28922222222222,80.06755555555554,98.1448,0.9634,,0.1421968253968231,,Mayo-Dallah
925,1996,25.14488888888889,83.58477777777779,99.50019999999999,0.8558,,-0.02421343101343254,,Mayo-Dallah
925,1997,25.663666666666668,73.13344444444445,99.7764,-0.2958,,0.47248742368742214,,Mayo-Dallah
925,1998,25.41922222222222,73.72933333333333,98.4008,-0.5788,,0.205966056166055,,Mayo-Dallah
925,1999,24.728333333333335,86.385,96.95219999999999,0.5716,,-0.5069997557997539,,Mayo-Dallah
925,2000,24.971,70.92,95.0214,-0.7234,,-0.2864100122100126,,Mayo-Dallah
925,2001,25.017333333333333,86.768,99.34479999999999,0.6694,0.6202000000000001,-0.26215360195360304,-0.21389285714285722,Mayo-Dallah
925,2002,25.578222222222223,64.06777777777778,96.81960000000001,-1.8463999999999998,0.2039,0.27665836385836684,-0.5606851190476192,Mayo-Dallah
925,2003,25.193333333333335,66.99055555555555,93.682,-0.5316,-0.1143,-0.13030744810744466,-0.8093773809523811,Mayo-Dallah
925,2004,25.29011111111111,67.55199999999999,98.7432,-1.0792,0.9279000000000001,-0.05560659340659413,0.30233035714285705,Mayo-Dallah
925,2005,25.40777777777778,74.31377777777779,95.89880000000001,0.1696,0.3449,0.03998315018315424,-0.21116190476190488,Mayo-Dallah
925,2006,25.43422222222222,79.61233333333332,98.9914,0.8029999999999999,1.0257999999999998,0.04435067155067429,0.5392458333333331,Mayo-Dallah
925,2007,25.318333333333335,65.54533333333333,98.3398,-0.16799999999999998,1.4418000000000002,-0.0936151404151353,1.0247535714285716,Mayo-Dallah
925,2008,25.227666666666668,71.70844444444444,93.5458,0.2042,0.35030000000000006,-0.2063587301587262,0.0027613095238094854,Mayo-Dallah
925,2009,25.823777777777778,78.1708888888889,86.0346,0.4758,0.8834,0.3676754578754604,0.6053690476190475,Mayo-Dallah
925,2010,25.448,73.86244444444445,99.575,0.4624,0.2974,-0.030179242979240684,0.08887678571428567,Mayo-Dallah
925,2011,25.47566666666667,69.93077777777778,96.8622,-0.0388,-0.27649999999999997,-0.024589499389492175,-0.4155154761904762,Mayo-Dallah
925,2012,25.054333333333332,62.33455555555555,99.578,-0.6506000000000001,0.6644000000000001,-0.4679997557997524,0.594892261904762,Mayo-Dallah
925,2013,25.302333333333333,74.82555555555557,94.9342,-0.1864,0.12890000000000001,-0.24207667887667483,0.12890000000000001,Mayo-Dallah
925,2014,25.443555555555555,77.10077777777778,96.6078,-0.22880000000000003,-0.0188,-0.12293137973137647,0.05070773809523811,Mayo-Dallah
925,2015,25.990555555555556,70.49799999999999,91.2724,-1.0938,-1.0581999999999998,0.40199169719170413,-0.9191845238095235,Mayo-Dallah
925,2016,25.86266666666667,73.24566666666666,98.6024,-0.3544,0.09620000000000001,0.2520258852258941,0.30472321428571436,Mayo-Dallah
925,2017,25.46933333333333,74.67666666666668,99.44359999999999,-0.5618000000000001,0.04299999999999998,-0.16338437118436744,0.3210309523809524,Mayo-Dallah
925,2018,25.694777777777777,74.87044444444444,99.5598,-0.036599999999999994,-0.047999999999999994,0.03998315018315424,0.2995386904761906,Mayo-Dallah
925,2019,25.81566666666667,76.71588888888888,98.42139999999999,0.5715999999999999,-0.0608,0.1387951159951264,0.35624642857142863,Mayo-Dallah
925,2020,25.78822222222222,84.62188888888889,98.8526,-0.010000000000000009,-0.202,0.08927374847375447,0.2845541666666667,Mayo-Dallah
925,2021,25.89933333333333,73.52677777777778,98.929,-0.024399999999999995,-0.9209,0.17830793650794163,-0.3648380952380952,Mayo-Dallah
925,2022,25.41433333333333,93.71866666666666,99.9158,2.362,-0.6428,-0.32876898656898135,-0.017230357142857033,Mayo-Dallah
925,2023,26.03188888888889,71.64855555555556,98.4062,0.07320000000000002,-0.3125,0.2667096459096534,0.38257738095238114,Mayo-Dallah
925,2024,25.862000000000002,68.86233333333332,92.1194,-0.6514,-0.8267,0.07474383394384532,-0.062114880952380824,Mayo-Dallah
925,2025,25.576555555555554,85.20755555555554,86.19739999999999,0.6314,-1.9264000000000001,-0.23277753357752573,-1.092307142857143,Mayo-Dallah
925,2026,26.476285714285716,71.28042857142857,94.93633333333332,0.015333333333333346,-1.2221666666666666,0.6448757020757121,-0.3185660714285712,Mayo-Dallah
951,1989,25.778222222222222,67.68677777777778,,0.7542,,0.07958183421516551,,Haraze-M.
951,1990,26.24088888888889,57.82244444444445,,-0.11140000000000001,,0.516057142857143,,Haraze-M.
951,1991,25.836,45.47044444444444,98.94059999999999,-1.4678,,0.08497689594356217,,Haraze-M.
951,1992,25.661666666666665,63.88066666666667,98.845,0.5362,,-0.11554779541446436,,Haraze-M.
951,1993,25.776555555555557,65.471,99.8894,0.5758,,-0.02685026455026218,,Haraze-M.
951,1994,25.689444444444447,57.07133333333334,99.2488,-0.6536000000000001,,-0.1401527336860653,,Haraze-M.
951,1995,25.80977777777778,57.949888888888886,99.7582,-0.0566,,-0.046010758377423855,,Haraze-M.
951,1996,25.68011111111111,60.93377777777778,99.94680000000001,0.3462,,-0.20186878306878597,,Haraze-M.
951,1997,26.088222222222225,64.14455555555554,99.87379999999999,0.6786000000000001,,0.18005097001763914,,Haraze-M.
951,1998,26.151444444444444,67.31177777777778,98.376,0.643,,0.2170818342151648,,Haraze-M.
951,1999,25.592333333333336,61.25255555555556,99.0056,-0.0486,,-0.3682206349206325,,Haraze-M.
951,2000,25.789,60.67311111111111,99.74539999999999,-0.15560000000000002,,-0.19774532627865682,,Haraze-M.
951,2001,25.987555555555556,63.92688888888889,98.9956,0.373,-0.5551,-0.025381128747795856,-0.6719333333333334,Haraze-M.
951,2002,26.576222222222224,59.581888888888884,98.9342,0.008800000000000011,-0.3931,0.5370941798941828,-0.5001972222222222,Haraze-M.
951,2003,25.714444444444446,61.239888888888885,99.85060000000001,0.3166,0.3784,-0.35087495590828865,0.2810388888888889,Haraze-M.
951,2004,26.139333333333337,52.16155555555556,99.7488,-0.8061999999999999,0.5448999999999999,0.047822574955912245,0.45727499999999993,Haraze-M.
951,2005,26.17388888888889,51.60122222222222,99.7326,-0.28300000000000003,0.25639999999999996,0.05618677248677173,0.17851111111111106,Haraze-M.
951,2006,26.251666666666665,74.90255555555557,97.6378,1.2251999999999998,0.6154,0.1077731922398577,0.5472472222222222,Haraze-M.
951,2007,25.833000000000002,46.61611111111111,97.26140000000001,-1.6178000000000001,0.2255,-0.3370848324514988,0.16708333333333333,Haraze-M.
951,2008,26.039555555555555,46.67344444444444,96.34259999999999,-1.6594000000000002,0.0063000000000000035,-0.15672063492063515,-0.04238055555555556,Haraze-M.
951,2009,26.673,45.50988888888889,97.0842,-1.7329999999999999,-0.8851,0.450532451499118,-0.9240444444444444,Haraze-M.
951,2010,26.33833333333333,63.251666666666665,96.561,0.0972,-0.5351999999999999,0.08967442680775761,-0.5644083333333332,Haraze-M.
951,2011,26.476666666666667,59.46644444444444,96.9576,-0.051600000000000014,-0.315,0.20181640211640328,-0.3344722222222222,Haraze-M.
951,2012,25.696444444444445,66.38155555555555,99.80539999999999,0.9282,0.14989999999999998,-0.6045971781305113,0.14016388888888887,Haraze-M.
951,2013,26.261444444444447,58.04077777777778,99.39680000000001,0.1806,0.27469999999999994,-0.06578853615519975,0.27469999999999994,Haraze-M.
951,2014,26.191222222222223,66.56233333333334,98.2918,0.08499999999999999,0.11720000000000001,-0.162202116402117,0.12693611111111114,Haraze-M.
951,2015,27.311111111111114,51.06155555555555,98.9924,-1.0006,-0.42629999999999996,0.9314954144620842,-0.40682777777777773,Haraze-M.
951,2016,26.31,52.794555555555554,99.79220000000001,-0.4048,0.1368,-0.09580705467372397,0.16600833333333334,Haraze-M.
951,2017,26.331777777777777,67.08144444444444,98.41380000000001,0.7228,0.0774,-0.10022063492063538,0.11634444444444444,Haraze-M.
951,2018,26.360111111111113,68.57533333333333,99.8794,1.5178,-0.1297,-0.09807865961198914,-0.08101944444444445,Haraze-M.
951,2019,26.3,57.33833333333333,99.8224,0.024,0.11009999999999998,-0.18438112874779478,0.16851666666666665,Haraze-M.
951,2020,26.24388888888889,63.88011111111112,97.7458,0.4436,-0.35760000000000003,-0.2666835978835955,-0.28944722222222224,Haraze-M.
951,2021,26.61588888888889,47.68411111111111,98.8682,-0.9274000000000001,0.1472,0.07912504409171106,0.2250888888888889,Haraze-M.
951,2022,25.862777777777776,66.28522222222222,99.8976,0.5948,-0.8467,-0.7001774250440924,-0.7590749999999999,Haraze-M.
951,2023,27.81211111111111,67.118,99.911,0.9742000000000001,0.873,1.2229645502645496,0.9703611111111111,Haraze-M.
951,2024,26.72311111111111,67.52522222222223,97.827,0.7996,-0.02789999999999998,0.1077731922398577,0.07919722222222225,Haraze-M.
951,2025,26.571555555555555,62.57344444444444,96.76500000000001,-0.06059999999999999,0.004299999999999998,-0.06997372134038926,0.12113333333333334,Haraze-M.
951,2026,28.566,64.04471428571428,97.85933333333332,-0.2986666666666667,-0.17683333333333334,1.8982793650793646,-0.050263888888888886,Haraze-M.
969,1989,24.61388888888889,71.45911111111111,,-1.4444,,0.06720012210012172,,Monts De Lam
969,1990,24.93811111111111,81.14144444444445,,-0.6844,,0.37050354090353466,,Monts De Lam
969,1991,24.798777777777776,76.23566666666666,98.9564,-0.95,,0.21025140415139987,,Monts De Lam
969,1992,24.261777777777777,95.63344444444445,96.897,0.4130000000000001,,-0.3476673992674044,,Monts De Lam
969,1993,24.94666666666667,75.63566666666667,94.8382,-1.4702,,0.3163026862026861,,Monts De Lam
969,1994,24.704,101.73522222222222,96.99539999999999,0.32439999999999997,,0.05271721611721247,,Monts De Lam
969,1995,24.915000000000003,94.577,96.50460000000001,0.5486,,0.24279841269841285,,Monts De Lam
969,1996,24.588555555555555,101.99044444444445,97.7002,0.1988,,-0.10456483516483672,,Monts De Lam
969,1997,25.180333333333333,94.14633333333333,99.1606,0.5296000000000001,,0.46629413919413665,,Monts De Lam
969,1998,24.817,101.73455555555556,93.8342,0.1328,,0.08204200244200166,,Monts De Lam
969,1999,24.289444444444445,93.7281111111111,87.799,-0.19180000000000003,,-0.4664323565323585,,Monts De Lam
969,2000,24.570222222222224,90.01055555555556,89.4202,-0.5888,,-0.2065733821733815,,Monts De Lam
969,2001,24.602,114.36422222222222,93.3022,1.3414,-0.53,-0.1957144078144104,-1.1007082706766917,Monts De Lam
969,2002,25.02488888888889,82.543,89.7628,-1.0828,0.37789999999999996,0.2062556776556761,-0.14524924812030077,Monts De Lam
969,2003,24.676000000000002,93.22322222222222,92.3422,0.5112,-0.10949999999999999,-0.16355201465201574,-0.5850902255639097,Monts De Lam
969,2004,24.851777777777777,91.25322222222222,94.55760000000001,-0.015199999999999997,0.8065,-0.008693040293042742,0.3784687969924812,Monts De Lam
969,2005,24.962666666666664,92.518,95.3414,0.029200000000000004,0.5084,0.08127704517703904,0.12792781954887217,Monts De Lam
969,2006,24.855666666666664,92.14055555555555,94.9102,-0.059199999999999996,0.2725,-0.04664175824176198,-0.06041315789473678,Monts De Lam
969,2007,24.79511111111111,89.05466666666666,89.873,-0.528,0.8994,-0.12811611721611982,0.6140458646616541,Monts De Lam
969,2008,24.704,97.74666666666667,84.8646,0.7936,0.818,-0.24014603174603266,0.5802048872180451,Monts De Lam
969,2009,25.241666666666667,72.83133333333333,88.233,-1.6112000000000002,-0.10180000000000002,0.27660183150183215,-0.2920360902255639,Monts De Lam
969,2010,24.970777777777776,96.07577777777777,97.4028,0.9202,-0.05070000000000001,-0.015205860805863836,-0.19337706766917295,Monts De Lam
969,2011,24.90533333333333,92.42699999999999,89.82480000000001,0.1976,0.1356,-0.10156910866911062,0.04048195488721805,Monts De Lam
969,2012,24.58088888888889,94.813,96.7688,1.6618000000000002,0.5971,-0.44693235653235774,0.549540977443609,Monts De Lam
969,2013,24.80622222222222,88.66255555555556,90.9388,0.3428,0.09989999999999999,-0.24251782661782784,0.09989999999999999,Monts De Lam
969,2014,24.989777777777775,89.66811111111112,92.64099999999999,-0.1396,0.1101,-0.0798810744810794,0.15765902255639097,Monts De Lam
969,2015,25.456777777777777,101.01955555555556,90.3852,0.5035999999999999,-0.5808,0.3662001221001212,-0.48568195488721805,Monts De Lam
969,2016,25.349777777777778,87.43166666666667,95.1622,-0.013400000000000013,0.3458,0.23828131868131663,0.4884770676691729,Monts De Lam
969,2017,25.01477777777778,106.65377777777778,97.1682,1.0388,0.7624,-0.11763748473748237,0.9526360902255638,Monts De Lam
969,2018,25.15822222222222,80.58766666666666,98.27619999999999,-0.8034000000000001,-0.2464,0.004888156288153311,-0.008604887218045143,Monts De Lam
969,2019,25.284555555555556,103.02233333333334,93.0934,0.6062,-0.36460000000000004,0.11030268620268657,-0.07924586466165418,Monts De Lam
969,2020,25.249333333333333,84.78888888888889,97.2796,-1.2314,-0.29569999999999996,0.0541616605616575,0.03721315789473684,Monts De Lam
969,2021,25.45888888888889,88.50466666666667,95.826,-0.6724,-0.5263,0.24279841269841285,-0.1458278195488722,Monts De Lam
969,2022,24.975555555555555,104.78733333333334,95.30940000000001,1.3162,-0.1986,-0.26145372405372314,0.2294312030075188,Monts De Lam
969,2023,25.580666666666666,84.81711111111112,96.50120000000001,-0.014600000000000012,0.0131,0.3227385836385821,0.48869022556390973,Monts De Lam
969,2024,25.457666666666668,94.02544444444445,84.8762,0.28300000000000003,-1.4497,0.17881978021978284,-0.9265507518796993,Monts De Lam
969,2025,25.020333333333333,100.28188888888889,87.1572,0.1676,-1.823,-0.2794323565323573,-1.2522917293233082,Monts De Lam
969,2026,25.921285714285716,81.30142857142857,89.485,-0.7463333333333333,-1.5425,0.6006012210012237,-0.9242327067669173,Monts De Lam
976,1989,25.328777777777777,55.36822222222222,,0.182,,0.1021666666666654,,Kimiti
976,1990,25.920222222222222,51.36911111111111,,-0.5842,,0.6653333333333329,,Kimiti
976,1991,25.40522222222222,47.449444444444445,94.6832,-0.48319999999999996,,0.12205555555555492,,Kimiti
976,1992,25.134444444444444,55.98522222222223,96.9134,0.18419999999999997,,-0.1769999999999996,,Kimiti
976,1993,25.266555555555556,56.75588888888889,99.06179999999999,0.3778,,-0.07316666666666549,,Kimiti
976,1994,25.071444444444445,61.73833333333333,97.6242,-0.0632,,-0.29655555555555324,,Kimiti
976,1995,25.199444444444442,64.99988888888889,99.834,1.1494,,-0.19683333333333408,,Kimiti
976,1996,25.208,53.876555555555555,99.8434,-0.0778,,-0.21655555555555495,,Kimiti
976,1997,25.62466666666667,56.028666666666666,99.799,0.29300000000000004,,0.1718333333333355,,Kimiti
976,1998,25.688333333333333,57.379888888888885,98.52459999999999,0.20600000000000002,,0.20722222222222086,,Kimiti
976,1999,25.067333333333334,65.33777777777777,99.3386,0.47739999999999994,,-0.4420555555555552,,Kimiti
976,2000,25.478555555555555,52.13077777777778,99.14680000000001,-0.5966,,-0.059111111111111114,,Kimiti
976,2001,25.788777777777778,59.55522222222222,98.6504,0.14300000000000002,0.1981,0.22283333333333388,0.3000289473684211,Kimiti
976,2002,26.357222222222223,50.918111111111116,97.7518,-0.9896,-0.46630000000000005,0.7630000000000017,-0.3728651315789474,Kimiti
976,2003,25.17822222222222,59.956999999999994,99.5824,0.8906000000000001,0.5309,-0.44427777777777777,0.6158407894736843,Kimiti
976,2004,25.810555555555553,45.87277777777778,98.57039999999999,-1.1348,0.0695,0.1597777777777729,0.1459467105263158,Kimiti
976,2005,25.645,58.57222222222222,99.061,1.1683999999999999,0.41100000000000003,-0.034055555555557504,0.4789526315789474,Kimiti
976,2006,25.836,60.69611111111111,97.6178,0.8548,-0.5857,0.12866666666666404,-0.526241447368421,Kimiti
976,2007,25.361555555555558,42.538,97.5038,-1.0058,0.4748,-0.3740555555555538,0.5257644736842105,Kimiti
976,2008,25.630666666666666,43.85388888888889,97.5396,-1.4624000000000001,-0.0895,-0.1332222222222228,-0.04702960526315788,Kimiti
976,2009,26.248222222222225,49.21955555555556,98.94200000000001,-0.7688,-0.5906,0.4560555555555581,-0.5566236842105263,Kimiti
976,2010,25.927666666666667,54.28044444444444,98.4786,-0.0342,-0.5569,0.107222222222223,-0.5314177631578947,Kimiti
976,2011,26.23977777777778,52.79388888888889,97.1062,-0.07599999999999998,-0.5425,0.3910555555555568,-0.5255118421052631,Kimiti
976,2012,25.197111111111113,67.68744444444445,99.454,1.8644000000000003,0.7198,-0.6798888888888861,0.7282940789473684,Kimiti
976,2013,25.871222222222222,45.689,99.2084,-0.5077999999999999,-0.2875,-0.034055555555557504,-0.2875,Kimiti
976,2014,25.67833333333333,55.65522222222222,98.2346,0.1034,-0.5227999999999999,-0.25522222222222624,-0.5312940789473684,Kimiti
976,2015,26.795222222222222,52.416333333333334,95.5688,-0.8548,-1.3632,0.8333888888888872,-1.3801881578947368,Kimiti
976,2016,25.837333333333333,47.500888888888895,98.7032,-0.49800000000000005,0.1136,-0.15277777777777857,0.08811776315789474,Kimiti
976,2017,26.00166666666667,54.10011111111111,99.6562,-0.21539999999999998,-0.5156000000000001,-0.01672222222222075,-0.5495763157894737,Kimiti
976,2018,25.821,58.46777777777778,99.7204,0.8792,0.4808,-0.22566666666666535,0.4383296052631579,Kimiti
976,2019,26.04422222222222,62.64788888888889,98.515,0.9282,1.0117,-0.03072222222222365,0.9607355263157895,Kimiti
976,2020,25.640444444444444,52.178111111111114,99.05319999999999,-0.7327999999999999,0.3589,-0.4627777777777773,0.29944144736842104,Kimiti
976,2021,26.197666666666667,55.49655555555555,99.18379999999999,0.022799999999999997,0.5383,0.06616666666666404,0.4703473684210526,Kimiti
976,2022,25.466666666666665,55.32833333333334,99.6362,-0.25,-0.5365,-0.693111111111115,-0.6129467105263158,Kimiti
976,2023,27.645222222222223,57.963444444444434,99.42060000000001,0.5978,1.0868,1.4571666666666658,1.0018592105263158,Kimiti
976,2024,26.183777777777777,60.27755555555556,99.72200000000001,0.3704,0.0952,-0.03255555555555745,0.0017651315789473515,Kimiti
976,2025,26.188555555555556,55.27155555555556,98.442,-0.2514,0.16610000000000003,-0.05605555555555597,0.06417105263157893,Kimiti
976,2026,28.515285714285714,54.68871428571429,98.37266666666666,-1.3863333333333332,-1.117,2.242396825396824,-1.2274230263157895,Kimiti
986,1989,25.049111111111113,34.92688888888889,,-0.8324,,0.4634809523809551,,Assoungha
986,1990,25.813444444444443,30.84255555555556,,-1.3001999999999998,,1.2008698412698386,,Assoungha
986,1991,24.716666666666665,49.089666666666666,88.85260000000001,0.7136,,0.07714761904761858,,Assoungha
986,1992,24.340444444444444,45.510555555555555,93.5094,0.08800000000000001,,-0.32601904761904876,,Assoungha
986,1993,24.89488888888889,36.11644444444445,91.343,-0.797,,0.20148095238095465,,Assoungha
986,1994,24.057888888888886,62.97733333333333,99.09,1.1532,,-0.6624634920634946,,Assoungha
986,1995,24.43488888888889,46.77622222222222,97.4856,0.3488,,-0.31240793650793464,,Assoungha
986,1996,24.925333333333334,30.10822222222222,84.55,-2.0027999999999997,,0.15109206349206517,,Assoungha
986,1997,24.90588888888889,45.02155555555556,95.3798,0.2142,,0.10470317460317347,,Assoungha
986,1998,24.74311111111111,55.89933333333333,96.819,0.5298,,-0.0850190476190491,,Assoungha
986,1999,24.09588888888889,63.359,99.537,1.1378,,-0.7591857142857137,,Assoungha
986,2000,25.198444444444444,36.81355555555555,89.8878,-0.8934,,0.31642539682539805,,Assoungha
986,2001,25.31533333333333,47.44988888888889,91.67,0.06060000000000001,0.4972,0.4063698412698393,0.5584180451127819,Assoungha
986,2002,25.779222222222224,44.66433333333333,94.1292,-0.1568,0.0341,0.8433142857142855,0.09021654135338342,Assoungha
986,2003,24.480777777777778,56.086888888888886,96.3998,1.2542,0.5438,-0.4820746031746026,0.5948150375939849,Assoungha
986,2004,25.292333333333332,28.820222222222224,89.5004,-1.7832000000000001,-0.1681,0.3025365079365052,-0.12218646616541357,Assoungha
986,2005,24.745333333333335,51.41711111111111,94.7234,1.2004,0.7862,-0.27140793650793427,0.827012030075188,Assoungha
986,2006,25.381555555555554,45.13022222222222,95.3608,0.0842,-0.7035,0.3378698412698391,-0.6677894736842106,Assoungha
986,2007,24.707444444444445,38.06744444444445,91.15,-0.5439999999999999,0.5215,-0.3631857142857129,0.5521090225563909,Assoungha
986,2008,24.933666666666667,37.599666666666664,81.2076,-0.8029999999999999,-0.1296,-0.16390793650793611,-0.10409248120300753,Assoungha
986,2009,26.043555555555557,39.254777777777775,96.50399999999999,-0.6714,-0.2538,0.9190365079365073,-0.23339398496240604,Assoungha
986,2010,25.198777777777778,47.61255555555556,97.0196,0.42799999999999994,-0.018999999999999996,0.047314285714286086,-0.003695488721804519,Assoungha
986,2011,25.59222222222222,37.08555555555555,81.63980000000001,-0.7584,-1.1574,0.413814285714281,-1.147196992481203,Assoungha
986,2012,24.494333333333334,54.59777777777778,97.792,1.5173999999999999,1.0249000000000001,-0.7110190476190468,1.0300015037593986,Assoungha
986,2013,25.18811111111111,27.71077777777778,87.71340000000001,-1.2676,-0.19990000000000002,-0.04418571428571738,-0.19990000000000002,Assoungha
986,2014,24.973666666666666,54.026333333333326,95.8852,0.7234,-0.9937,-0.28557460317460226,-0.9988015037593985,Assoungha
986,2015,25.892444444444447,44.28366666666667,88.1624,-0.3702,-0.9537,0.6062587301587321,-0.963903007518797,Assoungha
986,2016,25.18466666666667,44.147777777777776,92.7646,0.3856,0.32599999999999996,-0.12846349206349217,0.31069548872180447,Assoungha
986,2017,25.604777777777777,44.18333333333333,97.50980000000001,0.1706,-0.9590000000000001,0.2647031746031736,-0.9794060150375941,Assoungha
986,2018,25.041,41.40788888888889,96.5916,0.2544,0.39420000000000005,-0.32601904761904876,0.36869248120300757,Assoungha
986,2019,25.452,58.41311111111111,93.1404,1.56,0.1348,0.05803650793651016,0.10419097744360906,Assoungha
986,2020,24.784333333333333,45.68011111111111,97.3966,-0.3566,-0.2828,-0.6365746031746049,-0.31851052631578947,Assoungha
986,2021,25.563333333333333,58.65200000000001,95.5722,0.9888,0.12969999999999998,0.11548095238095257,0.08888796992481204,Assoungha
986,2022,24.83277777777778,45.397444444444446,98.8006,0.2484,0.6244000000000001,-0.6420190476190477,0.5784864661654137,Assoungha
986,2023,26.983777777777775,38.965666666666664,95.6786,-0.4582,0.7463,1.4820365079365025,0.695284962406015,Assoungha
986,2024,25.137888888888888,61.094222222222214,99.25059999999999,1.2975999999999999,0.12440000000000001,-0.39079682539682636,0.0682834586466166,Assoungha
986,2025,25.498333333333335,45.69677777777778,94.502,-0.1678,0.4304,-0.05729682539682557,0.3691819548872181,Assoungha
986,2026,27.891428571428573,33.221428571428575,86.93233333333335,-2.0883333333333334,-1.1828333333333334,2.3088539682539704,-1.2491528822055138,Assoungha
1055,1989,27.948666666666668,16.529555555555554,,-0.5236,,0.4514101587301589,,Mégri
1055,1990,29.19977777777778,8.580777777777778,,-2.0342,,1.6717790476190473,,Mégri
1055,1991,27.81088888888889,18.459444444444443,60.829600000000006,-0.17040000000000002,,0.2521479365079351,,Mégri
1055,1992,27.058222222222224,25.137,70.6808,0.389,,-0.5312609523809542,,Mégri
1055,1993,28.81844444444444,8.922444444444444,25.538400000000003,-2.0244,,1.1982190476190446,,Mégri
1055,1994,25.837666666666664,41.61633333333333,82.28979999999999,1.342,,-1.8133009523809562,,Mégri
1055,1995,27.55188888888889,17.833555555555556,48.4512,-0.7716000000000001,,-0.12982095238095326,,Mégri
1055,1996,28.439444444444444,11.31022222222222,32.791399999999996,-1.6374,,0.7269923809523782,,Mégri
1055,1997,27.70888888888889,17.198666666666668,55.802,-0.21519999999999997,,-0.034305396825399015,,Mégri
1055,1998,26.526333333333334,36.327111111111115,84.336,1.041,,-1.247603174603178,,Mégri
1055,1999,26.03322222222222,43.31133333333333,89.64500000000001,1.8188,,-1.7714565079365094,,Mégri
1055,2000,28.697666666666667,13.766444444444446,42.281,-1.1686,,0.862245714285713,,Mégri
1055,2001,28.137555555555554,27.898555555555554,71.4214,0.9067999999999999,0.1482,0.2713923809523777,0.8167105263157896,Mégri
1055,2002,28.561777777777777,23.195777777777778,58.822199999999995,-0.10400000000000001,-1.0105,0.664872380952378,-0.3976986842105261,Mégri
1055,2003,28.094444444444445,30.21988888888889,65.1242,0.693,-0.3436,0.1667968253968226,0.21349210526315798,Mégri
1055,2004,28.519,14.107000000000001,41.257799999999996,-0.8346,-0.7910999999999999,0.5606101587301531,-0.28971710526315775,Mégri
1055,2005,27.196555555555555,30.745333333333335,79.4162,0.9958,-0.0101,-0.7925765079365092,0.4355736842105264,Mégri
1055,2006,28.765,17.73288888888889,61.4798,-0.52,-0.4569,0.7451257142857131,-0.06693552631578936,Mégri
1055,2007,27.291222222222224,27.62066666666667,59.576800000000006,0.638,0.8986,-0.7593942857142864,1.2328552631578948,Mégri
1055,2008,27.97688888888889,21.099777777777778,38.4334,0.0294,-0.7537,-0.10446984126984304,-0.47515394736842104,Mégri
1055,2009,29.580777777777776,15.064222222222222,49.4108,-0.9874,-1.1421000000000001,1.4686768253968197,-0.9192631578947369,Mégri
1055,2010,28.078111111111113,30.636444444444447,85.25919999999999,1.0832000000000002,0.2571,-0.06473206349206606,0.4242276315789474,Mégri
1055,2011,28.57988888888889,15.838666666666667,42.757,-0.8876000000000002,-0.8654999999999999,0.40630349206348626,-0.7540815789473684,Mégri
1055,2012,27.74577777777778,22.065555555555555,76.99159999999999,0.6292,1.2306,-0.4585498412698428,1.2863092105263156,Mégri
1055,2013,28.293333333333333,13.322555555555555,47.7098,-0.8046,-0.18789999999999998,0.0582634920634888,-0.18789999999999998,Mégri
1055,2014,27.962555555555557,24.566333333333333,62.72860000000001,0.011199999999999993,-0.1842,-0.30325650793650993,-0.2399092105263158,Mégri
1055,2015,29.26611111111111,16.66911111111111,42.915,-1.0615999999999999,-0.5344,0.9695568253968183,-0.6458184210526315,Mégri
1055,2016,28.579444444444448,22.982666666666667,53.8476,0.2318,-0.0593,0.2521479365079351,-0.22642763157894738,Mégri
1055,2017,29.166999999999998,22.676000000000002,63.208600000000004,0.261,-1.3047,0.8089612698412623,-1.527536842105263,Mégri
1055,2018,27.686555555555557,25.404,78.4684,0.6164,0.9209,-0.7022253968253978,0.642353947368421,Mégri
1055,2019,28.076,30.449555555555555,64.8912,1.0168,0.0741,-0.3435231746031775,-0.2601552631578948,Mégri
1055,2020,27.768777777777775,34.70588888888889,68.1736,0.9091999999999999,0.6574,-0.6814876190476262,0.2674355263157894,Mégri
1055,2021,28.649222222222225,26.179111111111112,60.7186,0.41479999999999995,0.9330999999999999,0.1682146031746008,0.48742631578947354,Mégri
1055,2022,28.180666666666667,32.352666666666664,76.974,1.0252,0.7255,-0.3310831746031795,0.22411710526315787,Mégri
1055,2023,30.253,19.371555555555556,50.7682,-0.24500000000000002,-0.37,1.7105079365079305,-0.927092105263158,Mégri
1055,2024,27.19311111111111,45.558,94.7612,1.8582,1.3506,-1.3801231746031775,0.7377986842105262,Mégri
1055,2025,28.76211111111111,26.10477777777778,75.7446,0.2774,0.964,0.1581346031745987,0.2954894736842104,Mégri
1055,2026,31.547142857142855,12.148428571428571,34.36666666666667,-1.6033333333333335,-0.8511666666666666,2.9124241269841207,-1.5753864035087721,Mégri
1533,1989,28.314666666666668,18.69922222222222,,-1.272,,-0.3947428571428553,,Barh-El-Gazel O.
1533,1990,29.22566666666667,17.742444444444445,,-1.5054,,0.5088349206349214,,Barh-El-Gazel O.
1533,1991,29.122888888888887,24.69922222222222,60.1126,-0.558,,0.3986349206349189,,Barh-El-Gazel O.
1533,1992,27.878444444444444,31.326999999999998,63.501999999999995,0.1768,,-0.8532317460317458,,Barh-El-Gazel O.
1533,1993,29.60788888888889,21.110777777777777,37.9062,-1.7338,,0.8687904761904761,,Barh-El-Gazel O.
1533,1994,27.424666666666667,46.638333333333335,82.2902,1.0372,,-1.3218539682539685,,Barh-El-Gazel O.
1533,1995,28.821666666666665,26.875666666666667,56.019600000000004,-0.9772000000000001,,0.06772380952380885,,Barh-El-Gazel O.
1533,1996,29.23911111111111,19.153222222222226,42.8976,-1.6158000000000001,,0.4777460317460296,,Barh-El-Gazel O.
1533,1997,29.326666666666668,36.26144444444444,73.657,0.8172,,0.5578793650793656,,Barh-El-Gazel O.
1533,1998,28.277,43.43655555555555,73.811,0.7847999999999999,,-0.49920952380952244,,Barh-El-Gazel O.
1533,1999,27.33088888888889,40.379777777777775,78.67240000000001,0.7316,,-1.4527428571428587,,Barh-El-Gazel O.
1533,2000,28.942888888888888,27.593666666666664,57.8284,-0.6818,,0.15183492063491855,,Barh-El-Gazel O.
1533,2001,28.59222222222222,33.931000000000004,76.737,0.77,0.2223,-0.20625396825397502,0.2683485714285715,Barh-El-Gazel O.
1533,2002,29.406666666666663,24.76877777777778,50.075,-1.0796,-0.6955,0.6007682539682477,-0.6532888095238095,Barh-El-Gazel O.
1533,2003,28.16411111111111,32.79922222222222,79.5106,0.6552,1.1069,-0.6492095238095246,1.1452738095238095,Barh-El-Gazel O.
1533,2004,29.141555555555556,23.319888888888887,60.476800000000004,-0.5992,-0.8294999999999999,0.3208126984126949,-0.7949635714285713,Barh-El-Gazel O.
1533,2005,28.624,33.11088888888889,77.55420000000001,0.9044000000000001,0.041299999999999996,-0.2041650793650831,0.07199904761904766,Barh-El-Gazel O.
1533,2006,29.13988888888889,33.75522222222222,68.499,0.6082000000000001,0.41859999999999997,0.3043015873015875,0.44546166666666664,Barh-El-Gazel O.
1533,2007,28.266000000000002,28.756000000000004,58.067600000000006,0.0722,0.2789,-0.5770095238095259,0.3019242857142857,Barh-El-Gazel O.
1533,2008,28.964222222222222,24.880777777777777,74.4038,0.07339999999999999,-0.1685,0.11379047619047356,-0.14931309523809522,Barh-El-Gazel O.
1533,2009,29.97266666666667,21.333222222222222,53.504999999999995,-1.3972,-0.2599,1.114812698412699,-0.2445504761904762,Barh-El-Gazel O.
1533,2010,28.997999999999998,33.669333333333334,71.28139999999999,0.5038,-0.2985,0.13272380952380303,-0.28698785714285713,Barh-El-Gazel O.
1533,2011,29.271333333333335,24.811666666666667,56.473800000000004,-0.4854,-0.077,0.3986349206349189,-0.06932523809523808,Barh-El-Gazel O.
1533,2012,28.308777777777777,28.373555555555555,79.5874,0.5504,0.6676,-0.5713428571428594,0.6714373809523809,Barh-El-Gazel O.
1533,2013,29.047777777777778,20.52466666666667,46.1466,-1.1598000000000002,-0.15290000000000004,0.16023492063491673,-0.15290000000000004,Barh-El-Gazel O.
1533,2014,29.61733333333333,26.038333333333334,43.83,-0.9836,-0.1858,0.7223682539682486,-0.18963738095238095,Barh-El-Gazel O.
1533,2015,29.584444444444443,35.74011111111111,62.4708,0.4484,-0.2679,0.6820571428571398,-0.27557476190476193,Barh-El-Gazel O.
1533,2016,28.90488888888889,29.59877777777778,87.4154,0.0878,-0.0806,-0.004920634920637212,-0.09211214285714288,Barh-El-Gazel O.
1533,2017,29.393777777777775,31.557777777777776,78.8596,0.5436,-0.6376999999999999,0.4765460317460253,-0.6530495238095237,Barh-El-Gazel O.
1533,2018,28.465777777777777,31.72222222222222,75.2842,0.8746,1.2907,-0.4588761904761931,1.271513095238095,Barh-El-Gazel O.
1533,2019,28.40911111111111,40.27066666666666,74.804,1.1176,-1.4752999999999998,-0.5229650793650862,-1.4983242857142856,Barh-El-Gazel O.
1533,2020,28.34788888888889,38.75244444444444,72.377,0.8347999999999999,0.4721,-0.5916095238095274,0.44523833333333335,Barh-El-Gazel O.
1533,2021,29.13477777777778,29.418333333333333,61.694,-0.19440000000000002,-0.9849000000000001,0.1878571428571405,-1.0155990476190477,Barh-El-Gazel O.
1533,2022,28.698777777777778,49.33233333333333,89.6892,1.7284,0.7231,-0.2555650793650841,0.6885635714285714,Barh-El-Gazel O.
1533,2023,30.208333333333332,32.75611111111111,77.1066,0.9326000000000001,-0.21140000000000003,1.246568253968249,-0.2497738095238096,Barh-El-Gazel O.
1533,2024,28.291,46.91255555555556,93.015,1.8676000000000001,0.28979999999999995,-0.6781873015873074,0.2475888095238094,Barh-El-Gazel O.
1533,2025,28.83966666666667,41.742111111111114,75.7178,0.74,1.0369000000000002,-0.13694285714285925,0.9908514285714287,Barh-El-Gazel O.
1533,2026,30.66342857142857,21.492142857142856,53.937000000000005,-1.1816666666666666,-0.4545,1.6793968253968217,-0.5043859523809524,Barh-El-Gazel O.
1567,1989,29.09577777777778,18.989,,-0.45120000000000005,,-0.14808677248678137,,Barh-El-Gazel N.
1567,1990,30.043666666666663,13.412888888888888,,-1.4676,,0.7801777777777623,,Barh-El-Gazel N.
1567,1991,29.635666666666665,20.304666666666666,47.1596,-0.2186,,0.3525534391534251,,Barh-El-Gazel N.
1567,1992,28.537333333333336,24.941444444444446,50.824400000000004,0.039200000000000006,,-0.7654042328042401,,Barh-El-Gazel N.
1567,1993,30.151111111111113,14.065555555555555,24.4198,-2.0576,,0.8287492063491975,,Barh-El-Gazel N.
1567,1994,27.712666666666664,46.318,79.3664,1.591,,-1.6293195767195918,,Barh-El-Gazel N.
1567,1995,29.277111111111115,23.051444444444442,44.499,-0.5234,,-0.08449947089947685,,Barh-El-Gazel N.
1567,1996,30.142666666666667,15.274222222222221,27.0202,-1.4123999999999999,,0.7614317460317359,,Barh-El-Gazel N.
1567,1997,30.00588888888889,26.651222222222223,49.5418,0.4418,,0.6050296296296196,,Barh-El-Gazel N.
1567,1998,28.602444444444448,39.85755555555556,66.9112,1.2808,,-0.8180391534391589,,Barh-El-Gazel N.
1567,1999,27.90588888888889,39.91144444444444,81.4592,1.4086,,-1.5342190476190574,,Barh-El-Gazel N.
1567,2000,29.61266666666667,17.265666666666664,36.4414,-1.149,,0.1529343915343837,,Barh-El-Gazel N.
1567,2001,29.14866666666667,25.996111111111112,54.08579999999999,0.6258,0.5205,-0.3306899470899509,0.9057794117647059,Barh-El-Gazel N.
1567,2002,30.118000000000002,18.168,33.0168,-1.5206,-1.1955,0.6190190476190409,-0.8423272058823529,Barh-El-Gazel N.
1567,2003,28.891333333333332,22.44911111111111,48.3646,-0.2576,0.008699999999999958,-0.6272719576719687,0.32976617647058826,Barh-El-Gazel N.
1567,2004,30.175666666666668,18.416222222222224,43.3846,-0.3478,-1.2330999999999999,0.6374370370370315,-0.9441404411764704,Barh-El-Gazel N.
1567,2005,29.141444444444446,30.633555555555557,61.90560000000001,1.215,0.5026,-0.41640952380953067,0.7594529411764707,Barh-El-Gazel N.
1567,2006,29.94588888888889,23.86577777777778,45.194,-0.0636,-0.36579999999999996,0.36841058201057564,-0.14105367647058817,Barh-El-Gazel N.
1567,2007,29.237444444444446,22.11022222222222,40.5148,0.022800000000000015,0.40269999999999995,-0.3596582010582061,0.5953397058823529,Barh-El-Gazel N.
1567,2008,29.802000000000003,24.614444444444445,50.3956,0.7123999999999999,-0.9380999999999999,0.18527301587301181,-0.7775669117647058,Barh-El-Gazel N.
1567,2009,30.840222222222224,15.556222222222223,36.468599999999995,-1.1321999999999999,-1.2201,1.2038708994708927,-1.0916735294117648,Barh-El-Gazel N.
1567,2010,29.74611111111111,28.25311111111111,64.5054,0.5002,0.3819,0.09013544973544185,0.4782198529411765,Barh-El-Gazel N.
1567,2011,30.349333333333334,17.689333333333334,37.266200000000005,-0.7118,-0.6738000000000001,0.6737333333333275,-0.6095867647058824,Barh-El-Gazel N.
1567,2012,29.18722222222222,25.27788888888889,69.8354,0.7776,0.8053,-0.5080021164021247,0.8374066176470588,Barh-El-Gazel N.
1567,2013,29.869999999999997,13.938333333333334,32.3546,-1.3206,0.4494,0.1551513227513155,0.4494,Barh-El-Gazel N.
1567,2014,30.31522222222222,20.360111111111113,39.736000000000004,-0.6516,-0.0064999999999999945,0.5807492063491999,-0.03860661764705882,Barh-El-Gazel N.
1567,2015,30.49677777777778,24.476222222222223,42.2362,-0.0818,0.015899999999999997,0.7426804232804187,-0.04831323529411766,Barh-El-Gazel N.
1567,2016,29.68922222222222,20.845222222222223,58.6764,-0.1726,1.0341,-0.08449947089947685,0.9377801470588235,Barh-El-Gazel N.
1567,2017,30.35088888888889,25.799555555555557,59.229200000000006,0.46299999999999997,0.14129999999999998,0.5575428571428525,0.012873529411764673,Barh-El-Gazel N.
1567,2018,29.156222222222222,23.869,58.571799999999996,0.7819999999999999,0.8202,-0.6567481481481536,0.6596669117647059,Barh-El-Gazel N.
1567,2019,29.020222222222223,32.10888888888889,65.1294,1.1103999999999998,-0.34730000000000005,-0.8123724867724889,-0.539939705882353,Barh-El-Gazel N.
1567,2020,29.205000000000002,28.96988888888889,61.376,0.4746,0.5389,-0.6472190476190498,0.31415367647058823,Barh-El-Gazel N.
1567,2021,30.142666666666667,27.810444444444446,53.0812,0.3548,-0.1778,0.27082328042327575,-0.43465294117647063,Barh-El-Gazel N.
1567,2022,29.956333333333337,38.65688888888889,78.43719999999999,1.2242,0.6732,0.06486560846560963,0.3842404411764706,Barh-El-Gazel N.
1567,2023,31.16977777777778,25.983666666666668,51.974199999999996,0.5598,-0.9040999999999999,1.2586857142857149,-1.2251661764705881,Barh-El-Gazel N.
1567,2024,29.006444444444444,39.86466666666667,85.7132,1.4849999999999999,0.4423,-0.9242719576719622,0.0891272058823529,Barh-El-Gazel N.
1567,2025,30.039888888888886,34.37855555555556,64.0122,0.8326,0.8456999999999999,0.08954814814814327,0.46042058823529397,Barh-El-Gazel N.
1567,2026,31.570142857142855,13.677999999999999,31.991333333333333,-1.618,-0.38749999999999996,1.6001777777777733,-0.8048860294117647,Barh-El-Gazel N.
1645,1989,24.74988888888889,67.99022222222223,,-1.6758,,0.013408465608467424,,Dodjé
1645,1990,25.161444444444445,78.35933333333334,,-0.36,,0.4025714285714308,,Dodjé
1645,1991,25.029666666666667,72.67533333333333,99.6852,-1.0779999999999998,,0.24840105820105762,,Dodjé
1645,1992,24.525111111111112,88.97733333333333,98.11,0.356,,-0.27854708994708943,,Dodjé
1645,1993,25.130444444444446,72.81533333333333,99.0064,-1.284,,0.3043936507936529,,Dodjé
1645,1994,24.864777777777775,88.8758888888889,98.122,0.2222,,0.016334391534389425,,Dodjé
1645,1995,25.061999999999998,82.18333333333334,95.9268,0.5109999999999999,,0.19116402116402043,,Dodjé
1645,1996,24.826333333333334,96.07244444444444,98.3246,0.4394,,-0.06689523809523834,,Dodjé
1645,1997,25.389333333333333,85.64277777777778,99.8284,0.5024,,0.47371216931216864,,Dodjé
1645,1998,25.109111111111112,84.11577777777778,95.4024,-0.7558,,0.17109735449735552,,Dodjé
1645,1999,24.462333333333333,89.04033333333334,94.417,0.175,,-0.49807301587301467,,Dodjé
1645,2000,24.752666666666666,80.571,90.839,-0.9816,,-0.23013227513227363,,Dodjé
1645,2001,24.826,110.37533333333333,97.5634,1.721,0.5606,-0.1791915343915349,-0.4811516483516485,Dodjé
1645,2002,25.232333333333333,79.55711111111111,92.9032,-0.8452,0.8584,0.2047492063492058,-0.09653901098901096,Dodjé
1645,2003,24.878666666666668,83.221,90.5738,0.025600000000000005,0.46430000000000005,-0.17131005291005152,-0.4038263736263735,Dodjé
1645,2004,25.047555555555554,82.49533333333333,95.3036,-0.7091999999999999,1.0105,-0.02481375661375651,0.22918626373626372,Dodjé
1645,2005,25.171777777777777,85.15555555555555,94.0958,0.08940000000000001,1.0979999999999999,0.07701587301587409,0.40349890109890096,Dodjé
1645,2006,25.091444444444445,87.78844444444445,97.5226,0.255,0.7156,-0.02571005291005335,0.10791153846153845,Dodjé
1645,2007,25.022111111111112,75.38433333333334,90.63980000000001,-0.7535999999999999,0.4538,-0.117435978835978,-0.06707582417582425,Dodjé
1645,2008,24.923777777777776,80.38955555555555,84.2764,-0.19540000000000002,0.2934,-0.23816190476190613,-0.1406631868131868,Dodjé
1645,2009,25.428,82.76044444444445,87.2434,-0.1272,0.3136,0.24366772486772703,-0.03365054945054946,Dodjé
1645,2010,25.182000000000002,94.037,99.2476,1.2808,0.3652,-0.024724867724863486,0.10476208791208791,Dodjé
1645,2011,25.137444444444444,87.05377777777778,92.7542,0.6012000000000001,0.07369999999999999,-0.0916730158730168,-0.09992527472527474,Dodjé
1645,2012,24.80655555555556,88.118,98.3582,1.7,0.5108999999999999,-0.44495449735449455,0.4240873626373626,Dodjé
1645,2013,25.056333333333335,81.59777777777778,90.9672,-0.2138,0.5121,-0.21756931216931008,0.5121,Dodjé
1645,2014,25.18588888888889,83.10555555555555,92.03099999999999,-0.255,-0.3931,-0.11040634920634673,-0.30628736263736267,Dodjé
1645,2015,25.703777777777777,88.52111111111111,85.883,0.08059999999999998,-0.4716,0.3850899470899485,-0.2979747252747253,Dodjé
1645,2016,25.567,85.70633333333333,95.2292,0.4002,0.020900000000000002,0.2259195767195763,0.28133791208791215,Dodjé
1645,2017,25.21366666666667,88.50377777777777,97.7788,0.1182,0.6381,-0.14980634920634728,0.9853505494505495,Dodjé
1645,2018,25.38977777777778,73.07055555555556,99.2424,-0.8012,-0.031100000000000003,0.003912169312172864,0.40296318681318677,Dodjé
1645,2019,25.459666666666667,91.38277777777779,95.5538,0.9030000000000001,-0.677,0.05140846560846768,-0.15612417582417581,Dodjé
1645,2020,25.49077777777778,79.30711111111111,98.7644,-1.1174,-0.2575,0.06012698412698825,0.35018846153846156,Dodjé
1645,2021,25.71611111111111,80.70444444444445,96.8648,-0.4614,-1.0005,0.26306772486772445,-0.30599890109890104,Dodjé
1645,2022,25.200888888888887,96.78733333333334,98.648,1.8810000000000002,-0.4337,-0.27454708994709165,0.34761373626373626,Dodjé
1645,2023,25.802222222222223,78.28455555555554,95.1738,0.10799999999999998,-0.9431,0.3043936507936529,-0.07497362637362648,Dodjé
1645,2024,25.66688888888889,75.62555555555555,85.8326,-0.5236,-1.2257,0.14666772486772928,-0.270760989010989,Dodjé
1645,2025,25.315444444444445,92.77244444444445,85.5394,0.3834,-1.8946999999999998,-0.22716931216930902,-0.8529483516483514,Dodjé
1645,2026,26.19142857142857,86.09757142857143,89.21,0.5046666666666667,-1.6555,0.6264222222222209,-0.5269357142857143,Dodjé
1672,1989,27.892666666666667,31.33966666666667,,-0.32999999999999996,,0.1115845238095261,,Batha Est
1672,1990,29.185444444444443,19.100111111111108,,-2.1212,,1.3630150793650806,,Batha Est
1672,1991,28.139333333333333,33.00888888888889,75.906,-0.005999999999999994,,0.2755567460317465,,Batha Est
1672,1992,27.31088888888889,35.91511111111111,81.1476,-0.015599999999999998,,-0.5942349206349178,,Batha Est
1672,1993,28.756444444444444,21.72711111111111,46.2866,-1.7853999999999999,,0.8099734126984153,,Batha Est
1672,1994,26.910333333333334,51.89822222222222,87.5702,1.0059999999999998,,-1.0774849206349195,,Batha Est
1672,1995,27.713,37.11366666666667,79.37780000000001,-0.11699999999999999,,-0.3161654761904735,,Batha Est
1672,1996,28.608111111111114,27.650222222222222,56.79260000000001,-1.0408,,0.537598412698415,,Batha Est
1672,1997,28.41133333333333,25.769666666666666,68.67,-0.724,,0.2994734126984113,,Batha Est
1672,1998,27.540444444444447,54.26177777777778,85.07039999999999,1.3568000000000002,,-0.6127626984126948,,Batha Est
1672,1999,26.866444444444443,58.513,94.974,1.7658,,-1.3281099206349225,,Batha Est
1672,2000,28.77688888888889,31.66655555555555,70.6202,-0.4176,,0.5409873015873039,,Batha Est
1672,2001,28.03011111111111,35.00888888888889,76.3016,0.1246,0.2811,-0.24713769841269695,0.55725,Batha Est
1672,2002,29.012222222222224,35.464777777777776,67.31960000000001,-0.42139999999999994,-0.4956,0.6936261904761913,-0.24246250000000003,Batha Est
1672,2003,27.823888888888888,39.410888888888884,85.62899999999999,0.5276,0.1196,-0.5360543650793659,0.34972499999999995,Batha Est
1672,2004,29.087000000000003,27.403,67.0168,-0.5875999999999999,-0.5146999999999999,0.6857095238095283,-0.30758749999999996,Batha Est
1672,2005,28.040333333333333,40.48566666666667,89.84479999999999,1.016,0.10859999999999999,-0.40230436507936673,0.29269999999999996,Batha Est
1672,2006,29.048666666666666,32.458666666666666,68.3514,-0.5518,-0.27849999999999997,0.564681746031745,-0.11741249999999998,Batha Est
1672,2007,28.523555555555554,32.69911111111111,61.4628,-0.0874,0.5193,-0.0017765873015918032,0.657375,Batha Est
1672,2008,28.296777777777777,37.869777777777784,51.71079999999999,0.596,-0.30729999999999996,-0.26990158730158953,-0.19223749999999998,Batha Est
1672,2009,29.677000000000003,30.61777777777778,64.3528,-0.6228,-0.8625,1.0689734126984156,-0.7704500000000001,Batha Est
1672,2010,28.47511111111111,43.71077777777778,92.33959999999999,1.0242,0.3366,-0.1742626984127007,0.4056375,Batha Est
1672,2011,29.28533333333333,29.752000000000002,57.90220000000001,-0.485,-0.36250000000000004,0.594612301587297,-0.31647500000000006,Batha Est
1672,2012,28.218333333333334,31.179444444444446,90.1948,0.2042,0.7839,-0.5137349206349242,0.8069125,Batha Est
1672,2013,28.92966666666667,23.220777777777776,64.7258,-0.6496000000000001,-0.36519999999999997,0.15625119047619052,-0.36519999999999997,Batha Est
1672,2014,28.890777777777778,36.80533333333333,77.3662,0.10939999999999998,-0.22360000000000002,0.07601507936507801,-0.2466125,Batha Est
1672,2015,29.713777777777775,25.160333333333334,53.774,-1.641,-0.3862,0.8576678571428502,-0.43222499999999997,Batha Est
1672,2016,28.775777777777776,29.727444444444448,76.4144,-0.0984,0.24530000000000002,-0.12167936507936972,0.17626250000000002,Batha Est
1672,2017,29.32911111111111,24.893444444444444,80.0252,-0.859,-0.14400000000000002,0.39030674603174376,-0.23605,Batha Est
1672,2018,28.472888888888885,36.87522222222222,83.0574,0.6932,0.2902,-0.5072626984127062,0.17513750000000003,Batha Est
1672,2019,28.485444444444447,40.56433333333334,77.99980000000001,0.341,-0.5861000000000001,-0.5360543650793659,-0.724175,Batha Est
1672,2020,28.298111111111112,55.29944444444445,84.1024,1.1716,-0.02699999999999997,-0.7647349206349219,-0.18808749999999996,Batha Est
1672,2021,29.44066666666667,46.05755555555556,79.5374,1.0286,0.1445,0.33647341269841036,-0.039599999999999996,Batha Est
1672,2022,28.994999999999997,54.205444444444446,89.439,1.4474,0.8432999999999999,-0.15054047619048205,0.6361874999999999,Batha Est
1672,2023,30.690888888888892,33.977222222222224,72.8142,0.20139999999999997,-0.8657999999999999,1.5040011904761883,-1.0959249999999998,Batha Est
1672,2024,28.338,49.28977777777778,94.1784,1.0922,1.021,-0.8902349206349243,0.7678624999999999,Batha Est
1672,2025,28.922111111111107,55.04833333333333,87.6132,1.3894,1.0066,-0.3474710317460392,0.7304499999999999,Batha Est
1672,2026,31.427,26.47657142857143,52.137,-1.7796666666666667,-0.8976666666666666,2.1160706349206286,-1.1968291666666666,Batha Est
1715,1989,29.4025,9.015375,,-0.371,,0.45761948051947954,,Mourtcha
1715,1990,30.003375,3.704125,,-1.4382,,1.0292331168831126,,Mourtcha
1715,1991,28.997125,9.939375,32.5022,-0.147,,-0.006278246753250727,,Mourtcha
1715,1992,28.486375,10.280625,28.298000000000002,-0.1032,,-0.5462896103896142,,Mourtcha
1715,1993,30.339,1.63775,8.2044,-2.3588,,1.27707402597402,,Mourtcha
1715,1994,26.603375,33.846875,61.4328,1.6460000000000001,,-2.4878123376623407,,Mourtcha
1715,1995,29.610500000000002,5.826499999999999,18.5674,-1.0904,,0.4900512987012995,,Mourtcha
1715,1996,30.116125,3.49975,11.5592,-1.5504,,0.9664149350649325,,Mourtcha
1715,1997,29.2825,10.344125,26.4038,-0.1406,,0.10352857142856564,,Mourtcha
1715,1998,27.88925,23.337875,45.8938,0.9404,,-1.3189827922077946,,Mourtcha
1715,1999,26.985625,22.90075,59.2488,1.2772000000000001,,-2.251869155844158,,Mourtcha
1715,2000,29.90575,6.1416249999999994,17.6,-0.48019999999999996,,0.6389944805194787,,Mourtcha
1715,2001,29.511375,22.798,49.3388,1.2596,-0.014499999999999999,0.21535811688311313,0.43719090909090913,Mourtcha
1715,2002,29.7715,9.19275,24.3714,-0.3758,-1.7948,0.44622175324674984,-1.38075,Mourtcha
1715,2003,30.043875,6.534,20.224600000000002,-0.15460000000000002,-1.1989,0.6893353896103882,-0.8224909090909092,Mourtcha
1715,2004,29.796625,3.329,13.693999999999999,-1.5086,-1.0345,0.4128240259740217,-0.6957318181818182,Mourtcha
1715,2005,28.623125,21.53575,47.196000000000005,1.5504,1.2507000000000001,-0.7899373376623409,1.5518272727272728,Mourtcha
1715,2006,30.211125,7.361875,32.257400000000004,-0.8928,-0.47619999999999996,0.7688012987012947,-0.21271363636363633,Mourtcha
1715,2007,28.168,19.30575,38.8328,0.9305999999999999,0.7284999999999999,-1.303585064935067,0.9543454545454545,Mourtcha
1715,2008,29.399875,11.08475,18.5958,0.012600000000000004,0.2862,-0.10097142857143027,0.47440454545454547,Mourtcha
1715,2009,31.3265,4.838500000000001,23.6328,-0.9228,0.8411,1.7963922077922057,0.9916636363636363,Mourtcha
1715,2010,29.442,20.181125,43.6734,1.062,0.33020000000000005,-0.11736915584415897,0.44312272727272733,Mourtcha
1715,2011,29.88525,5.33425,17.9304,-1.0976,-0.9766999999999999,0.2966194805194782,-0.9014181818181817,Mourtcha
1715,2012,29.358249999999998,13.0745,38.9226,0.7767999999999999,1.7328,-0.2596418831168883,1.770440909090909,Mourtcha
1715,2013,29.74475,8.98725,31.641000000000002,-0.012399999999999994,-0.6227,0.09759675324675143,-0.6227,Mourtcha
1715,2014,29.499125,16.046,40.4448,0.3048,0.1073,-0.17728961038961444,0.06965909090909092,Mourtcha
1715,2015,30.98275,10.52175,28.9226,-0.36419999999999997,-0.5663,1.27707402597402,-0.6415818181818183,Mourtcha
1715,2016,29.647875,5.9855,18.081799999999998,-0.7428,0.1221,-0.08706233766234206,0.009177272727272714,Mourtcha
1715,2017,30.816875,10.372,28.930799999999998,0.162,-0.0694,1.0526762987012965,-0.21996363636363636,Mourtcha
1715,2018,29.294625,19.681874999999998,57.694,1.0526,0.1,-0.4988350649350686,-0.08820454545454545,Mourtcha
1715,2019,29.5475,15.2495,40.7142,0.7283999999999999,0.3355,-0.27522142857143095,0.10965454545454545,Mourtcha
1715,2020,29.164,22.832125,52.294,1.0968,0.40750000000000003,-0.6879827922077943,0.1440136363636364,Mourtcha
1715,2021,30.219875000000002,9.866125,31.8488,0.1944,0.0561,0.33863084415584055,-0.24502727272727276,Mourtcha
1715,2022,30.07775,18.973625,49.1266,0.7318,0.49369999999999997,0.1672444805194786,0.15493181818181812,Mourtcha
1715,2023,31.701875,11.569125,30.498,0.21059999999999998,-1.2724000000000002,1.762108116883116,-1.6488090909090911,Mourtcha
1715,2024,27.76,40.66325,82.15520000000001,2.1762,0.3816,-2.209028246753249,-0.032450000000000034,Mourtcha
1715,2025,30.319499999999998,17.5375,46.5796,0.4744,0.8439000000000001,0.32121038961038195,0.39220909090909095,Mourtcha
1715,2026,33.14633333333333,3.374166666666667,11.619,-1.832,-1.5748333333333333,3.1187823593073496,-2.0641651515151516,Mourtcha
1716,1989,25.296333333333333,59.93,,-0.6686,,-0.11660026455026085,,Barh-Signaka
1716,1990,26.137555555555554,54.931444444444445,,-0.6609999999999999,,0.6995571428571452,,Barh-Signaka
1716,1991,25.668111111111113,57.5131111111111,99.0446,-0.44139999999999996,,0.2050478835978886,,Barh-Signaka
1716,1992,25.300333333333334,59.876777777777775,98.5068,-0.30700000000000005,,-0.18779470899470496,,Barh-Signaka
1716,1993,25.83555555555556,55.49133333333334,99.0292,-1.2022,,0.3223626984127037,,Barh-Signaka
1716,1994,25.21388888888889,72.32133333333333,98.0106,0.3956,,-0.32436878306878114,,Barh-Signaka
1716,1995,25.652555555555555,72.905,99.36019999999999,1.2206,,0.08923306878307002,,Barh-Signaka
1716,1996,25.383,63.94188888888888,99.8854,-0.3538,,-0.20538730158729734,,Barh-Signaka
1716,1997,25.884,49.77044444444444,97.9734,-1.7528,,0.2705478835978887,,Barh-Signaka
1716,1998,25.817555555555558,77.90100000000001,93.6704,0.7036,,0.17903862433863083,,Barh-Signaka
1716,1999,25.098,82.34088888888888,98.4846,1.3146,,-0.5655817460317429,,Barh-Signaka
1716,2000,25.604111111111113,57.726,98.84,-0.6198,,-0.08453544973544425,,Barh-Signaka
1716,2001,25.430888888888887,72.6421111111111,98.16,0.8573999999999999,-0.4133,-0.2828224867724849,-0.18437573529411766,Barh-Signaka
1716,2002,26.15722222222222,58.916888888888884,96.6886,-0.807,-0.2639,0.4184460317460328,-0.05405275735294121,Barh-Signaka
1716,2003,25.383666666666667,70.13144444444444,99.5976,1.0182,0.5266,-0.3801743386243359,0.7173702205882353,Barh-Signaka
1716,2004,25.82477777777778,61.214111111111116,99.0968,-0.264,0.5995,0.035871957671961496,0.7711931985294118,Barh-Signaka
1716,2005,25.91722222222222,71.174,98.9728,1.3992,-0.2339,0.10325158730159245,-0.08128382352941177,Barh-Signaka
1716,2006,26.021,56.858777777777775,91.651,-1.0726,-0.7463,0.18196455026455638,-0.6127608455882353,Barh-Signaka
1716,2007,25.68411111111111,60.41622222222222,94.6978,-0.26880000000000004,-0.3923,-0.17998915343914845,-0.2778378676470588,Barh-Signaka
1716,2008,25.634666666666664,65.336,98.3238,0.8126,0.278,-0.25449841269841045,0.3733851102941177,Barh-Signaka
1716,2009,26.349444444444444,51.97922222222222,93.9944,-1.3135999999999999,-0.9316,0.43521455026455413,-0.8552919117647059,Barh-Signaka
1716,2010,25.92711111111111,71.54622222222221,97.7906,1.5586,-0.0736,-0.012183597883595354,-0.016368933823529414,Barh-Signaka
1716,2011,26.066222222222223,65.60511111111111,95.9054,0.6396,-0.6465,0.10186269841270246,-0.608345955882353,Barh-Signaka
1716,2012,25.574555555555555,60.03188888888889,99.435,0.2294,0.7826,-0.41486878306877983,0.8016770220588235,Barh-Signaka
1716,2013,25.81311111111111,57.80277777777778,97.861,-0.33199999999999996,-0.148,-0.20137804232803802,-0.148,Barh-Signaka
1716,2014,26.069888888888887,56.78477777777778,93.9872,-0.7798,-0.8503000000000001,0.0303349206349246,-0.8693770220588236,Barh-Signaka
1716,2015,26.773,63.35344444444445,98.2724,0.093,-1.2086000000000001,0.7083812169312225,-1.2467540441176472,Barh-Signaka
1716,2016,26.276111111111113,54.27044444444444,99.48979999999999,-0.6352,0.44789999999999996,0.18642751322752105,0.3906689338235294,Barh-Signaka
1716,2017,26.221444444444444,62.26044444444445,99.3862,0.23399999999999999,0.3298,0.10669603174603637,0.25349191176470587,Barh-Signaka
1716,2018,26.117444444444445,67.92888888888889,99.1328,0.5568,0.20800000000000002,-0.022368783068777987,0.11261488970588238,Barh-Signaka
1716,2019,25.989444444444445,62.25388888888889,99.3746,-0.3036,0.8292999999999999,-0.17543359788359325,0.7148378676470588,Barh-Signaka
1716,2020,25.889666666666667,63.32388888888889,98.4078,-0.5676,0.5137,-0.30027619047618614,0.3801608455882354,Barh-Signaka
1716,2021,26.490444444444442,66.25188888888889,98.3374,-0.016400000000000005,0.049699999999999994,0.27543677248677767,-0.10291617647058823,Barh-Signaka
1716,2022,25.665333333333333,74.02744444444444,99.4974,0.8497999999999999,0.09310000000000002,-0.5747391534391468,-0.07859319852941174,Barh-Signaka
1716,2023,27.023,65.39511111111112,99.3506,0.4686,1.3465,0.7578626984127048,1.1557297794117647,Barh-Signaka
1716,2024,26.205666666666666,79.36511111111112,94.4432,1.1952,-0.22410000000000002,-0.08453544973544425,-0.43394724264705886,Barh-Signaka
1716,2025,26.15822222222222,81.66944444444444,90.4688,0.9359999999999999,-0.28490000000000004,-0.1570447089947038,-0.5138242647058824,Barh-Signaka
1716,2026,27.493142857142857,55.45128571428571,97.41966666666667,-1.2013333333333334,-0.05216666666666667,1.1528111111111166,-0.30016795343137254,Barh-Signaka
1731,1989,25.166666666666668,77.32066666666667,,-0.2104,,0.08855480859011067,,Grande Sido
1731,1990,25.67211111111111,60.42777777777778,,-1.5032,,0.5712345471521978,,Grande Sido
1731,1991,25.281555555555556,55.184888888888885,95.32039999999999,-2.3096,,0.15791428571429122,,Grande Sido
1731,1992,24.91611111111111,92.5068888888889,88.0864,0.307,,-0.2302948646125067,,Grande Sido
1731,1993,25.421888888888887,66.91244444444445,93.9532,-1.3961999999999999,,0.25271820728291416,,Grande Sido
1731,1994,25.202555555555552,91.98088888888888,84.5838,0.6068,,0.010620168067227098,,Grande Sido
1731,1995,25.415000000000003,74.02822222222223,93.53200000000001,-0.5518,,0.20029990662932562,,Grande Sido
1731,1996,25.045666666666666,71.18411111111112,94.3296,-0.6012000000000001,,-0.19179813258636358,,Grande Sido
1731,1997,25.60788888888889,65.30733333333333,94.0732,-1.0894,,0.3476593837535056,,Grande Sido
1731,1998,25.342666666666666,84.18655555555556,86.10159999999999,0.036800000000000006,,0.0596724556489292,,Grande Sido
1731,1999,24.894111111111112,93.44122222222222,83.05,0.7407999999999999,,-0.4116478057889772,,Grande Sido
1731,2000,25.208777777777776,80.46444444444444,76.98,-0.2582,,-0.1197458450046689,,Grande Sido
1731,2001,25.168222222222223,103.02788888888888,82.6896,1.3434000000000001,-0.49340000000000006,-0.18306610644257404,-0.7727761904761905,Grande Sido
1731,2002,25.595222222222223,64.67166666666668,77.5256,-1.119,0.1331,0.22116918767507343,-0.12299484126984123,Grande Sido
1731,2003,25.259333333333334,71.86455555555555,85.8742,-0.7732,-0.1206,-0.1374844070961707,-0.353413492063492,Grande Sido
1731,2004,25.414666666666665,69.94822222222223,89.39059999999999,-0.7418,0.9285000000000001,-0.00491577964519152,0.7189678571428573,Grande Sido
1731,2005,25.533666666666665,78.76255555555556,93.6174,-0.3532,0.25389999999999996,0.09131951447245612,0.06764920634920635,Grande Sido
1731,2006,25.46933333333333,85.34611111111111,91.2548,0.6264000000000001,0.0625,0.004221475256770191,-0.10046944444444442,Grande Sido
1731,2007,25.38711111111111,74.87922222222223,84.07939999999999,-0.5162,0.7875,-0.10076545284780636,0.6478119047619048,Grande Sido
1731,2008,25.270888888888887,95.056,84.5074,1.1416,0.8497000000000001,-0.23975238095238183,0.7332932539682542,Grande Sido
1731,2009,25.927888888888887,80.21433333333333,89.45,0.5388,-0.4405,0.39448291316526607,-0.5336253968253968,Grande Sido
1731,2010,25.55377777777778,86.46455555555556,88.7296,0.9730000000000001,0.012699999999999996,-0.002392903828198456,-0.057144047619047615,Grande Sido
1731,2011,25.589555555555556,88.374,78.45439999999999,0.7282,-0.6739999999999999,0.010620168067227098,-0.7205626984126984,Grande Sido
1731,2012,25.227999999999998,89.25244444444444,90.1396,1.387,0.09209999999999999,-0.3737000933706831,0.06881865079365079,Grande Sido
1731,2013,25.39466666666667,77.84666666666666,90.0712,0.5434,0.1273,-0.22979813258636383,0.1273,Grande Sido
1731,2014,25.62688888888889,83.07811111111111,91.9914,0.213,0.6247,-0.020340616246500076,0.6479813492063492,Grande Sido
1731,2015,26.197333333333333,68.93655555555556,87.12039999999999,-0.9347999999999999,-0.2915,0.5273391223155919,-0.2449373015873016,Grande Sido
1731,2016,25.824444444444442,95.95422222222221,93.0472,1.189,0.3034,0.1316855275443487,0.3732440476190476,Grande Sido
1731,2017,25.715666666666667,92.59144444444445,91.4056,1.0108000000000001,-0.2569,0.00014304388421848557,-0.1637746031746032,Grande Sido
1731,2018,25.75788888888889,62.053222222222225,92.1596,-0.9086000000000001,-0.2599,0.01960056022408807,-0.14349325396825402,Grande Sido
1731,2019,25.837000000000003,95.44244444444445,86.02860000000001,0.7598,-0.1788,0.07594696545285018,-0.039111904761904764,Grande Sido
1731,2020,25.780555555555555,84.68277777777777,84.70439999999999,-0.221,-0.15610000000000002,-0.0032621848739537995,0.0068694444444444,Grande Sido
1731,2021,25.823888888888888,91.2328888888889,83.042,0.6926,-0.5401,0.01730644257702707,-0.3538492063492064,Grande Sido
1731,2022,25.279444444444444,88.01033333333334,93.16499999999999,0.9586,0.2941,-0.5499027077497693,0.5036321428571428,Grande Sido
1731,2023,26.167,77.37244444444444,91.6336,-0.25620000000000004,-0.3307,0.3148881419234364,-0.097886507936508,Grande Sido
1731,2024,26.077333333333332,117.6041111111111,72.3466,2.1393999999999997,-0.8943000000000001,0.20245676937441104,-0.6382051587301589,Grande Sido
1731,2025,25.656444444444446,88.405,77.3392,-0.18739999999999998,-0.3271,-0.24119682539682685,-0.04772380952380956,Grande Sido
1731,2026,26.53457142857143,55.70742857142857,82.49666666666667,-1.9969999999999999,0.07516666666666666,0.6141654528478036,0.37782420634920627,Grande Sido
1824,1989,28.236666666666665,19.04388888888889,,-0.591,,0.378710317460321,,Biltine
1824,1990,29.528888888888886,11.851222222222223,,-1.8509999999999998,,1.6384047619047664,,Biltine
1824,1991,28.131999999999998,24.272000000000002,66.7812,0.07200000000000001,,0.20898809523810158,,Biltine
1824,1992,27.300444444444445,27.393888888888892,71.9666,0.265,,-0.6550952380952317,,Biltine
1824,1993,29.127111111111113,11.647777777777778,33.6914,-1.9712,,1.1390436507936563,,Biltine
1824,1994,26.409666666666666,43.30822222222222,86.89580000000001,1.2916,,-1.6109285714285662,,Biltine
1824,1995,27.87811111111111,21.476555555555553,60.5096,-0.39699999999999996,,-0.17501190476189876,,Biltine
1824,1996,28.768333333333334,14.488444444444447,38.324400000000004,-1.5288,,0.6826825396825456,,Biltine
1824,1997,28.021333333333335,19.543777777777777,59.602,-0.1022,,-0.09684523809523071,,Biltine
1824,1998,27.011777777777777,38.29822222222222,84.287,0.9503999999999999,,-1.1389285714285684,,Biltine
1824,1999,26.56822222222222,44.260666666666665,92.5936,1.591,,-1.6150119047619036,,Biltine
1824,2000,28.985333333333333,16.578555555555553,48.943599999999996,-1.0779999999999998,,0.7695714285714317,,Biltine
1824,2001,28.314,29.03633333333333,72.3284,0.7106,0.8735999999999999,0.06571031746031863,1.3151563636363637,Biltine
1824,2002,28.91422222222222,25.125666666666667,64.01599999999999,-0.196,-0.5042,0.6334047619047638,-0.09943999999999992,Biltine
1824,2003,28.233999999999998,33.467666666666666,70.9534,0.8131999999999999,-0.4083,-0.07934523809523952,-0.040336363636363615,Biltine
1824,2004,29.046666666666667,16.54288888888889,46.566199999999995,-0.7697999999999999,-0.6339,0.7007936507936527,-0.30273272727272726,Biltine
1824,2005,27.704,33.412000000000006,80.5716,1.2142,-0.0538,-0.6744007936507934,0.2405709090909091,Biltine
1824,2006,29.044333333333334,21.232,63.576800000000006,-0.488,-0.5583,0.6334047619047638,-0.3007254545454545,Biltine
1824,2007,27.997555555555557,25.936777777777777,56.3506,0.1618,0.6906,-0.4459007936507895,0.9113781818181819,Biltine
1824,2008,28.40211111111111,22.581222222222223,39.318200000000004,-0.10300000000000001,-0.5274,-0.07387301587301565,-0.3434181818181818,Biltine
1824,2009,29.803888888888892,19.234222222222222,52.6828,-0.8242,-0.6755,1.2953769841269853,-0.5283145454545455,Biltine
1824,2010,28.388444444444445,36.31055555555556,88.4996,1.365,0.807,-0.15259523809523756,0.9173890909090909,Biltine
1824,2011,29.184222222222225,18.648333333333333,46.1088,-0.9268000000000001,-0.8695999999999999,0.6106547619047653,-0.7960072727272727,Biltine
1824,2012,28.18877777777778,23.394777777777776,83.6044,0.5848,1.3622,-0.4173174603174594,1.3989963636363638,Biltine
1824,2013,28.705333333333336,15.298444444444442,49.2356,-0.881,-0.37529999999999997,0.0667103174603163,-0.37529999999999997,Biltine
1824,2014,28.589444444444446,25.733888888888888,66.7968,-0.060399999999999995,-0.0491,-0.08170634920634967,-0.08589636363636363,Biltine
1824,2015,29.583333333333332,15.866777777777777,41.8312,-1.5256,-0.35140000000000005,0.8796547619047566,-0.4249927272727273,Biltine
1824,2016,28.823555555555554,26.813000000000002,62.04639999999999,0.4782,-0.05789999999999999,0.08734920634920229,-0.16828909090909092,Biltine
1824,2017,29.314333333333334,21.76822222222222,68.7072,-0.11440000000000002,-1.1099999999999999,0.5455992063492054,-1.2571854545454544,Biltine
1824,2018,28.307111111111112,25.99588888888889,77.6208,0.4196,0.22890000000000002,-0.49415079365079606,0.04491818181818183,Biltine
1824,2019,28.497666666666664,29.102333333333334,68.6736,0.6774,-0.1229,-0.3361230158730244,-0.3436781818181818,Biltine
1824,2020,28.162777777777777,35.29888888888889,70.033,0.624,0.514,-0.703539682539688,0.2564254545454545,Biltine
1824,2021,29.133666666666663,34.17366666666666,69.7696,0.869,0.6384,0.23482142857141852,0.34402909090909084,Biltine
1824,2022,28.66177777777778,37.59144444444445,80.4802,1.3678000000000001,0.8014,-0.269595238095242,0.47023272727272725,Biltine
1824,2023,30.558444444444447,23.336444444444442,59.74739999999999,-0.0058,-0.7491,1.59454365079365,-1.1170636363636364,Biltine
1824,2024,27.807333333333332,49.839555555555556,95.4912,1.9398,0.6443,-1.1890952380952449,0.23953999999999992,Biltine
1824,2025,29.09011111111111,29.133444444444446,78.5256,0.2988,1.3593000000000002,0.06115476190475633,0.9177436363636364,Biltine
1824,2026,31.65885714285714,14.982428571428573,39.06,-1.6583333333333332,-0.9046666666666666,2.597373015873007,-1.383019393939394,Biltine
1901,1989,25.656666666666666,50.50377777777778,,-0.9693999999999999,,-0.1954539682539682,,Abtouyour
1901,1990,26.686,42.904777777777774,,-1.2606,,0.809101587301587,,Abtouyour
1901,1991,26.209111111111113,58.769777777777776,97.974,0.329,,0.30743492063492184,,Abtouyour
1901,1992,25.659222222222223,56.21988888888889,99.09639999999999,0.40119999999999995,,-0.26723174603174726,,Abtouyour
1901,1993,26.403555555555556,48.85344444444444,97.4256,-0.8657999999999999,,0.45232380952381135,,Abtouyour
1901,1994,25.352444444444444,76.16388888888889,97.1414,1.3632,,-0.6235650793650791,,Abtouyour
1901,1995,26.022222222222226,57.76122222222222,99.2194,-0.10459999999999998,,0.021434920634924026,,Abtouyour
1901,1996,25.924555555555557,52.60055555555555,99.45320000000001,-0.7602,,-0.10100952380952322,,Abtouyour
1901,1997,26.305111111111113,42.03133333333333,95.435,-1.6518000000000002,,0.2547682539682583,,Abtouyour
1901,1998,26.148555555555554,71.65155555555556,92.1168,0.952,,0.07343492063492008,,Abtouyour
1901,1999,25.38377777777778,78.12044444444444,99.1526,1.6962,,-0.7161206349206317,,Abtouyour
1901,2000,26.163777777777778,48.82322222222222,98.7612,-0.791,,0.039101587301587415,,Abtouyour
1901,2001,25.887444444444444,56.92166666666666,99.4592,0.3224,-0.1685,-0.2620095238095246,0.5529235294117647,Abtouyour
1901,2002,26.701777777777778,53.95677777777777,93.25019999999999,-0.7366,-0.6451,0.5275460317460343,0.01620490196078428,Abtouyour
1901,2003,25.713,63.858444444444444,99.7432,0.9978,-0.271,-0.4860095238095212,0.33018627450980387,Abtouyour
1901,2004,26.36888888888889,48.70322222222222,97.0588,-0.5542,-0.15480000000000002,0.14510158730158906,0.38626764705882344,Abtouyour
1901,2005,26.147555555555556,60.554222222222215,99.43039999999999,1.0736,-0.054900000000000004,-0.10100952380952322,0.42604901960784314,Abtouyour
1901,2006,26.564555555555557,57.236111111111114,87.2938,-0.1844,-1.0169,0.2912126984127035,-0.5960696078431371,Abtouyour
1901,2007,26.204444444444444,48.00511111111111,89.0276,-0.7464000000000001,-0.30889999999999995,-0.09367619047618803,0.05181176470588239,Abtouyour
1901,2008,26.037,66.11611111111111,98.89059999999999,1.5896000000000001,-0.5604,-0.2858984126984119,-0.25980686274509807,Abtouyour
1901,2009,26.87788888888889,46.769333333333336,91.3524,-1.295,-1.0493000000000001,0.5302126984127007,-0.8088254901960785,Abtouyour
1901,2010,26.360777777777777,58.599999999999994,98.8404,0.9970000000000001,-0.6437999999999999,-0.01167619047619084,-0.46344411764705873,Abtouyour
1901,2011,26.558666666666667,56.992,95.6448,0.4504,-0.4501,0.1614349206349246,-0.3298627450980392,Abtouyour
1901,2012,25.872555555555557,47.25988888888889,99.2278,-0.22800000000000004,0.7242999999999999,-0.5494539682539639,0.7844186274509803,Abtouyour
1901,2013,26.394,48.15822222222222,97.26419999999999,-0.29100000000000004,-0.2444,-0.05278730158730127,-0.2444,Abtouyour
1901,2014,26.65288888888889,51.461333333333336,91.4236,-0.6616,-0.7158,0.18132380952381055,-0.7759186274509804,Abtouyour
1901,2015,27.24811111111111,56.05233333333334,95.4862,-0.28700000000000003,-0.9704,0.7517682539682582,-1.0906372549019607,Abtouyour
1901,2016,26.83877777777778,47.9,98.88579999999999,-0.657,-0.19190000000000002,0.3176571428571471,-0.37225588235294116,Abtouyour
1901,2017,26.751444444444445,51.44144444444444,98.84,-0.14900000000000002,0.6529,0.20554603174603514,0.41242549019607844,Abtouyour
1901,2018,26.266444444444446,70.38222222222221,99.3172,1.6232,0.8578,-0.30423174603174274,0.5572068627450981,Abtouyour
1901,2019,26.31788888888889,58.65033333333333,98.6662,0.24819999999999998,0.7432,-0.27756507936507546,0.38248823529411763,Abtouyour
1901,2020,26.11877777777778,46.582,98.2908,-1.2464,-0.0902,-0.501453968253962,-0.5110303921568627,Abtouyour
1901,2021,27.034333333333333,60.352444444444444,98.546,0.29619999999999996,0.625,0.3893238095238125,0.14405098039215686,Abtouyour
1901,2022,26.18,72.039,99.2542,0.7558,1.1962,-0.4897873015872989,0.6551323529411764,Abtouyour
1901,2023,27.637,56.282000000000004,98.8244,0.31720000000000004,1.7861,0.9424349206349234,1.1849137254901962,Abtouyour
1901,2024,26.401888888888887,76.01922222222223,97.2286,1.458,0.0898,-0.31745396825396455,-0.5715049019607843,Abtouyour
1901,2025,26.593,84.08133333333333,93.21340000000001,1.8242,0.6928000000000001,-0.15112063492063044,-0.028623529411764603,Abtouyour
1901,2026,28.148714285714284,51.73314285714286,94.42366666666668,-1.2116666666666667,0.18166666666666667,1.3798158730158754,-0.5998754901960784,Abtouyour
2005,1989,26.21377777777778,46.967333333333336,,-0.6285999999999999,,-0.04355209235209401,,Mangalmé
2005,1990,27.33511111111111,34.285555555555554,,-2.174,,1.0431347763347745,,Mangalmé
2005,1991,26.632666666666665,53.368,95.78479999999999,0.472,,0.306043867243865,,Mangalmé
2005,1992,26.01211111111111,55.60644444444445,96.5934,0.1356,,-0.3491581529581538,,Mangalmé
2005,1993,26.706333333333333,38.391555555555556,86.001,-1.7052,,0.31041760461760504,,Mangalmé
2005,1994,25.891000000000002,71.337,99.12899999999999,0.9827999999999999,,-0.5395621933621904,,Mangalmé
2005,1995,26.373222222222225,52.04511111111111,98.45840000000001,-0.5838,,-0.09198643578643484,,Mangalmé
2005,1996,26.527666666666665,49.26188888888888,94.8228,-0.5232,,0.0278115440115414,,Mangalmé
2005,1997,26.701222222222224,39.65777777777778,95.8682,-1.0219999999999998,,0.1667206349206367,,Mangalmé
2005,1998,26.505,66.56166666666667,94.0356,0.77,,-0.0641480519480524,,Mangalmé
2005,1999,25.821444444444445,79.46855555555555,99.4182,1.918,,-0.78235007215007,,Mangalmé
2005,2000,26.890888888888888,47.22866666666667,97.15,-0.42539999999999994,,0.25244790764790537,,Mangalmé
2005,2001,26.459777777777777,53.29955555555555,97.3982,0.17040000000000002,-0.0336,-0.21330966810966956,0.23036727272727273,Mangalmé
2005,2002,27.32,54.090888888888884,89.5874,-0.3538,-0.4512,0.6122660894660896,-0.20923,Mangalmé
2005,2003,26.080111111111112,55.532555555555554,99.1658,0.5378000000000001,0.5836,-0.6622692640692627,0.8035727272727273,Mangalmé
2005,2004,27.144666666666666,48.03,97.071,-0.35,0.1601,0.3676398268398273,0.35807545454545453,Mangalmé
2005,2005,26.537999999999997,58.68022222222222,99.30019999999999,1.2836,0.2856,-0.27367330447330573,0.46157818181818183,Mangalmé
2005,2006,27.227888888888888,52.86622222222222,87.5534,-0.2306,-1.2976,0.381569119769118,-1.143619090909091,Mangalmé
2005,2007,26.78222222222222,47.94422222222222,88.715,-0.12840000000000001,-0.0138,-0.09874401154401369,0.11818363636363635,Mangalmé
2005,2008,26.656444444444446,55.68511111111111,83.3676,0.8782,0.0010000000000000009,-0.2591682539682516,0.11098636363636363,Mangalmé
2005,2009,27.56411111111111,44.23311111111111,90.1132,-0.8542,-0.366,0.6138519480519484,-0.2780109090909091,Mangalmé
2005,2010,26.943333333333335,56.42666666666666,98.49080000000001,0.8686,-0.046400000000000004,-0.041572294372290486,0.019591818181818176,Mangalmé
2005,2011,27.333444444444446,44.521,85.8268,-0.5368,-0.7617,0.31389235209235267,-0.7177054545454546,Mangalmé
2005,2012,26.438222222222223,47.92766666666667,98.8398,0.3066,0.9198,-0.6159763347763345,0.9417972727272726,Mangalmé
2005,2013,27.08377777777778,38.29711111111111,92.96459999999999,-0.8926000000000001,-0.046599999999999996,-0.005067243867241444,-0.046599999999999996,Mangalmé
2005,2014,27.256777777777778,55.98866666666666,94.9452,0.31260000000000004,-0.21689999999999998,0.1332862914862929,-0.2388972727272727,Mangalmé
2005,2015,28.049555555555557,47.38666666666667,88.4538,-0.9890000000000001,-0.7809999999999999,0.8914176046176081,-0.8249945454545453,Mangalmé
2005,2016,27.230222222222224,39.35788888888889,96.8998,-0.8526,0.2016,0.03743780663781138,0.13560818181818182,Mangalmé
2005,2017,27.37811111111111,42.040333333333336,98.89,-0.7312,-0.7527999999999999,0.15068023088022997,-0.8407890909090908,Mangalmé
2005,2018,26.906444444444443,63.703111111111106,98.9654,1.2846,0.2244,-0.3556329004329015,0.11441363636363636,Mangalmé
2005,2019,27.037555555555556,56.61977777777778,97.7432,0.2912,-0.7831999999999999,-0.2591682539682516,-0.9151836363636363,Mangalmé
2005,2020,26.771666666666665,64.86888888888889,99.4158,0.6082,0.058800000000000005,-0.5597036075036073,-0.09518090909090908,Mangalmé
2005,2021,27.838222222222225,58.564,96.886,0.5988,-0.015700000000000006,0.47220548340548874,-0.1916781818181818,Mangalmé
2005,2022,26.831555555555557,72.22677777777777,99.3652,1.2768,0.8160000000000001,-0.5691076479076465,0.6180245454545455,Mangalmé
2005,2023,28.753555555555554,51.772999999999996,96.6378,0.3094,0.8715999999999999,1.3182458874458867,0.6516272727272727,Mangalmé
2005,2024,27.127666666666666,69.288,98.71180000000001,1.1404,0.4207,-0.34228946608946487,0.17873000000000003,Mangalmé
2005,2025,27.231555555555556,74.76666666666667,95.26,1.3488,0.9900000000000001,-0.27304704184703965,0.7260327272727274,Mangalmé
2005,2026,29.34042857142857,47.23128571428571,83.877,-1.5490000000000002,-0.18666666666666668,1.8011795093795122,-0.47263121212121206,Mangalmé
2011,1989,24.821,71.68933333333334,,-1.1068,,-0.013110317460316878,,Ngourkosso
2011,1990,25.398444444444447,77.62755555555556,,-0.42000000000000004,,0.543163492063492,,Ngourkosso
2011,1991,25.122333333333334,75.35355555555556,99.99459999999999,-0.433,,0.24588174603174195,,Ngourkosso
2011,1992,24.570888888888888,91.4828888888889,99.9922,0.6906,,-0.3267333333333369,,Ngourkosso
2011,1993,25.35477777777778,67.33922222222222,99.9808,-1.795,,0.43598492063492245,,Ngourkosso
2011,1994,24.981,97.21155555555555,99.95439999999999,0.891,,0.04103650793650715,,Ngourkosso
2011,1995,25.224,75.86200000000001,99.9614,-0.1836,,0.26286587301586906,,Ngourkosso
2011,1996,24.80655555555556,92.08322222222222,99.981,0.07240000000000002,,-0.17574920634920588,,Ngourkosso
2011,1997,25.413666666666668,82.53788888888889,99.999,0.1572,,0.4101912698412704,,Ngourkosso
2011,1998,25.113666666666667,90.27699999999999,99.97540000000001,0.45999999999999996,,0.08902063492063306,,Ngourkosso
2011,1999,24.555444444444444,81.879,99.95779999999999,-0.3502,,-0.4903722222222271,,Ngourkosso
2011,2000,24.837555555555557,74.33999999999999,99.8782,-1.0774,,-0.22943174603174654,,Ngourkosso
2011,2001,24.79788888888889,108.67522222222222,99.9692,1.5884,-0.014699999999999998,-0.2902690476190486,-0.4487571428571429,Ngourkosso
2011,2002,25.348444444444443,86.26344444444445,99.2508,-0.11200000000000002,0.3159,0.23911587301586934,-0.08198571428571433,Ngourkosso
2011,2003,24.871111111111112,87.10622222222223,99.81,0.4640000000000001,0.6555,-0.25938809523809425,0.2937857142857142,Ngourkosso
2011,2004,25.096999999999998,78.5141111111111,99.9602,-0.7804,1.4374,-0.05466984126984542,1.1118571428571429,Ngourkosso
2011,2005,25.307666666666666,85.75333333333333,99.99480000000001,0.053000000000000005,0.6759999999999999,0.13482619047618982,0.3866285714285713,Ngourkosso
2011,2006,25.216,93.78488888888889,99.9826,0.6846,0.0278,0.02198888888888817,-0.22540000000000004,Ngourkosso
2011,2007,25.05988888888889,76.80177777777777,99.745,-0.5940000000000001,0.44539999999999996,-0.1552928571428609,0.2283714285714285,Ngourkosso
2011,2008,24.993777777777776,85.58522222222223,99.3562,0.3194,0.1263,-0.24257460317460655,-0.05455714285714289,Ngourkosso
2011,2009,25.535333333333334,70.06344444444444,99.1054,-1.2628,-0.8545,0.2778103174603146,-0.9991857142857143,Ngourkosso
2011,2010,25.244444444444444,87.22366666666667,99.999,1.1436,-0.1905,-0.034249206349208805,-0.29901428571428573,Ngourkosso
2011,2011,25.223444444444443,95.73877777777778,99.908,1.1796,-0.17259999999999998,-0.07641984126984624,-0.24494285714285713,Ngourkosso
2011,2012,24.950777777777777,90.68188888888888,99.9968,1.7584,0.8085,-0.3702571428571453,0.7723285714285715,Ngourkosso
2011,2013,25.101444444444446,79.43755555555555,99.713,0.6312,-0.6075999999999999,-0.2407611111111123,-0.6075999999999999,Ngourkosso
2011,2014,25.349555555555554,80.10944444444445,99.4482,-0.3808,0.028599999999999997,-0.013820634920637787,0.06477142857142858,Ngourkosso
2011,2015,25.83877777777778,76.28833333333334,99.2164,-1.0504000000000002,-0.0377,0.45423095238095357,0.034642857142857156,Ngourkosso
2011,2016,25.672666666666668,83.36422222222222,99.9518,0.16840000000000002,-0.0377,0.2669492063492065,0.07081428571428573,Ngourkosso
2011,2017,25.313888888888886,85.98355555555555,99.994,0.0158,0.4073,-0.11299920634920824,0.5519857142857143,Ngourkosso
2011,2018,25.507777777777775,78.63033333333334,99.99600000000001,-0.28440000000000004,-0.2523,0.05971904761904412,-0.07144285714285714,Ngourkosso
2011,2019,25.58522222222222,94.14233333333333,99.9888,0.852,-0.2708,0.11599285714285656,-0.053771428571428526,Ngourkosso
2011,2020,25.52177777777778,69.11877777777778,99.99359999999999,-1.9058,0.1379,0.03137777777777728,0.3911,Ngourkosso
2011,2021,25.749777777777776,88.24366666666667,99.8406,-0.2158,-0.08880000000000002,0.23820714285714217,0.2005714285714286,Ngourkosso
2011,2022,25.18488888888889,98.48622222222222,99.997,1.637,-0.7758,-0.34785238095238213,-0.45025714285714286,Ngourkosso
2011,2023,25.816777777777776,70.71033333333334,99.9774,-0.8987999999999999,0.19119999999999998,0.26286587301586906,0.5529142857142857,Ngourkosso
2011,2024,25.676444444444442,91.31566666666667,99.2706,0.701,-0.4214,0.10136190476190166,-0.023514285714285654,Ngourkosso
2011,2025,25.32766666666667,99.02266666666668,98.8606,0.2876,-1.5483,-0.2685865079365044,-1.114242857142857,Ngourkosso
2011,2026,26.304142857142857,71.78757142857143,99.488,-0.7326666666666667,-1.1475,0.6867190476190466,-0.6772714285714285,Ngourkosso
2013,1989,24.753333333333334,68.73622222222222,,-0.663,,0.07531111111111244,,Kouh Ouest
2013,1990,25.169888888888888,76.63066666666667,,-0.11240000000000001,,0.4700444444444436,,Kouh Ouest
2013,1991,24.947111111111113,64.08377777777778,97.995,-1.3636,,0.22544444444444522,,Kouh Ouest
2013,1992,24.372666666666667,94.04988888888889,87.17519999999999,0.43699999999999994,,-0.3708222222222233,,Kouh Ouest
2013,1993,25.11266666666667,63.36811111111111,88.18299999999999,-1.7193999999999998,,0.3473555555555592,,Kouh Ouest
2013,1994,24.834333333333333,92.8968888888889,89.924,0.1984,,0.04720000000000013,,Kouh Ouest
2013,1995,25.053555555555555,74.45022222222222,93.6702,-0.7442,,0.24459999999999837,,Kouh Ouest
2013,1996,24.654,76.729,95.58040000000001,-0.769,,-0.17677777777777948,,Kouh Ouest
2013,1997,25.275555555555556,67.749,98.2354,-0.9155999999999999,,0.42295555555555353,,Kouh Ouest
2013,1998,24.905555555555555,96.282,85.5506,0.9198000000000001,,0.031133333333333013,,Kouh Ouest
2013,1999,24.441555555555553,80.98633333333333,82.3024,-0.34299999999999997,,-0.45468888888889225,,Kouh Ouest
2013,2000,24.747333333333334,72.982,83.0898,-0.8593999999999999,,-0.1707333333333345,,Kouh Ouest
2013,2001,24.720555555555553,104.67055555555555,83.81320000000001,1.4096,-0.1631,-0.2193333333333385,-1.0232528604118993,Kouh Ouest
2013,2002,25.209444444444443,75.89699999999999,82.7896,-0.5562,0.53,0.2477333333333327,-0.2584734553775744,Kouh Ouest
2013,2003,24.828666666666667,79.69533333333334,87.0112,0.3826,0.43420000000000003,-0.15486666666666693,-0.28259405034324947,Kouh Ouest
2013,2004,25.023,73.15511111111111,90.67580000000001,-0.5471999999999999,0.9662,0.017644444444442797,0.32108535469107546,Kouh Ouest
2013,2005,25.152,81.42755555555556,95.5544,-0.039,0.8745,0.12482222222222106,0.3010647597254005,Kouh Ouest
2013,2006,25.002222222222223,87.05388888888889,88.7852,0.9348000000000001,0.2678,-0.04677777777777692,-0.2339558352402747,Kouh Ouest
2013,2007,24.944444444444443,85.1631111111111,86.035,0.0678,0.8046,-0.1263777777777797,0.3745235697940503,Kouh Ouest
2013,2008,24.890444444444444,97.49222222222221,84.1482,1.6728,1.3091,-0.20220000000000127,0.9507029748283752,Kouh Ouest
2013,2009,25.458333333333332,67.49700000000001,85.86859999999999,-1.1788,0.46640000000000004,0.34386666666666343,0.17968237986270025,Kouh Ouest
2013,2010,25.14377777777778,87.50022222222222,91.2346,0.9868,0.0189,0.007488888888886436,-0.19613821510297483,Kouh Ouest
2013,2011,25.073999999999998,85.58155555555555,85.5466,0.6858,0.6209,-0.08411111111111325,0.4775411899313501,Kouh Ouest
2013,2012,24.772000000000002,93.38888888888889,92.0898,1.8986,0.2593,-0.40793333333333237,0.187620594965675,Kouh Ouest
2013,2013,24.964222222222222,80.07900000000001,86.58579999999999,0.9968,0.5097,-0.23753333333333515,0.5097,Kouh Ouest
2013,2014,25.228666666666665,78.21300000000001,87.388,-0.31,-0.49050000000000005,0.005088888888884924,-0.4188205949656751,Kouh Ouest
2013,2015,25.63688888888889,78.128,88.1626,-0.5528,-0.4572,0.39148888888889033,-0.31384118993135013,Kouh Ouest
2013,2016,25.519111111111112,74.4868888888889,91.2228,-0.18519999999999998,-0.2857,0.25188888888888883,-0.07066178489702518,Kouh Ouest
2013,2017,25.194000000000003,97.71577777777777,93.95360000000001,0.9018,0.1125,-0.0950444444444436,0.3992176201372998,Kouh Ouest
2013,2018,25.318555555555555,73.73255555555555,91.5834,-0.3366,-0.4509000000000001,0.00768888888888597,-0.09250297482837533,Kouh Ouest
2013,2019,25.441111111111113,95.81455555555556,88.946,0.6166,-1.484,0.10842222222222375,-1.0539235697940503,Kouh Ouest
2013,2020,25.38977777777778,65.08966666666667,90.6542,-1.7588000000000001,-0.1458,0.035266666666668556,0.35595583524027463,Kouh Ouest
2013,2021,25.555666666666667,91.31677777777777,91.6914,0.1264,-0.16049999999999998,0.17933333333333223,0.4129352402745996,Kouh Ouest
2013,2022,25.027333333333335,91.17933333333333,91.7574,0.8806,-0.4159,-0.3708222222222233,0.2292146453089245,Kouh Ouest
2013,2023,25.690444444444445,77.47422222222222,92.9254,-0.23559999999999998,-0.6798,0.27046666666666397,0.03699405034324954,Kouh Ouest
2013,2024,25.550555555555558,112.834,77.24300000000001,1.9253999999999998,-1.4978,0.10875555555555749,-0.7093265446224256,Kouh Ouest
2013,2025,25.162999999999997,98.264,79.1298,0.138,-1.1052,-0.300622222222227,-0.24504713958810065,Kouh Ouest
2013,2026,26.11757142857143,67.29014285714285,83.44500000000001,-1.059,-0.9048333333333334,0.6321269841269839,0.02699893211289095,Kouh Ouest
2018,1989,30.134888888888888,12.753666666666668,,-1.4012,,0.04861763668430186,,Nord Kanem
2018,1990,30.56233333333333,14.530222222222221,,-0.8280000000000001,,0.47623492063491923,,Nord Kanem
2018,1991,30.02411111111111,15.953333333333335,47.0788,-0.8642,,-0.061814462081127175,,Nord Kanem
2018,1992,29.247,23.740666666666666,44.4344,0.04179999999999999,,-0.8387527336860678,,Nord Kanem
2018,1993,30.534222222222223,16.448666666666664,31.581,-1.2018,,0.44864232804232884,,Nord Kanem
2018,1994,28.306444444444445,33.61633333333334,67.8654,1.123,,-1.778962610229275,,Nord Kanem
2018,1995,30.182444444444442,14.860000000000001,43.7522,-1.101,,0.09721022927689305,,Nord Kanem
2018,1996,30.456666666666667,15.971,34.035199999999996,-0.8301999999999999,,0.3716052910052916,,Nord Kanem
2018,1997,30.83866666666667,19.571,40.2998,-0.08559999999999998,,0.753778130511467,,Nord Kanem
2018,1998,29.491777777777777,24.39488888888889,44.093399999999995,-0.2246,,-0.5929379188712538,,Nord Kanem
2018,1999,28.558777777777777,36.42122222222222,73.4808,1.9835999999999998,,-1.5257650793650797,,Nord Kanem
2018,2000,29.995777777777775,22.22211111111111,39.8942,-0.20140000000000002,,-0.08859223985890807,,Nord Kanem
2018,2001,29.978444444444442,17.858,36.5738,-0.49420000000000003,-0.8075,-0.10575273368607085,-0.49544,Nord Kanem
2018,2002,30.768555555555558,19.319555555555556,38.0572,-0.4782,-0.4649,0.6845312169312194,-0.17884499999999998,Nord Kanem
2018,2003,29.781222222222222,21.677222222222223,53.371,0.5484,0.5876999999999999,-0.3026292768959422,0.8477499999999999,Nord Kanem
2018,2004,30.630222222222226,14.862000000000002,35.0264,-1.0901999999999998,-0.9975,0.546543562610232,-0.763455,Nord Kanem
2018,2005,29.954777777777778,20.966333333333335,56.336,0.5894,1.1315,-0.12872804232804214,1.33954,Nord Kanem
2018,2006,30.66511111111111,19.248666666666665,43.8066,-0.422,-1.0292,0.5817781305114629,-0.847165,Nord Kanem
2018,2007,29.92055555555556,21.233555555555554,51.141,0.1964,0.7342,-0.1626045855379168,0.89023,Nord Kanem
2018,2008,30.559111111111108,18.328777777777777,49.302,-0.3288,-0.745,0.4761238095238056,-0.614975,Nord Kanem
2018,2009,31.098222222222223,13.541777777777778,32.367200000000004,-1.7002,-0.6495,1.0154077601410947,-0.54548,Nord Kanem
2018,2010,29.86988888888889,27.25611111111111,54.925599999999996,0.9114000000000001,0.3235,-0.21275273368606662,0.401515,Nord Kanem
2018,2011,30.767000000000003,19.60977777777778,36.638,-0.441,-1.1062,0.6845312169312194,-1.0541900000000002,Nord Kanem
2018,2012,29.512555555555554,25.878666666666664,66.3364,1.6982,1.142,-0.5697403880070553,1.168005,Nord Kanem
2018,2013,29.954555555555558,18.633,42.0318,-0.44820000000000004,-0.001999999999999999,-0.12756754850088114,-0.001999999999999999,Nord Kanem
2018,2014,30.839555555555553,22.235555555555557,41.279399999999995,-0.006,-0.45630000000000004,0.7576052910052873,-0.48230500000000004,Nord Kanem
2018,2015,31.119777777777774,19.815555555555555,46.194,-0.3922,-0.6426000000000001,1.0380003527336825,-0.6946100000000001,Nord Kanem
2018,2016,29.909111111111113,22.331,62.092200000000005,0.5532,0.1814,-0.1724934744268083,0.103385,Nord Kanem
2018,2017,30.487222222222222,16.775777777777776,44.1428,-0.2986,0.7943,0.40579047619047515,0.69028,Nord Kanem
2018,2018,29.573999999999998,28.250666666666667,62.708400000000005,1.7358,0.6517,-0.5072589065255748,0.5216749999999999,Nord Kanem
2018,2019,29.871444444444446,24.909777777777776,53.18579999999999,0.7282,-0.3003,-0.20964162257495644,-0.45633,Nord Kanem
2018,2020,29.804333333333332,28.710444444444445,67.29339999999999,1.0238,0.30820000000000003,-0.27657989417989626,0.12616500000000003,Nord Kanem
2018,2021,30.08777777777778,20.952444444444446,51.861599999999996,-0.2924,-0.2973,0.007037389770726321,-0.50534,Nord Kanem
2018,2022,29.88188888888889,35.12144444444444,69.825,1.7318000000000002,0.8324,-0.19867865961199271,0.598355,Nord Kanem
2018,2023,31.482444444444443,18.759666666666664,41.6422,0.2266,-0.3475,1.402049735449733,-0.60755,Nord Kanem
2018,2024,29.004222222222225,46.02522222222222,87.178,2.4996,0.6971,-1.0759996472663111,0.41104500000000005,Nord Kanem
2018,2025,29.74666666666667,31.977888888888888,65.73400000000001,0.9396000000000001,-0.3486,-0.33338236331569604,-0.66066,Nord Kanem
2018,2026,32.334428571428575,10.703000000000001,27.167333333333335,-2.207333333333333,-1.3798333333333335,2.254552380952383,-1.7178983333333335,Nord Kanem
2023,1989,24.714333333333332,68.57933333333332,,-1.1168,,0.12799365079364833,,La Nya Pendé
2023,1990,25.016333333333332,78.54866666666666,,-0.327,,0.40859365079364807,,La Nya Pendé
2023,1991,24.832555555555555,68.40433333333334,96.49839999999999,-1.3012000000000001,,0.20341587301587083,,La Nya Pendé
2023,1992,24.276777777777777,97.29222222222222,87.718,0.5158,,-0.3737619047619063,,La Nya Pendé
2023,1993,24.995444444444445,68.97166666666666,86.1608,-1.5253999999999999,,0.32350476190475774,,La Nya Pendé
2023,1994,24.735444444444443,93.06900000000002,88.482,-0.030800000000000004,,0.042104761904756316,,La Nya Pendé
2023,1995,24.94666666666667,88.47399999999999,91.77000000000001,0.25880000000000003,,0.2319269841269822,,La Nya Pendé
2023,1996,24.595333333333333,82.95877777777778,94.3026,-0.5993999999999999,,-0.14080634920635404,,La Nya Pendé
2023,1997,25.215111111111113,81.67566666666667,96.3128,-0.13820000000000002,,0.45757142857142696,,La Nya Pendé
2023,1998,24.816555555555553,98.24277777777779,83.92699999999999,0.446,,0.03761587301586644,,La Nya Pendé
2023,1999,24.344555555555555,88.59022222222222,77.9802,-0.12319999999999998,,-0.4557841269841312,,La Nya Pendé
2023,2000,24.65,82.15888888888888,79.05799999999999,-0.7274,,-0.17173968253968752,,La Nya Pendé
2023,2001,24.653000000000002,106.04822222222222,82.3106,1.2458,-0.6658000000000001,-0.19013968253968372,-1.3666666666666667,La Nya Pendé
2023,2002,25.121333333333336,80.05933333333333,80.7832,-0.9194000000000001,0.3883,0.25679365079365013,-0.25416111111111117,La Nya Pendé
2023,2003,24.722444444444445,84.62844444444445,87.21119999999999,0.44580000000000003,0.1124,-0.16349523809524058,-0.47165555555555555,La Nya Pendé
2023,2004,24.926222222222222,79.73066666666666,87.35040000000001,-0.45919999999999994,0.7416,0.018882539682536503,0.21594999999999998,La Nya Pendé
2023,2005,25.03033333333333,88.17933333333333,91.3606,0.27680000000000005,0.7596,0.1015936507936459,0.2923555555555556,La Nya Pendé
2023,2006,24.905,93.43577777777779,86.1696,0.9036,0.1165,-0.045139682539684145,-0.2923388888888889,La Nya Pendé
2023,2007,24.845555555555553,87.117,83.7508,-0.2884,0.9802,-0.12598412698413242,0.6297666666666666,La Nya Pendé
2023,2008,24.793999999999997,100.61044444444445,80.43199999999999,1.544,1.2496999999999998,-0.19893968253968808,0.957672222222222,La Nya Pendé
2023,2009,25.348222222222223,67.477,82.9888,-1.6103999999999998,-0.0348,0.3338825396825378,-0.26842222222222223,La Nya Pendé
2023,2010,25.043,89.19244444444445,89.2462,0.8364,-0.092,0.007260317460314525,-0.26721666666666666,La Nya Pendé
2023,2011,24.94633333333333,90.30199999999999,81.667,0.5908,0.42490000000000006,-0.1108063492063529,0.30808888888888897,La Nya Pendé
2023,2012,24.649555555555555,94.21,90.2712,1.8400000000000003,0.3696,-0.4289841269841297,0.31119444444444444,La Nya Pendé
2023,2013,24.85422222222222,83.90333333333334,84.1618,0.827,0.31299999999999994,-0.245717460317465,0.31299999999999994,La Nya Pendé
2023,2014,25.08888888888889,85.23522222222222,86.49980000000001,-0.0862,-0.0616,-0.03245079365079562,-0.003194444444444444,La Nya Pendé
2023,2015,25.51477777777778,87.74877777777778,84.4178,-0.2016,-0.42000000000000004,0.3720380952380964,-0.30318888888888895,La Nya Pendé
2023,2016,25.40888888888889,82.36533333333334,90.299,0.015999999999999993,-0.2973,0.24474920634920494,-0.12208333333333332,La Nya Pendé
2023,2017,25.090444444444444,101.43988888888889,91.3656,0.9432,0.8206,-0.09509523809524012,1.0542222222222222,La Nya Pendé
2023,2018,25.186999999999998,75.94233333333334,90.7204,-0.6032,-0.7399,-0.019939682539686032,-0.4478722222222222,La Nya Pendé
2023,2019,25.32611111111111,102.47522222222223,84.9148,0.845,-1.0444,0.09777142857142707,-0.6939666666666666,La Nya Pendé
2023,2020,25.303555555555555,72.3741111111111,88.9486,-1.6558,-0.1606,0.05381587301587132,0.24823888888888893,La Nya Pendé
2023,2021,25.474555555555554,89.26811111111111,88.5648,-0.38299999999999995,-0.3279,0.20341587301587083,0.13934444444444444,La Nya Pendé
2023,2022,24.989333333333335,93.90355555555556,87.98859999999999,0.6822,-0.1942,-0.3032063492063486,0.33145,La Nya Pendé
2023,2023,25.60322222222222,79.25655555555555,91.80260000000001,-0.2152,-0.43770000000000003,0.2892825396825387,0.14635555555555552,La Nya Pendé
2023,2024,25.46211111111111,100.95166666666665,76.542,0.9629999999999999,-1.2651,0.12677142857142343,-0.6226388888888887,La Nya Pendé
2023,2025,25.056333333333335,99.58733333333333,80.046,0.06599999999999998,-1.2018,-0.30040634920635156,-0.5009333333333332,La Nya Pendé
2023,2026,26.02342857142857,72.13157142857143,84.38766666666668,-1.058,-0.9671666666666667,0.645288888888885,-0.2078944444444445,La Nya Pendé
2028,1989,24.795333333333335,68.99466666666666,,-0.651,,-0.008548148148143753,,La Pendé
2028,1990,25.339000000000002,71.71744444444444,,-0.3484,,0.5142825396825437,,La Pendé
2028,1991,25.04577777777778,67.19844444444443,99.886,-0.5244,,0.2002243386243414,,La Pendé
2028,1992,24.53377777777778,86.95488888888889,98.6354,0.5112,,-0.33261164021163836,,La Pendé
2028,1993,25.296777777777777,53.671,99.4478,-2.261,,0.409552380952384,,La Pendé
2028,1994,24.942,96.898,98.2912,1.0514,,0.03393862433862793,,La Pendé
2028,1995,25.173333333333332,71.51833333333333,99.627,-0.39980000000000004,,0.24443597883598045,,La Pendé
2028,1996,24.740555555555556,78.80277777777778,99.7878,-0.3912,,-0.20917777777777502,,La Pendé
2028,1997,25.35111111111111,72.28222222222222,99.9494,-0.28280000000000005,,0.38054179894179896,,La Pendé
2028,1998,25.054333333333332,81.054,97.6756,0.24,,0.06292804232804272,,La Pendé
2028,1999,24.57788888888889,79.32900000000001,97.7448,-0.24000000000000005,,-0.4343523809523795,,La Pendé
2028,2000,24.85622222222222,65.156,96.165,-1.1296,,-0.17685502645502638,,La Pendé
2028,2001,24.77011111111111,112.55755555555555,98.564,2.1672000000000002,-0.8815,-0.28380211640211783,-1.5327600000000001,La Pendé
2028,2002,25.365666666666666,77.65488888888889,94.3576,-0.1838,0.4076,0.29091746031745913,-0.18938833333333344,La Pendé
2028,2003,24.885666666666665,72.35255555555555,94.62039999999999,-0.006600000000000006,0.457,-0.20991851851851706,-0.08571666666666672,La Pendé
2028,2004,25.084333333333333,66.21577777777777,99.0814,-0.7747999999999999,1.7269,-0.0320878306878285,1.238455,La Pendé
2028,2005,25.265,77.945,99.824,0.1598,0.8640000000000001,0.12774285714285938,0.4298266666666667,La Pendé
2028,2006,25.143,86.43466666666667,99.30199999999999,0.7365999999999999,0.0714,-0.015093121693119826,-0.30850166666666673,La Pendé
2028,2007,25.026555555555557,73.80477777777777,97.684,-0.2814,0.3318,-0.1523735449735426,0.006169999999999898,La Pendé
2028,2008,24.954555555555558,85.07300000000001,94.2452,1.0102,0.38760000000000006,-0.2452095238095211,0.11624166666666669,La Pendé
2028,2009,25.519555555555556,65.65744444444445,95.4556,-1.0058,-0.2524,0.2989544973544973,-0.4694866666666667,La Pendé
2028,2010,25.20711111111111,76.44188888888888,99.636,0.47700000000000004,-0.1071,-0.03432592592592698,-0.269915,La Pendé
2028,2011,25.229111111111113,90.51355555555556,97.47,1.3474,-0.04009999999999998,-0.03316190476190428,-0.14864333333333335,La Pendé
2028,2012,24.923,85.58622222222222,99.4046,1.5872,0.3485,-0.36010899470899815,0.2942283333333333,La Pendé
2028,2013,25.054222222222222,70.2908888888889,98.00640000000001,0.475,-0.1753,-0.24972275132275357,-0.1753,La Pendé
2028,2014,25.305111111111113,72.36822222222222,99.0048,-0.403,-0.3851,-0.019669841269838173,-0.33082833333333334,La Pendé
2028,2015,25.791444444444444,69.71300000000001,97.414,-0.7794,-0.6033999999999999,0.44582751322751335,-0.4948566666666666,La Pendé
2028,2016,25.62011111111111,79.5638888888889,98.58,0.5050000000000001,-0.0401,0.2536582010582009,0.12271500000000005,La Pendé
2028,2017,25.297777777777778,83.86477777777777,99.4764,0.43260000000000004,0.5195000000000001,-0.08951111111111132,0.7365866666666667,La Pendé
2028,2018,25.481444444444445,74.07499999999999,99.6586,0.0514,0.1946,0.07331957671957667,0.46595833333333336,La Pendé
2028,2019,25.552333333333333,91.28377777777777,99.1704,0.8202,-0.6203000000000001,0.12337248677248525,-0.29467,La Pendé
2028,2020,25.495777777777775,57.69044444444444,99.3272,-2.0344,0.4365,0.04598095238094757,0.8164016666666667,La Pendé
2028,2021,25.656444444444446,85.45144444444445,98.8238,0.027800000000000002,-0.3281,0.18581164021163943,0.10607333333333341,La Pendé
2028,2022,25.096111111111114,83.16277777777778,99.63,0.7766,-0.35559999999999997,-0.39535767195767235,0.1328450000000001,La Pendé
2028,2023,25.803222222222225,66.06211111111111,99.3684,-0.7658,-0.7839,0.29091746031745913,-0.2411833333333333,La Pendé
2028,2024,25.59877777777778,104.47088888888888,91.388,1.7804000000000002,-0.9093,0.06563703703703894,-0.31231166666666654,La Pendé
2028,2025,25.293555555555557,94.10566666666666,91.0834,0.261,-1.1440000000000001,-0.2604211640211638,-0.49273999999999996,La Pendé
2028,2026,26.186857142857143,62.279428571428575,93.90133333333334,-0.9193333333333333,-1.1346666666666665,0.6120444444444431,-0.4291349999999997,La Pendé
2029,1989,25.12811111111111,68.715,,-0.7203999999999999,,0.08031666666666837,,Barh-Sara
2029,1990,25.592666666666666,70.563,,-0.7866,,0.522344444444446,,Barh-Sara
2029,1991,25.297666666666668,59.419333333333334,94.3688,-1.8612000000000002,,0.20481666666666953,,Barh-Sara
2029,1992,24.806666666666665,92.38133333333333,81.7196,-0.018599999999999995,,-0.30871111111111205,,Barh-Sara
2029,1993,25.445666666666668,61.912444444444446,89.8844,-1.3574,,0.3077611111111125,,Barh-Sara
2029,1994,25.182222222222222,101.54222222222222,83.4672,0.6965999999999999,,0.021788888888888636,,Barh-Sara
2029,1995,25.370555555555555,70.75055555555555,90.6184,-1.0508000000000002,,0.18759444444444284,,Barh-Sara
2029,1996,25.026777777777777,77.26177777777778,91.4496,-0.7091999999999999,,-0.1787111111111095,,Barh-Sara
2029,1997,25.632333333333335,64.88544444444445,98.72319999999999,-0.9902,,0.40431666666667,,Barh-Sara
2029,1998,25.25322222222222,95.58233333333334,84.0966,0.6716,,0.0026777777777766687,,Barh-Sara
2029,1999,24.824555555555555,95.53977777777777,82.6008,0.8508000000000001,,-0.44851666666666645,,Barh-Sara
2029,2000,25.179777777777776,78.61844444444445,78.5714,-0.06059999999999999,,-0.11582222222222427,,Barh-Sara
2029,2001,25.084333333333333,106.307,79.999,1.4145999999999999,-0.5617,-0.2337944444444453,-1.2529374999999998,Barh-Sara
2029,2002,25.622,68.87933333333334,80.92699999999999,-1.0034,0.3718,0.28134444444444284,-0.26183437499999984,Barh-Sara
2029,2003,25.209666666666667,73.85866666666666,85.07759999999999,-0.30519999999999997,0.1617,-0.1535166666666683,-0.4143312499999999,Barh-Sara
2029,2004,25.431333333333335,69.934,89.0548,-0.8837999999999999,0.8311999999999999,0.04562222222222445,0.31277187500000003,Barh-Sara
2029,2005,25.543777777777777,75.98133333333334,91.8496,-0.5572,0.5263,0.1355388888888882,0.06547500000000006,Barh-Sara
2029,2006,25.413111111111114,83.49944444444445,88.6846,0.3674,0.7829999999999999,-0.017655555555553093,0.37977812499999997,Barh-Sara
2029,2007,25.35377777777778,82.471,85.063,0.09059999999999999,0.9804999999999999,-0.09951666666666625,0.63488125,Barh-Sara
2029,2008,25.246444444444442,101.66888888888889,82.186,1.7082000000000002,1.1637,-0.22937777777778123,0.8756843750000001,Barh-Sara
2029,2009,25.86477777777778,76.37122222222223,88.3366,-0.1972,-0.3722,0.36642777777777624,-0.6026125,Barh-Sara
2029,2010,25.512444444444444,80.03522222222222,87.6942,0.2944,-0.2721,-0.00843333333333618,-0.444909375,Barh-Sara
2029,2011,25.538888888888888,92.17122222222223,79.70060000000001,1.0858,-0.031700000000000006,-0.004516666666670943,-0.14690625,Barh-Sara
2029,2012,25.157444444444444,93.22399999999999,88.17920000000001,1.7292,0.29779999999999995,-0.40848888888889334,0.24019687499999998,Barh-Sara
2029,2013,25.34488888888889,79.13266666666667,87.1078,0.8378,0.36129999999999995,-0.2435722222222232,0.36129999999999995,Barh-Sara
2029,2014,25.613666666666667,81.53488888888889,88.3646,0.135,0.3861,0.0026777777777766687,0.443703125,Barh-Sara
2029,2015,26.062333333333335,73.23544444444445,84.2896,-0.7230000000000001,-0.6,0.4288166666666662,-0.48479375,Barh-Sara
2029,2016,25.870777777777775,84.21444444444445,89.68199999999999,0.5502,0.04509999999999999,0.2147333333333279,0.21790937499999996,Barh-Sara
2029,2017,25.674777777777777,92.53866666666667,90.1318,0.6644,-0.0049999999999999975,-0.0037944444444484304,0.22541249999999996,Barh-Sara
2029,2018,25.695222222222224,71.30888888888889,90.6744,-0.45459999999999995,-0.3755,-0.005877777777779869,-0.08748437500000006,Barh-Sara
2029,2019,25.821111111111108,99.72644444444444,83.3716,0.8253999999999999,-0.7584,0.09748333333332582,-0.41278125,Barh-Sara
2029,2020,25.78811111111111,74.14144444444445,86.694,-1.1002,-0.13999999999999999,0.04195555555554975,0.26322187499999994,Barh-Sara
2029,2021,25.898333333333333,91.99522222222222,85.536,0.2684,-0.3608,0.12964999999999804,0.10002499999999992,Barh-Sara
2029,2022,25.29111111111111,91.34188888888889,91.4926,0.8824,-0.10609999999999999,-0.5001000000000033,0.41232812499999993,Barh-Sara
2029,2023,26.088,79.74322222222222,90.32339999999999,-0.3278,-0.6717000000000001,0.27426111111110885,-0.09566875000000019,Barh-Sara
2029,2024,25.938000000000002,122.24799999999999,72.79339999999999,2.3676000000000004,-1.3756,0.1017333333333319,-0.7419656250000001,Barh-Sara
2029,2025,25.57,101.29566666666668,77.53819999999999,0.32299999999999995,-0.8394999999999999,-0.2887944444444486,-0.14826249999999996,Barh-Sara
2029,2026,26.457142857142856,55.21857142857143,80.81833333333333,-2.1813333333333333,-0.5075,0.5758206349206283,0.24134062499999998,Barh-Sara
2032,1989,26.084777777777777,65.85888888888888,,0.6198,,-0.1594833333333412,,Mayo-Lemié
2032,1990,27.009444444444444,43.67622222222222,,-1.6358000000000001,,0.7463444444444391,,Mayo-Lemié
2032,1991,26.75611111111111,56.776888888888884,98.4152,-0.2488,,0.4741722222222151,,Mayo-Lemié
2032,1992,25.91,58.73166666666667,99.664,0.07159999999999998,,-0.39077777777778167,,Mayo-Lemié
2032,1993,26.719222222222225,48.84788888888889,96.8844,-1.6618,,0.3996055555555529,,Mayo-Lemié
2032,1994,26.041666666666668,74.94744444444444,97.63199999999999,0.8539999999999999,,-0.2967888888888943,,Mayo-Lemié
2032,1995,26.510666666666665,66.78255555555556,99.2012,0.46319999999999995,,0.1533722222222167,,Mayo-Lemié
2032,1996,26.334444444444443,59.71388888888888,99.4878,-0.79,,-0.04168888888889555,,Mayo-Lemié
2032,1997,26.94822222222222,58.36833333333334,98.5244,-0.032999999999999995,,0.5532499999999949,,Mayo-Lemié
2032,1998,26.51988888888889,71.29677777777778,95.20160000000001,0.5262,,0.10607777777777372,,Mayo-Lemié
2032,1999,25.81,71.75399999999999,95.83579999999999,0.6724,,-0.6226500000000073,,Mayo-Lemié
2032,2000,26.17711111111111,64.45433333333332,99.1754,0.40659999999999996,,-0.27437777777778294,,Mayo-Lemié
2032,2001,26.118000000000002,77.27833333333334,99.51259999999999,1.0952,-0.40149999999999997,-0.3523277777777807,-0.08199999999999996,Mayo-Lemié
2032,2002,26.920333333333335,52.52366666666667,88.8066,-1.5568,-1.1416,0.43116666666666603,-0.848725,Mayo-Lemié
2032,2003,26.321555555555555,62.358333333333334,99.9348,0.13319999999999999,0.7193,-0.18645000000000422,0.9855500000000001,Mayo-Lemié
2032,2004,26.34288888888889,52.73466666666666,96.3168,-1.2752000000000001,-0.23160000000000003,-0.18395555555555987,0.008025000000000004,Mayo-Lemié
2032,2005,26.517555555555553,62.51111111111111,99.7042,0.2488,0.0013000000000000025,-0.02812777777778308,0.21430000000000002,Mayo-Lemié
2032,2006,26.958666666666666,62.91866666666667,99.9788,0.15399999999999997,0.053700000000000005,0.3941444444444393,0.240075,Mayo-Lemié
2032,2007,26.415666666666667,59.63466666666667,99.6918,0.2954,0.0756,-0.1676944444444466,0.23535,Mayo-Lemié
2032,2008,26.311999999999998,57.297,99.0758,-0.2828,-0.4545,-0.2902000000000058,-0.32137499999999997,Mayo-Lemié
2032,2009,27.12177777777778,54.522111111111116,89.687,-0.7008,-1.2535,0.5007388888888862,-1.147,Mayo-Lemié
2032,2010,26.482777777777777,66.93911111111112,99.8928,1.1214,-0.9342999999999999,-0.15710000000000335,-0.8544249999999999,Mayo-Lemié
2032,2011,26.785666666666668,54.67033333333333,99.8584,-0.7687999999999999,0.402,0.12694999999999723,0.45525000000000004,Mayo-Lemié
2032,2012,26.286777777777775,60.71877777777778,99.99080000000001,0.8606,0.8944000000000001,-0.39077777777778167,0.9210250000000001,Mayo-Lemié
2032,2013,26.601444444444446,71.27133333333333,98.8112,0.8076000000000001,0.2622,-0.09495000000000076,0.2622,Mayo-Lemié
2032,2014,26.718222222222224,60.213,85.81620000000001,-0.3136,-0.2753,0.0029888888888862652,-0.301925,Mayo-Lemié
2032,2015,27.313444444444443,54.35633333333333,97.1206,-1.2269999999999999,-0.6575,0.5793722222222186,-0.71075,Mayo-Lemié
2032,2016,27.044,68.38044444444444,99.99539999999999,0.711,0.4423,0.2910888888888863,0.362425,Mayo-Lemié
2032,2017,26.762777777777778,53.76844444444444,99.9124,-0.47639999999999993,0.1969,-0.008972222222222825,0.09039999999999998,Mayo-Lemié
2032,2018,26.78188888888889,55.934666666666665,99.9678,-0.2278,0.0857,-0.00870000000000104,-0.04742500000000002,Mayo-Lemié
2032,2019,26.813111111111112,67.27322222222222,99.9672,0.7824,0.8842000000000001,0.0036833333333312623,0.72445,Mayo-Lemié
2032,2020,26.579555555555558,80.16744444444444,98.2302,0.9434000000000001,-0.0537,-0.24871111111110977,-0.240075,Mayo-Lemié
2032,2021,26.983444444444444,47.967666666666666,96.394,-1.6234000000000002,-0.1702,0.13633888888888634,-0.3832,Mayo-Lemié
2032,2022,26.474555555555558,83.01077777777778,99.75460000000001,1.6656,0.3458,-0.391388888888887,0.10617499999999996,Mayo-Lemié
2032,2023,27.43277777777778,56.68666666666667,99.9838,0.40540000000000004,0.7862,0.5479944444444449,0.5199499999999999,Mayo-Lemié
2032,2024,26.721666666666668,78.35222222222222,99.94300000000001,1.5026,-0.2318,-0.18195555555555742,-0.524675,Mayo-Lemié
2032,2025,26.53911111111111,75.16055555555556,99.61699999999999,1.0924,0.2546,-0.3833500000000001,-0.06490000000000001,Mayo-Lemié
2032,2026,27.682714285714287,47.67628571428572,99.754,-1.5566666666666666,0.3561666666666667,0.7414142857142849,0.010041666666666671,Mayo-Lemié
2034,1989,25.192444444444444,78.51022222222223,,-0.1028,,0.057768986568984104,,Bahr-Köh
2034,1990,25.75766666666667,60.26133333333333,,-1.4784000000000002,,0.6004783882783897,,Bahr-Köh
2034,1991,25.326888888888888,59.79988888888889,97.9028,-1.7062000000000002,,0.14718778998778603,,Bahr-Köh
2034,1992,24.970555555555556,86.999,89.5534,-0.1044,,-0.23165836385836514,,Bahr-Köh
2034,1993,25.534222222222223,63.751000000000005,96.3896,-1.5386,,0.30949548229548185,,Bahr-Köh
2034,1994,25.22688888888889,82.77022222222223,89.0368,0.2122,,-0.020350671550673383,,Bahr-Köh
2034,1995,25.461111111111112,75.37700000000001,95.5568,-0.288,,0.19135873015872917,,Bahr-Köh
2034,1996,25.07888888888889,70.14066666666666,97.0584,-0.7125999999999999,,-0.21337631257631173,,Bahr-Köh
2034,1997,25.680888888888887,68.26822222222222,96.837,-0.8695999999999999,,0.36611086691086214,,Bahr-Köh
2034,1998,25.416333333333334,84.41411111111111,88.369,0.18239999999999998,,0.0790424908424896,,Bahr-Köh
2034,1999,24.925555555555555,92.36722222222222,89.1532,0.7988,,-0.43424810744810927,,Bahr-Köh
2034,2000,25.284555555555556,75.43344444444443,82.3832,-0.6096,,-0.09776092796093039,,Bahr-Köh
2034,2001,25.191555555555553,102.11466666666666,87.50919999999999,1.5604,-1.0023,-0.21327374847375324,-1.287869696969697,Bahr-Köh
2034,2002,25.68877777777778,65.43933333333332,81.5178,-1.0744,-0.0653,0.26143565323565454,-0.3270722222222222,Bahr-Köh
2034,2003,25.251333333333335,68.11344444444444,89.253,-0.7816,0.0439,-0.19852161172160976,-0.1940747474747475,Bahr-Köh
2034,2004,25.445666666666668,71.99655555555556,94.1722,-0.5672,0.9104,-0.02670109890109984,0.6962227272727273,Bahr-Köh
2034,2005,25.6,77.83911111111111,97.029,-0.20340000000000003,0.21760000000000002,0.10511941391941448,0.027220202020202006,Bahr-Köh
2034,2006,25.554555555555552,80.64677777777779,94.90119999999999,0.2662,0.6737,0.03716214896214609,0.5071176767676767,Bahr-Köh
2034,2007,25.424,73.04833333333333,88.1088,-0.524,0.3934,-0.11590622710622966,0.2506151515151515,Bahr-Köh
2034,2008,25.327333333333332,92.99611111111112,86.78779999999999,1.2353999999999998,0.4298,-0.23508571428571656,0.3108126262626263,Bahr-Köh
2034,2009,25.966333333333335,80.65455555555555,89.8322,0.4156000000000001,-0.5527,0.381401465201467,-0.647889898989899,Bahr-Köh
2034,2010,25.586444444444442,81.23522222222222,93.87280000000001,0.695,-0.3105,-0.021000244200248375,-0.38189242424242426,Bahr-Köh
2034,2011,25.660222222222224,83.37611111111111,82.578,0.5132,-0.3605,0.03026471306471379,-0.4080949494949495,Bahr-Köh
2034,2012,25.280777777777775,88.59022222222222,93.6674,1.4862,0.03820000000000001,-0.37169255189255423,0.01440252525252526,Bahr-Köh
2034,2013,25.427777777777777,77.64144444444445,95.0044,0.6402,-0.08389999999999999,-0.2472053724053751,-0.08389999999999999,Bahr-Köh
2034,2014,25.636,82.59355555555555,94.3222,0.3422,0.0318,-0.061495970695972346,0.05559747474747476,Bahr-Köh
2034,2015,26.259888888888888,67.58888888888889,90.5258,-0.9262,-0.4849,0.539880097680097,-0.4373050505050505,Bahr-Köh
2034,2016,25.909888888888887,89.64288888888888,95.7116,1.1024,0.40719999999999995,0.16736727716727628,0.4785924242424242,Bahr-Köh
2034,2017,25.79188888888889,89.92355555555555,94.5916,0.9256,0.061,0.026854456654458403,0.156189898989899,Bahr-Köh
2034,2018,25.852555555555554,59.25866666666666,95.75739999999999,-1.036,0.2969,0.06500830280830172,0.4158873737373737,Bahr-Köh
2034,2019,25.901888888888887,93.81322222222222,92.0918,0.7066,0.196,0.09182881562881562,0.3387848484848485,Bahr-Köh
2034,2020,25.81222222222222,85.68477777777778,91.92339999999999,-0.03639999999999999,-0.07440000000000001,-0.020350671550673383,0.09218232323232324,Bahr-Köh
2034,2021,25.909888888888887,92.61200000000001,86.644,0.8423999999999999,-0.1753,0.05480317460317252,0.015079797979797999,Bahr-Köh
2034,2022,25.275333333333336,87.41588888888889,96.128,1.1568,0.08109999999999998,-0.6022652014651975,0.2952772727272728,Bahr-Köh
2034,2023,26.259333333333334,74.32066666666667,93.68440000000001,-0.5246,-0.22440000000000004,0.35922197802197786,0.013574747474747462,Bahr-Köh
2034,2024,26.095222222222223,111.31099999999999,77.60900000000001,1.953,-0.6712,0.172598046398047,-0.4094277777777778,Bahr-Köh
2034,2025,25.669888888888888,91.11733333333333,82.6282,0.12020000000000002,-0.7778,-0.2752481074481068,-0.492230303030303,Bahr-Köh
2034,2026,26.614571428571427,54.97371428571429,84.52833333333332,-2.0856666666666666,-0.6266666666666667,0.6469216117216092,-0.31729949494949494,Bahr-Köh
2043,1989,25.174666666666667,77.78866666666666,,-0.20700000000000002,,0.0015246753246778155,,Lac Iro
2043,1990,25.825555555555557,51.88477777777778,,-1.7358,,0.6298075036075055,,Lac Iro
2043,1991,25.305333333333333,59.300888888888885,99.7958,-1.3192,,0.08697922077922371,,Lac Iro
2043,1992,25.070777777777778,76.43366666666667,95.83779999999999,-0.484,,-0.170182395382394,,Lac Iro
2043,1993,25.44922222222222,64.56533333333333,99.8496,-1.1126,,0.1856559884559914,,Lac Iro
2043,1994,25.194,70.05577777777778,97.63759999999999,-0.23420000000000002,,-0.09217229437229335,,Lac Iro
2043,1995,25.488777777777777,85.16744444444444,98.1122,0.6204000000000001,,0.1799994227994226,,Lac Iro
2043,1996,25.135555555555555,70.45744444444443,99.8176,-0.4314,,-0.19582886002885758,,Lac Iro
2043,1997,25.721222222222224,68.35711111111111,98.4878,-0.6112,,0.3672317460317487,,Lac Iro
2043,1998,25.467111111111112,84.03177777777779,94.6596,0.46299999999999997,,0.09051457431457521,,Lac Iro
2043,1999,24.99711111111111,83.81411111111112,95.90939999999999,0.665,,-0.4020914862914857,,Lac Iro
2043,2000,25.372444444444444,63.53955555555555,90.0506,-1.3552,,-0.049364213564214054,,Lac Iro
2043,2001,25.166222222222224,100.36722222222222,94.62280000000001,1.9306,-0.8158,-0.27819249639249577,-0.9836083333333333,Lac Iro
2043,2002,25.72322222222222,59.99811111111111,86.97659999999999,-1.4126,0.007499999999999993,0.25620144300144077,-0.14632430555555553,Lac Iro
2043,2003,25.245333333333335,66.28577777777778,96.0586,-0.7188,0.25870000000000004,-0.24429350649350567,0.1188597222222223,Lac Iro
2043,2004,25.502333333333336,71.82411111111111,98.08279999999999,-0.3798,1.0372,-0.009899567099562745,0.9113437499999999,Lac Iro
2043,2005,25.65277777777778,74.47933333333333,99.42060000000001,-0.1752,0.6047999999999999,0.11793881673881756,0.4929277777777777,Lac Iro
2043,2006,25.61266666666667,76.13977777777778,97.824,-0.012400000000000005,0.8584,0.05522164502164628,0.7605118055555556,Lac Iro
2043,2007,25.412,65.74388888888889,95.6854,-0.6474,0.7378,-0.16805108225108256,0.6538958333333333,Lac Iro
2043,2008,25.357555555555557,86.12577777777778,93.7542,0.9436,0.5301,-0.24510158730158693,0.46017986111111114,Lac Iro
2043,2009,26.06811111111111,73.08922222222222,94.59259999999999,0.23959999999999998,-1.0067,0.4428479076479057,-1.0626361111111111,Lac Iro
2043,2010,25.66488888888889,76.73822222222222,97.38140000000001,0.6786,-0.6435,0.017019624819624823,-0.6854520833333333,Lac Iro
2043,2011,25.663,73.016,90.2144,0.052000000000000005,-1.0457,-0.007475324675326078,-1.0736680555555556,Lac Iro
2043,2012,25.328222222222223,85.46222222222222,98.9532,1.4418,-0.08120000000000001,-0.3648591630591653,-0.09518402777777779,Lac Iro
2043,2013,25.479888888888887,72.88833333333334,97.99159999999999,0.2434,-0.38249999999999995,-0.23579855699856012,-0.38249999999999995,Lac Iro
2043,2014,25.59722222222222,75.94011111111111,97.33160000000001,0.10939999999999998,-0.5304,-0.14107128427128757,-0.5164159722222222,Lac Iro
2043,2015,26.63733333333333,59.315111111111115,96.6162,-1.3725999999999998,-0.369,0.8764337662337631,-0.34103194444444446,Lac Iro
2043,2016,25.92011111111111,84.84022222222222,99.3166,1.192,0.3094,0.13660548340548218,0.35135208333333334,Lac Iro
2043,2017,25.843444444444444,90.657,97.7564,1.4036,-0.0922,0.03733275613275211,-0.0362638888888889,Lac Iro
2043,2018,25.95888888888889,55.85922222222222,99.11760000000001,-0.8208,0.0784,0.13017113997113938,0.14832013888888887,Lac Iro
2043,2019,25.856444444444445,78.391,98.39359999999999,-0.022799999999999997,0.3097,0.005120634920633194,0.39360416666666664,Lac Iro
2043,2020,25.714444444444446,91.84866666666666,97.565,0.8058,-0.19890000000000002,-0.15948542568542834,-0.10101180555555558,Lac Iro
2043,2021,25.913555555555558,89.00377777777777,92.15520000000001,1.0051999999999999,-0.3383999999999999,0.017019624819624823,-0.22652777777777772,Lac Iro
2043,2022,25.25766666666667,83.60300000000001,99.3582,1.2042,0.18870000000000003,-0.661475324675326,0.31455625,Lac Iro
2043,2023,26.44922222222222,73.86377777777778,98.0212,0.0546,0.36619999999999997,0.5074741702741647,0.5060402777777777,Lac Iro
2043,2024,26.16611111111111,99.53711111111112,87.786,1.5404,-0.06039999999999998,0.20175699855699492,0.09342430555555556,Lac Iro
2043,2025,25.70077777777778,81.58033333333333,91.6072,-0.06400000000000002,-0.5381,-0.2861823953823972,-0.3702916666666667,Lac Iro
2043,2026,26.700714285714287,59.88542857142857,90.83933333333334,-1.6386666666666667,-0.19866666666666666,0.6911480519480513,-0.01687430555555558,Lac Iro
2048,1989,27.294333333333334,46.59977777777778,,0.0682,,-0.06381890959282188,,N'Djaména
2048,1990,28.27988888888889,36.76755555555556,,-1.216,,0.9131279503105603,,N'Djaména
2048,1991,27.87066666666667,44.433888888888895,95.9648,0.172,,0.49529703243616297,,N'Djaména
2048,1992,26.729777777777777,47.67788888888889,99.603,0.010999999999999996,,-0.6542005521048999,,N'Djaména
2048,1993,28.124555555555556,41.01433333333333,89.134,-1.1082,,0.7319685300207048,,N'Djaména
2048,1994,26.80777777777778,60.528111111111116,99.82939999999999,0.5873999999999999,,-0.5934179434092464,,N'Djaména
2048,1995,27.621666666666666,48.033,99.1362,-0.712,,0.21186224982746538,,N'Djaména
2048,1996,27.277,39.483222222222224,95.4966,-1.3424,,-0.14141311249137445,,N'Djaména
2048,1997,28.179777777777776,36.504333333333335,94.7598,-1.267,,0.7527559696342294,,N'Djaména
2048,1998,27.482555555555553,58.748999999999995,97.89020000000001,0.375,,0.04692505175983186,,N'Djaména
2048,1999,26.47011111111111,59.82288888888888,99.7418,0.8128,,-0.9741280883367871,,N'Djaména
2048,2000,27.390333333333334,53.599444444444444,98.4588,0.6604,,-0.06251456176673642,,N'Djaména
2048,2001,27.180111111111113,51.40188888888889,98.9662,0.1024,0.8535,-0.2813454796411321,0.9092742857142858,N'Djaména
2048,2002,27.99088888888889,47.71566666666667,93.2062,-0.5364,-0.0654,0.520823602484473,-0.014273571428571413,N'Djaména
2048,2003,26.91444444444444,60.392,99.7366,1.6192,0.0551,-0.5642295376121496,0.10157857142857145,N'Djaména
2048,2004,27.595666666666666,36.12588888888889,96.118,-1.0677999999999999,-0.0003999999999999976,0.10838398895790036,0.04143071428571431,N'Djaména
2048,2005,27.27411111111111,48.85477777777778,99.74780000000001,0.5226,0.0687,-0.22178026224982972,0.10588285714285715,N'Djaména
2048,2006,27.868333333333332,58.28544444444444,98.77380000000001,1.0539999999999998,-0.20179999999999998,0.36383326432022045,-0.16926499999999997,N'Djaména
2048,2007,27.159888888888887,53.22,99.25399999999999,0.6641999999999999,-0.2285,-0.3532198757764,-0.20061285714285715,N'Djaména
2048,2008,27.29588888888889,55.968111111111114,99.25,0.9204000000000001,0.20329999999999998,-0.22582857142857193,0.2265392857142857,N'Djaména
2048,2009,28.49233333333333,45.55744444444444,96.047,-0.41059999999999997,-0.3368,0.9620071773636951,-0.3182085714285714,N'Djaména
2048,2010,27.29422222222222,54.63633333333333,99.8606,0.6792,-0.1006,-0.24471262939959004,-0.08665642857142856,N'Djaména
2048,2011,27.745444444444445,48.876666666666665,96.55019999999999,0.2186,-0.9739,0.197900897170463,-0.9646042857142857,N'Djaména
2048,2012,26.785666666666668,48.065333333333335,99.8408,0.2334,0.26980000000000004,-0.7704855762594889,0.2744478571428572,N'Djaména
2048,2013,27.400111111111112,34.128,95.6602,-1.6164,-0.06359999999999999,-0.164649827467219,-0.06359999999999999,N'Djaména
2048,2014,27.881555555555554,36.596333333333334,70.5628,-1.7597999999999998,-0.8029000000000001,0.3081859213250482,-0.8075478571428572,N'Djaména
2048,2015,28.37322222222222,54.098,99.429,0.3346,-0.1201,0.7912438923395442,-0.12939571428571428,N'Djaména
2048,2016,27.891222222222225,53.962555555555554,99.777,0.8904,0.9020999999999999,0.3006351966873737,0.8881564285714285,N'Djaména
2048,2017,27.694666666666667,43.938,99.4982,-0.10940000000000001,0.2865,0.09547094547964008,0.2679085714285714,N'Djaména
2048,2018,27.394222222222222,59.40211111111111,99.5008,1.2842,0.2544,-0.21358219461697914,0.2311607142857143,N'Djaména
2048,2019,27.475,55.964666666666666,99.9318,0.6714,0.029500000000000002,-0.14141311249137445,0.0016128571428571346,N'Djaména
2048,2020,27.27333333333333,55.66766666666667,98.2994,0.09160000000000001,0.8187,-0.35168847481021714,0.786165,N'Djaména
2048,2021,27.97688888888889,33.55788888888889,93.0376,-2.1562,-0.6738999999999999,0.3432583850931685,-0.7110828571428571,N'Djaména
2048,2022,27.168444444444443,68.917,99.8188,1.1612,-0.7749,-0.47379475500345336,-0.8167307142857143,N'Djaména
2048,2023,28.427444444444443,42.155,98.91319999999999,0.1854,1.2841,0.7765965493443723,1.2376214285714287,N'Djaména
2048,2024,27.220444444444446,80.20533333333333,99.9252,2.3374,-0.041999999999999996,-0.4390121463077996,-0.09312642857142858,N'Djaména
2048,2025,27.532333333333334,60.54411111111111,99.914,0.6904,0.21259999999999998,-0.1357319530710832,0.15682571428571423,N'Djaména
2048,2026,28.661285714285714,40.39757142857143,99.68666666666667,-0.9289999999999999,-0.2053333333333333,0.9846117322291228,-0.2657554761904762,N'Djaména
2051,1989,29.650444444444442,15.001444444444445,,-1.5016,,-0.21474761904762474,,Kaya
2051,1990,30.354666666666667,17.863666666666667,,-1.0108000000000001,,0.4890857142857108,,Kaya
2051,1991,30.143555555555558,22.711333333333336,56.709199999999996,-0.3508,,0.27758571428571344,,Kaya
2051,1992,29.151777777777777,26.264555555555557,55.230999999999995,-0.18380000000000002,,-0.7145809523809561,,Kaya
2051,1993,30.349999999999998,19.752111111111113,41.1096,-1.5608,,0.48325238095237566,,Kaya
2051,1994,28.320888888888888,39.62611111111111,68.42819999999999,1.082,,-1.546247619047623,,Kaya
2051,1995,29.955444444444442,20.991444444444443,52.40599999999999,-0.8288,,0.08791904761904235,,Kaya
2051,1996,30.145666666666664,21.80688888888889,48.1754,-0.5928,,0.277752380952375,,Kaya
2051,1997,30.65522222222222,21.941111111111113,49.8776,-0.37,,0.786919047619044,,Kaya
2051,1998,29.423000000000002,30.479666666666667,47.455,-0.20540000000000003,,-0.44569206349206425,,Kaya
2051,1999,28.429,43.02711111111111,76.4944,1.7852000000000001,,-1.4400809523809563,,Kaya
2051,2000,29.71611111111111,23.640888888888888,54.7866,-0.6222000000000001,,-0.15335873015873247,,Kaya
2051,2001,29.521,25.23811111111111,58.5484,0.33340000000000003,-0.18,-0.3488587301587316,0.2038017857142858,Kaya
2051,2002,30.60355555555556,24.201888888888888,48.6048,-0.819,-0.8598000000000001,0.7333079365079378,-0.5079816964285715,Kaya
2051,2003,29.516444444444446,25.165666666666667,66.0876,0.44699999999999995,0.31689999999999996,-0.35419206349206434,0.6367348214285715,Kaya
2051,2004,30.438444444444446,19.522333333333332,51.61900000000001,-0.5684,-0.2317,0.5674190476190475,0.05615133928571439,Kaya
2051,2005,29.773666666666664,26.65211111111111,70.4158,1.0162,0.5194000000000001,-0.09774761904762386,0.7752678571428573,Kaya
2051,2006,30.411,24.870444444444445,57.29879999999999,-0.0424,-1.1526,0.5391968253968251,-0.928715625,Kaya
2051,2007,29.49777777777778,22.57188888888889,60.348,-0.044399999999999995,0.194,-0.37441428571428403,0.3859008928571429,Kaya
2051,2008,30.321,21.964777777777776,62.85080000000001,-0.2218,-0.48,0.4484190476190477,-0.3200825892857142,Kaya
2051,2009,31.113,17.13288888888889,48.2798,-1.6498000000000002,-0.4795,1.240030158730157,-0.3515660714285714,Kaya
2051,2010,29.50911111111111,30.995555555555555,66.0578,0.6374,0.714,-0.36424761904762093,0.8099504464285714,Kaya
2051,2011,30.40277777777778,27.11288888888889,54.40840000000001,0.11560000000000001,-1.1018000000000001,0.5290301587301585,-1.0378330357142858,Kaya
2051,2012,29.428444444444445,27.90288888888889,73.8726,1.3202,1.036,-0.44569206349206425,1.067983482142857,Kaya
2051,2013,29.715555555555554,23.162666666666667,55.5028,-0.4338,-0.35050000000000003,-0.15896984126984393,-0.35050000000000003,Kaya
2051,2014,30.548666666666666,23.528111111111112,47.196600000000004,-0.7638,-1.0341999999999998,0.6737523809523793,-1.0661834821428569,Kaya
2051,2015,30.79477777777778,26.549555555555557,57.0012,-0.41339999999999993,-0.6211,0.9194746031746064,-0.6850669642857143,Kaya
2051,2016,29.69977777777778,29.76777777777778,73.21279999999999,0.6714,0.351,-0.1759142857142848,0.25504955357142856,Kaya
2051,2017,29.972888888888885,22.564333333333334,64.01820000000001,-0.1472,0.3301,0.09680793650793262,0.2021660714285714,Kaya
2051,2018,29.50222222222222,30.636,72.2596,1.4212,1.1358,-0.3742476190476225,0.9758825892857141,Kaya
2051,2019,29.776777777777777,30.390111111111114,60.5818,0.5322,-0.04150000000000001,-0.10008095238095294,-0.2334008928571429,Kaya
2051,2020,29.418,34.98822222222222,77.2896,0.986,-0.12589999999999998,-0.4592476190476198,-0.34978437500000004,Kaya
2051,2021,29.869999999999997,22.694333333333333,59.88440000000001,-0.7731999999999999,0.3187,-0.007636507936510384,0.06283214285714278,Kaya
2051,2022,29.549444444444443,42.355555555555554,78.623,1.9276,0.5746,-0.3285809523809533,0.2867486607142856,Kaya
2051,2023,31.23277777777778,26.305111111111113,60.2968,0.8044,0.2653,1.354363492063495,-0.05453482142857152,Kaya
2051,2024,29.019777777777776,52.70477777777778,86.6976,2.497,0.7228,-0.8590253968253982,0.3709816964285714,Kaya
2051,2025,29.612777777777776,36.659,64.5658,0.5449999999999999,-9.999999999999853e-05,-0.26641428571428705,-0.3839017857142858,Kaya
2051,2026,31.88914285714286,13.901714285714286,41.394666666666666,-1.8963333333333334,-1.206,2.0095619047619095,-1.621785267857143,Kaya
2055,1989,26.922888888888888,13.265777777777778,,-0.9720000000000001,,0.6742361904761864,,Kobé
2055,1990,27.432222222222222,7.052777777777777,,-2.3592,,1.1655517460317455,,Kobé
2055,1991,26.28611111111111,19.610888888888887,61.0064,-0.1982,,0.00142285714285606,,Kobé
2055,1992,25.753888888888888,23.894777777777776,60.67960000000001,0.1176,,-0.5488171428571462,,Kobé
2055,1993,27.319444444444443,8.954777777777776,27.618000000000002,-2.1236,,0.9987206349206303,,Kobé
2055,1994,24.909222222222223,52.20955555555556,74.5706,1.8,,-1.429519365079365,,Kobé
2055,1995,26.244333333333334,23.09155555555556,58.0456,-0.2718,,-0.1124260317460326,,Kobé
2055,1996,27.10033333333333,8.756444444444444,25.2202,-1.9655999999999998,,0.7255561904761869,,Kobé
2055,1997,26.39933333333333,19.121888888888886,58.2358,-0.1864,,0.006538412698407825,,Kobé
2055,1998,25.526888888888887,29.78788888888889,69.11,0.23899999999999996,,-0.8839238095238109,,Kobé
2055,1999,24.894777777777776,37.42877777777778,79.7596,1.1964000000000001,,-1.534052698412701,,Kobé
2055,2000,27.123666666666665,17.348111111111113,46.7772,-0.709,,0.6768184126984096,,Kobé
2055,2001,26.856333333333332,26.424333333333333,67.8848,0.41719999999999996,0.5881000000000001,0.3914673015872978,0.9066563636363637,Kobé
2055,2002,27.191444444444446,25.28988888888889,61.6086,0.156,-0.3045,0.7085606349206373,-0.012489999999999946,Kobé
2055,2003,26.666,30.034444444444446,71.08959999999999,0.642,-0.2454,0.16509841269841274,0.020063636363636395,Kobé
2055,2004,26.83866666666667,13.241888888888889,42.4148,-1.1082,-1.6946,0.31974730158730225,-1.4556827272727273,Kobé
2055,2005,25.551444444444442,30.192666666666664,81.2696,0.6884,0.6128,-0.9854926984127026,0.8251709090909092,Kobé
2055,2006,27.149444444444445,16.62488888888889,54.57340000000001,-0.827,-0.9607999999999999,0.5944895238095249,-0.7749754545454544,Kobé
2055,2007,25.556666666666665,33.88433333333333,77.9602,1.0388,1.3538000000000001,-1.0163060317460335,1.513078181818182,Kobé
2055,2008,26.507333333333335,25.18288888888889,43.0464,0.26420000000000005,0.055,-0.08365714285714176,0.1877318181818182,Kobé
2055,2009,28.180444444444444,14.576222222222222,53.492200000000004,-0.9644,-0.488,1.571436190476188,-0.3818145454545454,Kobé
2055,2010,26.54733333333333,29.733333333333334,78.5004,1.0266,0.6376,-0.07969269841270332,0.7172390909090909,Kobé
2055,2011,26.951333333333334,19.140888888888888,47.8908,-0.3324,-0.5572,0.3062895238095251,-0.5041072727272727,Kobé
2055,2012,26.134888888888888,28.525555555555556,73.2302,1.0878,0.7569,-0.5281726984126998,0.7834463636363637,Kobé
2055,2013,26.777666666666665,18.461,45.123599999999996,-0.262,-0.9577,0.09658730158729867,-0.9577,Kobé
2055,2014,26.083444444444446,27.874333333333333,57.8702,0.2274,-0.17870000000000003,-0.6156526984126991,-0.20524636363636367,Kobé
2055,2015,27.835333333333335,23.265555555555558,47.3698,-0.1406,-0.5874,1.1182184126984147,-0.6404927272727273,Kobé
2055,2016,26.736555555555555,21.26211111111111,50.8004,0.1382,-0.37529999999999997,0.00142285714285606,-0.4549390909090909,Kobé
2055,2017,27.386555555555553,27.69633333333333,63.6204,0.532,-0.5727,0.6334050793650761,-0.6788854545454546,Kobé
2055,2018,26.393,27.75166666666667,72.7274,0.8068,0.46340000000000003,-0.37816825396825493,0.3306681818181818,Kobé
2055,2019,26.543555555555557,30.789666666666662,62.605599999999995,0.8958,-0.0456,-0.24563047619047396,-0.20487818181818182,Kobé
2055,2020,26.19666666666667,29.53311111111111,61.3284,0.3308,-0.1968,-0.6105371428571402,-0.3826245454545455,Kobé
2055,2021,27.165444444444447,31.621555555555556,62.7256,0.7074,0.7243999999999999,0.3402228571428587,0.5120290909090908,Kobé
2055,2022,26.65088888888889,27.922444444444444,74.7642,0.4588,0.4154,-0.19235047619047663,0.17648272727272724,Kobé
2055,2023,28.46977777777778,23.00711111111111,51.611599999999996,0.11120000000000001,-0.7978000000000001,1.6085206349206373,-1.0632636363636365,Kobé
2055,2024,25.755333333333333,43.67,88.5462,1.6256,1.7752000000000001,-1.1239415873015872,1.48319,Kobé
2055,2025,27.00111111111111,31.333000000000002,71.1172,0.504,1.1673,0.10381841269841274,0.8487436363636364,Kobé
2055,2026,30.127714285714287,9.558285714285715,24.708,-2.174,-1.0418333333333334,3.21240380952381,-1.3869360606060606,Kobé
2057,1989,24.808777777777777,72.95244444444444,,-0.43479999999999996,,0.0072931216931308995,,Mandoul O.
2057,1990,25.353555555555555,73.92699999999999,,-0.4598,,0.5316317460317528,,Mandoul O.
2057,1991,25.01711111111111,65.57499999999999,99.541,-1.0288,,0.17474814814815431,,Mandoul O.
2057,1992,24.53411111111111,89.5551111111111,94.4832,0.07560000000000003,,-0.3286910052909988,,Mandoul O.
2057,1993,25.26188888888889,54.93222222222222,98.6648,-2.1686,,0.37864761904763,,Mandoul O.
2057,1994,24.91122222222222,102.22522222222223,96.971,1.041,,0.007541798941804956,,Mandoul O.
2057,1995,25.131555555555554,74.593,98.6216,-0.6446,,0.20743597883598497,,Mandoul O.
2057,1996,24.726222222222223,77.76477777777778,98.8836,-0.751,,-0.21833650793649895,,Mandoul O.
2057,1997,25.358333333333334,70.2521111111111,99.8628,-0.6092000000000001,,0.39333544973546,,Mandoul O.
2057,1998,25.01088888888889,85.519,96.63759999999999,0.2326,,0.02545185185185872,,Mandoul O.
2057,1999,24.566111111111113,86.57344444444443,96.3182,0.03240000000000002,,-0.4397650793650705,,Mandoul O.
2057,2000,24.878333333333334,70.81144444444445,93.9586,-0.5764,,-0.14798201058200178,,Mandoul O.
2057,2001,24.796444444444447,113.35922222222223,95.9044,2.0658000000000003,-0.0286,-0.2503100529100415,-0.9699083333333333,Mandoul O.
2057,2002,25.351,73.58999999999999,94.00059999999999,-0.5780000000000001,0.6134,0.2838063492063547,-0.24946597222222222,Mandoul O.
2057,2003,24.912666666666667,71.97222222222223,93.13719999999999,-0.2142,0.6587000000000001,-0.17496613756613044,-0.12572361111111108,Mandoul O.
2057,2004,25.113666666666667,69.844,98.2388,-0.5726,1.4186999999999999,0.005594708994717479,0.7127187499999998,Mandoul O.
2057,2005,25.268,74.39377777777777,99.43379999999999,-0.4264,1.1269,0.13948888888889854,0.49936111111111114,Mandoul O.
2057,2006,25.147777777777776,85.96144444444445,98.1498,0.72,0.6109,-0.001172486772482273,0.06180347222222227,Mandoul O.
2057,2007,25.049777777777777,76.94377777777778,96.4784,-0.2806,0.6137,-0.11961164021163384,0.14304583333333337,Mandoul O.
2057,2008,24.936777777777777,94.9738888888889,93.1988,1.5353999999999999,1.1165,-0.253050793650786,0.7242881944444445,Mandoul O.
2057,2009,25.52588888888889,72.61377777777778,96.4834,-0.642,0.14989999999999998,0.3156211640211737,-0.16386944444444446,Mandoul O.
2057,2010,25.21688888888889,78.24144444444444,98.51859999999999,0.1572,-0.3599,-0.013817989417979959,-0.5952270833333333,Mandoul O.
2057,2011,25.245555555555555,92.22033333333333,95.3746,1.1938,0.24450000000000002,-0.0055904761904699285,0.0876152777777778,Mandoul O.
2057,2012,24.88688888888889,92.03166666666667,98.0544,1.7494,0.2837,-0.384696296296287,0.2052576388888889,Mandoul O.
2057,2013,25.04222222222222,73.72766666666666,97.86800000000001,0.639,0.0781,-0.24980211640210825,0.0781,Mandoul O.
2057,2014,25.309444444444445,77.253,97.8634,-0.1938,-0.7592000000000001,-0.003019047619037707,-0.680757638888889,Mandoul O.
2057,2015,25.758888888888887,70.99111111111111,97.4528,-0.892,-0.46709999999999996,0.425986243386248,-0.31021527777777774,Mandoul O.
2057,2016,25.602111111111114,82.06166666666667,97.2944,0.5502,-0.5859000000000001,0.24876931216932263,-0.3505729166666668,Mandoul O.
2057,2017,25.33877777777778,90.39911111111111,98.2904,0.6798,0.4071,-0.03500317460316538,0.7208694444444445,Mandoul O.
2057,2018,25.40844444444444,72.92733333333334,98.691,-0.1712,-0.1573,0.014224338624345023,0.23491180555555558,Mandoul O.
2057,2019,25.526111111111113,95.96288888888888,97.2998,0.7482,-0.9454,0.1114518518518608,-0.47474583333333337,Mandoul O.
2057,2020,25.49722222222222,63.89344444444444,98.2518,-1.7297999999999998,-0.15159999999999998,0.0621238095238148,0.3974965277777778,Mandoul O.
2057,2021,25.627222222222223,96.02133333333333,97.6022,0.4034000000000001,-0.2802,0.17168465608466477,0.34733888888888886,Mandoul O.
2057,2022,25.028444444444446,87.345,99.05420000000001,0.77,-0.4215,-0.44753227513226435,0.28448125,Mandoul O.
2057,2023,25.78022222222222,76.30711111111111,98.44,-0.27759999999999996,-0.7502,0.2838063492063547,0.03422361111111116,Mandoul O.
2057,2024,25.604333333333333,119.14888888888888,88.14880000000001,2.2458,-1.2104,0.08747830687831382,-0.34753402777777775,Mandoul O.
2057,2025,25.273444444444447,101.0751111111111,90.179,0.4288,-1.2337,-0.2638497354497247,-0.2923916666666667,Mandoul O.
2057,2026,26.115571428571428,62.02171428571428,91.85133333333333,-1.469,-0.7873333333333334,0.5578380952381039,0.2324173611111109,Mandoul O.
2060,1989,25.249000000000002,72.59477777777778,,-0.8276,,0.011132756132763433,,Tandjilé Centre
2060,1990,25.89288888888889,74.45333333333332,,-0.6998,,0.6337590187590223,,Tandjilé Centre
2060,1991,25.553444444444445,76.55533333333334,99.954,-0.21020000000000003,,0.27305194805195043,,Tandjilé Centre
2060,1992,25.018555555555555,85.71655555555554,99.91600000000001,0.5584,,-0.2830995670995655,,Tandjilé Centre
2060,1993,25.74522222222222,62.91133333333333,99.8676,-2.3306,,0.4223044733044752,,Tandjilé Centre
2060,1994,25.328666666666667,86.55555555555556,99.7684,0.36419999999999997,,-0.015513708513704927,,Tandjilé Centre
2060,1995,25.588,77.573,99.65360000000001,0.17260000000000003,,0.22255699855700328,,Tandjilé Centre
2060,1996,25.192999999999998,94.977,99.73060000000001,0.729,,-0.19370562770562572,,Tandjilé Centre
2060,1997,25.82,90.61644444444444,99.973,0.9286,,0.41203174603175086,,Tandjilé Centre
2060,1998,25.534000000000002,89.42888888888889,99.707,0.5126,,0.10476911976912362,,Tandjilé Centre
2060,1999,24.930444444444444,82.98255555555555,99.61280000000001,-0.11920000000000001,,-0.5200490620490612,,Tandjilé Centre
2060,2000,25.221777777777778,77.88711111111111,99.37039999999999,-0.4332,,-0.24997835497835297,,Tandjilé Centre
2060,2001,25.220222222222223,99.28344444444444,99.756,1.1905999999999999,-0.5758000000000001,-0.27279653679653393,-1.193044705882353,Tandjilé Centre
2060,2002,25.752555555555556,76.60755555555555,97.4452,-0.7544,-0.06589999999999999,0.23827417027417397,-0.6317076470588235,Tandjilé Centre
2060,2003,25.29422222222222,79.97999999999999,99.1276,0.0862,0.6071,-0.2413217893217876,0.09272941176470584,Tandjilé Centre
2060,2004,25.494777777777777,78.45922222222222,99.7104,-0.728,1.1211,-0.06202886002885677,0.6581664705882353,Tandjilé Centre
2060,2005,25.728444444444445,79.79077777777778,99.8028,0.1318,0.7937,0.15037518037518183,0.38220352941176466,Tandjilé Centre
2060,2006,25.683555555555554,87.547,99.8284,0.7302,0.3907,0.08422366522366431,0.030640588235294086,Tandjilé Centre
2060,2007,25.49711111111111,68.29244444444444,99.4716,-0.892,0.3336,-0.1234834054834053,0.02497764705882355,Tandjilé Centre
2060,2008,25.398555555555554,76.99744444444444,98.4062,0.022399999999999996,0.06399999999999999,-0.24330158730158757,-0.19318529411764707,Tandjilé Centre
2060,2009,25.933444444444447,73.72311111111111,96.5952,-0.6786,-0.3883,0.2703246753246802,-0.5940482352941177,Tandjilé Centre
2060,2010,25.636666666666667,82.29233333333333,99.964,1.0374,0.46110000000000007,-0.04771572871572616,0.30678882352941184,Tandjilé Centre
2060,2011,25.63111111111111,88.79533333333333,99.4426,1.1388,-0.7579,-0.07453391053390845,-0.8607741176470588,Tandjilé Centre
2060,2012,25.348444444444443,86.57900000000001,99.8926,1.6276,0.6645,-0.3784632034632054,0.6130629411764705,Tandjilé Centre
2060,2013,25.53222222222222,76.20444444444445,99.113,0.48819999999999997,0.4016,-0.2159480519480539,0.4016,Tandjilé Centre
2060,2014,25.780555555555555,81.292,97.7954,-0.2192,0.09690000000000001,0.01112265512265509,0.14833705882352943,Tandjilé Centre
2060,2015,26.213,72.74466666666666,98.5144,-0.9766,-0.6228,0.4223044733044752,-0.5199258823529412,Tandjilé Centre
2060,2016,26.071555555555555,80.55622222222222,99.5846,0.11699999999999999,0.37450000000000006,0.2595974025974037,0.5288111764705883,Tandjilé Centre
2060,2017,25.775333333333336,78.33822222222221,99.93719999999999,-0.4896,0.3513,-0.05788744588744166,0.5570482352941176,Tandjilé Centre
2060,2018,25.904777777777777,72.60511111111111,99.9328,-0.7034,0.06120000000000002,0.05029437229437406,0.3183852941176471,Tandjilé Centre
2060,2019,25.94911111111111,88.49144444444444,99.80699999999999,0.7772,-0.3025,0.07336507936508241,0.006122352941176468,Tandjilé Centre
2060,2020,25.916999999999998,72.46155555555555,99.9014,-1.5608,-0.23019999999999996,0.01999134199133934,0.12985941176470595,Tandjilé Centre
2060,2021,26.186999999999998,85.12533333333334,99.5984,-0.10539999999999998,-0.7804,0.26872871572871304,-0.3689035294117647,Tandjilé Centre
2060,2022,25.60377777777778,97.7641111111111,99.97959999999999,2.1214,-0.7255,-0.33575613275613136,-0.26256647058823535,Tandjilé Centre
2060,2023,26.200444444444443,68.78355555555555,99.7222,-0.9608000000000001,-0.24410000000000004,0.23964790764790678,0.2702705882352941,Tandjilé Centre
2060,2024,26.057222222222222,83.68388888888889,97.19500000000001,0.40499999999999997,-0.5554,0.0751630591630601,0.010407647058823577,Tandjilé Centre
2060,2025,25.720777777777776,94.87677777777778,95.716,0.329,-1.0480999999999998,-0.28254401154401165,-0.4308552941176469,Tandjilé Centre
2060,2026,26.75728571428571,67.97614285714285,98.73766666666666,-0.7959999999999999,-1.3358333333333334,0.7327012987012971,-0.6671515686274511,Tandjilé Centre
2061,1989,28.543555555555557,20.185,,-0.6694,,-0.38526455026455153,,Wadi Bissam
2061,1990,29.358999999999998,18.71011111111111,,-1.316,,0.42728571428570916,,Wadi Bissam
2061,1991,29.427333333333333,22.764444444444443,50.0284,-0.8468,,0.49272486772486346,,Wadi Bissam
2061,1992,28.08277777777778,26.478666666666665,52.288599999999995,-0.3102,,-0.8547248677248724,,Wadi Bissam
2061,1993,29.735444444444447,22.069000000000003,35.3442,-1.5028000000000001,,0.7950476190476188,,Wadi Bissam
2061,1994,27.61077777777778,46.22922222222222,71.8918,1.02,,-1.3325132275132283,,Wadi Bissam
2061,1995,29.083666666666666,25.509,47.4818,-1.0116,,0.1374814814814762,,Wadi Bissam
2061,1996,29.449888888888886,21.058222222222224,41.1086,-1.3198,,0.5008095238095187,,Wadi Bissam
2061,1997,29.608999999999998,31.284666666666666,57.961,0.2122,,0.6570264550264504,,Wadi Bissam
2061,1998,28.492888888888885,37.08877777777778,59.212599999999995,0.20220000000000002,,-0.4619788359788437,,Wadi Bissam
2061,1999,27.447222222222223,40.64844444444444,74.2538,1.0555999999999999,,-1.5105396825396866,,Wadi Bissam
2061,2000,28.855777777777778,26.66033333333333,50.912,-0.63,,-0.10487830687830879,,Wadi Bissam
2061,2001,28.72511111111111,34.68677777777778,70.3116,1.1522000000000001,0.3081,-0.23843915343915612,0.20262499999999994,Wadi Bissam
2061,2002,29.576666666666668,23.790333333333333,40.3502,-1.0779999999999998,-1.0727,0.6102222222222196,-1.1693854166666666,Wadi Bissam
2061,2003,28.405777777777775,34.092666666666666,73.8664,1.1039999999999999,1.2703,-0.5635608465608506,1.1824041666666667,Wadi Bissam
2061,2004,29.205000000000002,22.007666666666665,49.3264,-0.7266,-0.3617,0.2327671957671953,-0.44080625000000007,Wadi Bissam
2061,2005,28.702222222222222,31.907444444444447,69.8692,0.8446,0.5558,-0.27290476190476554,0.48548333333333327,Wadi Bissam
2061,2006,29.226555555555553,29.715444444444447,61.23,0.39699999999999996,0.053,0.24853439153438472,-0.008527083333333359,Wadi Bissam
2061,2007,28.328222222222223,26.845777777777776,52.7752,-0.0762,0.5328,-0.6526931216931224,0.48006250000000006,Wadi Bissam
2061,2008,29.21177777777778,26.075333333333333,68.0654,0.1786,-0.6315999999999999,0.22796825396825326,-0.6755479166666666,Wadi Bissam
2061,2009,30.145888888888887,21.712333333333333,45.6584,-1.3342,-0.25449999999999995,1.15918518518518,-0.2896583333333333,Wadi Bissam
2061,2010,29.108111111111114,32.94711111111111,62.557399999999994,0.4364,0.4385,0.11851322751322968,0.41213125,Wadi Bissam
2061,2011,29.35533333333333,25.474222222222224,52.075199999999995,-0.4282,-0.7287999999999999,0.3628412698412653,-0.7463791666666666,Wadi Bissam
2061,2012,28.44822222222222,28.015555555555554,71.3476,0.6268,1.053,-0.5471640211640256,1.0442104166666666,Wadi Bissam
2061,2013,29.061666666666667,22.413777777777778,42.237,-0.9206,-0.08220000000000002,0.06338624338624044,-0.08220000000000002,Wadi Bissam
2061,2014,29.667333333333332,24.636444444444443,37.8306,-1.2032,-0.7157,0.6661587301587275,-0.7069104166666667,Wadi Bissam
2061,2015,29.574111111111115,33.82344444444445,55.248000000000005,0.1972,-0.0625,0.5700423280423301,-0.044920833333333327,Wadi Bissam
2061,2016,29.166666666666668,29.973555555555556,81.1438,0.2718,0.003700000000000002,0.1597037037037019,0.030068750000000012,Wadi Bissam
2061,2017,29.353444444444442,29.149666666666665,71.0128,0.4436,-0.7848,0.34358730158729855,-0.7496416666666668,Wadi Bissam
2061,2018,28.590777777777777,30.473444444444446,67.96079999999999,0.7106,1.087,-0.42197354497354667,1.1309479166666667,Wadi Bissam
2061,2019,28.56088888888889,38.39222222222222,65.9126,1.2167999999999999,-1.2456999999999998,-0.454756613756615,-1.1929624999999997,Wadi Bissam
2061,2020,28.561111111111114,36.53377777777777,68.4264,0.6346,0.41709999999999997,-0.4574285714285722,0.4786270833333333,Wadi Bissam
2061,2021,29.194333333333336,25.51222222222222,57.952999999999996,-0.5492,-0.9339,0.17289947089947333,-0.8635833333333333,Wadi Bissam
2061,2022,28.785888888888888,49.873777777777775,82.6636,1.9678,0.9114,-0.23843915343915612,0.99050625,Wadi Bissam
2061,2023,30.30111111111111,30.54888888888889,69.26259999999999,1.215,-0.5522,1.2738888888888837,-0.46430416666666663,Wadi Bissam
2061,2024,28.452222222222222,49.25522222222222,92.4544,2.1776,1.0068000000000001,-0.5778941798941801,1.1034854166666668,Wadi Bissam
2061,2025,28.93011111111111,38.58177777777777,64.6746,0.6096,0.0998,-0.10289947089947304,0.20527500000000004,Wadi Bissam
2061,2026,30.891142857142857,19.381857142857143,43.88366666666667,-1.529,-0.25083333333333335,1.855238095238093,-0.13656874999999996,Wadi Bissam
2362,1989,29.27333333333333,13.482888888888889,,-1.516,,-0.31167435897436846,,Mamdi
2362,1990,30.145555555555557,16.79111111111111,,-1.0328,,0.5578769230769183,,Mamdi
2362,1991,30.012,21.62977777777778,87.0802,-0.13279999999999997,,0.42165042735042135,,Mamdi
2362,1992,28.912777777777777,24.980222222222224,79.8956,-0.052000000000000005,,-0.6802427350427429,,Mamdi
2362,1993,30.107000000000003,17.977888888888888,79.6554,-1.6280000000000001,,0.511308547008543,,Mamdi
2362,1994,28.233999999999998,38.25333333333334,78.9438,1.2731999999999999,,-1.364362393162402,,Mamdi
2362,1995,29.66466666666667,22.262222222222224,83.4342,-0.542,,0.06363333333333188,,Mamdi
2362,1996,29.793,17.01188888888889,82.1246,-1.142,,0.1892957264957218,,Mamdi
2362,1997,30.385777777777776,20.19977777777778,71.0702,-0.3808,,0.7794025641025577,,Mamdi
2362,1998,29.18777777777778,27.287222222222223,56.3202,-0.2274,,-0.4212683760683795,,Mamdi
2362,1999,28.191777777777776,37.120222222222225,91.34939999999999,1.5772,,-1.4199393162393221,,Mamdi
2362,2000,29.568222222222225,21.28188888888889,90.5658,-0.6102000000000001,,-0.04616581196581393,,Mamdi
2362,2001,29.251,24.953666666666667,91.5228,0.507,-0.4323,-0.36605897435897816,-0.46907472527472527,Mamdi
2362,2002,30.384666666666664,23.165222222222223,89.4376,-0.637,-0.7404999999999999,0.7649367521367445,-0.7742101648351648,Mamdi
2362,2003,29.221555555555558,24.31622222222222,92.386,0.5262,0.1918,-0.40084529914530265,0.16115439560439562,Mamdi
2362,2004,30.06988888888889,18.345555555555553,89.92620000000001,-0.43760000000000004,-0.2411,0.44481709401709324,-0.268681043956044,Mamdi
2362,2005,29.49822222222222,25.70422222222222,92.0048,1.1888,0.9521999999999999,-0.12952051282051613,0.9276835164835164,Mamdi
2362,2006,30.164555555555555,25.01,90.6498,0.3054,-0.1634,0.5341418803418776,-0.18485192307692305,Mamdi
2362,2007,29.22122222222222,20.864444444444445,91.6968,-0.0528,0.6164000000000001,-0.4118623931623979,0.5980126373626374,Mamdi
2362,2008,29.95922222222222,20.686555555555557,86.56620000000001,-0.16240000000000002,0.32599999999999996,0.32346666666666124,0.31067719780219777,Mamdi
2362,2009,30.894444444444446,16.652666666666665,88.4444,-1.5234,-0.3751,1.2560179487179468,-0.38735824175824174,Mamdi
2362,2010,29.290333333333333,28.23033333333333,92.779,0.5980000000000001,0.5664,-0.3507641025641064,0.5572063186813186,Mamdi
2362,2011,30.08422222222222,25.203111111111113,89.39020000000001,0.045000000000000005,-0.8029999999999999,0.4404538461538401,-0.8091291208791208,Mamdi
2362,2012,29.185666666666666,24.492222222222225,85.774,0.9288000000000001,1.0923,-0.46077264957265385,1.0892354395604396,Mamdi
2362,2013,29.499444444444446,19.834,88.85119999999999,-0.593,-0.6157,-0.14966581196581075,-0.6157,Mamdi
2362,2014,30.11688888888889,20.49177777777778,77.2456,-1.0226000000000002,-0.5454,0.46510769230769355,-0.5423354395604395,Mamdi
2362,2015,30.448777777777778,25.42288888888889,77.03880000000001,-0.4202,-0.20709999999999998,0.7943256410256403,-0.2009708791208791,Mamdi
2362,2016,29.606111111111108,27.93588888888889,72.9004,0.6846,0.6461999999999999,-0.05101196581196987,0.6553936813186813,Mamdi
2362,2017,29.73188888888889,21.997666666666664,84.0418,0.0882,0.21580000000000002,0.07209487179487084,0.22805824175824177,Mamdi
2362,2018,29.349999999999998,26.927888888888887,73.61760000000001,1.1583999999999999,0.4092,-0.31246495726496093,0.4245228021978022,Mamdi
2362,2019,29.683444444444447,28.646,84.0824,0.5684,-0.2038,0.018308547008548004,-0.18541263736263738,Mamdi
2362,2020,29.171444444444447,31.774,95.8304,0.9348000000000001,-0.0437,-0.49636239316239283,-0.022248076923076933,Mamdi
2362,2021,29.73411111111111,19.682666666666666,82.0004,-1.0257999999999998,-0.4803,0.06363333333333188,-0.4557835164835165,Mamdi
2362,2022,29.33233333333333,40.019666666666666,92.45660000000001,1.9338000000000002,0.2837,-0.34081538461538585,0.31128104395604395,Mamdi
2362,2023,30.949111111111115,24.47222222222222,75.9274,0.8158,-0.6549,1.273291452991458,-0.6242543956043957,Mamdi
2362,2024,28.92422222222222,45.91499999999999,85.3352,2.4582,0.3415,-0.7542683760683779,0.37521016483516484,Mamdi
2362,2025,29.421666666666667,30.428444444444445,79.7114,0.2706,-0.5687,-0.2594948717948711,-0.5319252747252747,Mamdi
2362,2026,31.666999999999998,11.459999999999999,71.021,-1.905,-1.6926666666666665,1.9831675213675197,-1.6528273809523808,Mamdi
2444,1989,25.249000000000002,68.44466666666666,,-0.6828000000000001,,-0.007087394957984827,,Tandjile Ouest
2444,1990,25.854888888888887,62.64344444444444,,-1.504,,0.5774420168067174,,Tandjile Ouest
2444,1991,25.595555555555556,76.031,99.97819999999999,0.28040000000000004,,0.29674920634920454,,Tandjile Ouest
2444,1992,25.012999999999998,82.01444444444445,99.9764,0.7304,,-0.3071658263305359,,Tandjile Ouest
2444,1993,25.665222222222223,59.39966666666666,99.97619999999999,-2.0442,,0.3236969187675065,,Tandjile Ouest
2444,1994,25.319000000000003,77.896,99.94,-0.016200000000000003,,-0.04388478057889955,,Tandjile Ouest
2444,1995,25.57311111111111,81.37077777777777,99.8066,0.9842000000000001,,0.188866853408026,,Tandjile Ouest
2444,1996,25.256555555555554,88.6561111111111,99.95,1.063,,-0.14904817927171266,,Tandjile Ouest
2444,1997,25.854444444444443,73.9041111111111,99.9966,0.10300000000000001,,0.42748123249299397,,Tandjile Ouest
2444,1998,25.591333333333335,83.4601111111111,99.887,0.3648,,0.1430106442577035,,Tandjile Ouest
2444,1999,24.919888888888888,83.39022222222223,99.8896,0.489,,-0.5497932773109255,,Tandjile Ouest
2444,2000,25.23177777777778,73.92555555555556,99.65039999999999,-0.313,,-0.2592638655462203,,Tandjile Ouest
2444,2001,25.24088888888889,89.85733333333333,99.9702,0.9690000000000001,0.2984,-0.27151223155929216,-0.13531842105263164,Tandjile Ouest
2444,2002,25.775111111111112,67.2088888888889,99.19839999999999,-1.0834,-0.02919999999999999,0.24135051353874815,-0.4267752192982457,Tandjile Ouest
2444,2003,25.336333333333332,67.14077777777779,99.526,-0.6162,0.22330000000000003,-0.21878674136321408,-0.13813201754385965,Tandjile Ouest
2444,2004,25.543222222222223,75.81222222222222,99.9256,-0.5276,0.9029,-0.03325732959850569,0.5776111842105263,Tandjile Ouest
2444,2005,25.710333333333335,74.33533333333334,99.8082,0.14040000000000002,0.7683,0.11249430438842367,0.4791543859649122,Tandjile Ouest
2444,2006,25.702333333333332,80.53022222222222,99.9538,0.922,0.35000000000000003,0.08313482726423516,0.09699758771929823,Tandjile Ouest
2444,2007,25.508444444444443,63.15122222222222,99.7948,-0.6540000000000001,0.45299999999999996,-0.13211353874883613,0.23614078947368414,Tandjile Ouest
2444,2008,25.429777777777776,67.06122222222221,99.03880000000001,-0.3572,0.1476,-0.2321396825396853,-0.03311600877192983,Tandjile Ouest
2444,2009,25.997333333333334,73.28611111111111,97.3928,0.08620000000000001,-0.2657,0.31405639589169,-0.4102728070175439,Tandjile Ouest
2444,2010,25.659777777777776,74.82822222222222,99.9876,0.8096,-0.07519999999999999,-0.044858636788049466,-0.1836296052631579,Tandjile Ouest
2444,2011,25.682111111111112,77.23777777777778,99.7808,0.8518000000000001,-0.6057,-0.04388478057889955,-0.6779864035087719,Tandjile Ouest
2444,2012,25.367333333333335,76.47633333333334,99.982,1.1364,0.4245,-0.38002203548085944,0.38835679824561403,Tandjile Ouest
2444,2013,25.57322222222222,71.05855555555556,99.5712,0.2508,0.25970000000000004,-0.19549262371615583,0.25970000000000004,Tandjile Ouest
2444,2014,25.773,78.83555555555556,98.9418,-0.019600000000000017,-0.1509,-0.01707432306255896,-0.11475679824561404,Tandjile Ouest
2444,2015,26.252,68.51744444444445,98.51500000000001,-0.9640000000000001,-0.8142,0.44056619981325795,-0.7419135964912281,Tandjile Ouest
2444,2016,26.102999999999998,72.91188888888888,99.7774,-0.1832,0.2824,0.27020672268907475,0.3908296052631579,Tandjile Ouest
2444,2017,25.80988888888889,69.05566666666667,99.9862,-0.8661999999999999,0.6013999999999999,-0.044263865546220416,0.7459728070175438,Tandjile Ouest
2444,2018,25.912777777777777,64.48744444444445,99.99159999999999,-0.982,-0.08429999999999999,0.03726554621848521,0.09641600877192985,Tandjile Ouest
2444,2019,25.965444444444444,80.31944444444444,99.9558,0.7978,-0.36669999999999997,0.06857273576097,-0.14984078947368415,Tandjile Ouest
2444,2020,25.966555555555555,75.6408888888889,99.9674,-0.7304,0.10039999999999999,0.048324369747899,0.3534024122807018,Tandjile Ouest
2444,2021,26.191222222222223,73.97588888888889,99.9108,-0.41800000000000004,-0.5105,0.2516315592903844,-0.2213543859649122,Tandjile Ouest
2444,2022,25.634666666666664,91.985,99.9968,2.3028,-0.40859999999999996,-0.32628347338935626,-0.08331118421052625,Tandjile Ouest
2444,2023,26.197555555555553,67.54688888888889,99.9102,-0.3632,0.21710000000000004,0.21524593837534667,0.5785320175438597,Tandjile Ouest
2444,2024,26.051333333333332,71.73177777777778,98.2808,-0.031199999999999995,-0.372,0.047664239028943456,0.02557521929824569,Tandjile Ouest
2444,2025,25.763555555555556,86.36266666666667,96.7718,0.29960000000000003,-1.047,-0.2614730158730154,-0.6132815789473682,Tandjile Ouest
2444,2026,26.82242857142857,66.45842857142857,99.17033333333332,-0.4676666666666667,-0.8741666666666666,0.7760405228758174,-0.40430504385964905,Tandjile Ouest
2446,1989,25.98211111111111,43.224333333333334,,-0.7214,,0.23864029304029089,,Abdi
2446,1990,26.779333333333334,36.848111111111116,,-2.0065999999999997,,1.0013240537240549,,Abdi
2446,1991,25.99811111111111,51.41833333333333,94.2918,0.5826,,0.18556336996337208,,Abdi
2446,1992,25.47855555555556,48.03311111111111,97.2514,-0.22280000000000003,,-0.368530647130644,,Abdi
2446,1993,26.03222222222222,45.87188888888889,98.0504,-0.4242,,0.15059755799755692,,Abdi
2446,1994,25.43288888888889,63.221111111111114,99.0814,0.7712,,-0.4832742368742373,,Abdi
2446,1995,25.72688888888889,57.32844444444444,99.7156,0.592,,-0.22381269841269713,,Abdi
2446,1996,25.90533333333333,44.041111111111114,98.2856,-1.1103999999999998,,-0.07990671550671635,,Abdi
2446,1997,26.033666666666665,48.48733333333333,98.924,-0.31120000000000003,,0.013888156288153652,,Abdi
2446,1998,25.981,64.53777777777778,97.836,1.1718,,-0.07331697191697018,,Abdi
2446,1999,25.33577777777778,63.73477777777777,99.9144,0.7846,,-0.7530776556776573,,Abdi
2446,2000,26.379444444444445,44.546,97.869,-0.7522,,0.25605054945054917,,Abdi
2446,2001,26.429,55.59255555555555,96.6028,0.6073999999999999,0.4424,0.2710676434676422,0.5523486956521739,Abdi
2446,2002,27.092444444444443,48.86311111111112,95.9496,-0.3996,0.4899,0.8999736263736224,0.5906863043478261,Abdi
2446,2003,25.557666666666666,54.982,99.3136,0.8720000000000001,1.1204,-0.6693426129426143,1.2120239130434782,Abdi
2446,2004,26.617222222222225,38.21955555555556,96.3584,-1.363,0.49420000000000003,0.35567448107448385,0.5766615217391304,Abdi
2446,2005,26.05377777777778,59.39977777777777,98.7628,1.424,0.9103,-0.2423084249084262,0.9835991304347826,Abdi
2446,2006,26.644777777777776,50.44311111111111,96.3656,-0.2564,-0.8005,0.31415311355311104,-0.7363632608695652,Abdi
2446,2007,26.070888888888888,38.36011111111111,95.249,-0.9676,0.1425,-0.2942742368742408,0.19747434782608692,Abdi
2446,2008,26.192666666666668,42.25266666666667,90.1316,-0.737,-0.8575999999999999,-0.20703492063492135,-0.8117880434782608,Abdi
2446,2009,27.265666666666664,49.96788888888889,99.58,-0.329,-0.5354,0.8314266178266152,-0.4987504347826087,Abdi
2446,2010,26.482666666666667,54.50555555555556,99.4978,0.6988,-0.5239,0.013888156288153652,-0.4964128260869566,Abdi
2446,2011,27.033,40.68933333333334,88.925,-0.9642,-1.2063,0.5296830280830278,-1.1879752173913043,Abdi
2446,2012,25.822777777777777,52.33555555555555,98.8154,1.1362,0.4784,-0.7150776556776606,0.4875623913043478,Abdi
2446,2013,26.477555555555554,32.11933333333334,94.8794,-1.4609999999999999,-0.45840000000000003,-0.09483833943834341,-0.45840000000000003,Abdi
2446,2014,26.381666666666668,54.48444444444445,98.3922,0.49160000000000004,-1.2301,-0.22526568986569018,-1.239262391304348,Abdi
2446,2015,27.45422222222222,44.818333333333335,88.8164,-1.0806,-0.9205000000000001,0.812751404151399,-0.9388247826086957,Abdi
2446,2016,26.516888888888886,41.65788888888889,97.325,-0.4716,-0.24029999999999999,-0.1591203907203962,-0.26778717391304346,Abdi
2446,2017,26.819777777777777,49.050222222222224,99.6028,-0.0528,-1.1840000000000002,0.10923003663003428,-1.2206495652173914,Abdi
2446,2018,26.35977777777778,48.24877777777778,99.08959999999999,0.4182,0.8573,-0.38530842490842687,0.8114880434782609,Abdi
2446,2019,26.809555555555555,56.665,96.886,1.033,0.30179999999999996,0.029930891330888443,0.246825652173913,Abdi
2446,2020,26.212666666666664,52.163444444444444,99.7162,-0.17359999999999998,0.3979,-0.6014964590964667,0.3337632608695652,Abdi
2446,2021,27.142555555555557,61.76155555555556,98.6756,1.342,0.5982,0.29385396825396626,0.5249008695652173,Abdi
2446,2022,26.15711111111111,64.98844444444445,99.97560000000001,1.4628,-0.08319999999999997,-0.7261289377289408,-0.16566152173913037,Abdi
2446,2023,28.692222222222224,50.72566666666666,98.4992,0.44299999999999995,1.4261,1.774443711843709,1.3344760869565218,Abdi
2446,2024,26.523666666666667,62.782666666666664,99.7606,0.983,0.0914,-0.4286503052503079,-0.009386304347826072,Abdi
2446,2025,26.875444444444447,53.49922222222222,97.9062,0.2656,0.7322,-0.11141098901099156,0.622251304347826,Abdi
2446,2026,29.351857142857142,41.254714285714286,94.38,-2.0020000000000002,-0.6696666666666666,2.3304632478632428,-0.7887777536231884,Abdi
2457,1989,24.990111111111112,77.28244444444445,,-0.8577999999999999,,0.026136507936506348,,Guéni
2457,1990,25.487444444444446,73.467,,-1.124,,0.5015365079365068,,Guéni
2457,1991,25.282555555555557,79.48177777777778,99.9088,-0.22999999999999998,,0.27471428571428547,,Guéni
2457,1992,24.74711111111111,92.83455555555555,99.6888,0.6852,,-0.28266349206349517,,Guéni
2457,1993,25.397111111111112,66.07933333333332,99.6856,-2.0926,,0.3454031746031738,,Guéni
2457,1994,25.09188888888889,84.32377777777778,99.5312,-0.207,,0.01824761904761729,,Guéni
2457,1995,25.324444444444445,82.51911111111112,98.9024,0.193,,0.2288698412698409,,Guéni
2457,1996,24.979333333333333,93.79811111111111,99.63980000000001,0.394,,-0.13817460317460473,,Guéni
2457,1997,25.558,90.931,99.9342,1.0288,,0.418558730158729,,Guéni
2457,1998,25.288,86.32033333333334,99.474,-0.13679999999999998,,0.1266253968253963,,Guéni
2457,1999,24.65288888888889,92.241,99.3714,0.4796,,-0.5304190476190485,,Guéni
2457,2000,24.956333333333333,77.36044444444445,97.7954,-1.0703999999999998,,-0.24890793650793697,,Guéni
2457,2001,24.991555555555554,105.70077777777777,99.522,1.4902000000000002,0.7109,-0.23561904761904984,-0.29913405572755425,Guéni
2457,2002,25.484111111111112,82.78500000000001,96.7644,-0.3766,0.49429999999999996,0.23500317460317532,-0.4315645510835914,Guéni
2457,2003,25.03277777777778,86.20922222222222,97.681,0.2838,0.6231,-0.2382634920634885,-0.21859504643962846,Guéni
2457,2004,25.250555555555554,83.46955555555556,99.1956,-0.6172000000000001,1.3420999999999998,-0.04241904761904891,0.5845744582043342,Guéni
2457,2005,25.433,82.22633333333334,99.1108,-0.16499999999999998,1.1669,0.11809206349206391,0.49354396284829727,Guéni
2457,2006,25.37388888888889,88.30155555555557,99.64020000000001,0.3934,0.984,0.03704761904761966,0.3948134674922601,Guéni
2457,2007,25.22511111111111,73.02855555555556,97.5972,-0.9568,0.265,-0.1336634920634907,-0.2400170278637771,Guéni
2457,2008,25.144,79.77433333333335,94.8418,-0.23900000000000002,0.21370000000000003,-0.23670793650793698,-0.2071475232198142,Guéni
2457,2009,25.663111111111114,78.38044444444444,94.1196,-0.4136,-0.37239999999999995,0.2604698412698454,-0.7090780185758514,Guéni
2457,2010,25.40488888888889,88.52888888888889,99.87480000000001,1.1636,0.5666,-0.01968571428571053,0.31409148606811144,Guéni
2457,2011,25.351777777777777,89.3821111111111,98.5116,0.9094,-0.24760000000000001,-0.09473015873015811,-0.4159390092879257,Guéni
2457,2012,25.061666666666667,92.25055555555555,99.7272,1.8978000000000002,0.6013999999999999,-0.40677460317460046,0.517230495356037,Guéni
2457,2013,25.269777777777776,77.50166666666667,97.529,0.16419999999999998,0.772,-0.22059682539682512,0.772,Guéni
2457,2014,25.46088888888889,85.11266666666667,95.66839999999999,-0.1378,-0.2179,-0.0514190476190457,-0.13373049535603715,Guéni
2457,2015,25.95922222222222,80.24144444444444,95.39739999999999,-0.6424000000000001,-0.792,0.42498095238095246,-0.6236609907120744,Guéni
2457,2016,25.814555555555554,86.54244444444444,98.6016,0.3916,0.0325,0.2583809523809535,0.28500851393188853,Guéni
2457,2017,25.470555555555556,80.63544444444445,99.7338,-0.5347999999999999,0.4466,-0.10755238095237729,0.7832780185758514,Guéni
2457,2018,25.62777777777778,76.88111111111112,99.8118,-0.625,0.34530000000000005,0.027736507936513277,0.7661475232198143,Guéni
2457,2019,25.71333333333333,89.809,99.3122,0.7876,-0.8209,0.0913587301587313,-0.31588297213622285,Guéni
2457,2020,25.695444444444448,79.18911111111112,99.79220000000001,-1.1574,-0.3619,0.05153650793651465,0.2272865325077399,Guéni
2457,2021,25.92422222222222,84.74922222222223,99.1566,-0.3686,-1.1049,0.2583809523809535,-0.4315439628482972,Guéni
2457,2022,25.39211111111111,99.56277777777778,99.8698,2.1324,-0.7839,-0.29566349206348974,-0.026374458204334372,Guéni
2457,2023,25.955555555555556,73.30222222222223,99.151,-0.5624,-0.4469,0.2458476190476233,0.3947950464396284,Guéni
2457,2024,25.836444444444442,78.77355555555556,94.1356,-0.2722,-0.937,0.10480317460317679,-0.011135448916408719,Guéni
2457,2025,25.51077777777778,96.40511111111111,93.2142,0.2624,-1.7688000000000001,-0.24279682539681957,-0.7587659442724459,Guéni
2457,2026,26.466285714285714,82.07828571428571,96.16566666666667,-0.04666666666666667,-1.8748333333333334,0.6907777777777824,-0.7806297729618163,Guéni
2481,1989,27.801666666666666,26.249555555555556,,-1.2086000000000001,,-0.48968327228326913,,Dagana
2481,1990,28.83888888888889,29.768444444444444,,-1.0131999999999999,,0.5470517704517732,,Dagana
2481,1991,28.622222222222224,35.547666666666665,81.3342,0.015600000000000013,,0.32989792429792786,,Dagana
2481,1992,27.359444444444446,40.458888888888886,85.9536,0.0432,,-0.9333670329670305,,Dagana
2481,1993,29.01388888888889,31.65822222222222,60.556200000000004,-1.4058,,0.7205902319902364,,Dagana
2481,1994,27.214555555555556,51.983111111111114,93.3112,0.8230000000000001,,-1.0792302808302772,,Dagana
2481,1995,28.48766666666667,38.04055555555556,79.8106,-0.7752,,0.19339365079365578,,Dagana
2481,1996,28.52366666666667,29.685555555555556,66.92580000000001,-1.5536,,0.2289064713064768,,Dagana
2481,1997,29.018888888888892,36.283,81.144,-0.28500000000000003,,0.7236415140415176,,Dagana
2481,1998,27.980555555555554,52.59722222222222,84.2886,0.8657999999999999,,-0.3151789987789968,,Dagana
2481,1999,26.91,48.20622222222222,91.4664,0.5296000000000001,,-1.3862217338217313,,Dagana
2481,2000,28.297,39.34888888888889,78.35,-0.0912,,0.00029108669108879326,,Dagana
2481,2001,28.01211111111111,45.22888888888889,90.0124,0.6125999999999999,-0.4648,-0.28508498168498164,-0.27328214285714286,Dagana
2481,2002,28.852,35.68188888888889,70.392,-0.8709999999999999,-1.1202,0.5543167277167314,-0.9446419642857145,Dagana
2481,2003,27.694111111111113,49.376555555555555,94.7984,1.6258,0.5094,-0.6040593406593366,0.6689982142857143,Dagana
2481,2004,28.553444444444445,29.013333333333335,76.4144,-0.9506,-0.1091,0.25478681318681495,0.03453839285714286,Dagana
2481,2005,28.036555555555555,38.41566666666667,91.2794,0.4466,0.6046,-0.2625892551892548,0.7322785714285714,Dagana
2481,2006,28.659222222222223,38.806444444444445,82.0714,0.21660000000000004,-0.5179,0.35959023199023576,-0.40618125000000005,Dagana
2481,2007,27.862333333333332,39.888777777777776,82.7256,0.3196,0.3295,-0.4377858363858351,0.42525892857142855,Dagana
2481,2008,28.395555555555557,38.11855555555556,89.9586,0.3202,-0.2277,0.09494920634920945,-0.14790089285714286,Dagana
2481,2009,29.480888888888884,32.48188888888889,71.4328,-1.0328,-0.5504,1.1797953601953566,-0.4865607142857143,Dagana
2481,2010,28.197222222222223,44.93766666666667,87.3308,0.5776,0.21389999999999998,-0.1043584859584854,0.26177946428571425,Dagana
2481,2011,28.62177777777778,40.86366666666667,76.922,0.35300000000000004,-0.8628,0.3197098901098947,-0.8308803571428571,Dagana
2481,2012,27.680222222222223,36.142222222222216,93.20219999999999,0.22080000000000002,1.4424000000000001,-0.622332844932842,1.4583598214285716,Dagana
2481,2013,28.303333333333335,29.33866666666667,67.4422,-1.184,-0.2953,0.00029108669108879326,-0.2953,Dagana
2481,2014,28.852888888888888,32.248,55.51559999999999,-1.5886,-0.389,0.5493594627594618,-0.40495982142857145,Dagana
2481,2015,29.02622222222222,46.27111111111111,84.6948,0.1908,-0.4234,0.722205616605617,-0.4553196428571429,Dagana
2481,2016,28.493000000000002,39.92311111111111,95.3874,0.2392,0.1285,0.18849621489621882,0.08062053571428572,Dagana
2481,2017,28.603333333333335,39.73333333333333,93.226,0.6194,-0.7931,0.29834236874237163,-0.8569392857142857,Dagana
2481,2018,27.942444444444444,42.83111111111111,91.1566,0.915,1.4180000000000001,-0.3630336996337,1.338200892857143,Dagana
2481,2019,28.064666666666668,47.418,93.3806,1.0303999999999998,-1.1379,-0.24129865689865326,-1.2336589285714286,Dagana
2481,2020,27.771666666666665,43.83822222222222,88.5728,0.1772,0.6897,-0.5347858363858364,0.57798125,Dagana
2481,2021,28.45877777777778,34.165222222222226,79.1098,-0.8870000000000001,-0.6645000000000001,0.151838095238098,-0.7921785714285715,Dagana
2481,2022,28.034777777777776,62.18266666666667,94.8494,1.7696,0.6942,-0.2726490842490854,0.5505616071428572,Dagana
2481,2023,29.437444444444445,39.24622222222222,91.2082,0.9162000000000001,-0.32910000000000006,1.1295304029304027,-0.48869821428571436,Dagana
2481,2024,27.75277777777778,63.672,98.4182,2.2960000000000003,0.4105,-0.555623443223439,0.2349419642857143,Dagana
2481,2025,28.30655555555556,49.278555555555556,89.1308,0.5676,0.9807999999999999,-0.0023328449328410272,0.7892821428571428,Dagana
2481,2026,30.03985714285714,28.01742857142857,76.11666666666666,-1.523,-0.06516666666666666,1.730481562881561,-0.2726443452380952,Dagana
2523,1989,24.793333333333337,69.42722222222223,,-0.4606,,0.025736507936514386,,Kouh Est
2523,1990,25.265666666666664,78.98733333333332,,-0.16199999999999998,,0.4774031746031753,,Kouh Est
2523,1991,25.020888888888887,65.17666666666668,99.3278,-1.0841999999999998,,0.2119587301587309,,Kouh Est
2523,1992,24.479666666666667,88.68422222222222,94.8106,-0.037799999999999986,,-0.34993015873015665,,Kouh Est
2523,1993,25.206555555555557,61.39211111111111,97.0684,-1.7828,,0.35629206349206655,,Kouh Est
2523,1994,24.910555555555554,99.6018888888889,96.8668,0.6332,,0.039625396825396564,,Kouh Est
2523,1995,25.12177777777778,74.42266666666666,98.1326,-0.8423999999999999,,0.23018095238095526,,Kouh Est
2523,1996,24.719555555555555,74.13055555555555,99.0074,-0.9945999999999999,,-0.1927079365079365,,Kouh Est
2523,1997,25.328555555555553,65.16122222222222,99.7384,-1.0358,,0.39562539682539466,,Kouh Est
2523,1998,24.982555555555557,94.70222222222222,95.1474,0.7852,,0.028958730158731072,,Kouh Est
2523,1999,24.523333333333333,81.07133333333334,94.02619999999999,-0.46499999999999997,,-0.4509301587301593,,Kouh Est
2523,2000,24.83511111111111,71.50355555555556,93.4398,-0.8001999999999999,,-0.15981904761904886,,Kouh Est
2523,2001,24.777333333333335,108.7898888888889,94.8674,1.6706000000000003,-0.325,-0.23826349206349207,-1.2964666666666667,Kouh Est
2523,2002,25.276111111111113,75.98977777777777,92.351,-0.5414,0.256,0.23984761904761953,-0.6345111111111111,Kouh Est
2523,2003,24.897111111111112,78.96233333333333,93.9978,0.2682,0.616,-0.15981904761904886,-0.1935555555555556,Kouh Est
2523,2004,25.10222222222222,72.49411111111111,97.41159999999999,-0.5606,1.3873,0.024625396825392443,0.6587,Kouh Est
2523,2005,25.221666666666668,78.36922222222222,98.9894,-0.1976,1.0889000000000002,0.12340317460317252,0.44125555555555573,Kouh Est
2523,2006,25.07788888888889,88.37188888888889,96.9158,0.8924,0.2754,-0.041041269841272765,-0.29128888888888893,Kouh Est
2523,2007,25.014111111111113,82.78055555555555,95.40180000000001,-0.01120000000000001,0.8311000000000001,-0.1254857142857162,0.3453666666666667,Kouh Est
2523,2008,24.936444444444444,96.64844444444445,92.9568,1.6420000000000001,1.1983000000000001,-0.22381904761905247,0.7935222222222224,Kouh Est
2523,2009,25.51677777777778,70.4301111111111,94.57939999999999,-0.9057999999999999,0.3454999999999999,0.33584761904761606,0.021677777777777685,Kouh Est
2523,2010,25.208777777777776,85.19666666666666,97.6322,0.686,-0.18,0.007180952380945627,-0.42286666666666667,Kouh Est
2523,2011,25.16111111111111,88.32244444444444,95.17519999999999,0.8802,0.4182,-0.061152380952385954,0.2562888888888889,Kouh Est
2523,2012,24.859555555555556,93.46111111111111,97.836,1.8397999999999999,0.3383,-0.3833746031746088,0.25734444444444443,Kouh Est
2523,2013,25.033333333333335,78.74733333333333,96.2852,0.9906,0.5736,-0.2302634920634965,0.5736,Kouh Est
2523,2014,25.301666666666666,77.0171111111111,96.0598,-0.264,-0.4748,0.017403174603167315,-0.39384444444444444,Kouh Est
2523,2015,25.705555555555556,76.251,97.05539999999999,-0.611,-0.5296000000000001,0.4006253968253901,-0.36768888888888895,Kouh Est
2523,2016,25.57766666666667,76.057,96.94460000000001,-0.0412,-0.4203,0.25206984126983656,-0.17743333333333333,Kouh Est
2523,2017,25.263333333333335,95.47211111111112,98.2804,0.7958000000000001,0.2319,-0.0829301587301643,0.5557222222222222,Kouh Est
2523,2018,25.378,76.22477777777777,98.01219999999999,-0.0974,-0.3926,0.011069841269833347,0.012177777777777787,Kouh Est
2523,2019,25.493111111111112,97.48522222222222,96.5196,0.8366,-1.3034000000000001,0.10551428571427834,-0.8176666666666668,Kouh Est
2523,2020,25.453666666666667,63.90688888888889,97.39680000000001,-1.8102,0.025299999999999975,0.04540317460316601,0.5919888888888889,Kouh Est
2523,2021,25.599888888888888,93.40577777777779,97.92960000000001,0.17640000000000003,-0.2575,0.17095873015871987,0.39014444444444446,Kouh Est
2523,2022,25.054444444444446,89.084,98.3432,0.86,-0.662,-0.39515238095238914,0.06659999999999999,Kouh Est
2523,2023,25.73977777777778,76.84177777777778,97.8318,-0.31520000000000004,-1.0429,0.26951428571427627,-0.23334444444444435,Kouh Est
2523,2024,25.595444444444446,118.14344444444444,87.8364,2.1632,-1.3329,0.10451428571427712,-0.44238888888888883,Kouh Est
2523,2025,25.235666666666667,99.62211111111111,89.00059999999999,0.199,-0.9896,-0.27593015873016924,-0.018133333333333335,Kouh Est
2523,2026,26.118571428571432,65.47828571428572,91.294,-1.2976666666666665,-0.7875000000000001,0.5863079365079287,0.2649222222222223,Kouh Est
2615,1989,27.729,32.821,,-0.33440000000000003,,-0.02784303350969708,,Batha Ouest
2615,1990,28.94633333333333,22.739333333333335,,-1.8530000000000002,,1.1566507936507975,,Batha Ouest
2615,1991,28.14811111111111,36.917,78.9808,0.3412,,0.32558906525573406,,Batha Ouest
2615,1992,27.278333333333332,40.781888888888886,85.7888,0.251,,-0.5770282186948812,,Batha Ouest
2615,1993,28.554222222222222,23.89788888888889,50.787,-1.725,,0.6660211640211671,,Batha Ouest
2615,1994,26.811666666666667,61.09966666666666,93.9436,1.6368000000000003,,-1.1093738977072256,,Batha Ouest
2615,1995,27.715222222222224,38.554,82.82079999999999,-0.143,,-0.23865784832451098,,Batha Ouest
2615,1996,28.398222222222223,28.512888888888888,60.776199999999996,-1.1785999999999999,,0.4115026455026509,,Batha Ouest
2615,1997,28.507888888888886,27.542,75.66460000000001,-0.7114,,0.4883298059964716,,Batha Ouest
2615,1998,27.554333333333332,49.33555555555555,84.46860000000001,0.7156,,-0.4980652557319196,,Batha Ouest
2615,1999,26.819666666666667,70.72288888888889,96.4124,2.3088,,-1.2655714285714268,,Batha Ouest
2615,2000,28.52777777777778,33.27066666666666,74.8588,-0.5372,,0.4097001763668473,,Batha Ouest
2615,2001,27.77622222222222,35.33866666666667,81.2576,-0.004599999999999998,-0.1035,-0.3746948853615528,0.46155000000000007,Batha Ouest
2615,2002,28.717111111111112,34.004888888888885,65.1338,-0.8566,-1.0185,0.5333544973545017,-0.5005374999999999,Batha Ouest
2615,2003,27.700666666666667,40.17477777777778,86.679,0.3484,-0.5934,-0.5159294532627854,-0.122525,Batha Ouest
2615,2004,28.852222222222224,28.433,70.9438,-0.6844,-0.7506,0.6027865961199339,-0.3268125,Batha Ouest
2615,2005,27.95077777777778,44.341,87.836,0.9753999999999999,0.1641,-0.3314973544973512,0.5408000000000001,Batha Ouest
2615,2006,28.800111111111114,34.496,68.42760000000001,-0.5918,-0.5785,0.48499647266314483,-0.24888749999999998,Batha Ouest
2615,2007,28.258333333333333,30.192888888888888,64.35799999999999,-0.6869999999999999,0.29979999999999996,-0.08962081128747812,0.582325,Batha Ouest
2615,2008,28.111777777777778,45.69377777777778,72.0934,1.3086,-0.02210000000000001,-0.2690158730158707,0.2133375,Batha Ouest
2615,2009,29.42011111111111,32.769888888888886,72.2168,-0.4062,-0.6564000000000001,1.006477954144625,-0.4680500000000001,Batha Ouest
2615,2010,28.404777777777777,36.33088888888889,90.8732,-0.0312,0.5177,-0.04169488536155086,0.6589625000000001,Batha Ouest
2615,2011,29.031777777777776,33.917,67.4872,-0.11840000000000002,-0.7613000000000001,0.5524656084656101,-0.6671250000000001,Batha Ouest
2615,2012,27.964,32.99011111111111,91.1054,-0.058399999999999994,0.8140000000000001,-0.5481516754850091,0.8610875,Batha Ouest
2615,2013,28.522777777777776,27.50922222222222,67.8452,-0.42539999999999994,-0.18159999999999998,-0.02221340388006965,-0.18159999999999998,Batha Ouest
2615,2014,28.976111111111113,38.00533333333333,80.763,-0.059,-0.2022,0.39828042328042557,-0.2492875,Batha Ouest
2615,2015,29.544333333333334,27.721333333333334,64.67699999999999,-1.3466,-0.5748,0.9336631393298092,-0.668975,Batha Ouest
2615,2016,28.64911111111111,31.44311111111111,82.7734,-0.233,0.25539999999999996,0.005601410934744422,0.11413749999999995,Batha Ouest
2615,2017,29.130666666666666,28.73188888888889,85.5008,-0.5438000000000001,0.1059,0.454317460317462,-0.08245000000000002,Batha Ouest
2615,2018,28.13888888888889,44.461666666666666,86.6182,1.0548,0.7947,-0.5702998236331567,0.5592625,Batha Ouest
2615,2019,28.165000000000003,46.161,85.4146,0.8526,-0.33940000000000003,-0.5770282186948812,-0.6219250000000001,Batha Ouest
2615,2020,28.086333333333332,43.85788888888889,87.62140000000001,0.3746,0.5494,-0.6885343915343931,0.21978749999999997,Batha Ouest
2615,2021,29.178888888888892,44.57588888888889,80.387,0.7358,-0.2239,0.3711816578483287,-0.6006,Batha Ouest
2615,2022,28.619666666666667,52.22544444444444,93.19980000000001,1.002,1.3300999999999998,-0.22088007054673753,0.9063124999999999,Batha Ouest
2615,2023,30.125555555555554,39.04222222222222,80.9822,0.4234,-0.41770000000000007,1.2521693121693112,-0.8885750000000001,Batha Ouest
2615,2024,28.050666666666668,55.85033333333334,94.7532,1.4646000000000001,0.6325000000000001,-0.855559082892416,0.11453749999999996,Batha Ouest
2615,2025,28.836444444444446,58.069111111111106,89.5142,1.3372,0.8563000000000001,-0.10262081128747624,0.29125,Batha Ouest
2615,2026,30.581,27.986285714285714,60.077333333333335,-1.5993333333333333,-0.7298333333333332,1.609095238095236,-1.3419708333333333,Batha Ouest
2616,1989,29.958571428571428,6.428571428571429,,-0.44000000000000006,,-0.4381632653061267,,Borkou
2616,1990,31.38,0.0,,-2.2960000000000003,,0.951084854994626,,Borkou
2616,1991,30.735714285714288,7.285714285714286,25.0,-0.028000000000000004,,0.2746186895810929,,Borkou
2616,1992,29.861428571428572,3.2857142857142856,27.2,-0.892,,-0.6318474758324406,,Borkou
2616,1993,31.865714285714287,1.8571428571428572,9.4,-2.216,,1.3402577873254522,,Borkou
2616,1994,27.771428571428572,21.0,50.4,1.3880000000000001,,-2.78620837808808,,Borkou
2616,1995,30.58142857142857,5.857142857142857,19.0,-0.58,,-0.008388829215903115,,Borkou
2616,1996,31.485714285714288,5.428571428571429,15.0,-0.32799999999999996,,0.8637164339419954,,Borkou
2616,1997,31.462857142857143,9.285714285714286,23.6,0.492,,0.8086788399570324,,Borkou
2616,1998,29.08285714285714,14.285714285714286,45.0,0.788,,-1.6035016111707918,,Borkou
2616,1999,28.392857142857142,15.857142857142858,65.4,1.296,,-2.3256820622986076,,Borkou
2616,2000,31.18857142857143,3.142857142857143,17.2,-1.392,,0.437851772287857,,Borkou
2616,2001,30.448571428571427,11.857142857142858,34.4,0.9039999999999999,0.2262,-0.3343286788399631,-0.2844742857142856,Borkou
2616,2002,30.948571428571427,4.714285714285714,22.0,-0.8560000000000001,-0.5766,0.13349087003221882,-1.0447180952380952,Borkou
2616,2003,31.197142857142858,10.714285714285714,22.6,0.6519999999999999,0.5191,0.34988184747582807,0.09353809523809531,Borkou
2616,2004,31.62857142857143,5.428571428571429,18.2,0.128,0.8849,0.7491299677765824,0.5018942857142858,Borkou
2616,2005,30.83857142857143,9.857142857142858,33.4,1.004,0.9494,-0.07305048335123843,0.6089504761904763,Borkou
2616,2006,31.482857142857142,4.857142857142857,22.0,-1.144,-0.5149,0.539054779806655,-0.8127933333333333,Borkou
2616,2007,30.322857142857142,15.428571428571429,30.8,1.1480000000000001,1.0214,-0.6531256713211668,0.7660628571428573,Borkou
2616,2008,31.32,7.142857142857143,16.2,0.272,0.8281000000000001,0.3118367346938733,0.6153190476190478,Borkou
2616,2009,32.31,6.142857142857143,19.6,-0.33999999999999997,-0.6736,1.2696562835660536,-0.8438247619047619,Borkou
2616,2010,31.139999999999997,16.142857142857142,54.4,1.2879999999999998,0.5544,0.0674758324382303,0.4267314285714286,Borkou
2616,2011,31.61285714285714,2.2857142857142856,13.8,-1.236,-0.8262999999999999,0.5081525241675564,-0.9114123809523809,Borkou
2616,2012,30.995714285714286,6.571428571428571,35.2,0.8879999999999999,1.8100999999999998,-0.1411707841031209,1.7675438095238094,Borkou
2616,2013,31.291428571428575,6.428571428571429,18.2,-0.484,0.1643,0.12236305048335083,0.1643,Borkou
2616,2014,31.28857142857143,10.142857142857142,28.4,-0.0040000000000000036,0.28559999999999997,0.08732545649838386,0.32815619047619043,Borkou
2616,2015,32.455714285714286,3.4285714285714284,14.2,-1.7600000000000002,-0.9575,1.2222878625134221,-0.8723876190476191,Borkou
2616,2016,31.50714285714286,6.428571428571429,22.0,0.316,-0.5531,0.24153598281417743,-0.4254314285714286,Borkou
2616,2017,32.354285714285716,4.571428571428571,18.0,-0.13599999999999998,-0.4030999999999999,1.0564983888292154,-0.23287523809523802,Borkou
2616,2018,30.934285714285718,13.285714285714286,39.0,0.876,-0.13079999999999997,-0.39568206229860436,0.08198095238095238,Borkou
2616,2019,30.815714285714286,9.857142857142858,38.6,0.556,-0.37899999999999995,-0.5464339419978579,-0.12366285714285713,Borkou
2616,2020,30.672857142857143,17.428571428571427,35.4,1.1039999999999999,-0.0104,-0.7214715359828183,0.28749333333333327,Borkou
2616,2021,31.735714285714288,9.714285714285714,28.0,0.764,-0.2964,0.30920515574650764,0.04404952380952376,Borkou
2616,2022,31.80857142857143,10.428571428571429,29.8,0.192,-0.6513,0.34988184747582807,-0.26829428571428576,Borkou
2616,2023,33.01285714285714,8.857142857142858,24.2,0.27199999999999996,-1.3812,1.5219871106337202,-0.9556380952380953,Borkou
2616,2024,29.174285714285713,25.714285714285715,82.6,2.156,-0.19970000000000002,-2.3487647690655287,0.2684180952380951,Borkou
2616,2025,31.560000000000002,10.0,38.0,0.42800000000000005,0.5036,0.004769065520942917,1.0142742857142857,Borkou
2616,2026,34.294,5.2,15.0,-1.3066666666666666,-1.1635,2.706588614393116,-0.6102695238095239,Borkou
2619,1989,25.709444444444443,66.27966666666667,,0.3156,,-0.12293571428572037,,Loug-Chari
2619,1990,26.538555555555558,54.11711111111111,,-1.2042000000000002,,0.6854809523809529,,Loug-Chari
2619,1991,26.30677777777778,59.06122222222223,98.6596,-0.40519999999999995,,0.4330087301587291,,Loug-Chari
2619,1992,25.593777777777778,67.82622222222223,97.1552,0.125,,-0.30068571428571644,,Loug-Chari
2619,1993,26.350444444444445,52.33877777777778,95.4812,-2.064,,0.4352865079365067,,Loug-Chari
2619,1994,25.685222222222222,76.98633333333333,95.6716,0.8602000000000001,,-0.2506301587301607,,Loug-Chari
2619,1995,25.98611111111111,73.61633333333333,98.9662,0.7738,,0.029564285714283045,,Loug-Chari
2619,1996,25.82188888888889,74.23122222222223,99.7676,0.461,,-0.15535238095238313,,Loug-Chari
2619,1997,26.38522222222222,57.61466666666667,99.14359999999999,-0.46180000000000004,,0.3872865079365049,,Loug-Chari
2619,1998,26.235666666666667,75.34333333333333,93.77439999999999,0.5648,,0.21703650793650553,,Loug-Chari
2619,1999,25.419888888888888,72.23344444444444,94.2188,0.45600000000000007,,-0.6194357142857179,,Loug-Chari
2619,2000,25.887,60.211666666666666,97.42999999999999,-0.7464000000000001,,-0.17301904761905007,,Loug-Chari
2619,2001,25.705555555555556,85.75477777777778,96.6558,1.8056,-1.0045,-0.3751579365079394,-1.0321902255639097,Loug-Chari
2619,2002,26.411444444444445,59.94388888888889,90.83239999999999,-1.1960000000000002,-0.1625,0.3100365079365055,-0.18788270676691732,Loug-Chari
2619,2003,25.854,73.35255555555555,98.4828,0.9625999999999999,0.3831,-0.2681023809523815,0.36002481203007514,Loug-Chari
2619,2004,26.06688888888889,61.431666666666665,99.3126,-0.6572,0.514,-0.07590793650793515,0.49323233082706763,Loug-Chari
2619,2005,26.225,70.93966666666667,99.3018,0.9932000000000001,-0.065,0.061508730158731595,-0.08346015037593987,Loug-Chari
2619,2006,26.34177777777778,62.01533333333334,98.9744,-0.1488,-0.7605999999999999,0.15759206349206423,-0.7767526315789474,Loug-Chari
2619,2007,26.10188888888889,56.92366666666666,98.5866,-0.3326,0.30290000000000006,-0.10299126984126872,0.2890548872180452,Loug-Chari
2619,2008,25.934222222222225,56.94288888888889,97.6262,-0.466,0.6855,-0.2913523809523788,0.6739624060150375,Loug-Chari
2619,2009,26.605666666666664,58.21122222222222,89.0,-0.85,-0.6317,0.35939761904761625,-0.64093007518797,Loug-Chari
2619,2010,26.147222222222222,70.42,98.689,1.3963999999999999,0.2272,-0.11974126984127054,0.22027744360902257,Loug-Chari
2619,2011,26.33277777777778,68.2188888888889,98.15520000000001,0.5572,-0.5831,0.04511984126984103,-0.5877150375939849,Loug-Chari
2619,2012,25.971555555555554,64.94144444444444,99.86699999999999,0.42200000000000004,0.4759,-0.33679682539682787,0.4735924812030075,Loug-Chari
2619,2013,26.138333333333335,72.53844444444445,97.00919999999999,0.915,0.2095,-0.19071349206349097,0.2095,Loug-Chari
2619,2014,26.426888888888886,59.45722222222222,89.6446,-1.1118000000000001,-0.6034999999999999,0.07714761904761858,-0.6011924812030074,Loug-Chari
2619,2015,26.903222222222222,58.641,97.8446,-0.9945999999999999,-0.9978,0.5327865079365104,-0.9931849624060151,Loug-Chari
2619,2016,26.700666666666667,65.96322222222221,99.5018,0.17980000000000002,0.8478999999999999,0.3095365079365102,0.8548225563909774,Loug-Chari
2619,2017,26.473333333333333,58.29944444444445,99.6284,-0.4128,0.21489999999999998,0.061508730158731595,0.2241300751879699,Loug-Chari
2619,2018,26.551333333333332,56.44377777777778,99.4482,-0.752,-0.0005000000000000004,0.11881428571428643,0.011037593984962419,Loug-Chari
2619,2019,26.372555555555557,70.09188888888889,99.73920000000001,0.3984,0.72,-0.08065793650793296,0.7338451127819549,Loug-Chari
2619,2020,26.34911111111111,75.71755555555555,94.8856,-0.0512,0.12210000000000001,-0.12479682539682457,0.1382526315789474,Loug-Chari
2619,2021,26.703222222222223,67.03944444444444,95.5064,-0.16160000000000002,-0.21680000000000002,0.20861984126984368,-0.19833984962406015,Loug-Chari
2619,2022,26.06877777777778,78.27255555555556,99.7476,1.3900000000000001,-0.038000000000000006,-0.44651904761904504,-0.01723233082706765,Loug-Chari
2619,2023,27.060333333333332,55.66144444444445,99.6644,-0.47919999999999996,0.6932,0.5243420634920639,0.7162751879699248,Loug-Chari
2619,2024,26.41888888888889,71.30988888888889,96.9914,0.6382000000000001,-0.6417,-0.1377968253968227,-0.6163172932330827,Loug-Chari
2619,2025,26.358444444444444,87.81922222222222,92.6032,1.4072,-0.6943999999999999,-0.21893571428571335,-0.6667097744360901,Loug-Chari
2619,2026,27.465,51.714,98.74333333333334,-0.9700000000000001,-0.5225,0.8669253968253976,-0.49250225563909766,Loug-Chari
2620,1989,24.700777777777777,68.13166666666667,,-1.4872,,0.009592063492057434,,Lac Wey
2620,1990,25.12488888888889,72.89788888888889,,-0.8503999999999999,,0.4132253968253927,,Lac Wey
2620,1991,24.97088888888889,76.40133333333333,99.9148,-0.35300000000000004,,0.238747619047615,,Lac Wey
2620,1992,24.46011111111111,90.61488888888888,99.4034,0.48200000000000004,,-0.29250793650794193,,Lac Wey
2620,1993,25.103444444444442,69.99122222222223,99.473,-1.5126000000000002,,0.33034761904761467,,Lac Wey
2620,1994,24.84111111111111,91.38822222222223,99.40599999999999,0.4286,,0.04753650793650621,,Lac Wey
2620,1995,25.059,78.14244444444445,98.7642,-0.0492,,0.2449476190476183,,Lac Wey
2620,1996,24.715666666666667,93.98688888888888,99.2514,0.2636,,-0.11886349206349323,,Lac Wey
2620,1997,25.262555555555554,85.52588888888889,99.923,0.6658,,0.40754761904761594,,Lac Wey
2620,1998,24.968444444444444,84.55933333333333,98.6692,-0.3846,,0.09295873015872758,,Lac Wey
2620,1999,24.419666666666664,87.13877777777778,98.5702,0.0065999999999999835,,-0.4762968253968296,,Lac Wey
2620,2000,24.709777777777777,77.18833333333333,96.6434,-1.0472,,-0.20666349206349466,,Lac Wey
2620,2001,24.708666666666666,105.44588888888889,99.03240000000001,1.4492,0.679,-0.22825238095238376,-0.28409000000000006,Lac Wey
2620,2002,25.16511111111111,86.34466666666667,95.8838,-0.01339999999999999,0.8912,0.20771428571428174,0.008367499999999861,Lac Wey
2620,2003,24.763333333333335,88.29044444444445,96.4332,0.53,0.6228,-0.21454126984126987,-0.17977500000000002,Lac Wey
2620,2004,24.964444444444446,81.06788888888889,98.6074,-0.6138,1.251,-0.03390793650793711,0.5286824999999998,Lac Wey
2620,2005,25.12911111111111,83.11644444444444,98.7296,-0.1646,1.0478,0.11028095238095048,0.40574,Lac Wey
2620,2006,25.02877777777778,89.76311111111112,99.2636,0.2548,0.7531,-0.010530158730158945,0.1912974999999999,Lac Wey
2620,2007,24.915333333333333,76.9928888888889,94.8942,-0.8516,0.4525,-0.14445238095238366,-0.029045000000000043,Lac Wey
2620,2008,24.83233333333333,83.22744444444444,92.511,0.0408,0.4999,-0.24793015873016344,0.09861249999999999,Lac Wey
2620,2009,25.34777777777778,71.23111111111112,92.9332,-1.2029999999999998,-0.2459,0.24703650793650667,-0.56693,Lac Wey
2620,2010,25.102,91.03811111111112,99.74539999999999,1.2550000000000001,-0.012199999999999999,-0.01921904761904969,-0.25297250000000004,Lac Wey
2620,2011,25.046,92.71522222222222,97.2662,1.1248,0.13340000000000002,-0.09569682539682844,-0.027115,Lac Wey
2620,2012,24.768555555555555,91.7898888888889,99.5176,1.9655999999999998,0.2403,-0.3936190476190511,0.1600425,Lac Wey
2620,2013,24.964666666666666,80.15655555555556,96.3422,0.3962,-0.1102,-0.21798571428571734,-0.1102,Lac Wey
2620,2014,25.146,80.10977777777778,96.2736,-0.42619999999999997,0.15990000000000001,-0.057130158730160474,0.24015750000000002,Lac Wey
2620,2015,25.629666666666665,85.30177777777777,94.4124,-0.16620000000000001,-0.40290000000000004,0.4060587301587262,-0.24238500000000002,Lac Wey
2620,2016,25.487222222222222,85.9628888888889,98.304,0.3916,0.0208,0.2431365079365051,0.26157250000000004,Lac Wey
2620,2017,25.15288888888889,87.90644444444445,99.4294,0.1996,0.7635000000000001,-0.11167460317460609,1.08453,Lac Wey
2620,2018,25.314444444444447,74.88799999999999,99.73740000000001,-0.5716,0.0215,0.029403174603174875,0.42278750000000004,Lac Wey
2620,2019,25.403000000000002,92.83933333333333,98.675,0.8522000000000001,-0.6282,0.09748095238095189,-0.14665499999999992,Lac Wey
2620,2020,25.365333333333336,72.93277777777777,99.61580000000001,-1.5856,-0.2753,0.03933650793650756,0.2865025000000001,Lac Wey
2620,2021,25.58522222222222,82.37155555555556,98.45,-0.5696,-0.6561,0.238747619047615,-0.014039999999999941,Lac Wey
2620,2022,25.090777777777777,96.44544444444445,99.3938,1.6274000000000002,-0.7585999999999999,-0.2761746031746064,-0.036282499999999884,Lac Wey
2620,2023,25.665222222222223,75.10933333333334,99.0924,-0.2878,-0.31889999999999996,0.27779206349206476,0.4836750000000001,Lac Wey
2620,2024,25.536555555555555,79.34622222222222,93.03659999999999,-0.0972,-1.605,0.12864761904761934,-0.7221674999999999,Lac Wey
2620,2025,25.186111111111114,94.11288888888889,92.652,0.16219999999999998,-1.8445,-0.24227460317460014,-0.8814099999999999,Lac Wey
2620,2026,26.064714285714285,78.74314285714286,94.43833333333333,-0.26633333333333337,-1.8963333333333332,0.6158507936507931,-0.8529858333333331,Lac Wey
2621,1989,26.82988888888889,45.448,,-0.5656,,-0.2362476190476137,,Dababa
2621,1990,27.83233333333333,42.190111111111115,,-0.9146000000000001,,0.7480857142857182,,Dababa
2621,1991,27.507555555555555,48.99155555555555,91.60499999999999,0.2152,,0.4051968253968319,,Dababa
2621,1992,26.64311111111111,46.40822222222222,96.13759999999999,-0.41859999999999997,,-0.47735873015872343,,Dababa
2621,1993,27.816333333333333,41.26811111111111,84.5856,-1.5071999999999999,,0.6777523809523878,,Dababa
2621,1994,26.421444444444447,65.36444444444444,98.0894,1.0602,,-0.7352476190476089,,Dababa
2621,1995,27.25033333333333,57.79511111111112,95.81120000000001,0.6842,,0.07553015873016378,,Dababa
2621,1996,27.279666666666667,42.77511111111111,91.233,-1.1846,,0.08675238095239024,,Dababa
2621,1997,27.541444444444444,43.68522222222222,93.815,-0.6754,,0.3304190476190527,,Dababa
2621,1998,27.164333333333335,68.97244444444443,94.7182,1.4082000000000001,,-0.06480317460316698,,Dababa
2621,1999,26.301111111111112,64.07988888888889,98.2064,1.108,,-0.946136507936501,,Dababa
2621,2000,27.375555555555554,46.922222222222224,93.5698,-0.3216,,0.11019682539683018,,Dababa
2621,2001,27.072222222222223,50.74055555555555,97.4648,0.1534,-0.054400000000000004,-0.21124761904761158,0.4892969696969698,Dababa
2621,2002,27.70611111111111,47.721444444444444,87.103,-0.8852,-0.9131,0.4045301587301644,-0.4147111111111111,Dababa
2621,2003,26.762888888888888,54.787444444444446,98.686,0.7165999999999999,0.21489999999999998,-0.5568031746031679,0.6679808080808081,Dababa
2621,2004,27.37011111111111,44.33877777777778,92.9274,-0.6206,-0.3456,0.03230793650794439,0.06217272727272727,Dababa
2621,2005,27.176333333333336,53.20666666666667,97.101,1.0674,0.3417,-0.1795809523809453,0.7041646464646465,Dababa
2621,2006,27.75322222222222,46.82711111111111,91.327,-0.4624,-0.7161,0.37919682539682853,-0.39894343434343427,Dababa
2621,2007,27.140666666666668,48.38033333333333,91.9308,0.3438,-0.3526,-0.2514698412698344,-0.08075151515151513,Dababa
2621,2008,27.232444444444443,44.692,96.51759999999999,0.1562,-0.2015,-0.17780317460317008,0.02504040404040403,Dababa
2621,2009,28.22266666666667,38.74055555555555,89.5838,-1.4598,-0.5814999999999999,0.7943079365079448,-0.40026767676767666,Dababa
2621,2010,27.33555555555556,57.07333333333333,97.206,1.2517999999999998,0.18510000000000001,-0.11091428571427642,0.32102424242424243,Dababa
2621,2011,27.67511111111111,48.61044444444444,93.4672,0.3128,-0.3447,0.21053015873016534,-0.2540838383838384,Dababa
2621,2012,26.899555555555555,41.781888888888886,97.5252,-0.3194,0.6628000000000001,-0.583136507936505,0.7081080808080809,Dababa
2621,2013,27.559444444444445,36.92955555555555,86.6818,-1.3232,-0.39080000000000004,0.05864126984127438,-0.39080000000000004,Dababa
2621,2014,27.924111111111113,41.23822222222222,79.5308,-1.4006,-0.7464,0.4051968253968319,-0.7917080808080807,Dababa
2621,2015,28.277444444444445,53.07888888888889,94.4256,-0.23579999999999995,-0.8454,0.7404190476190529,-0.9360161616161616,Dababa
2621,2016,27.679111111111112,49.07844444444444,98.738,-0.0702,0.15050000000000002,0.1239746031746094,0.014575757575757575,Dababa
2621,2017,27.794666666666664,48.766999999999996,97.399,0.217,0.2365,0.22141904761905096,0.05526767676767674,Dababa
2621,2018,27.33388888888889,54.483000000000004,97.0498,1.1629999999999998,1.0678,-0.25746984126983463,0.8412595959595961,Dababa
2621,2019,27.334111111111113,54.75855555555555,97.73479999999999,0.874,-0.47289999999999993,-0.2753587301587217,-0.7447484848484849,Dababa
2621,2020,27.075666666666667,56.73911111111111,94.99300000000001,0.35419999999999996,-0.09789999999999999,-0.5519142857142825,-0.4150565656565657,Dababa
2621,2021,28.08388888888889,52.18388888888889,88.84200000000001,0.0442,0.1208,0.4381968253968296,-0.24166464646464647,Dababa
2621,2022,27.24722222222222,62.528333333333336,99.11019999999999,0.6315999999999999,0.314,-0.4165809523809507,-0.09377272727272729,Dababa
2621,2023,28.579777777777778,50.69933333333333,97.672,0.5962,0.9428000000000001,0.8978634920634967,0.489719191919192,Dababa
2621,2024,27.262,67.25833333333334,99.0438,1.502,0.7256,-0.43802539682539177,0.22721111111111109,Dababa
2621,2025,27.559555555555555,70.25288888888889,98.3356,1.458,1.0459,-0.15858095238094805,0.5022030303030303,Dababa
2621,2026,29.089142857142857,40.340714285714284,93.02766666666666,-1.3686666666666667,-0.24583333333333332,1.3528952380952433,-0.8348383838383839,Dababa
2622,1989,25.19088888888889,66.16699999999999,,-0.7196,,-0.11542222222222165,,Kabbia
2622,1990,25.857222222222223,58.833888888888886,,-1.8079999999999998,,0.5295460317460332,,Kabbia
2622,1991,25.701777777777778,76.69677777777777,99.652,0.42160000000000003,,0.352736507936509,,Kabbia
2622,1992,25.02711111111111,74.995,99.9536,0.231,,-0.3432952380952372,,Kabbia
2622,1993,25.634444444444444,66.97233333333332,99.999,-0.9464,,0.2426730158730166,,Kabbia
2622,1994,25.325000000000003,84.53844444444445,99.765,0.49800000000000005,,-0.08813650793650396,,Kabbia
2622,1995,25.598555555555556,87.609,99.5602,1.5677999999999999,,0.16405396825397034,,Kabbia
2622,1996,25.381777777777778,84.62133333333333,99.637,0.9794,,-0.07408888888888754,,Kabbia
2622,1997,25.953666666666667,64.69955555555556,100.0,-0.5564,,0.4764349206349223,,Kabbia
2622,1998,25.672666666666668,83.28522222222222,99.7994,0.3594,,0.17406984126984426,,Kabbia
2622,1999,24.959666666666667,81.56788888888889,99.9286,0.6194,,-0.560295238095236,,Kabbia
2622,2000,25.279333333333334,74.18566666666668,99.50399999999999,-0.20379999999999998,,-0.26199365079364867,,Kabbia
2622,2001,25.28988888888889,84.31788888888889,99.9682,0.4114000000000001,0.7246,-0.2728031746031725,-0.09690285714285729,Kabbia
2622,2002,25.872333333333334,60.833333333333336,99.2406,-1.5582,0.28280000000000005,0.2882761904761928,-0.4702442857142858,Kabbia
2622,2003,25.412222222222223,63.989999999999995,99.0864,-0.6762,0.31139999999999995,-0.19319999999999737,-0.3731857142857144,Kabbia
2622,2004,25.595,75.25977777777777,99.94800000000001,-0.3224,1.1864,-0.031787301587300476,0.5702728571428569,Kabbia
2622,2005,25.72522222222222,70.17444444444445,99.27860000000001,-0.13279999999999997,0.5775999999999999,0.07706984126984295,0.029931428571428387,Kabbia
2622,2006,25.781,80.17333333333333,99.9894,1.043,0.3808,0.11148253968254096,-0.09841000000000005,Kabbia
2622,2007,25.557444444444442,62.84122222222223,99.587,-0.3004,1.3344999999999998,-0.1334380952380947,0.9237485714285711,Kabbia
2622,2008,25.493777777777776,64.41211111111112,98.08579999999999,-0.4154,0.8352999999999999,-0.21846984126984026,0.49300714285714275,Kabbia
2622,2009,26.153222222222222,73.001,91.495,0.3806,0.0233,0.41960952380952676,-0.25053428571428576,Kabbia
2622,2010,25.695777777777778,70.29311111111112,99.80260000000001,0.4258,0.3085,-0.05919999999999703,0.10312428571428567,Kabbia
2622,2011,25.776777777777777,71.46611111111112,99.58279999999999,0.2874,-0.4895,0.0004349206349232304,-0.6264171428571429,Kabbia
2622,2012,25.40822222222222,64.76433333333334,99.9784,-0.3094,0.4628,-0.389485714285712,0.39434142857142856,Kabbia
2622,2013,25.63922222222222,76.42888888888889,98.2754,0.4072,0.151,-0.17985079365079315,0.151,Kabbia
2622,2014,25.816,81.63333333333334,99.0688,0.3186,-0.1538,-0.024438095238092927,-0.08534142857142855,Kabbia
2622,2015,26.313333333333333,65.68366666666667,97.5598,-1.1705999999999999,-0.8218,0.45153015873016145,-0.6848828571428571,Kabbia
2622,2016,26.165444444444447,71.09544444444445,99.8592,-0.46240000000000003,0.14429999999999998,0.2822761904761961,0.3496757142857143,Kabbia
2622,2017,25.88111111111111,69.36722222222221,99.9888,-0.5782,0.0518,-0.023422222222219347,0.32563428571428576,Kabbia
2622,2018,25.926333333333332,62.91155555555555,99.98519999999999,-0.9963999999999998,-0.357,0.0004349206349232304,-0.014707142857142808,Kabbia
2622,2019,26.02611111111111,76.84011111111111,99.96,0.8008,-0.2568,0.07884761904762172,0.15395142857142868,Kabbia
2622,2020,26.019666666666666,86.29122222222222,99.806,0.2024,-0.32610000000000006,0.051038095238098435,0.15311000000000002,Kabbia
2622,2021,26.162666666666667,66.72622222222223,99.64259999999999,-0.758,-0.8432,0.17267301587301986,-0.29553142857142845,Kabbia
2622,2022,25.655555555555555,95.43822222222224,99.999,2.4156,-0.5776999999999999,-0.3558031746031709,0.038427142857143104,Kabbia
2622,2023,26.210444444444445,68.52733333333333,99.9248,0.2164,0.062,0.1777206349206395,0.7465857142857144,Kabbia
2622,2024,26.022222222222226,68.10933333333334,97.8616,-0.2218,-0.794,-0.031866666666658716,-0.040955714285714206,Kabbia
2622,2025,25.795666666666666,83.61177777777777,91.9582,0.5322,-1.4922,-0.27978730158729803,-0.6706971428571427,Kabbia
2622,2026,26.860714285714288,67.29457142857143,98.96966666666667,-0.2836666666666667,-1.0205,0.7638952380952446,-0.13053857142857128,Kabbia
2625,1989,25.554777777777776,64.49922222222222,,-0.6606,,-0.21947407407407482,,Mayo-Binder
2625,1990,26.359666666666666,63.32466666666667,,-0.5307999999999999,,0.5701555555555551,,Mayo-Binder
2625,1991,26.230333333333334,77.09899999999999,98.876,0.8241999999999999,,0.4255629629629638,,Mayo-Binder
2625,1992,25.406444444444446,68.80977777777778,98.19200000000001,-0.029000000000000005,,-0.41358518518518395,,Mayo-Binder
2625,1993,26.122555555555557,58.78955555555555,98.7838,-1.5211999999999999,,0.28726666666666745,,Mayo-Binder
2625,1994,25.64977777777778,91.56355555555555,99.0534,1.5378,,-0.20077037037037115,,Mayo-Binder
2625,1995,25.97588888888889,67.85122222222223,99.315,0.42560000000000003,,0.11008148148147967,,Mayo-Binder
2625,1996,25.775,72.15466666666667,99.726,0.07,,-0.10606666666667053,,Mayo-Binder
2625,1997,26.56711111111111,68.73722222222221,99.67179999999999,-0.18,,0.6707851851851849,,Mayo-Binder
2625,1998,25.994444444444447,73.05411111111111,97.76,-0.5418000000000001,,0.08285925925926207,,Mayo-Binder
2625,1999,25.233777777777775,93.88522222222223,98.199,1.1458,,-0.6930666666666703,,Mayo-Binder
2625,2000,25.754555555555555,75.71522222222222,99.1318,0.9394,,-0.18754814814814935,,Mayo-Binder
2625,2001,25.644111111111112,86.73711111111112,98.127,0.5124000000000001,-0.46020000000000005,-0.31325185185185234,-0.8213058823529414,Mayo-Binder
2625,2002,26.459444444444443,55.43811111111111,97.13980000000001,-2.2496,-0.5468999999999999,0.4868222222222194,-0.8779137254901962,Mayo-Binder
2625,2003,25.823,75.06844444444444,99.03479999999999,0.9926,-0.241,-0.1648814814814834,-0.5419215686274511,Mayo-Binder
2625,2004,25.881,67.52622222222222,99.7756,-0.4064,1.3011000000000001,-0.12214074074073977,1.030270588235294,Mayo-Binder
2625,2005,26.08711111111111,63.93833333333334,98.2288,-0.5212,0.5952,0.06871111111111006,0.35446274509803904,Mayo-Binder
2625,2006,26.216444444444445,73.92022222222221,99.598,0.39399999999999996,0.5452,0.18278518518518538,0.3345549019607842,Mayo-Binder
2625,2007,25.793444444444443,70.11922222222222,96.248,-0.013000000000000001,0.3358,-0.2554740740740762,0.1552470588235293,Mayo-Binder
2625,2008,25.811,62.03366666666667,97.3666,-0.3852,0.8556,-0.25317777777777906,0.7051392156862745,Mayo-Binder
2625,2009,26.682444444444442,61.99433333333333,84.35040000000001,-0.6936,0.3489,0.6030074074074037,0.22853137254901953,Mayo-Binder
2625,2010,25.932555555555556,64.31766666666667,99.1872,0.20060000000000003,0.6318999999999999,-0.16214074074074247,0.5416235294117646,Mayo-Binder
2625,2011,26.227555555555554,63.649,98.685,-0.8211999999999999,-0.6068,0.11759999999999593,-0.6669843137254903,Mayo-Binder
2625,2012,25.555444444444444,58.894777777777776,99.9976,-0.48719999999999997,1.2405,-0.5697703703703709,1.210407843137255,Mayo-Binder
2625,2013,25.829,77.30122222222222,95.61359999999999,0.682,-0.20959999999999998,-0.31147407407407357,-0.20959999999999998,Mayo-Binder
2625,2014,26.029444444444447,70.78433333333334,96.6842,-0.21760000000000002,-0.6556,-0.12628888888888667,-0.6255078431372548,Mayo-Binder
2625,2015,26.730666666666664,72.10366666666667,96.5922,-0.47759999999999997,-1.4243,0.5596740740740707,-1.3641156862745096,Mayo-Binder
2625,2016,26.424999999999997,71.05844444444443,99.62719999999999,-0.3484,0.20520000000000002,0.2387481481481437,0.29547647058823534,Mayo-Binder
2625,2017,26.15288888888889,69.57422222222222,99.91080000000001,-0.6037999999999999,-0.7473000000000001,-0.048622222222224565,-0.6269313725490196,Mayo-Binder
2625,2018,26.25488888888889,69.36399999999999,99.4262,-0.2138,0.0866,0.038118518518516,0.23706078431372557,Mayo-Binder
2625,2019,26.433777777777777,73.51288888888888,99.954,0.647,0.778,0.20174814814814468,0.9585529411764707,Mayo-Binder
2625,2020,26.338222222222225,81.84144444444445,97.3456,0.006800000000000006,-0.593,0.0909333333333322,-0.38235490196078414,Mayo-Binder
2625,2021,26.285333333333334,77.16166666666668,98.6918,1.123,-0.7073,0.02278518518518524,-0.46656274509803913,Mayo-Binder
2625,2022,25.89933333333333,84.77222222222223,99.489,1.9693999999999998,-0.5728,-0.3784740740740773,-0.30197058823529394,Mayo-Binder
2625,2023,26.74888888888889,59.318111111111115,99.7912,-0.6,0.3942,0.4558222222222206,0.6951215686274511,Mayo-Binder
2625,2024,26.285,72.75622222222222,96.57660000000001,0.0814,-0.1677,-0.02332592592592775,0.16331372549019627,Mayo-Binder
2625,2025,26.010333333333335,82.29266666666666,89.4024,1.0390000000000001,-0.8444,-0.31325185185185234,-0.48329411764705865,Mayo-Binder
2625,2026,26.935142857142857,62.41857142857143,99.27999999999999,-0.5003333333333333,-0.05516666666666666,0.5962984126984097,0.3360313725490198,Mayo-Binder
2647,1989,25.57788888888889,69.30855555555556,,0.127,,-0.02477142857143022,,Bahr-Azoum
2647,1990,26.168333333333333,60.09655555555556,,-0.27759999999999996,,0.5402126984126951,,Bahr-Azoum
2647,1991,25.76811111111111,55.02333333333334,99.2432,-0.8166,,0.1145301587301546,,Bahr-Azoum
2647,1992,25.521666666666665,57.483666666666664,97.6398,-1.111,,-0.15737460317460972,,Bahr-Azoum
2647,1993,25.70611111111111,59.472888888888896,99.8296,-0.5846,,0.0016095238095203968,,Bahr-Azoum
2647,1994,25.525555555555556,66.12744444444444,99.498,-0.488,,-0.20440634920635148,,Bahr-Azoum
2647,1995,25.752,65.407,99.57860000000001,-0.24860000000000002,,-0.0034222222222268783,,Bahr-Azoum
2647,1996,25.567666666666668,60.879999999999995,99.9726,-0.48200000000000004,,-0.21321587301587286,,Bahr-Azoum
2647,1997,25.965999999999998,62.62522222222222,99.86019999999999,0.02839999999999999,,0.15965714285713872,,Bahr-Azoum
2647,1998,25.984555555555556,70.49077777777778,99.405,0.1414,,0.15275238095237853,,Bahr-Azoum
2647,1999,25.408666666666665,71.70422222222221,99.5944,0.23479999999999998,,-0.4485968253968302,,Bahr-Azoum
2647,2000,25.773222222222223,64.2571111111111,99.8982,-0.05619999999999999,,-0.10950158730158677,,Bahr-Azoum
2647,2001,25.69188888888889,75.64433333333334,99.0702,0.932,-0.36970000000000003,-0.21629523809523832,-0.16211153846153847,Bahr-Azoum
2647,2002,26.388444444444445,67.22133333333333,99.1044,-0.05099999999999999,-0.312,0.45479999999999876,-0.12171057692307691,Bahr-Azoum
2647,2003,25.554222222222222,65.41355555555555,99.8646,0.05059999999999999,-0.20329999999999998,-0.4048825396825393,-0.03030961538461535,Bahr-Azoum
2647,2004,26.044777777777778,60.23533333333333,99.8508,-0.5322,0.5484,0.06021269841269827,0.7040913461538462,Bahr-Azoum
2647,2005,26.006444444444444,61.758,99.89580000000001,0.7714000000000001,0.20529999999999998,-0.0035809523809540167,0.3436923076923077,Bahr-Azoum
2647,2006,26.178555555555555,73.36233333333332,97.1492,0.6214000000000001,0.44239999999999996,0.14306984126983835,0.5634932692307693,Bahr-Azoum
2647,2007,25.82111111111111,47.60366666666667,97.26320000000001,-1.8892,-0.10030000000000003,-0.2398349206349195,0.0034942307692307495,Bahr-Azoum
2647,2008,25.86477777777778,50.91833333333333,94.5524,-0.8904,0.0378,-0.22162857142857106,0.12429519230769231,Bahr-Azoum
2647,2009,26.55366666666667,41.964555555555556,94.7268,-2.1814,-0.7230000000000001,0.44180000000000064,-0.6538038461538462,Bahr-Azoum
2647,2010,26.17588888888889,76.62266666666667,97.92620000000001,1.3658,-0.664,0.03856190476190591,-0.6121028846153846,Bahr-Azoum
2647,2011,26.315555555555555,63.010888888888886,98.6446,0.3088,-0.4848,0.15276825396825444,-0.4502019230769231,Bahr-Azoum
2647,2012,25.64,71.26955555555556,99.8662,0.8225999999999999,0.1105,-0.5482476190476184,0.12779903846153845,Bahr-Azoum
2647,2013,26.144,61.96966666666666,99.32239999999999,-0.1166,-0.2424,-0.06970793650793894,-0.2424,Bahr-Azoum
2647,2014,26.205444444444442,78.29188888888888,98.1186,1.3422,-0.30000000000000004,-0.03372380952380993,-0.3172990384615385,Bahr-Azoum
2647,2015,27.220333333333333,60.47244444444444,98.1488,-0.6548,-0.9343999999999999,0.9557047619047623,-0.9689980769230768,Bahr-Azoum
2647,2016,26.264666666666667,51.12866666666667,99.816,-0.8662000000000001,0.2641,-0.02542222222222179,0.2122028846153846,Bahr-Azoum
2647,2017,26.28022222222222,65.56744444444445,99.57039999999999,0.2136,0.008399999999999998,-0.0353269841269821,-0.060796153846153854,Bahr-Azoum
2647,2018,26.220555555555556,77.05755555555555,99.9452,1.3214,0.49369999999999997,-0.12045396825396537,0.40720480769230766,Bahr-Azoum
2647,2019,26.304222222222222,67.32322222222223,99.93379999999999,0.1366,0.7934,-0.062247619047617775,0.6896057692307692,Bahr-Azoum
2647,2020,26.091666666666665,69.69822222222223,99.4064,0.5446,0.3592,-0.30026349206349323,0.23810673076923078,Bahr-Azoum
2647,2021,26.57511111111111,60.91633333333333,99.654,-0.1608,0.2513,0.15772063492063637,0.11290769230769232,Bahr-Azoum
2647,2022,25.802333333333333,77.30777777777777,99.9196,1.084,-0.7521,-0.6405174603174579,-0.9077913461538462,Bahr-Azoum
2647,2023,27.662444444444443,80.51088888888889,99.909,1.4738,1.3452000000000002,1.1941333333333333,1.1722096153846155,Bahr-Azoum
2647,2024,26.645555555555557,83.07177777777777,98.4822,1.003,-0.1673,0.15178412698413268,-0.3575894230769231,Bahr-Azoum
2647,2025,26.398777777777777,67.97755555555555,97.4568,-0.2732,0.02429999999999999,-0.12045396825396537,-0.18328846153846157,Bahr-Azoum
2647,2026,28.003285714285713,72.49971428571429,97.879,-0.7133333333333334,-0.2228333333333333,1.4585936507936523,-0.44772083333333335,Bahr-Azoum
2648,1989,30.135333333333335,14.877444444444443,,-1.3424,,-0.0734323062558353,,Fouli
2648,1990,30.589,15.058222222222222,,-1.2798,,0.38341083099906115,,Fouli
2648,1991,30.213000000000005,19.58588888888889,54.6832,-0.7036,,0.010587301587303699,,Fouli
2648,1992,29.432444444444442,26.14888888888889,51.301,-0.12239999999999998,,-0.7667917833800217,,Fouli
2648,1993,30.631000000000004,19.086222222222222,39.9788,-1.3692,,0.43494024276377274,,Fouli
2648,1994,28.430444444444444,37.629777777777775,66.747,0.9334,,-1.7624388422035508,,Fouli
2648,1995,30.233555555555554,18.825000000000003,50.464,-0.8902000000000001,,0.043848739495793154,,Fouli
2648,1996,30.493555555555556,18.806333333333335,45.5122,-0.8788,,0.3070252100840314,,Fouli
2648,1997,30.979777777777777,21.182444444444442,48.2158,-0.3184,,0.7964239028944888,,Fouli
2648,1998,29.631444444444444,30.04733333333333,46.979,0.002400000000000002,,-0.5487329598506108,,Fouli
2648,1999,28.698999999999998,42.12477777777778,75.7384,1.8986,,-1.47800093370682,,Fouli
2648,2000,30.040888888888887,23.410666666666668,49.241,-0.4896,,-0.13293557422969826,,Fouli
2648,2001,29.88733333333333,21.475555555555555,51.8224,-0.078,-0.4413,-0.2833146591970177,-0.23743000000000003,Fouli
2648,2002,30.866555555555554,21.686111111111114,45.2988,-0.8566,-0.5297000000000001,0.6990840336134383,-0.34281916666666673,Fouli
2648,2003,29.876222222222218,22.956222222222223,61.837,0.3832,0.4562,-0.28807282913166077,0.6260916666666667,Fouli
2648,2004,30.778333333333332,18.044333333333334,46.927,-0.873,-0.352,0.6172147525676905,-0.19909749999999998,Fouli
2648,2005,30.07466666666667,24.765777777777778,65.4692,0.7642,0.7454000000000001,-0.08327544351073968,0.8813133333333334,Fouli
2648,2006,30.769777777777776,22.593333333333334,53.2436,-0.30579999999999996,-1.3838,0.6150121381886038,-1.2648758333333332,Fouli
2648,2007,29.907666666666664,23.68611111111111,59.352999999999994,0.1446,0.6521,-0.24392250233427504,0.754035,Fouli
2648,2008,30.640111111111107,21.823666666666668,58.9972,-0.23199999999999998,-0.5211,0.49169841269840475,-0.4361541666666667,Fouli
2648,2009,31.32288888888889,17.069666666666667,43.5062,-1.4398,-0.6389,1.1776526610644247,-0.5709433333333334,Fouli
2648,2010,29.79888888888889,30.078333333333333,60.413599999999995,0.6258,0.46480000000000005,-0.3431708683473431,0.5157675,Fouli
2648,2011,30.731333333333332,25.662444444444443,49.775400000000005,0.151,-0.7411,0.592450046685336,-0.7071216666666666,Fouli
2648,2012,29.59,29.730444444444444,72.231,1.5368,1.033,-0.5457068160597629,1.0499891666666665,Fouli
2648,2013,29.993000000000002,23.50922222222222,52.117200000000004,-0.2536,-0.236,-0.139530345471524,-0.236,Fouli
2648,2014,30.929777777777776,24.89622222222222,45.9474,-0.30779999999999996,-0.1833,0.8004239028944866,-0.20028916666666666,Fouli
2648,2015,31.063222222222223,22.942666666666668,53.5342,-0.4962,-0.8383,0.9370448179271662,-0.8722783333333334,Fouli
2648,2016,29.826444444444444,26.673222222222222,68.059,0.5364,0.1682,-0.2965564892623753,0.11723249999999999,Fouli
2648,2017,30.298666666666666,20.44188888888889,57.2096,-0.25880000000000003,0.7722,0.17884220354807923,0.7042433333333333,Fouli
2648,2018,29.655777777777775,31.252777777777776,70.4666,1.6425999999999998,0.8413999999999999,-0.4608702147525747,0.7564541666666666,Fouli
2648,2019,30.10088888888889,28.270222222222223,57.9836,0.5389999999999999,-0.4635,-0.01258263305322771,-0.565435,Fouli
2648,2020,29.82222222222222,36.212999999999994,74.8382,1.2658,0.1418,-0.28807282913166077,0.022875833333333345,Fouli
2648,2021,30.11877777777778,23.933,56.8264,-0.492,0.4843,0.011659197012136246,0.3483866666666667,Fouli
2648,2022,29.80644444444444,42.517,74.92179999999999,2.0463999999999998,0.6890000000000001,-0.2974976657329691,0.5360975000000001,Fouli
2648,2023,31.635666666666665,23.156,54.3362,0.4904,-0.8210999999999999,1.5349010270774919,-0.9909916666666666,Fouli
2648,2024,29.179444444444446,51.918,87.07480000000001,2.5,0.6088,-0.9181447245564947,0.4219191666666667,Fouli
2648,2025,29.735222222222223,37.992444444444445,66.6428,0.8800000000000001,-0.3483,-0.3591904761904807,-0.55217,Fouli
2648,2026,32.24814285714286,13.172714285714287,38.46866666666667,-2.0723333333333334,-1.2673333333333334,2.1569066293183887,-1.4881925,Fouli
2654,1989,29.31875,9.875,,-0.296,,0.5965401785714306,,Wadi Hawar
2654,1990,29.73625,6.0,,-1.06,,0.9826339285714276,,Wadi Hawar
2654,1991,28.8425,12.25,35.6,-0.016,,0.0574776785714306,,Wadi Hawar
2654,1992,28.2425,9.5,29.5336,-0.44000000000000006,,-0.5739285714285707,,Wadi Hawar
2654,1993,30.13125,1.25,7.9998000000000005,-2.5,,1.2834151785714312,,Wadi Hawar
2654,1994,26.555,40.125,60.74679999999999,1.86,,-2.3242410714285704,,Wadi Hawar
2654,1995,29.475,7.75,18.5998,-1.02,,0.5643526785714315,,Wadi Hawar
2654,1996,29.96,3.625,11.9334,-1.6760000000000002,,1.017946428571431,,Wadi Hawar
2654,1997,29.08875,14.5,30.0668,0.176,,0.11529017857143131,,Wadi Hawar
2654,1998,27.93125,22.75,42.8666,0.792,,-1.073616071428571,,Wadi Hawar
2654,1999,26.822499999999998,27.875,60.1332,1.46,,-2.2137723214285714,,Wadi Hawar
2654,2000,29.73,6.875,17.4664,-0.476,,0.6623214285714312,,Wadi Hawar
2654,2001,29.333750000000002,23.75,50.2666,1.116,0.5979000000000001,0.23466517857143288,0.9291428571428573,Wadi Hawar
2654,2002,29.57,11.375,27.1334,-0.18,-1.0267999999999997,0.4395089285714313,-0.7231607142857139,Wadi Hawar
2654,2003,29.87125,5.0,20.2666,-0.376,-0.6107,0.709352678571431,-0.33466428571428575,Wadi Hawar
2654,2004,29.62375,3.25,13.3332,-1.78,-1.1366,0.43044642857143245,-0.8881678571428572,Wadi Hawar
2654,2005,28.35875,21.75,49.7998,1.42,0.8503000000000001,-0.865959821428568,1.0711285714285714,Wadi Hawar
2654,2006,30.105,7.875,30.7334,-0.9199999999999999,-0.9093,0.848883928571432,-0.716075,Wadi Hawar
2654,2007,27.8375,19.5,40.0,0.752,0.5531999999999999,-1.4500223214285697,0.7188214285714285,Wadi Hawar
2654,2008,29.085,12.25,19.9334,-0.036,-0.08929999999999999,-0.23392857142856727,0.048717857142857146,Wadi Hawar
2654,2009,31.16,7.625,27.3998,-0.644,0.18059999999999998,1.8096651785714322,0.29101428571428567,Wadi Hawar
2654,2010,29.27125,20.375,43.5334,0.868,0.6724000000000001,-0.1104910714285694,0.7552107142857144,Wadi Hawar
2654,2011,29.61875,6.375,19.2668,-1.02,-1.0685,0.20560267857143089,-1.0132928571428572,Wadi Hawar
2654,2012,29.055,16.875,44.7334,1.036,1.6625999999999999,-0.38955357142856784,1.6902035714285712,Wadi Hawar
2654,2013,29.561249999999998,11.0,31.532999999999998,0.0040000000000000036,-0.19280000000000003,0.08529017857143018,-0.19280000000000003,Wadi Hawar
2654,2014,29.31375,16.0,38.0666,0.09599999999999999,0.41850000000000004,-0.1936160714285684,0.3908964285714286,Wadi Hawar
2654,2015,30.79375,13.5,32.3332,-0.04,-0.1663,1.2549776785714322,-0.22150714285714285,Wadi Hawar
2654,2016,29.56875,6.5,16.9334,-0.828,-0.531,-0.0014285714285655615,-0.6138107142857143,Wadi Hawar
2654,2017,30.5475,11.0,29.1998,0.12,-0.484,0.9459151785714326,-0.5944142857142857,Wadi Hawar
2654,2018,29.221249999999998,20.125,56.6668,0.9400000000000001,-0.013299999999999979,-0.41174107142856897,-0.15131785714285712,Wadi Hawar
2654,2019,29.43,17.75,42.2666,0.752,0.7815000000000001,-0.23439732142856684,0.6158785714285715,Wadi Hawar
2654,2020,28.91375,24.875,54.933400000000006,1.016,0.02560000000000001,-0.7820535714285661,-0.167625,Wadi Hawar
2654,2021,29.975,12.0,34.0,0.268,0.48310000000000003,0.24779017857143515,0.2622714285714286,Wadi Hawar
2654,2022,29.96875,21.75,52.8,0.784,0.31049999999999994,0.21013392857143387,0.06206785714285709,Wadi Hawar
2654,2023,31.42625,13.0,29.733600000000003,0.24,-0.7663,1.6362276785714336,-1.0423357142857141,Wadi Hawar
2654,2024,27.68625,48.25,80.0,2.32,0.4409,-2.1351785714285647,0.1372607142857143,Wadi Hawar
2654,2025,30.0875,19.125,44.8666,0.40800000000000003,0.607,0.23466517857143288,0.2757571428571428,Wadi Hawar
2654,2026,32.818333333333335,3.6666666666666665,12.444666666666668,-1.89,-1.5153333333333334,2.9340922619047696,-1.874179761904762,Wadi Hawar
2656,1989,24.825000000000003,70.77933333333334,,-0.3664,,0.02969841269841922,,Mandoul Oriental
2656,1990,25.39011111111111,67.16277777777778,,-0.7534,,0.5725079365079395,,Mandoul Oriental
2656,1991,25.012222222222224,63.026333333333326,99.8142,-0.7538,,0.17231746031746553,,Mandoul Oriental
2656,1992,24.56711111111111,78.88633333333333,94.096,-0.1608,,-0.29509523809523586,,Mandoul Oriental
2656,1993,25.264111111111113,51.06411111111111,98.58160000000001,-2.2314,,0.3796031746031794,,Mandoul Oriental
2656,1994,24.903333333333332,79.50855555555556,95.374,0.27999999999999997,,-0.003476190476188634,,Mandoul Oriental
2656,1995,25.145,77.05344444444444,99.3262,0.4252000000000001,,0.21588888888889102,,Mandoul Oriental
2656,1996,24.734222222222222,69.98755555555556,99.25359999999999,-0.6597999999999999,,-0.21719047619047416,,Mandoul Oriental
2656,1997,25.365333333333336,65.00366666666667,99.9452,-0.688,,0.3916190476190522,,Mandoul Oriental
2656,1998,25.055111111111113,77.11266666666667,93.9602,0.017000000000000005,,0.05909523809524586,,Mandoul Oriental
2656,1999,24.598444444444443,83.47,94.3418,0.5488000000000001,,-0.4198730158730122,,Mandoul Oriental
2656,2000,24.913333333333334,70.48022222222222,90.7998,-0.4654,,-0.12728571428570845,,Mandoul Oriental
2656,2001,24.80022222222222,97.75133333333332,94.72,1.7570000000000001,-0.33630000000000004,-0.2626984126984091,-1.1614200000000001,Mandoul Oriental
2656,2002,25.385222222222225,68.81877777777778,91.7742,-0.45780000000000004,0.41490000000000005,0.3000000000000078,-0.34146,Mandoul Oriental
2656,2003,24.897333333333332,61.655111111111104,91.2012,-0.5978,0.1671,-0.2101904761904727,-0.5205,Mandoul Oriental
2656,2004,25.11711111111111,65.4011111111111,98.4794,-0.5996,1.1707999999999998,-0.01271428571428146,0.5519599999999998,Mandoul Oriental
2656,2005,25.326555555555554,71.31922222222221,99.6066,-0.1648,0.6434,0.17442857142857449,0.09331999999999996,Mandoul Oriental
2656,2006,25.194555555555556,78.89666666666668,98.2298,0.4812,0.8150999999999999,0.0201269841269891,0.3337799999999999,Mandoul Oriental
2656,2007,25.078666666666667,67.585,94.6892,-0.5998,0.617,-0.11806349206348798,0.20443999999999996,Mandoul Oriental
2656,2008,24.97377777777778,87.25511111111112,90.5004,1.4456,0.5490999999999999,-0.24525396825396228,0.20529999999999993,Mandoul Oriental
2656,2009,25.546,70.69755555555555,93.6474,-0.2652,0.037000000000000005,0.30466666666666953,-0.23804,Mandoul Oriental
2656,2010,25.22211111111111,70.63233333333334,99.00919999999999,0.2318,0.2616,-0.041523809523805966,0.05531999999999998,Mandoul Oriental
2656,2011,25.302444444444447,84.94355555555555,91.201,1.3012000000000001,0.14600000000000002,0.016507936507942134,0.008480000000000015,Mandoul Oriental
2656,2012,24.956333333333333,81.29544444444444,97.681,1.5364,0.5466,-0.35190476190475906,0.47784,Mandoul Oriental
2656,2013,25.035444444444444,72.73244444444444,98.5934,0.8878,-0.1395,-0.29509523809523586,-0.1395,Mandoul Oriental
2656,2014,25.331,74.0398888888889,97.5328,-0.11320000000000001,-0.14600000000000002,-0.021841269841267774,-0.07724000000000002,Mandoul Oriental
2656,2015,25.84911111111111,66.14955555555555,94.6186,-0.7988,-0.5746,0.4739682539682555,-0.43708,Mandoul Oriental
2656,2016,25.640666666666668,78.12366666666668,97.0446,0.7742,0.18580000000000002,0.24322222222222578,0.39208000000000004,Mandoul Oriental
2656,2017,25.404999999999998,77.541,98.1062,0.44960000000000006,0.2586,-0.014746031746032173,0.53364,Mandoul Oriental
2656,2018,25.497666666666664,63.36644444444445,99.26559999999999,-0.532,0.23679999999999998,0.05561904761904657,0.5806,Mandoul Oriental
2656,2019,25.516444444444446,87.63488888888888,97.515,0.754,-0.5485,0.05209523809524441,-0.13593999999999995,Mandoul Oriental
2656,2020,25.481111111111108,66.03166666666668,98.37440000000001,-1.4888,-0.11009999999999999,-0.005539682539680513,0.37122000000000005,Mandoul Oriental
2656,2021,25.673222222222222,90.49344444444445,93.2356,0.8231999999999999,-0.5258,0.16426984126984578,0.02427999999999997,Mandoul Oriental
2656,2022,25.011555555555553,81.59322222222222,99.0506,1.0288,-0.4233,-0.5196984126984106,0.19554000000000005,Mandoul Oriental
2656,2023,25.865222222222222,65.14844444444445,98.056,-0.944,-1.0707,0.311666666666671,-0.3831,Mandoul Oriental
2656,2024,25.67388888888889,100.736,83.898,1.9786000000000001,-1.4787,0.0980317460317508,-0.7223399999999999,Mandoul Oriental
2656,2025,25.327222222222222,91.96766666666667,87.9362,0.703,-1.0332,-0.27093650793650426,-0.20807999999999982,Mandoul Oriental
2656,2026,26.233,57.93385714285715,88.928,-1.3673333333333335,-1.0226666666666666,0.6125396825396869,-0.1287866666666666,Mandoul Oriental
2657,1989,26.12533333333333,47.60788888888889,,-0.4029999999999999,,0.08127448107448387,,Djourf Al Ahmar
2657,1990,27.088333333333335,35.07377777777778,,-2.1475999999999997,,1.0070266178266252,,Djourf Al Ahmar
2657,1991,26.416,55.32366666666667,96.3236,1.0051999999999999,,0.2974454212454276,,Djourf Al Ahmar
2657,1992,25.801333333333332,52.285222222222224,97.8024,0.10740000000000001,,-0.35446910866910386,,Djourf Al Ahmar
2657,1993,26.38611111111111,41.50688888888889,95.36580000000001,-1.0708,,0.1930608058608101,,Djourf Al Ahmar
2657,1994,25.776333333333334,61.79911111111111,99.1802,0.6557999999999999,,-0.4539648351648289,,Djourf Al Ahmar
2657,1995,26.107666666666667,53.922444444444444,99.80460000000001,-0.23620000000000002,,-0.15987936507935885,,Djourf Al Ahmar
2657,1996,26.218888888888888,48.88622222222222,98.1174,-0.6684,,-0.08590500610500129,,Djourf Al Ahmar
2657,1997,26.338555555555555,40.77433333333333,97.6656,-0.7884,,-0.0034862026861972595,,Djourf Al Ahmar
2657,1998,26.33577777777778,61.81699999999999,96.735,0.7769999999999999,,-0.04351184371183692,,Djourf Al Ahmar
2657,1999,25.665444444444447,67.41088888888889,99.9068,1.1572,,-0.751093040293032,,Djourf Al Ahmar
2657,2000,26.796444444444447,46.510111111111115,98.5992,-0.553,,0.342659096459105,,Djourf Al Ahmar
2657,2001,26.545222222222222,51.757111111111115,97.90520000000001,0.22400000000000003,0.30110000000000003,0.05418901098901685,0.4878788461538462,Djourf Al Ahmar
2657,2002,27.366,52.28377777777777,95.9852,-0.13319999999999999,-0.17110000000000003,0.8377189255189315,0.00011394230769229408,Djourf Al Ahmar
2657,2003,25.851333333333333,50.58877777777778,99.5118,0.3296,0.7477,-0.7141956043955986,0.9033490384615385,Djourf Al Ahmar
2657,2004,26.90811111111111,44.32555555555555,97.9472,-0.7354,0.6715,0.30533431013431667,0.8115841346153846,Djourf Al Ahmar
2657,2005,26.377555555555556,56.64677777777778,99.2192,1.4232,0.7512,-0.26246910866910156,0.8757192307692307,Djourf Al Ahmar
2657,2006,27.00688888888889,50.668111111111116,94.707,-0.14420000000000002,-1.3418,0.3296163614163703,-1.2328456730769233,Djourf Al Ahmar
2657,2007,26.45711111111111,41.791777777777774,96.5844,-0.611,-0.1964,-0.2574092796092735,-0.10301057692307691,Djourf Al Ahmar
2657,2008,26.50311111111111,40.81666666666666,88.9182,-0.8702,-0.4252,-0.24865714285713736,-0.3473754807692308,Djourf Al Ahmar
2657,2009,27.465,45.84466666666666,98.4038,-0.6,-0.5422,0.6759838827838891,-0.47994038461538463,Djourf Al Ahmar
2657,2010,26.793333333333333,57.96333333333333,99.3712,1.151,-0.5073,-0.03293064713064098,-0.4606052884615384,Djourf Al Ahmar
2657,2011,27.329111111111114,41.01588888888889,89.04400000000001,-1.0211999999999999,-0.837,0.46559926739927704,-0.8058701923076923,Djourf Al Ahmar
2657,2012,26.198333333333334,51.28422222222222,99.0346,0.9606,0.6302,-0.7024263736263663,0.6457649038461538,Djourf Al Ahmar
2657,2013,26.96933333333333,34.830999999999996,96.674,-1.1868,-0.1104,0.031325763125767736,-0.1104,Djourf Al Ahmar
2657,2014,26.95888888888889,55.023555555555554,98.1726,0.462,-0.8888,-0.0163665445665373,-0.9043649038461539,Djourf Al Ahmar
2657,2015,28.02188888888889,47.343333333333334,91.6596,-0.8817999999999999,-0.8874,1.0093855921855983,-0.9185298076923076,Djourf Al Ahmar
2657,2016,26.887777777777778,39.728,97.6516,-0.5456000000000001,0.1617,-0.1619733821733753,0.11500528846153847,Djourf Al Ahmar
2657,2017,27.15844444444444,43.11088888888889,99.5066,-0.704,-0.6335,0.07144542124542497,-0.6957596153846153,Djourf Al Ahmar
2657,2018,26.769777777777776,51.421888888888894,99.1456,0.6606,0.8319000000000001,-0.35446910866910386,0.7540754807692308,Djourf Al Ahmar
2657,2019,27.006666666666668,54.78144444444444,98.248,0.6268,0.1446,-0.15482808302807527,0.05121057692307693,Djourf Al Ahmar
2657,2020,26.53977777777778,62.460222222222214,99.85940000000001,0.6544,0.0050000000000000044,-0.6589648351648272,-0.10395432692307692,Djourf Al Ahmar
2657,2021,27.694222222222223,55.266555555555556,98.5162,0.8183999999999999,0.44120000000000004,0.4582317460317533,0.31668076923076927,Djourf Al Ahmar
2657,2022,26.543999999999997,69.06700000000001,99.89580000000001,1.6834,-0.06220000000000003,-0.7292383394383357,-0.20228413461538464,Djourf Al Ahmar
2657,2023,28.945555555555554,53.82966666666667,98.27619999999999,0.6636,1.4016,1.6350693528693583,1.2459509615384614,Djourf Al Ahmar
2657,2024,26.988666666666667,61.16177777777778,99.8828,0.7318,0.1402,-0.35906739926739206,-0.031013942307692333,Djourf Al Ahmar
2657,2025,27.183222222222224,61.662444444444446,97.9228,0.7798,0.6764,-0.2017597069596988,0.48962115384615384,Djourf Al Ahmar
2657,2026,29.398285714285716,45.998714285714286,93.666,-1.5193333333333332,-0.15633333333333332,1.9760559218559308,-0.3586770833333333,Djourf Al Ahmar
2658,1989,25.52811111111111,61.90155555555556,,-1.1138,,-0.23588121693121522,,Mont Illi
2658,1990,26.340555555555554,58.42877777777778,,-1.5882,,0.5585539682539711,,Mont Illi
2658,1991,26.23388888888889,76.45833333333333,99.2868,0.7218,,0.4338780423280504,,Mont Illi
2658,1992,25.412222222222223,66.03577777777778,99.7032,-0.2406,,-0.4057978835978808,,Mont Illi
2658,1993,26.035,65.05377777777778,99.7002,-0.952,,0.19897063492063793,,Mont Illi
2658,1994,25.671000000000003,89.82466666666667,99.5094,0.9955999999999999,,-0.18303862433861795,,Mont Illi
2658,1995,26.01833333333333,79.27544444444445,99.7326,1.0048,,0.14628544973545132,,Mont Illi
2658,1996,25.77711111111111,76.14644444444444,99.8714,0.3738,,-0.11294603174603068,,Mont Illi
2658,1997,26.467111111111112,64.26255555555555,99.88759999999999,-0.4958,,0.5590447089947119,,Mont Illi
2658,1998,26.052333333333333,83.72266666666667,98.9586,0.6708000000000001,,0.12625767195767423,,Mont Illi
2658,1999,25.33111111111111,77.43533333333333,99.5088,0.2782,,-0.6129738095238082,,Mont Illi
2658,2000,25.694333333333333,72.32644444444445,99.545,-0.02560000000000001,,-0.26776084656084365,,Mont Illi
2658,2001,25.67822222222222,86.73466666666667,99.4284,0.5993999999999999,-0.10640000000000001,-0.3018812169312177,-0.30807499999999993,Mont Illi
2658,2002,26.41433333333333,59.44466666666666,98.2706,-1.6474,-0.3745,0.4162206349206343,-0.55936875,Mont Illi
2658,2003,25.832666666666668,68.06577777777778,99.5144,0.07519999999999999,-0.4431,-0.1834552910052878,-0.6111624999999999,Mont Illi
2658,2004,25.941222222222223,69.46077777777778,99.94200000000001,-0.6262000000000001,0.7364999999999999,-0.09290899470899205,0.58524375,Mont Illi
2658,2005,26.11388888888889,69.71511111111111,99.37559999999999,-0.011600000000000004,0.4748,0.061748412698417354,0.34035000000000004,Mont Illi
2658,2006,26.244999999999997,75.92511111111111,99.7946,0.6266,-0.27649999999999997,0.17485026455026187,-0.3941437499999999,Mont Illi
2658,2007,25.912666666666667,69.9768888888889,98.4428,0.41600000000000004,0.9589000000000001,-0.17549232804232773,0.8580625000000002,Mont Illi
2658,2008,25.890888888888888,60.766,98.4574,-0.4311999999999999,1.0429,-0.21527936507936474,0.9588687499999999,Mont Illi
2658,2009,26.65844444444444,64.22111111111111,87.1508,-0.33499999999999996,-0.06020000000000001,0.5342669312169299,-0.12742499999999998,Mont Illi
2658,2010,26.02277777777778,67.604,99.7194,0.373,0.8794,-0.11940899470899069,0.82898125,Mont Illi
2658,2011,26.259666666666664,69.33800000000001,99.4748,-0.2514,-0.141,0.0994706349206318,-0.17461249999999998,Mont Illi
2658,2012,25.735666666666667,58.641,99.9968,-0.7006,0.603,-0.44253862433862423,0.58619375,Mont Illi
2658,2013,26.009444444444444,79.85855555555555,97.2026,0.8006,-0.0655,-0.18677010582010567,-0.0655,Mont Illi
2658,2014,26.20411111111111,78.45988888888888,98.14840000000001,0.219,-0.47740000000000005,-0.010112698412697796,-0.46059375,Mont Illi
2658,2015,26.720333333333333,64.83666666666666,98.21900000000001,-1.0977999999999999,-1.3545,0.48810026455026545,-1.3208875,Mont Illi
2658,2016,26.541999999999998,72.22377777777778,99.8164,-0.23700000000000002,-0.096,0.29175767195766866,-0.04558125000000002,Mont Illi
2658,2017,26.252666666666666,69.21688888888889,99.91839999999999,-0.4008,-0.7222,-0.015584920634921673,-0.654975,Mont Illi
2658,2018,26.325000000000003,62.31877777777778,99.8918,-0.8482,-0.0765,0.038739153439156127,0.0075312499999999755,Mont Illi
2658,2019,26.450555555555557,75.06422222222221,99.9704,0.7146,0.4061,0.14628544973545132,0.5069375,Mont Illi
2658,2020,26.39,89.32577777777777,98.8746,0.6606,0.0382,0.06772063492063651,0.15584374999999995,Mont Illi
2658,2021,26.448333333333334,64.43722222222222,99.3852,-0.6104,-0.6815,0.10804470899470786,-0.54705,Mont Illi
2658,2022,25.97277777777778,96.95111111111112,99.955,2.4686,-0.4659,-0.3855201058201061,-0.31464375,Mont Illi
2658,2023,26.604666666666667,63.641777777777776,99.9672,0.12139999999999998,0.8474,0.22835952380952307,1.0154625,Mont Illi
2658,2024,26.314333333333334,70.09811111111111,98.7486,0.06080000000000001,-0.2314,-0.07998306878306849,-0.04653125000000005,Mont Illi
2658,2025,26.083777777777776,82.58922222222222,92.1636,0.8465999999999999,-0.52,-0.32854788359788856,-0.3183250000000001,Mont Illi
2658,2026,27.159285714285716,66.22114285714285,99.64633333333335,-0.05299999999999997,-0.329,0.7289507936507924,-0.11051875000000008,Mont Illi
2659,1989,25.689333333333334,59.90222222222222,,-0.6206,,-0.21985608465607953,,Lac Léré
2659,1990,26.47088888888889,63.14533333333333,,-0.09240000000000001,,0.5425460317460349,,Lac Léré
2659,1991,26.407444444444444,73.93244444444444,99.4952,0.7253999999999999,,0.45994814814815044,,Lac Léré
2659,1992,25.578777777777777,71.72866666666667,99.2346,0.363,,-0.3878719576719547,,Lac Léré
2659,1993,26.265,58.814,98.66,-1.1514,,0.27919682539683066,,Lac Léré
2659,1994,25.846666666666668,85.67133333333334,98.3254,1.3312,,-0.15828994708994415,,Lac Léré
2659,1995,26.156555555555556,67.01211111111111,98.43260000000001,0.454,,0.13244550264550625,,Lac Léré
2659,1996,25.936333333333334,64.872,99.14,-0.35019999999999996,,-0.10693015873015455,,Lac Léré
2659,1997,26.66611111111111,67.62566666666666,99.7618,0.2142,,0.603694179894184,,Lac Léré
2659,1998,26.170555555555556,67.37088888888889,96.6822,-0.6725999999999999,,0.08898518518518728,,Lac Léré
2659,1999,25.42811111111111,88.70633333333333,98.63759999999999,1.0208,,-0.6726126984126957,,Lac Léré
2659,2000,25.895888888888887,72.39566666666667,98.7422,0.8847999999999999,,-0.22398835978835763,,Lac Léré
2659,2001,25.838555555555555,79.87133333333333,98.9674,0.46580000000000005,0.015200000000000005,-0.30047513227512823,-0.607975,Lac Léré
2659,2002,26.60822222222222,58.29022222222222,96.6586,-1.7628,-0.0505,0.4500380952380958,-0.6217437499999999,Lac Léré
2659,2003,26.02177777777778,63.71244444444445,97.5088,0.19380000000000003,-0.2298,-0.1555597883597848,-0.7491125,Lac Léré
2659,2004,26.055222222222223,66.14311111111111,99.56120000000001,-0.1082,1.1922000000000001,-0.141268783068778,0.7248187500000002,Lac Léré
2659,2005,26.241,62.69488888888889,96.7606,-0.13260000000000002,0.2967,0.025355555555560017,-0.11874999999999997,Lac Léré
2659,2006,26.411777777777775,70.77066666666667,99.3644,0.728,0.5721,0.1769798941798939,0.20858125000000005,Lac Léré
2659,2007,26.081666666666663,63.54122222222222,96.8142,-0.10200000000000001,1.1761,-0.17228465608465626,0.8645124999999999,Lac Léré
2659,2008,26.074444444444445,62.934333333333335,95.6468,0.017200000000000014,0.8824000000000001,-0.19866031746031254,0.6227437500000002,Lac Léré
2659,2009,26.891666666666666,59.626444444444445,81.8716,-0.6144000000000001,0.0362,0.5994084656084695,-0.17152499999999998,Lac Léré
2659,2010,26.182444444444442,58.63922222222223,99.3096,-0.26680000000000004,0.7451,-0.12896719576719207,0.5893062499999999,Lac Léré
2659,2011,26.420333333333335,56.91122222222222,98.0414,-0.6354,-0.6475,0.08976825396825916,-0.7513624999999999,Lac Léré
2659,2012,25.74688888888889,56.95877777777778,99.94879999999999,-0.41980000000000006,1.0728,-0.6028296296296247,1.02086875,Lac Léré
2659,2013,26.066444444444446,70.034,95.7356,0.3388,-0.38239999999999996,-0.3024275132275065,-0.38239999999999996,Lac Léré
2659,2014,26.235888888888887,65.66688888888888,97.3408,-0.46180000000000004,-0.1639,-0.15213650793650402,-0.11196874999999999,Lac Léré
2659,2015,26.996,68.0648888888889,95.103,-0.6641999999999999,-1.3305,0.5888211640211658,-1.2266375,Lac Léré
2659,2016,26.642666666666667,67.613,99.6828,-0.49539999999999995,0.4352,0.21633439153439582,0.59099375,Lac Léré
2659,2017,26.338555555555555,61.17655555555555,99.8588,-1.4066,0.004400000000000001,-0.10693015873015455,0.212125,Lac Léré
2659,2018,26.499333333333333,71.227,99.06620000000001,0.3856,-0.0456,0.034694179894184884,0.21405624999999998,Lac Léré
2659,2019,26.704777777777778,67.40466666666667,99.8202,0.5414,0.4703,0.22098518518518873,0.7818875000000001,Lac Léré
2659,2020,26.696,74.889,96.91279999999999,-0.3214,-0.55,0.1930539682539738,-0.18648125000000004,Lac Léré
2659,2021,26.514444444444443,75.69066666666667,99.064,1.549,-0.6835,-0.007655026455022806,-0.26805,Lac Léré
2659,2022,26.12388888888889,75.46988888888887,99.6682,1.7814,-1.0051,-0.4173640211640155,-0.5377187500000001,Lac Léré
2659,2023,26.939,58.306000000000004,99.517,-0.7714000000000001,0.33230000000000004,0.37859365079365404,0.8516125,Lac Léré
2659,2024,26.596111111111114,65.59066666666666,93.6048,-0.4932,-0.47300000000000003,0.016551322751329423,0.09824374999999991,Lac Léré
2659,2025,26.28011111111111,76.05466666666666,86.6624,0.737,-1.6524,-0.31860211640211133,-1.029225,Lac Léré
2659,2026,27.31657142857143,57.86014285714286,98.658,-0.48066666666666663,-0.45466666666666666,0.6987047619047679,0.22043958333333336,Lac Léré
2663,1989,25.19011111111111,68.90555555555555,,-0.38639999999999997,,0.002402539682545779,,Tandjilé Est
2663,1990,25.833000000000002,64.90622222222221,,-0.8492000000000001,,0.6233669841269887,,Tandjilé Est
2663,1991,25.50322222222222,66.37333333333333,99.8318,-0.3278,,0.27166476190476274,,Tandjilé Est
2663,1992,24.953,76.79477777777778,98.3594,0.3402,,-0.3004819047619023,,Tandjilé Est
2663,1993,25.72611111111111,54.75511111111111,98.7684,-2.2367999999999997,,0.4507047619047633,,Tandjilé Est
2663,1994,25.276,81.05166666666668,96.64,0.5598,,-0.02133079365079027,,Tandjilé Est
2663,1995,25.53611111111111,70.16155555555557,97.7404,0.127,,0.21685587301587717,,Tandjilé Est
2663,1996,25.11866666666667,79.94955555555556,99.449,0.25339999999999996,,-0.22251301587300887,,Tandjilé Est
2663,1997,25.766222222222225,72.47999999999999,99.6972,-0.0256,,0.4031180952381028,,Tandjilé Est
2663,1998,25.498555555555555,81.32722222222223,94.9242,0.5256000000000001,,0.11352698412698814,,Tandjilé Est
2663,1999,24.918222222222223,72.23444444444445,94.8014,-0.1984,,-0.4887307936507881,,Tandjilé Est
2663,2000,25.212444444444444,67.58844444444445,94.8056,-0.7774,,-0.21643301587301167,,Tandjilé Est
2663,2001,25.168666666666667,92.15366666666667,96.64500000000001,1.4194,-1.7133,-0.28213523809523267,-1.9662428571428574,Tandjilé Est
2663,2002,25.762,73.81855555555555,91.67920000000001,-0.3348,0.030699999999999998,0.2892736507936533,-0.20116428571428582,Tandjilé Est
2663,2003,25.228666666666665,67.2391111111111,94.2576,-0.0942,0.5702,-0.2659841269841259,0.35941428571428563,Tandjilé Est
2663,2004,25.454,70.01388888888889,98.42760000000001,-0.5104,0.7673,-0.06257523809523491,0.577592857142857,Tandjilé Est
2663,2005,25.683444444444447,73.54177777777778,98.47380000000001,0.356,0.5589,0.14494476190476746,0.39027142857142844,Tandjilé Est
2663,2006,25.606333333333332,82.41044444444444,97.1022,0.8966000000000001,-0.6228,0.04590920634920792,-0.7703500000000001,Tandjilé Est
2663,2007,25.447,66.58722222222222,96.1114,-0.2944,0.43609999999999993,-0.13534857142856893,0.3096285714285713,Tandjilé Est
2663,2008,25.36077777777778,75.821,93.59259999999999,0.6115999999999999,0.27130000000000004,-0.24349523809523177,0.16590714285714284,Tandjilé Est
2663,2009,25.908333333333335,68.67577777777778,91.8578,-0.44139999999999996,-0.8556999999999999,0.2821358730158785,-0.9400142857142857,Tandjilé Est
2663,2010,25.593222222222224,69.944,99.072,0.6656,0.45,-0.05489968253967703,0.38676428571428567,Tandjilé Est
2663,2011,25.61988888888889,84.38233333333334,94.96340000000001,1.4456,-0.5557000000000001,-0.05015746031745394,-0.597857142857143,Tandjilé Est
2663,2012,25.35,78.87877777777777,99.114,1.5211999999999999,0.22790000000000002,-0.34197079365078764,0.20682142857142857,Tandjilé Est
2663,2013,25.464444444444446,70.18533333333333,95.3846,0.6714,-0.2695,-0.24945079365078726,-0.2695,Tandjilé Est
2663,2014,25.740555555555556,66.80377777777778,94.9774,-0.7737999999999999,-0.053099999999999994,0.004735873015878411,-0.032021428571428555,Tandjilé Est
2663,2015,26.237000000000002,67.433,93.63820000000001,-0.6936,-0.9814,0.4792558730158767,-0.9392428571428572,Tandjilé Est
2663,2016,26.051333333333332,74.39077777777779,97.6606,0.3458,0.8431,0.27166476190476274,0.9063357142857142,Tandjilé Est
2663,2017,25.737222222222222,70.15677777777779,99.0722,-0.286,0.5174000000000001,-0.06437079365079157,0.6017142857142859,Tandjilé Est
2663,2018,25.901333333333334,66.92911111111111,98.66839999999999,-0.421,-0.1846,0.07781587301587578,-0.07920714285714278,Tandjilé Est
2663,2019,25.89788888888889,81.90466666666666,98.6134,0.7,0.262,0.05244698412698767,0.38847142857142863,Tandjilé Est
2663,2020,25.877666666666666,59.49088888888889,97.0732,-2.0103999999999997,0.5069,0.01030031746032023,0.6544500000000001,Tandjilé Est
2663,2021,26.127666666666666,79.67355555555555,95.3014,0.0518,-0.3215,0.23837587301587604,-0.1528714285714285,Tandjilé Est
2663,2022,25.506222222222224,83.03422222222223,99.40700000000001,1.3702,-0.4752,-0.4049930158730106,-0.28549285714285705,Tandjilé Est
2663,2023,26.22255555555556,61.226444444444446,98.4538,-1.0802,0.06309999999999999,0.28941587301588,0.2738857142857144,Tandjilé Est
2663,2024,26.00511111111111,82.24211111111111,90.4418,0.8800000000000001,-0.6234,0.05004698412698616,-0.3915357142857141,Tandjilé Est
2663,2025,25.689666666666668,89.82533333333333,88.4218,0.6768,-0.5623999999999999,-0.28732190476189956,-0.30945714285714265,Tandjilé Est
2663,2026,26.737142857142857,58.993,92.89433333333334,-0.7743333333333333,-0.6428333333333334,0.7382298412698454,-0.3688119047619047,Tandjilé Est
2664,1989,26.69222222222222,45.20577777777778,,0.1552,,0.27159964726631003,,Ouara
2664,1990,27.90277777777778,24.543222222222223,,-2.0356,,1.4459206349206326,,Ouara
2664,1991,26.616888888888887,44.56033333333333,87.9058,0.4922000000000001,,0.12379717813050561,,Ouara
2664,1992,26.011666666666667,46.741888888888894,90.4164,0.3908,,-0.5176596119929471,,Ouara
2664,1993,27.128555555555558,32.58511111111111,72.521,-1.2418,,0.562994708994708,,Ouara
2664,1994,25.74722222222222,61.785999999999994,95.7572,1.043,,-0.8545731922398616,,Ouara
2664,1995,26.40222222222222,41.90977777777778,92.7132,-0.1156,,-0.23580776014109617,,Ouara
2664,1996,27.00011111111111,35.665333333333336,77.56620000000001,-0.9906,,0.3258465608465606,,Ouara
2664,1997,26.600444444444445,33.59988888888889,86.7286,-0.46299999999999997,,-0.11005467372133992,,Ouara
2664,1998,26.31,61.32011111111111,93.18260000000001,1.1119999999999999,,-0.43673368606701857,,Ouara
2664,1999,25.723222222222223,65.05366666666667,98.6344,1.4442,,-1.0597460317460303,,Ouara
2664,2000,27.328,37.474444444444444,82.8802,-0.572,,0.5087971781305107,,Ouara
2664,2001,27.051555555555556,45.429111111111105,86.49879999999999,0.2792,0.8729,0.19611816578483499,1.2748999999999997,Ouara
2664,2002,27.77811111111111,44.99677777777778,86.57939999999999,-0.1246,-0.23820000000000002,0.8864391534391522,0.13029999999999975,Ouara
2664,2003,26.295333333333335,49.64633333333333,95.3,0.7564,0.3133,-0.6325731922398532,0.6482999999999999,Ouara
2664,2004,27.586111111111112,28.63266666666667,75.6242,-1.2744,-0.3813,0.6219700176366878,-0.07980000000000015,Ouara
2664,2005,26.46655555555556,53.785222222222224,94.6904,1.3926,0.3145,-0.533820105820098,0.5824999999999998,Ouara
2664,2006,27.47533333333333,38.034,84.348,-0.7524,-0.7767999999999999,0.43872310405643944,-0.5423,Ouara
2664,2007,26.982666666666667,33.73855555555556,75.023,-0.8151999999999999,0.22890000000000002,-0.09017813051145751,0.42989999999999995,Ouara
2664,2008,26.901666666666667,38.31088888888889,62.8436,-0.4486,-0.6652,-0.20741269841269272,-0.49770000000000014,Ouara
2664,2009,28.228333333333335,38.12755555555556,82.72,-0.7156,-0.9448999999999999,1.0830194003527396,-0.8109,Ouara
2664,2010,27.122888888888887,54.773888888888884,96.053,1.2412,0.2499,-0.05865961199294034,0.35039999999999993,Ouara
2664,2011,27.859333333333336,33.647111111111116,67.8708,-1.108,-1.1061,0.641550264550272,-1.0391000000000001,Ouara
2664,2012,26.621444444444442,41.501888888888885,96.34360000000001,0.512,1.0029,-0.6325731922398532,1.0364,Ouara
2664,2013,27.22888888888889,24.335,75.2764,-1.3634,-0.3355,-0.06136331569664222,-0.3355,Ouara
2664,2014,27.026777777777777,45.78944444444445,88.578,0.18319999999999997,-0.7893000000000001,-0.29970899470898615,-0.8228000000000001,Ouara
2664,2015,28.104555555555557,37.529333333333334,73.2562,-0.9380000000000001,-0.47919999999999996,0.7418342151675574,-0.5461999999999999,Ouara
2664,2016,27.288333333333334,41.45322222222222,88.316,0.3026,-0.10379999999999999,-0.11062257495589733,-0.20429999999999993,Ouara
2664,2017,27.74077777777778,39.31777777777778,92.9822,-0.335,-0.4116,0.3055873015873125,-0.5456,Ouara
2664,2018,27.04988888888889,39.21966666666666,94.1756,0.20259999999999997,0.6108999999999999,-0.42153615520281207,0.4434,Ouara
2664,2019,27.30011111111111,50.727444444444444,88.6814,0.8934,-0.2121,-0.20754850088182408,-0.4130999999999999,Ouara
2664,2020,26.84166666666667,52.373,92.7168,0.1948,0.3169,-0.702227513227502,0.08240000000000014,Ouara
2664,2021,28.012666666666668,56.28877777777778,90.9148,1.0939999999999999,0.6234,0.43253791887126525,0.3554000000000001,Ouara
2664,2022,27.102555555555554,61.382555555555555,98.0684,1.6452000000000002,0.9948,-0.5138077601410842,0.6933000000000002,Ouara
2664,2023,29.292555555555552,40.239555555555555,89.6618,0.0032000000000000028,0.1338,1.6399576719576814,-0.2011999999999998,Ouara
2664,2024,27.064,62.44166666666667,98.6716,1.309,0.7623,-0.6248324514991062,0.3938000000000002,Ouara
2664,2025,27.52733333333333,49.88355555555555,92.5652,0.3706,0.8926,-0.19773368606700714,0.49060000000000015,Ouara
2664,2026,29.989,33.28642857142857,71.71533333333333,-1.8983333333333334,-1.2813333333333332,2.2276984126984267,-1.716833333333333,Ouara
2666,1989,25.303555555555555,27.308666666666667,,-0.7962,,0.7718634920634955,,Dar-Tama
2666,1990,25.957,15.622333333333334,,-2.325,,1.4041500417711,,Dar-Tama
2666,1991,24.549333333333337,35.57666666666667,80.3498,0.04759999999999999,,-0.024674519632405634,,Dar-Tama
2666,1992,24.249,39.708333333333336,84.9432,0.2626,,-0.34616574770258524,,Dar-Tama
2666,1993,25.154333333333334,23.14377777777778,60.0058,-1.5144,,0.5380096908939045,,Dar-Tama
2666,1994,23.636555555555553,64.35233333333332,90.44539999999999,1.5442,,-1.0009259816207177,,Dar-Tama
2666,1995,24.299333333333333,44.79555555555556,91.67519999999999,0.6212,,-0.35930609857977913,,Dar-Tama
2666,1996,25.194000000000003,19.41111111111111,51.9716,-2.195,,0.5142026733500487,,Dar-Tama
2666,1997,24.769555555555556,34.38111111111111,87.09,-0.038599999999999995,,0.06860033416876021,,Dar-Tama
2666,1998,24.316222222222223,49.013999999999996,88.17920000000001,0.5105999999999999,,-0.40589089390141453,,Dar-Tama
2666,1999,23.69388888888889,57.824777777777776,94.6612,1.2706,,-1.0493821219715933,,Dar-Tama
2666,2000,25.33111111111111,26.576777777777775,74.4106,-1.2256,,0.5666822055137857,,Dar-Tama
2666,2001,25.191,40.160888888888884,82.70060000000001,0.1242,0.69,0.40541319966583345,0.8475499999999998,Dar-Tama
2666,2002,25.638333333333335,43.30066666666667,88.2476,0.4016,-0.2815,0.8315886382623283,-0.1370791666666667,Dar-Tama
2666,2003,24.578111111111113,50.385555555555555,91.9996,1.017,0.3706,-0.24979147869673568,0.5018916666666666,Dar-Tama
2666,2004,25.18422222222222,24.51233333333333,75.58099999999999,-1.1686,-0.7081000000000001,0.3351617376775309,-0.5899375000000001,Dar-Tama
2666,2005,24.224444444444444,47.856888888888896,91.2846,1.1814,0.3694,-0.6457739348370914,0.47443333333333326,Dar-Tama
2666,2006,25.29411111111111,35.60311111111111,77.7726,-0.2548,-0.6152,0.4027348370927335,-0.5232958333333333,Dar-Tama
2666,2007,24.320555555555554,40.14344444444444,88.02459999999999,0.2642,1.0007000000000001,-0.5919786131996645,1.0794750000000002,Dar-Tama
2666,2008,24.807444444444442,34.922111111111114,63.974199999999996,-0.3336,0.5019,-0.12624761904761783,0.5675458333333333,Dar-Tama
2666,2009,26.136333333333333,27.673555555555556,84.8494,-0.9202,-0.3936,1.1814833751044311,-0.34108333333333335,Dar-Tama
2666,2010,24.933333333333334,42.79044444444445,91.11420000000001,0.6126,0.6429,-0.04267451963240987,0.6822875,Dar-Tama
2666,2011,25.373333333333335,32.074111111111115,69.2446,-0.4918,-0.8448,0.3761675856307498,-0.8185416666666667,Dar-Tama
2666,2012,24.250555555555554,45.801,92.5856,1.2206,0.6457999999999999,-0.7677680868838763,0.6589291666666666,Dar-Tama
2666,2013,25.043777777777777,29.31266666666666,72.3474,-0.47000000000000003,-0.8163,0.004296240601505019,-0.8163,Dar-Tama
2666,2014,24.700777777777777,46.068666666666665,83.96900000000001,0.523,-0.5094000000000001,-0.35986165413533655,-0.5225291666666667,Dar-Tama
2666,2015,25.78,37.58911111111111,71.4442,-0.2854,-0.6471,0.6982026733500462,-0.6733583333333333,Dar-Tama
2666,2016,25.171555555555557,37.11566666666667,79.7304,0.3214,0.1174,0.06860033416876021,0.07801250000000003,Dar-Tama
2666,2017,25.62822222222222,37.196444444444445,87.9876,0.1902,-1.0949,0.5041091060985821,-1.1474166666666665,Dar-Tama
2666,2018,24.659555555555556,35.73466666666667,90.95779999999999,0.3426,0.06670000000000001,-0.485715455304927,0.0010541666666667032,Dar-Tama
2666,2019,25.050555555555555,49.08144444444444,83.8794,1.1182,0.10020000000000001,-0.11587335004177035,0.021425000000000055,Dar-Tama
2666,2020,24.491888888888887,40.21388888888889,85.55019999999999,-0.2122,-0.24359999999999998,-0.6956979114452793,-0.3355041666666666,Dar-Tama
2666,2021,25.406,54.82266666666666,85.1822,1.0006,0.04529999999999998,0.19725530492899068,-0.059733333333333305,Dar-Tama
2666,2022,24.829333333333334,35.382444444444445,92.391,0.054400000000000004,0.6,-0.40056925647451536,0.48183750000000003,Dar-Tama
2666,2023,26.688888888888886,32.69644444444444,80.5318,-0.1614,-0.0077999999999999875,1.4378284043441951,-0.1390916666666666,Dar-Tama
2666,2024,24.705666666666666,61.460333333333324,94.691,1.7546,0.8092,-0.5665517126148707,0.6647791666666667,Dar-Tama
2666,2025,25.39788888888889,41.60122222222222,90.2132,0.2542,0.8931,0.10451261487051156,0.7355500000000001,Dar-Tama
2666,2026,28.187428571428573,23.72942857142857,55.98499999999999,-2.1863333333333332,-1.3935,2.872894402673353,-1.5641791666666665,Dar-Tama
2885,1989,26.359333333333336,59.11933333333333,,0.7869999999999999,,-0.20753686067018862,,Baguirmi
2885,1990,27.39211111111111,44.272333333333336,,-0.9931999999999999,,0.8113396825396855,,Baguirmi
2885,1991,27.052444444444447,51.50644444444444,93.6594,0.39899999999999997,,0.45777178130512297,,Baguirmi
2885,1992,26.161444444444445,51.478,98.16720000000001,-0.3254,,-0.4471294532627823,,Baguirmi
2885,1993,27.10322222222222,43.12255555555556,89.5334,-1.7022,,0.48074708994709425,,Baguirmi
2885,1994,26.145111111111113,62.91411111111111,98.3066,0.6676,,-0.4912652557319177,,Baguirmi
2885,1995,26.711444444444442,56.154333333333334,98.0868,-0.030400000000000017,,0.0611668430335115,,Baguirmi
2885,1996,26.60611111111111,48.36411111111111,94.1874,-1.0452,,-0.0580677248677226,,Baguirmi
2885,1997,27.082555555555555,44.004333333333335,94.8438,-1.0054,,0.40447548500882036,,Baguirmi
2885,1998,26.720666666666666,65.78566666666667,92.2624,0.6064,,0.02868536155202861,,Baguirmi
2885,1999,25.868222222222222,66.39411111111112,97.5212,1.062,,-0.8376603174603154,,Baguirmi
2885,2000,26.615555555555556,52.73122222222222,95.7898,0.1526,,-0.10422821869488175,,Baguirmi
2885,2001,26.411444444444445,60.76155555555556,99.1362,0.6,0.10590000000000002,-0.3222405643738959,0.5183103896103898,Baguirmi
2885,2002,27.058333333333334,47.589,85.3382,-1.2644,-0.7729999999999999,0.31074708994709255,-0.3949571428571427,Baguirmi
2885,2003,26.277333333333335,58.02011111111111,99.46459999999999,0.7407999999999999,0.2769,-0.48415414462080975,0.6205753246753247,Baguirmi
2885,2004,26.71466666666667,47.20766666666667,95.23060000000001,-0.8119999999999999,-0.082,-0.06072204585537477,0.2273077922077923,Baguirmi
2885,2005,26.731222222222225,54.82088888888889,98.93440000000001,0.5509999999999999,0.1187,-0.0580677248677226,0.39364025974025985,Baguirmi
2885,2006,27.14622222222222,52.86177777777778,97.3392,0.015000000000000003,-0.7990999999999999,0.34303104056437306,-0.5585272727272725,Baguirmi
2885,2007,26.66711111111111,48.723666666666674,96.1534,0.01120000000000001,-0.4495,-0.1499813051146397,-0.24329480519480515,Baguirmi
2885,2008,26.553555555555555,50.63611111111111,97.78779999999999,0.19280000000000003,-0.2217,-0.2774380952380966,-0.04986233766233761,Baguirmi
2885,2009,27.557111111111112,49.01455555555555,90.1452,-0.5374,-1.2903000000000002,0.712216225749561,-1.1528298701298703,Baguirmi
2885,2010,26.752555555555556,62.83122222222222,99.0942,1.4962,-0.2106,-0.1062405643738984,-0.10749740259740258,Baguirmi
2885,2011,26.983333333333334,54.031444444444446,95.399,0.4774,0.31270000000000003,0.11063597883597964,0.38143506493506496,Baguirmi
2885,2012,26.354222222222223,51.43466666666667,99.4768,0.3906,0.6685,-0.5323763668430352,0.7028675324675324,Baguirmi
2885,2013,26.831000000000003,43.305,90.571,-1.2555999999999998,-0.0958,-0.06949982363315499,-0.0958,Baguirmi
2885,2014,27.230888888888888,44.10966666666666,73.3946,-1.3674,-0.7111000000000001,0.3164878306878265,-0.7454675324675325,Baguirmi
2885,2015,27.55933333333333,55.780777777777786,95.32239999999999,-0.48739999999999994,-0.8644000000000001,0.6310310405643698,-0.933135064935065,Baguirmi
2885,2016,27.13666666666667,56.96522222222222,99.4528,0.615,0.4127,0.1944631393298053,0.3095974025974026,Baguirmi
2885,2017,27.107,49.975,98.3024,-0.010199999999999987,0.2997,0.15089523809523442,0.1622298701298701,Baguirmi
2885,2018,26.92577777777778,56.64777777777778,98.7376,0.7283999999999999,0.4647,-0.04422821869488658,0.2928623376623376,Baguirmi
2885,2019,26.878777777777778,58.499222222222215,99.444,0.8565999999999999,0.35890000000000005,-0.10512945326279066,0.1526948051948052,Baguirmi
2885,2020,26.648222222222223,62.33822222222222,92.3136,0.23079999999999998,-0.20829999999999999,-0.3495862433862449,-0.4488727272727273,Baguirmi
2885,2021,27.336555555555556,48.000888888888895,86.77239999999999,-0.8560000000000001,0.1718,0.3248458553791842,-0.10314025974025981,Baguirmi
2885,2022,26.63111111111111,66.703,98.54560000000001,0.8332,0.3728,-0.3944998236331614,0.06349220779220771,Baguirmi
2885,2023,27.795222222222222,49.86988888888889,98.94300000000001,0.275,1.1972,0.7557100529100467,0.8535246753246752,Baguirmi
2885,2024,26.775444444444446,71.85777777777778,99.63,1.7794,0.3486,-0.27796895943562916,-0.029442857142857215,Baguirmi
2885,2025,26.95488888888889,71.07433333333333,99.4396,1.3168,0.7025000000000001,-0.11242574955909035,0.2900896103896104,Baguirmi
2885,2026,28.08457142857143,41.35257142857143,97.18066666666668,-1.5563333333333336,0.178,1.003355555555551,-0.2687779220779222,Baguirmi
3205,1989,28.439555555555554,20.553,,-1.0102,,-0.25483321123320835,,Barh-El-Gazel S.
3205,1990,29.337444444444444,16.956000000000003,,-1.8603999999999998,,0.6289702075702124,,Barh-El-Gazel S.
3205,1991,29.035111111111107,26.302666666666667,60.224199999999996,-0.20800000000000002,,0.3125514041514066,,Barh-El-Gazel S.
3205,1992,27.903888888888886,31.270222222222223,64.7752,0.0814,,-0.8327562881562862,,Barh-El-Gazel S.
3205,1993,29.576555555555558,19.65177777777778,38.001,-1.9718,,0.8258249084249165,,Barh-El-Gazel S.
3205,1994,27.402555555555555,50.36988888888889,82.51759999999999,1.3014,,-1.362260561660559,,Barh-El-Gazel S.
3205,1995,28.81811111111111,27.901111111111113,59.0418,-0.681,,0.03920952380952869,,Barh-El-Gazel S.
3205,1996,29.343444444444444,22.205111111111112,42.985,-1.276,,0.5504573870573921,,Barh-El-Gazel S.
3205,1997,29.38733333333333,34.800111111111114,69.9062,0.6527999999999999,,0.5802608058608065,,Barh-El-Gazel S.
3205,1998,28.22377777777778,47.22277777777778,74.256,1.0468,,-0.5973802197802129,,Barh-El-Gazel S.
3205,1999,27.445,46.20677777777777,81.1312,1.2938,,-1.3902434676434652,,Barh-El-Gazel S.
3205,2000,29.104444444444443,25.825777777777777,54.6006,-0.8099999999999999,,0.25511550671550864,,Barh-El-Gazel S.
3205,2001,28.593333333333337,31.294999999999998,70.87,0.4524,0.48919999999999997,-0.270081074481066,0.9402210526315788,Barh-El-Gazel S.
3205,2002,29.466333333333335,26.18877777777778,50.7992,-0.9788,-0.8905000000000001,0.5888334554334591,-0.4770640350877194,Barh-El-Gazel S.
3205,2003,28.211222222222222,29.605888888888884,71.4472,0.15,0.6378,-0.6803631257631224,1.0136508771929824,Barh-El-Gazel S.
3205,2004,29.386888888888887,22.861555555555555,58.45119999999999,-0.5810000000000001,-0.9823999999999999,0.48121807081807333,-0.6441342105263157,Barh-El-Gazel S.
3205,2005,28.624555555555553,35.82255555555556,75.799,1.2102,0.08460000000000001,-0.2952007326007333,0.38528070175438595,Barh-El-Gazel S.
3205,2006,29.299333333333337,31.105111111111107,61.87519999999999,0.1672,-0.1549,0.3654915750915819,0.10819561403508768,Barh-El-Gazel S.
3205,2007,28.508666666666663,28.364555555555555,54.583600000000004,0.128,0.0975,-0.43926056166056426,0.3230105263157894,Barh-El-Gazel S.
3205,2008,29.09144444444444,25.767555555555557,69.4268,0.21239999999999998,-0.9052,0.12943174603174512,-0.7172745614035088,Barh-El-Gazel S.
3205,2009,30.03688888888889,20.38411111111111,51.3368,-1.239,-0.7705000000000001,1.0607907203907239,-0.6201596491228071,Barh-El-Gazel S.
3205,2010,29.127111111111113,31.51088888888889,70.898,0.2908,0.2485,0.13692747252747495,0.3612552631578947,Barh-El-Gazel S.
3205,2011,29.476777777777777,24.842222222222222,54.102999999999994,-0.458,-0.5127999999999999,0.4725086691086702,-0.4376298245614034,Barh-El-Gazel S.
3205,2012,28.322666666666667,27.91433333333333,78.7316,0.466,0.6694,-0.6956879120879123,0.7069850877192982,Barh-El-Gazel S.
3205,2013,29.16711111111111,19.844,46.30159999999999,-1.1560000000000001,-0.09449999999999999,0.13467106227106385,-0.09449999999999999,Barh-El-Gazel S.
3205,2014,29.728666666666665,27.32011111111111,49.576800000000006,-0.6524,-0.1328,0.6821411477411488,-0.17038508771929825,Barh-El-Gazel S.
3205,2015,29.85788888888889,31.265,57.5302,-0.1588,-0.2839,0.7972778998779013,-0.3590701754385965,Barh-El-Gazel S.
3205,2016,29.083333333333332,29.167111111111108,83.5612,0.022399999999999996,0.44809999999999994,0.008636874236874093,0.3353447368421052,Barh-El-Gazel S.
3205,2017,29.57,31.49888888888889,77.0582,0.48100000000000004,0.1199,0.48121807081807333,-0.030440350877192962,Barh-El-Gazel S.
3205,2018,28.526444444444444,31.998333333333335,76.7508,1.1132,0.9678,-0.5764229548229558,0.7798745614035087,Barh-El-Gazel S.
3205,2019,28.531888888888886,39.269555555555556,76.2064,1.1292,-0.9544,-0.5850639804639819,-1.1799105263157894,Barh-El-Gazel S.
3205,2020,28.435555555555556,37.448,73.2636,0.771,0.30119999999999997,-0.6954827838827846,0.03810438596491228,Barh-El-Gazel S.
3205,2021,29.49277777777778,32.21633333333333,62.897400000000005,0.12940000000000002,-0.4956,0.34765396825396877,-0.7962807017543859,Barh-El-Gazel S.
3205,2022,28.940333333333335,45.83433333333333,90.1284,1.3712,0.7466,-0.21887594627594353,0.40833421052631586,Barh-El-Gazel S.
3205,2023,30.340444444444447,31.842111111111112,73.446,0.6354,-0.07440000000000001,1.1671496947496962,-0.45025087719298246,Barh-El-Gazel S.
3205,2024,28.402555555555555,48.12566666666667,90.4364,1.8428,0.8187,-0.784824664224665,0.4052640350877193,Barh-El-Gazel S.
3205,2025,29.208000000000002,42.11222222222222,77.19800000000001,0.7572,1.1132,0.006534310134309607,0.6621789473684211,Barh-El-Gazel S.
3205,2026,30.651142857142855,20.33157142857143,52.13666666666666,-1.438,-0.38050000000000006,1.4355916971916933,-0.8691061403508772,Barh-El-Gazel S.
3599,1989,25.78222222222222,48.46333333333334,,-0.8964000000000001,,-0.16592231559290482,,Guéra
3599,1990,26.849222222222224,41.88077777777778,,-1.8077999999999999,,0.8742737628384738,,Guéra
3599,1991,26.289,56.96188888888889,96.70540000000001,0.2618,,0.28724761904762275,,Guéra
3599,1992,25.735777777777777,61.15888888888888,97.7748,0.47400000000000003,,-0.2927785247432304,,Guéra
3599,1993,26.42011111111111,43.07211111111111,91.3406,-1.6138,,0.3647508870214793,,Guéra
3599,1994,25.46788888888889,79.48777777777778,97.63640000000001,1.263,,-0.6142752567693712,,Guéra
3599,1995,26.065,55.36411111111111,98.889,-0.5112,,-0.04396806722688851,,Guéra
3599,1996,26.093222222222224,52.599555555555554,97.681,-0.5886,,-0.04254976657329124,,Guéra
3599,1997,26.447222222222223,45.257333333333335,96.3254,-1.075,,0.2846463118580793,,Guéra
3599,1998,26.228555555555555,70.55377777777778,93.05879999999999,0.6896,,0.03917572362278321,,Guéra
3599,1999,25.503555555555554,90.40088888888889,99.0602,2.0862000000000003,,-0.7126281979458433,,Guéra
3599,2000,26.319222222222223,53.023555555555554,97.985,-0.4224,,0.0762345471521968,,Guéra
3599,2001,25.987333333333332,56.97488888888889,98.7756,0.18359999999999999,-0.18930000000000002,-0.282458263305319,0.2885657142857143,Guéra
3599,2002,26.81088888888889,56.78577777777778,90.488,-0.46979999999999994,-0.6019000000000001,0.5142933706816102,-0.16385642857142863,Guéra
3599,2003,25.816333333333333,62.84288888888889,99.2868,0.7218,0.034999999999999996,-0.5070661064425757,0.4332214285714286,Guéra
3599,2004,26.615111111111112,49.69,96.4028,-0.5486,0.1779,0.2649077497665786,0.5362992857142858,Guéra
3599,2005,26.194777777777777,62.638888888888886,99.1986,1.1944000000000001,0.22139999999999999,-0.1822295051353855,0.5399771428571429,Guéra
3599,2006,26.741666666666667,58.33444444444444,86.2008,-0.2384,-1.1595,0.3378554621848764,-0.8807449999999999,Guéra
3599,2007,26.306444444444445,47.90611111111111,88.51259999999999,-0.7022,-0.028999999999999998,-0.12417068160597111,0.20993285714285717,Guéra
3599,2008,26.165888888888887,66.554,95.1692,1.4024,-0.40990000000000004,-0.29153015873015775,-0.21078928571428573,Guéra
3599,2009,27.041999999999998,50.068444444444445,92.52000000000001,-0.681,-0.7965,0.5577770308123249,-0.6372114285714285,Guéra
3599,2010,26.518666666666668,56.145,98.40639999999999,0.5382,-0.5472,0.007639775910369906,-0.42773357142857144,Guéra
3599,2011,26.72722222222222,55.248777777777775,93.6316,0.257,-0.26859999999999995,0.18939140989729353,-0.18895571428571423,Guéra
3599,2012,26.026222222222223,47.796888888888894,98.7196,-0.24739999999999998,1.0342,-0.5384125116713321,1.0740221428571428,Guéra
3599,2013,26.54888888888889,46.62577777777778,94.65540000000001,-0.21159999999999995,-0.266,-0.04254976657329124,-0.266,Guéra
3599,2014,26.766888888888886,56.92733333333334,92.7452,0.09179999999999999,-0.6472,0.14864631185807653,-0.6870221428571428,Guéra
3599,2015,27.383444444444443,52.43222222222222,92.4806,-0.7537999999999999,-0.7901,0.738397945845005,-0.8697442857142857,Guéra
3599,2016,26.893444444444444,44.77488888888889,97.75319999999999,-0.9586,-0.031200000000000002,0.22159402427638142,-0.1506664285714286,Guéra
3599,2017,26.892777777777777,49.00055555555556,98.5066,-0.46159999999999995,0.4673,0.19412343604108528,0.30801142857142855,Guéra
3599,2018,26.389666666666667,72.92722222222223,98.7826,1.6393999999999997,0.8168,-0.33579159663865,0.6176892857142857,Guéra
3599,2019,26.507666666666665,60.81688888888888,97.8432,0.2702,0.3396,-0.2445955182072801,0.10066714285714284,Guéra
3599,2020,26.331222222222223,50.26466666666667,98.2846,-0.8588000000000001,-0.1584,-0.44784388422035093,-0.43715500000000007,Guéra
3599,2021,27.209555555555553,61.730333333333334,97.91659999999999,0.42400000000000004,0.223,0.4036855275443543,-0.09557714285714289,Guéra
3599,2022,26.31222222222222,77.06522222222222,99.0288,1.0094,0.8455,-0.5204517273576066,0.4871007142857143,Guéra
3599,2023,27.944777777777777,57.74933333333334,97.61659999999999,0.3684,1.4337,1.08529990662932,1.0354785714285715,Guéra
3599,2024,26.576666666666668,80.25466666666667,97.9802,1.6356000000000002,-0.312,-0.30961512605041364,-0.7500435714285715,Guéra
3599,2025,26.730333333333334,84.34855555555556,92.7002,1.5602,0.4239,-0.18275238095237611,-0.05396571428571434,Guéra
3599,2026,28.466285714285714,50.626571428571424,90.118,-1.3243333333333334,-0.29766666666666663,1.5263960784313753,-0.8153545238095238,Guéra
3617,1989,27.64022222222222,36.93888888888889,,-0.1804,,-0.03528744588744104,,Fitri
3617,1990,28.65522222222222,30.827111111111112,,-1.0936,,0.9541468975469023,,Fitri
3617,1991,28.06822222222222,40.406444444444446,90.3344,0.484,,0.3415812409812453,,Fitri
3617,1992,27.22277777777778,43.32866666666667,96.3832,0.4518,,-0.5294288600288546,,Fitri
3617,1993,28.603,31.166666666666668,69.7404,-1.5788,,0.8252277056277109,,Fitri
3617,1994,26.87388888888889,55.83222222222222,98.08040000000001,1.3204,,-0.9294490620490592,,Fitri
3617,1995,27.817111111111114,42.27911111111111,91.5756,0.10200000000000001,,-0.011792496392487806,,Fitri
3617,1996,28.132555555555555,31.785555555555554,72.23140000000001,-1.4434,,0.2780862914862965,,Fitri
3617,1997,28.355,35.513222222222225,88.5664,-0.38380000000000003,,0.47496507936508436,,Fitri
3617,1998,27.633888888888887,56.51544444444445,92.7474,1.4103999999999999,,-0.27171168831168657,,Fitri
3617,1999,26.877,60.13011111111112,99.2658,1.889,,-1.0541662337662316,,Fitri
3617,2000,28.369777777777777,34.529444444444444,84.33200000000001,-0.9042,,0.4130458874458931,,Fitri
3617,2001,27.685444444444446,37.48444444444445,93.12280000000001,-0.14679999999999999,-0.323,-0.2968531024530954,0.4795714285714285,Fitri
3617,2002,28.53933333333333,38.73488888888889,80.7046,-0.78,-1.3306999999999998,0.531470129870133,-0.5950095238095237,Fitri
3617,2003,27.461333333333332,42.82855555555555,96.596,0.404,-0.5682,-0.5720955266955237,0.1006095238095237,Fitri
3617,2004,28.400777777777776,31.701999999999998,84.365,-0.8858,-0.851,0.34178326118326297,-0.2490714285714286,Fitri
3617,2005,27.847666666666665,42.895,91.3648,0.8950000000000001,0.3831,-0.23689350649350516,0.918147619047619,Fitri
3617,2006,28.468555555555554,37.00911111111111,80.31,-0.6632,-0.7147,0.35842972582972976,-0.24653333333333338,Fitri
3617,2007,27.909333333333333,32.781555555555556,76.51219999999999,-0.7245999999999999,-0.21139999999999998,-0.22635815295814865,0.18988571428571427,Fitri
3617,2008,27.916333333333334,42.01888888888889,92.7812,1.1056,0.1394,-0.24492380952380444,0.47380476190476184,Fitri
3617,2009,29.093,32.25733333333333,82.99300000000001,-0.9513999999999999,-0.4013,0.9061772005772042,-0.1337761904761905,Fitri
3617,2010,28.214333333333332,38.38644444444444,96.16420000000001,0.142,0.09789999999999999,0.0019448773448793588,0.2985428571428571,Fitri
3617,2011,28.651111111111113,39.39944444444445,84.3274,0.40800000000000003,-0.89,0.4131569985570067,-0.7562380952380953,Fitri
3617,2012,27.68466666666667,32.01433333333333,96.824,-0.441,0.4708,-0.5788531024530954,0.5376809523809524,Fitri
3617,2013,28.346333333333334,29.48388888888889,74.69359999999999,-0.9132,-0.4828,0.057247907647912655,-0.4828,Fitri
3617,2014,28.721777777777774,36.870333333333335,80.35040000000001,-0.7692,-0.1693,0.40712669552669567,-0.23618095238095238,Fitri
3617,2015,29.264777777777777,37.028555555555556,81.8388,-0.9192,-0.7316,0.9245610389610412,-0.8653619047619048,Fitri
3617,2016,28.449333333333332,36.06377777777778,95.1156,-0.3368,0.495,0.08355093795093893,0.2943571428571429,Fitri
3617,2017,28.749777777777776,34.77455555555556,96.69800000000001,-0.2604,0.16870000000000002,0.35842972582972976,-0.09882380952380948,Fitri
3617,2018,27.819222222222223,44.22866666666667,95.3108,1.2396,0.9406000000000001,-0.5976914862914811,0.6061952380952382,Fitri
3617,2019,27.91477777777778,43.786,97.0166,0.7053999999999999,-0.10419999999999999,-0.527701587301582,-0.5054857142857142,Fitri
3617,2020,27.77811111111111,43.15811111111111,95.5438,0.4098,0.09469999999999998,-0.6899339105339095,-0.3734666666666666,Fitri
3617,2021,28.979333333333336,46.24677777777778,86.4814,0.7969999999999999,0.21439999999999998,0.485722655122661,-0.320647619047619,Fitri
3617,2022,28.00922222222222,52.87166666666667,99.6286,0.9618,1.0939999999999999,-0.5099541125541087,0.4920714285714285,Fitri
3617,2023,29.49711111111111,41.278,92.6612,0.5498000000000001,0.5267,0.9523691197691235,-0.1421095238095238,Fitri
3617,2024,27.817444444444444,57.702333333333335,98.8188,1.8568000000000002,0.6844999999999999,-0.7528632034631997,-0.05119047619047623,Fitri
3617,2025,28.471666666666668,57.33277777777778,96.9222,1.2730000000000001,1.1461000000000001,-0.12420663780663332,0.3435285714285716,Fitri
3617,2026,29.887571428571427,32.096714285714285,80.649,-1.3836666666666666,-0.9211666666666667,1.2661324675324686,-1.7906190476190476,Fitri
3639,1989,29.61922222222222,14.824555555555555,,-1.6308,,-0.1432134920634951,,Kanem
3639,1990,30.299777777777777,18.182000000000002,,-1.035,,0.5337476190476167,,Kanem
3639,1991,30.064999999999998,23.374333333333333,51.61279999999999,-0.386,,0.2953753968253956,,Kanem
3639,1992,28.99811111111111,26.95611111111111,52.5278,-0.16519999999999999,,-0.7751079365079363,,Kanem
3639,1993,30.376333333333335,20.27111111111111,31.724,-1.5816,,0.5995198412698421,,Kanem
3639,1994,28.164,40.719,70.92139999999999,1.0532,,-1.6164079365079367,,Kanem
3639,1995,29.99711111111111,21.664333333333335,47.604200000000006,-0.7682,,0.21310873015872644,,Kanem
3639,1996,30.217,21.313222222222223,40.339999999999996,-0.808,,0.42940317460317345,,Kanem
3639,1997,30.559666666666672,25.22511111111111,49.0696,-0.0372,,0.7684753968254014,,Kanem
3639,1998,29.30033333333333,32.809888888888885,50.72240000000001,-0.0814,,-0.4944523809523851,,Kanem
3639,1999,28.278555555555556,44.14266666666666,75.2176,1.7870000000000001,,-1.5198246031746052,,Kanem
3639,2000,29.619777777777774,26.423222222222222,49.927800000000005,-0.2996,,-0.1821968253968329,,Kanem
3639,2001,29.542555555555552,24.817444444444444,52.595000000000006,0.3506,-0.0249,-0.26301349206349656,0.26302307692307697,Kanem
3639,2002,30.503888888888884,25.227,41.7328,-0.6682,-0.6693,0.6947253968253904,-0.4053705128205128,Kanem
3639,2003,29.469222222222225,27.089666666666666,63.4116,0.5708,0.5071,-0.3435357142857143,0.7470358974358975,Kanem
3639,2004,30.43011111111111,19.49888888888889,43.8738,-0.7184,-0.6111,0.6137587301587253,-0.39515769230769227,Kanem
3639,2005,29.685666666666666,27.89277777777778,69.68719999999999,1.0333999999999999,0.4314,-0.13428015873016363,0.623348717948718,Kanem
3639,2006,30.394222222222222,26.642777777777777,53.4328,0.1986,-1.2023,0.5706809523809504,-1.0343448717948718,Kanem
3639,2007,29.470555555555556,23.206333333333333,54.43820000000001,-0.02560000000000001,0.21299999999999997,-0.3565801587301607,0.35696153846153844,Kanem
3639,2008,30.291999999999998,20.438444444444443,58.822199999999995,-0.46340000000000003,-0.177,0.4612698412698357,-0.057032051282051244,Kanem
3639,2009,30.89911111111111,16.300666666666665,41.844,-1.7207999999999999,-0.9202,1.0647865079365033,-0.824225641025641,Kanem
3639,2010,29.60977777777778,32.39533333333333,64.862,0.6876,0.5663,-0.2281412698412737,0.6382807692307693,Kanem
3639,2011,30.465444444444447,27.37011111111111,47.262,0.14540000000000003,-1.2993000000000001,0.6239309523809524,-1.2513128205128206,Kanem
3639,2012,29.361444444444444,26.736444444444444,73.1344,1.259,1.0953,-0.4836634920634957,1.1192935897435896,Kanem
3639,2013,29.72511111111111,22.233,48.6754,-0.6286,-0.081,-0.123591269841274,-0.081,Kanem
3639,2014,30.66722222222222,23.994,41.763,-0.7535999999999999,-1.2376,0.8149253968253909,-1.2615935897435897,Kanem
3639,2015,30.793444444444447,27.108111111111114,54.157,-0.4264,-0.24750000000000003,0.9375531746031704,-0.2954871794871795,Kanem
3639,2016,29.68733333333333,28.748666666666665,73.86359999999999,0.399,0.4401,-0.1721523809523866,0.36811923076923075,Kanem
3639,2017,30.07611111111111,24.109222222222222,61.232600000000005,-0.0128,0.432,0.21303095238094727,0.33602564102564103,Kanem
3639,2018,29.372222222222224,31.76522222222222,72.08099999999999,1.3336000000000001,0.7272000000000001,-0.4944523809523851,0.6072320512820513,Kanem
3639,2019,29.492222222222225,33.63377777777778,58.7432,0.9396000000000001,-0.0477,-0.37804682539682943,-0.19166153846153847,Kanem
3639,2020,29.423333333333332,35.20455555555556,74.3792,0.8213999999999999,0.4978,-0.45053015873016733,0.32984487179487176,Kanem
3639,2021,29.851555555555553,22.191,55.187400000000004,-0.8878,-0.09410000000000002,-0.02590238095238817,-0.286048717948718,Kanem
3639,2022,29.570888888888888,41.69588888888889,78.7178,1.6652,0.8885999999999998,-0.3101634920634986,0.6726576923076921,Kanem
3639,2023,31.16511111111111,27.983666666666668,57.97619999999999,0.8348000000000001,0.41879999999999995,1.2804642857142774,0.17886410256410246,Kanem
3639,2024,28.912777777777777,50.343777777777774,88.4376,2.3177999999999996,0.5659,-0.9754634920635006,0.30197051282051274,Kanem
3639,2025,29.638333333333335,36.79855555555556,64.6472,0.5524,-0.19619999999999999,-0.2535023809523871,-0.48412307692307693,Kanem
3639,2026,31.974142857142855,14.465428571428571,34.665333333333336,-1.8956666666666668,-1.155,2.0787126984126907,-1.4669166666666666,Kanem
