iso3,unit,year,in_aoi,log_yield_w,log_prod_w,t_dt_w,z_dt_w,rain_w,wsi_w,spi_w,asi_w,mvhi_w
AFG,Badakhshan,2002,False,0.576528354324529,-1.2724922921531678,0.222677630869529,0.7916234143949872,0.18452425142416704,0.10734938026974068,0.11990643774136175,-0.837708614070781,0.2519382804386837
AFG,Badakhshan,2003,False,1.1123364156778897,0.48694736747407874,-1.9999532616128444,-1.1991661247951342,0.8491667420827446,0.04119860577603935,1.2460021253968585,-0.6504683920116621,0.1292166485832009
AFG,Badakhshan,2004,False,-1.1242065169340707,-1.0212514971938096,0.8059127359510448,1.1787105816409977,-1.3744966192166694,0.0337058363780947,-1.7685368213328887,-0.6174221030665297,0.09298129210220142
AFG,Badakhshan,2005,False,1.0161806356645116,0.7628937646542753,-0.8514630302502058,-0.6022687847106588,0.5503672237429122,0.5509702863726322,0.0002842424062874491,-0.777357662087051,0.6621498632424768
AFG,Badakhshan,2006,False,-0.8323266600717251,-0.3191047885927792,1.0291399805442598,0.4236717288036255,-0.859998224983122,-0.6951292636078151,-0.17592550854133618,0.6740812662482806,-1.10381100072788
AFG,Badakhshan,2007,False,0.7595112793158746,0.822058681266797,0.7775674047047947,0.9441515742960738,1.2747103445261243,-1.2456192828130976,1.31029864595825,2.1331820049246746,-1.5724777340812344
AFG,Badakhshan,2008,False,-3.0770383602783244,-1.3401198054953083,1.4293761833673773,-0.19273207040609422,-1.7771522692970931,-1.0058207259506797,-2.3511793484640964,3.176629532598139,-2.0411444674345733
AFG,Badakhshan,2009,False,0.4773335617200053,0.7987958967146717,-0.7225978183298583,-0.859351534608256,1.376116157019395,0.5621661118628819,1.1651917872228814,-0.7213117465708949,1.5550437418120784
AFG,Badakhshan,2010,False,0.4950360155774373,0.28610216249450315,0.8295362209426844,0.9411072404280759,0.896931209289442,0.8823657564348035,1.1662371552913426,-0.7002370362836812,1.8647534868289508
AFG,Badakhshan,2011,False,-1.202125366486665,-0.5430307835315326,-0.007583944621383864,-0.5350314367761763,-1.3708961624800848,-0.9545175071418484,-0.6518999659399815,0.7339628187842422,-1.1120152323839723
AFG,Badakhshan,2012,False,-0.44501263612440084,0.6601672418362307,-1.5089766785703285,-1.8340144601205504,-0.0679625832888179,0.6897875506459691,-0.38623602083007524,-0.645158310758707,0.6679611939988538
AFG,Badakhshan,2013,False,1.2163550323989665,1.7188661795617486,0.3342197429849548,0.21438401590289516,-0.8748748459911391,-0.5459961145832898,-0.5054207493367078,-0.24769716746653697,-0.23313691622682448
AFG,Badakhshan,2014,False,0.1585680903568819,1.2242834971139496,-0.8915133218973942,-1.4349995943254752,1.2765594194859688,0.8062027077791644,0.6976446730420963,-0.6068397953548189,0.7684630317857908
AFG,Badakhshan,2015,False,1.4173735572801727,0.9902917850115093,-0.8555685843689523,-0.32830269555276953,-0.37089933726616825,0.19604000628948423,0.36047266663295696,-0.5867228113602441,0.732227675304776
AFG,Badakhshan,2016,False,0.09737289625269817,0.463933310819468,1.3509362790780877,1.9697953058338813,0.6688453454255789,0.8178886836561374,0.21319679406672284,-0.43060869381170813,-0.0823841595464343
AFG,Badakhshan,2017,False,-0.3002417845717818,-2.722894568271078,-0.25167428457690466,-0.6263738187317158,-0.8176322363479239,0.20262843724258356,-0.22819335680351766,-0.04416140288482331,-0.5510508928997736
AFG,Badakhshan,2018,False,-0.38382740318268743,-0.22247702193983665,0.4822822979050881,0.4928373867154181,0.2834108085297031,0.746999263562247,-0.08978229428360568,-0.38893813638360286,0.45054905511284166
AFG,Badakhshan,2019,False,0.2179011973639472,-0.8758897507046797,0.05773480777327187,0.6990908130546396,0.4377298391426851,0.8981826792832991,0.6789940409337613,-0.44017176119022317,0.9332313508786346
AFG,Badakhshan,2020,False,0.8065963319681194,0.6462842681862919,-0.34590900013663123,0.41200680596287775,-0.011024850216419264,0.9365678142003633,-0.5981076457096403,-0.42580113495144384,0.8969959943976352
AFG,Badakhshan,2021,False,-0.8290150261714002,-0.4119477169881306,-0.570954680992755,-1.2514553992742252,0.8483275094711652,-0.022498886297927217,0.8507552871906761,0.44046702858481984,-0.6095060434493189
AFG,Badakhshan,2022,False,-0.21748408674637476,-0.08450120431383493,1.5887308240274534,1.1092141354845673,-0.7161449407598013,-1.3686407752822989,-1.1061520856950788,0.2824469221495708,-0.7322276753047863
AFG,Badakhshan,2023,False,-0.17606720909586354,-0.12035996292379562,0.6079742455351046,0.7292505085435318,-1.5652509094334033,-2.939098799898492,-1.196964758701514,0.9863804790844576,-1.2873806840326083
AFG,Badakhshan,2024,False,0.23625168176225989,0.07344523697442923,-1.5098937483263926,-1.0421475917605156,1.159644129140756,1.3052682358220091,1.249414699755247,-0.30654528412147736,0.3196231916012821
AFG,Badghis,2002,True,0.35961992255395175,0.3437725975892903,0.587950385377181,0.5401162762453751,0.5045594837561722,0.7672795537480268,0.17359771929549275,-0.36953598857871206,0.33062198015409544
AFG,Badghis,2003,True,0.5072283945114593,0.38035535973230467,-1.834257056966175,0.599400176794012,0.7898779787318612,0.5036726751341761,0.8372722034708766,-0.4015719144656776,1.270048844460405
AFG,Badghis,2004,True,-1.4951533055410449,-0.8693988550167893,0.3389194576011194,-0.27209221558048247,-0.8557755361830638,-0.6681447923016627,-1.091236752302241,0.308137208775351,-0.8322465086509301
AFG,Badghis,2005,True,0.6513307112639581,0.47843390854828827,-0.8515534562559552,-0.09345041828140234,-0.06679123820811877,-0.6778388549316279,-0.08402251916793231,-0.46564376623960874,0.3660503316058157
AFG,Badghis,2006,True,-0.45404188273688256,-0.012399861882199286,1.0361180897538815,-0.825400376687227,-1.1935777072191964,-0.817142740743043,-0.9335848668167116,1.1866582612552172,-1.2185050696046453
AFG,Badghis,2007,True,0.9669921702505545,0.6864477158753921,-0.13691030799778575,0.6177353955429884,0.5566896284398428,0.08626403869926047,0.7858565861515998,-0.21618084747061506,-0.21436071131073864
AFG,Badghis,2008,True,-1.6660225505344777,-0.9914334950762016,1.9852328706338083,-2.1455863885051074,-1.1351658477552329,-1.7477842790695886,-1.9217943973367622,2.6859516448417633,-2.251938570434453
AFG,Badghis,2009,True,1.1638258398872179,0.9363495231233012,-0.39623458378635573,1.1121392796436311,2.274383876880071,1.55030706883751,1.606752302695321,-0.5937874697874785,1.729210511289478
AFG,Badghis,2010,True,-0.37529710702025976,0.05392840823714773,1.2298775716740342,0.93364933176157,-0.3296535486665124,0.3041215278993062,0.1197498734327503,-0.6211833462160921,0.4035250860294651
AFG,Badghis,2011,True,-1.0439490345350477,-0.556960263427587,-0.1092529576899887,-1.3916679946510202,-0.588880082059137,-0.36077591002253645,0.06791700013289396,0.118023234295889,-0.7280078572677323
AFG,Badghis,2012,True,1.0981846306606298,0.5217647454875762,-1.0396833954415823,-0.308489802812503,-0.24596252844899658,0.19687185257603926,-0.26338360020038437,-0.6454833454898626,0.017266525075749346
AFG,Badghis,2013,True,1.0091030904177742,0.5270535144015753,-0.723643564394251,0.8437195063123477,-1.0547193615964092,-0.0536762386546621,-0.6828105651615729,-0.7186168522936607,0.8272584014068288
AFG,Badghis,2014,True,-0.07516788393728248,-0.5058682537181679,-0.8503260489164945,-0.761144404991027,0.7930138644922748,0.31484550750167467,0.4319921826053209,-0.3874031920124933,-0.23955704790274746
AFG,Badghis,2015,True,0.410688981738756,-0.5832616597357091,-0.33957941388518204,0.902541077243672,0.13370779786296508,0.06417063192745881,0.9633677819174651,-0.7700942841092078,0.4409998404531137
AFG,Badghis,2016,True,1.0880829531569833,0.27213729949642884,0.7306919488997609,1.4872957633734607,-0.034480010364421894,0.6539310575361844,-0.28680870964776906,-0.8173760867879015,1.0568392348213769
AFG,Badghis,2017,True,-0.6377171661547839,-0.03150607037503308,0.11859684231395752,-0.6550150922605467,-0.5943414173060768,0.12509133226652897,0.3888929458788183,-0.3787784247563005,-0.3335636844262573
AFG,Badghis,2018,True,-0.8986412112959198,-3.2551353921343598,0.272218476827078,-1.8672224728786921,0.2883813220310836,0.019819986667233152,0.21154013884094622,2.0199087013248715,-1.465096627723454
AFG,Badghis,2019,True,-0.2634368644072875,0.7677012629874639,-0.6363250525189713,1.113975035380349,1.5005001159930698,1.5810745005663576,1.653263271517829,-0.9141467286571417,1.6100075381739591
AFG,Badghis,2020,True,0.17786173319825227,1.282971802074409,-0.5944133316994966,0.7706447002161037,1.1675836018601249,1.353456263464748,1.0083815126822602,-0.9302739135440431,0.8667795588024174
AFG,Badghis,2021,True,-2.2527568008977266,-1.3853545204021451,1.1673543154626003,-0.5327967886284286,-0.40856756027911595,-0.9471584384787647,-0.7180709643906368,1.627500622537779,-0.9766458183584694
AFG,Badghis,2022,True,-0.3269918385941621,-0.028496761033220765,0.8414142836245345,-0.12499321211175515,-1.0196008605908184,-1.493983428479999,-1.4042824575057962,0.9163603152105722,-0.6843938939282636
AFG,Badghis,2023,True,0.6690288842929215,0.6702301442136143,1.1058790235776157,0.7665664397350695,-1.7470747611938977,-2.04481118132684,-1.8005297831355742,-0.2405561722226009,-0.1979894875352186
AFG,Badghis,2024,True,1.3872283337224158,1.298668851034621,-1.9020740961933331,-0.7099238148603871,1.2658927898235326,1.2904098671842201,0.9379410970438067,-0.39190765561004814,0.2236974248702055
AFG,Baghlan,2002,False,-0.3991659743031426,-1.616022361395703,0.14863308162934735,0.6044885466185745,0.9555661960438501,0.6075114164908006,0.7195818397725269,-0.6024111483718417,0.25760877548747846
AFG,Baghlan,2003,False,2.493392904783059,2.2279875925270245,-1.9458559430812323,-0.3741478867252909,1.1487695883308857,0.23659734594141446,1.0699861178571168,-0.5980156737926992,0.8298796862345225
AFG,Baghlan,2004,False,-0.6395508916003011,-1.110390009522972,0.32612427159340707,1.1833380652650665,-1.222775463469685,-0.6898713854200923,-1.6542749122860756,-0.554025062841533,0.4175805589167035
AFG,Baghlan,2005,False,0.8109328432805232,0.9145833649346624,-0.8630312086768642,-0.0947980507560558,-0.05103384690135861,0.033150651953452286,-0.10196426629667815,-0.6031563466912373,0.49756645063131755
AFG,Baghlan,2006,False,-0.5720350168717355,-0.29644602196718584,1.4234941393682157,0.4981150957618658,-1.1164644674121966,-0.5048010648345075,-0.41038441910854906,0.04429347230021318,-0.8289762834610098
AFG,Baghlan,2007,False,0.48402053175853704,0.9597246358020458,0.5943307100167484,-0.20339308458937855,1.198111159624089,-0.4733781148052174,1.39065911570707,1.3377306087685659,-1.3819282733595222
AFG,Baghlan,2008,False,-2.865460047785984,-2.3331402015827565,1.9651187029468438,-2.3404880473391936,-1.4455195761477706,-1.5252807654886968,-2.1022682414930682,2.827676940564739,-2.567818144871155
AFG,Baghlan,2009,False,-0.17795238535370317,0.6005876279499739,-0.579966432636007,0.4037242095501028,0.3389225120384037,1.088447431395441,0.6449134443412714,-0.598772827165342,1.3801214678125469
AFG,Baghlan,2010,False,-0.3717828750312237,-0.4210787814128356,0.7711250255215985,1.4732008349314272,-0.3124646763422183,0.7174375549118793,-0.1498521288671259,-0.597676947283868,1.038148771785076
AFG,Baghlan,2011,False,-1.1389476514881356,-1.0880034091839783,0.46376825583525794,-1.6197958365138365,-1.3340573001463962,-0.8925586138394133,-0.9956805670261617,2.224939020737356,-1.6949225881141932
AFG,Baghlan,2012,False,0.5992356415381591,0.7770152177076524,-1.2968897564492172,-1.00347072869804,0.41984324254009864,0.18207120196576174,-0.04818118811877183,-0.40337545178999146,0.2838769484397914
AFG,Baghlan,2013,False,0.9923719041251106,1.2981936195937993,-0.48992769736557035,0.49036937294920613,-0.2612151781702916,0.31809028063338746,0.23799735316123696,-0.5943893076394464,0.7154949966061411
AFG,Baghlan,2014,False,0.8411924579741377,0.8482400942127457,-0.9933407439411881,-0.6734816875511794,1.2293350460651438,0.783059034299678,0.7758590821312822,-0.5903604546933785,0.5845015944497106
AFG,Baghlan,2015,False,0.5645144039078144,0.11110147098994376,-1.097469677923659,-0.17265558880490156,-0.6448743798625436,0.1486786447620048,-0.02072205960869335,-0.57863254745275,0.3831817610029362
AFG,Baghlan,2016,False,-0.4044802785161835,-0.34836276656839105,0.6915919072776942,1.3582968070478645,0.9105625262629716,0.10103774761126184,0.42023369898836216,-0.5870688300312076,0.4631676527175503
AFG,Baghlan,2017,False,0.2360099353353208,0.22507655100885487,0.1663611606463921,-0.16349712840669156,-0.8923295704636175,-0.4728651459768259,-0.2492576455411352,-0.4158605124032625,-0.2304371997616564
AFG,Baghlan,2018,False,0.024266408393274146,-0.6213300788902142,0.5403024783470574,-1.0264611307455018,0.6409949343819186,0.36426175900219154,0.6460441380833797,0.17073011549785558,-0.5724098957891247
AFG,Baghlan,2019,False,-0.8164593900799555,0.49665893365942404,0.29819679308651653,1.8892654203926698,0.8909459687293091,1.2584890007510239,1.1589417997442237,-0.5804815956891176,1.1250839156034722
AFG,Baghlan,2020,False,-0.42230482864701957,0.12616687502882062,-0.45036235550367343,-0.24488136945296857,0.3677526868945728,1.3847119226490077,0.029657724592532214,-0.5504226067947746,0.7127847882856532
AFG,Baghlan,2021,False,-0.49154061263614557,0.13212829951406355,0.06993936673721292,0.49249224936961405,1.3805009808484723,0.46356042063435493,0.9474271687953281,-0.41477658757503577,0.30048566096783813
AFG,Baghlan,2022,False,0.6560995487604475,-0.1676960127427014,1.1676020774887337,0.060308334911698985,-1.0500158466688898,-1.8360947652941138,-1.2121920480270256,1.2793779938435181,-1.1667099357051838
AFG,Baghlan,2023,False,0.1725421494153518,-0.2194804853446056,0.7633787598699772,0.31712977035346307,-1.7368763551786905,-2.4816125946799144,-1.9640648146768869,0.8581257524234078,-0.8757447501195283
AFG,Baghlan,2024,False,0.4251012230417952,-0.4955141543176674,-1.6731229147875903,-0.8536581675685149,0.5863218190039431,1.1893580373371213,0.867540807875842,-0.47344800392016945,0.32946404224063586
AFG,Balkh,2002,True,0.4844489416465658,-1.4735042577261668,0.213769232861506,0.8273577582681798,0.3724661090949318,0.2518672315025996,-0.003638623175639838,-0.6354162533070469,0.356065624312551
AFG,Balkh,2003,True,0.5772532782320309,0.44104810456912086,-2.095135386210703,0.2156555772266103,0.6954036359684703,0.8711264182920958,0.8061945096415003,-0.8043718339095293,1.2993864015197032
AFG,Balkh,2004,True,0.3128020784936017,-1.0053116345371946,0.07610483304987735,0.2908246599743992,-1.413930402133608,-1.4930412899017382,-1.620000824554193,0.663458638871269,-0.8623200664630588
AFG,Balkh,2005,True,0.32101843708830297,0.45708504247564263,-0.36673272632883086,0.22381663926590556,-0.07055049055081344,-0.4152925183009509,-0.1408997958441177,-0.6909851934436854,0.3915034352630854
AFG,Balkh,2006,True,-1.2583776833431815,-0.23599860274524478,1.2162965983524725,0.1304088431952834,-0.843726130475259,-0.1616337830862486,-0.2995113957211509,0.2936870432581979,-0.6834434969032088
AFG,Balkh,2007,True,0.23298643463731553,0.6726512057438911,0.4520151288597087,0.03461552525458943,0.5035561421011954,0.5948542538141628,0.7080219931785172,0.8410660648422768,-0.8268822555125245
AFG,Balkh,2008,True,-2.9682245192978285,-1.226296781542624,2.3086460537123417,-2.637700447155057,-1.6331694683602735,-1.5926715226025896,-2.449759795892641,2.4881552455016283,-2.522834636716802
AFG,Balkh,2009,True,0.08573425640540656,0.7908183885332543,-0.8655426109453059,0.8342927437837295,1.9088156361350592,1.582298061443412,1.543333981963595,-0.8083746270522643,1.603139066810016
AFG,Balkh,2010,True,0.6235621342459153,0.6214337646139549,0.6938367736736096,1.4045371319670998,-0.12254622749741048,0.5180267295446719,0.6175594318532486,-0.851989158005293,0.993946221422209
AFG,Balkh,2011,True,-1.038255794730473,0.003435260693984606,0.7262762207780803,-2.238527206770457,-1.1839212328579678,-1.394324410929648,-0.8344607274429886,2.1678996195130633,-1.63351433333904
AFG,Balkh,2012,True,1.0598392344058358,1.1896253330374649,-1.0085206789814156,-0.7058042614087585,-0.027254285741378368,0.4085588846463682,0.021932248292140112,-0.5771996575159856,0.551817341944079
AFG,Balkh,2013,True,1.3738033257497262,1.4613607329917024,-0.814003202275056,0.9288599852006778,0.5389554248719574,0.27014569552543094,0.48937145934313947,-0.7174458356847933,0.7188813078537521
AFG,Balkh,2014,True,0.8446483703970916,1.3966553434660187,-0.9834561334096208,-0.8767163744161905,0.7460478635296606,0.0904443620844516,0.40167408175658964,-0.305911303664927,0.10968846246594897
AFG,Balkh,2015,True,1.0909112210044483,1.1034529854117132,-0.8432901244613265,0.31424080435987906,0.07653494128313001,0.3741776316302069,0.7487740064964798,-0.7973224896505153,0.5096294717648655
AFG,Balkh,2016,True,-1.3032762326993226,0.25735688855820077,0.6328805260848689,0.8964128018936083,0.9039777022609571,0.1407796510125398,0.2324873056392137,-0.6385707449125163,0.3661907131555465
AFG,Balkh,2017,True,0.44587027118858197,-2.370460212819179,0.14013942345524003,0.11708795078165582,-0.7008761168714065,0.5513002453024487,0.5043751764346603,-0.7812677257281051,0.3780033168057235
AFG,Balkh,2018,True,0.06037560076979817,-1.568784885751956,0.28388546920198254,-1.3497443032850076,0.2606477654272758,-1.0226756180129188,0.2335424167040135,1.1424120393532347,-1.0074463398795588
AFG,Balkh,2019,True,-1.2215914310784368,-0.36889398441034754,0.1086827819972094,1.1922134279084273,1.3291863934368868,1.9894392596522952,1.4392535985366675,-0.78166835100548,1.0226339731440641
AFG,Balkh,2020,True,0.12201155944198636,-0.34253307522759974,-0.4929782280757259,0.3906237060091374,1.6089477980343436,1.077893619209881,0.9095958658670474,-0.7216489414662198,0.7239438522752498
AFG,Balkh,2021,True,0.0956117230725674,-0.2586620285988344,0.6672812964994501,-0.026101820851891333,0.21489651796370532,-0.7074312179467689,-0.06273852716128728,0.013741654592049493,-0.1957517176315487
AFG,Balkh,2022,True,0.701696348225612,0.07890915290989103,0.6090264780435556,0.06767433248245851,-0.7875928606078056,-1.2144045163609005,-1.1418024062631742,0.8527661911426038,-0.8049445630193515
AFG,Balkh,2023,True,-0.6945692860810829,-0.06491037144335032,0.994370764702878,0.10880996988388883,-1.7385010316861074,-1.3676527600082284,-1.7263768767334902,1.0307742423909942,-0.8707576404989225
AFG,Balkh,2024,True,0.05172173222553834,0.441523631797658,-1.6535524905847965,-0.142837443568167,-0.6373676833255434,0.6482155934894273,-0.3769271029181307,-0.3817886241189559,0.3830658612272213
AFG,Bamyan,2002,False,-0.5147748765256491,1.3980872158055024,0.8079620548666676,0.7171723108830916,0.5333254558844995,0.5293606182597919,-0.20060880520105615,-0.3453620469105868,-0.5050927498222237
AFG,Bamyan,2003,False,0.8016476717419707,-0.05554316618388739,-0.958705042983546,-0.5010829082842606,0.6721816358470835,-0.3314712307999264,0.5931637691553786,0.8392566442767265,-0.766160461690351
AFG,Bamyan,2004,False,0.5229695504987109,-0.43924326360824373,1.4242791188517196,1.463810511837253,-1.7428459553460314,-1.2684307901312382,-2.2145381691597406,0.8001739830038376,-0.6976641098447012
AFG,Bamyan,2005,False,1.0196959171681856,-0.5717448133186167,-1.31124654886068,-0.8906746953605028,0.4872867097013129,0.4349637537218658,0.32297047489650865,-1.1357030103799641,1.2383619363790708
AFG,Bamyan,2006,False,-0.03470470755005794,-0.12601318726542415,0.5199303131520402,0.24056815939421433,-1.1257289875289065,-0.637548099848293,-0.2757709281956835,1.5690984647803747,-1.219799533580975
AFG,Bamyan,2007,False,0.27171245312285464,-0.3659787829426041,-0.08018277456817412,-0.4384203747442821,0.6507428463132848,-0.7639365668526615,1.3283926506203658,2.251759211109133,-1.4808672454491016
AFG,Bamyan,2008,False,0.4640015732699112,-0.6209648939428702,0.9218627843006175,0.6105392350607436,-0.9543502410221647,-0.46753332647076107,-1.3747851717849293,0.5505489878416486,-0.7532427661758792
AFG,Bamyan,2009,False,0.7703645683993036,0.28418211827908874,-0.7846168377967508,-1.7032960822017067,0.6219599009863096,0.8643649097116951,0.8873274389169575,-1.0401961460784055,1.5123473437616797
AFG,Bamyan,2010,False,0.622693613604127,0.8986775142972938,1.3551318025594643,1.1960530738923019,-0.08507488320041802,0.22141496560971735,0.13298464413026845,-1.0163194300030143,1.9104077593211257
AFG,Bamyan,2011,False,-1.7803201554564916,-1.6014314862925674,0.4389900810927369,-0.14185706322978145,-0.6887500798369126,-0.36678035143550836,-0.6884958069712916,-0.3966180610225355,-0.4378990227343252
AFG,Bamyan,2012,False,-1.3896669045461385,-1.0810286210289057,-1.395055031648937,-0.2240462052132461,-0.6269504225739273,0.17384433923016762,-0.8409692592645827,-0.9376586671539852,0.7291442081572796
AFG,Bamyan,2013,False,-2.473990475584925,-1.580202085465591,-0.8788591111213178,-0.25493125223803587,0.14668963941886176,0.7016451799669391,0.6391871190639914,-0.8508225737303138,0.24836712047995163
AFG,Bamyan,2014,False,1.3403038369940392,1.9839032897822209,-1.2270370127256502,-2.067363290016212,1.3038815293633867,1.0971799924389374,1.0235516323630183,-0.8423995230040457,0.8661369118485878
AFG,Bamyan,2015,False,-1.1200443963663886,0.6459498501715053,-0.7855871904043668,-0.007565489763477512,-0.29923699981367696,0.6216813604143794,0.4927377403658814,-0.7876154762304145,0.605069199980452
AFG,Bamyan,2016,False,-0.8949192072563766,0.1817905517177891,0.4990199249855366,0.6073581984742503,1.7715415086733202,0.05599572985321204,0.983995933915267,-0.82612577952741,0.6735655518261018
AFG,Bamyan,2017,False,-0.5502334440022211,0.5254987409379808,-0.13997533733608328,-0.12440962824153846,-0.8287045132289151,-0.42217144897735437,0.48345980849149817,-0.6769026667313518,0.1927884641487737
AFG,Bamyan,2018,False,-0.5743711615435342,0.2836916693823425,0.7664626826155888,1.0928864209326772,1.1632866870122445,0.9563522300101918,0.837546555217157,-0.1356143404482764,0.15143012808983763
AFG,Bamyan,2019,False,0.6166154165225394,0.7247637801858479,-0.6231893569420965,-0.49859379574552753,1.1718464057823763,0.8366598387875885,1.1055391309037246,-0.3784564411392356,0.769199919458464
AFG,Bamyan,2020,False,1.0023013903229931,1.1451124531084256,-0.5254650598642128,-0.5360352766308533,-0.20566057085284623,1.5095011401846001,-0.5031632511056484,-0.22923332834317747,0.7278415833995182
AFG,Bamyan,2021,False,0.5734246524350415,0.9026259618894609,0.5921617577512042,0.9410594642669929,1.284817234418751,0.0854329536887311,0.44594743001854875,0.7041202114269085,-0.851482383323754
AFG,Bamyan,2022,False,0.9732785338234846,0.40112704197531107,2.0564435795183345,1.7120262783854112,-0.9994994821412599,-2.365531577788315,-1.2259433344048294,1.2614345610350008,-1.3322594710010816
AFG,Bamyan,2023,False,0.3747238556113515,-1.3911696577756474,0.5969279066015081,0.4737739359434327,-1.6440309685735566,-2.2831309659887626,-2.024254711954597,1.6619228252482858,-1.703181870773814
AFG,Bamyan,2024,False,-0.020707704682729623,-1.5420902297084105,-1.2692527020436022,-1.6669715274009438,-0.6067264492828158,0.8181373464150029,0.07172510998379189,-0.03928739801919872,0.12298948754536364
AFG,Daykundi,2006,False,-0.28834106869966825,-0.17472196351836267,0.9152923627907412,0.9810472465776655,-1.1833430650577443,-0.2578662195051991,-0.5809289473571475,1.1364804911274218,-1.0633609082651
AFG,Daykundi,2007,False,0.13871287895000514,0.10542775311641837,-0.2667969836052203,-0.2547365543742275,1.2137421716752697,-0.2416569679039478,1.1123202345075776,2.046676651656464,-1.5753817358360533
AFG,Daykundi,2008,False,-0.27846332680605657,-1.015306966955726,0.9662723114374542,-0.141233705047934,-1.3676151779770471,-1.0186315099060843,-2.5070048379921794,0.833290672744241,-1.3430934544699142
AFG,Daykundi,2009,False,1.186006286581486,0.4468650899949905,-0.7410082728134747,-0.7814954589584566,0.5948385520425356,0.8686411356234234,0.6605619570760983,-0.9511353881447077,1.701029238436346
AFG,Daykundi,2010,False,1.0694995705773132,0.9358560296638798,0.9372006956702895,1.373797265938239,-0.20503760057326917,-0.5025927179457259,-0.004538059203519318,-0.6347350421824405,0.8582043624489077
AFG,Daykundi,2011,False,-0.9324871214385095,-1.0524122417896553,-0.039462209693022575,-0.8807690114904179,-0.4686648943509956,-0.6751145865638369,-0.4175367509125794,-0.6605293919611084,-0.15002253774677718
AFG,Daykundi,2012,False,-0.27089660960952244,-0.5010759797381911,-1.6544774798125175,-1.2865475601647232,-0.7068294004597531,0.024768230932186466,-0.4613271834667833,-0.45833706239418626,0.49577080413996893
AFG,Daykundi,2013,False,-1.3629189725870916,-1.2277853443956315,-0.3154575848103099,0.7381566474832973,-0.018237703955880948,0.7955941102016516,0.32664906016737455,-0.7812439961787943,0.39725503708962234
AFG,Daykundi,2014,False,1.422907923475708,1.4964962444684884,-1.1834475484095772,-1.9798068242410123,2.2269634921407113,1.2696665987211226,1.5922762613304315,-0.8297940785475169,0.9603473668722425
AFG,Daykundi,2015,False,-0.8330975721686792,0.1821177717606109,-0.37278269390001645,0.8422555063724289,-0.6762281904694398,0.187387187934587,-0.07731617236217113,-0.7418097653759399,0.6964295756136532
AFG,Daykundi,2016,False,0.5700309751740691,-0.11070470081932512,0.2642408995647651,1.170845325284769,1.7753108542835152,0.4344692435087599,1.1609208627167253,-0.8131155803347125,0.9287178569797923
AFG,Daykundi,2017,False,0.5027249960757383,1.426819220231701,0.23186271634077898,-0.03632422703469126,-0.3991094897677758,-0.36655205472613017,0.506441523082006,-0.7023755345730807,0.16859399309647155
AFG,Daykundi,2018,False,-2.481129295913514,-0.9614501732998704,1.0120667733619837,0.6561850627397515,0.5103155655679488,0.14160662523848871,0.43218651804642017,0.20824997940105708,-0.17802481026623926
AFG,Daykundi,2019,False,-0.6770010382683496,0.6629795626767734,-1.139912023496862,-1.1297988880907313,0.37774298695453445,1.1630250168282164,0.6309946993804944,-0.48003673615963616,0.3850675195163854
AFG,Daykundi,2020,False,1.297385694894927,1.62872659332218,-0.6183304379046634,-0.0618476112263549,0.44117861191641666,1.5439034977287216,0.07405788998426478,-0.6200391023336539,0.8654588371948843
AFG,Daykundi,2021,False,0.7465802928744101,1.1583325629734127,1.3262265665884816,1.2799554679859704,0.17814644172360786,-1.269383199738552,-0.20981573304234447,0.6555368399714736,-0.8870771719378888
AFG,Daykundi,2022,False,0.5091785885426111,-0.5605432003829465,1.7769536884577526,0.590338936232935,-1.2138139146437759,-2.429857325671706,-1.4406065264070516,2.2282253662825413,-1.8953040721335737
AFG,Daykundi,2023,False,-0.09683789861942897,-1.1285498257282698,0.45146314808878363,0.23353108152688118,-1.1428754816291842,-0.6832735967642638,-1.407816290521888,0.854690552349778,-0.8360056697262218
AFG,Daykundi,2024,False,-0.22185430303544773,-1.3110704315804769,-1.5499039278553657,-1.3135526995133888,0.06351624258032637,1.0158665320082887,0.6104814949742711,-0.28999887534720026,0.47139576899349417
AFG,Farah,2002,False,-2.8035616265336127,1.6280935128462255,0.6650272241561838,-0.6357869906470246,-0.21051476183963239,0.0545967526165617,-0.04302365180846112,1.8049061993448903,-1.115968149261543
AFG,Farah,2003,False,0.9936905844334137,0.8997203965059987,-0.8474679172585937,0.22392162544226674,1.0383975220309585,0.631474634644221,0.8580886487304605,-0.9519423256792703,0.28604084002902663
AFG,Farah,2004,False,-0.9726615196493014,-0.44856909541860934,1.288591950683171,-0.2731997718834949,-1.4852163689149809,-1.77774365610384,-2.7252532586511156,0.02170500598943135,-0.12223603497368352
AFG,Farah,2005,False,0.17647474412299405,0.3249958544840387,-1.5805396167844126,-1.2989048265982748,1.3736467079392685,0.4733660765725453,1.3136984731120827,-1.1912498909666378,1.365977043092757
AFG,Farah,2006,False,0.150242552174119,0.16360197150772376,0.9660705643489148,0.29283449443256415,-1.1335064607835716,-0.5617763864294597,-0.7839576101059244,2.2739089873513203,-1.1974020513067334
AFG,Farah,2007,False,0.5280809343475801,0.18504384012287048,-0.185972058039886,0.5487425666857514,0.45862340138420865,0.5104561680822893,0.7107506247449163,-0.09019466737482344,-0.22641350589551973
AFG,Farah,2008,False,0.06396163315178312,-1.2136901094364565,0.9557538952740714,-0.8945280864744066,-0.9398758057278048,-1.1189211723072001,-1.6172989573730514,1.4116268002119123,-1.2381190023293285
AFG,Farah,2009,False,1.8133401156462172,1.0334377260789271,-0.5608852291145199,0.5908404431964801,1.4015113161999606,1.3488349397206885,0.7165321454985195,-0.7663583494764391,0.5087063420647264
AFG,Farah,2010,False,0.32686278523965345,-0.26431735970583664,0.9754811027593902,1.6892809162699998,-0.8627246003067223,-0.676867276411516,-0.28969018245496164,0.04129139661802329,-0.5892032431449535
AFG,Farah,2011,False,0.23590819247270678,-1.0617915005238727,-0.09427385772079193,-1.0942961322298776,-0.8913998798358107,-0.2672704672026497,0.35363188375419913,-0.7553152437462474,0.03696894716277502
AFG,Farah,2012,False,0.15850830971051671,-0.5528245502810876,-1.19725468168746,-1.14665680969461,-0.500339542615387,0.3284372874304785,0.047200455064274664,-0.8209907905213759,0.23212069359114812
AFG,Farah,2013,False,0.5083439228507988,-0.4770467776547784,-0.1979041434024425,1.1795229105804286,-0.4476328066744399,0.25408580180107043,0.11362554950919265,-0.913752190420515,0.858292883898892
AFG,Farah,2014,False,0.10598480658968532,-1.876934527986299,-1.0367060527883984,-0.46082631233239113,1.8968775004962772,0.34641702163854443,1.0202171971340612,-0.6745184191711755,0.5362200976720383
AFG,Farah,2015,False,-0.3269958285386878,-2.193276517941179,-0.5459554248432568,0.7333134487607621,0.13038003217578448,0.7709730146452012,1.0028865575507815,-0.8380899779516334,0.9899841104280396
AFG,Farah,2016,False,0.77901959382606,-0.18528791512618936,0.15806232686145735,2.1611935572112215,0.9769646170444645,0.40925560826023666,0.6074809690365198,-0.8325684250865287,1.5299522119598978
AFG,Farah,2017,False,0.7526038121821663,1.3618291780968252,0.45478575199688753,0.25543371896337547,-0.7930144348255493,-0.015234273136207063,0.266607930092013,-0.6916176066014241,0.7768589818537021
AFG,Farah,2018,False,-0.6235101021204156,-0.5178423741366579,0.5466780187123047,-0.01689762412921893,0.15013289378423583,-0.2280517037939147,0.17543656549322753,1.0570720651726422,-1.3554996686664478
AFG,Farah,2019,False,0.2514359880464517,0.899810738350843,-1.2661078889121666,-0.47460330750444796,0.6206808554256918,1.5587062648193024,0.6984739171011672,-0.4066204435598914,0.8223461196069783
AFG,Farah,2020,False,0.8376519000187735,1.1877773922642203,-0.9421525756630892,1.534701611971769,1.1414813796238252,1.7311813118534403,0.5770356828847185,-0.60076032229458,1.7071305762423208
AFG,Farah,2021,False,-1.9491410535308338,-0.3152541629509215,1.1739273743692065,-0.8788152400493109,0.14720426256272573,-1.6135095376894568,-0.4445810011674016,0.8639148324363822,-1.0286566957089123
AFG,Farah,2022,False,-1.1941978395615473,0.12459969536226397,1.8344333048488548,0.17625073557646118,-1.213074325141687,-1.7827583455360985,-1.3678303589621166,0.6221812403552421,-0.9197090380564105
AFG,Farah,2023,False,-0.379111419069043,0.30809895257971287,0.8920318211175354,-0.810210726209404,-1.3461459113983008,-1.0965101309668421,-1.4670902835449326,1.186445249092603,-1.6728022681626058
AFG,Farah,2024,False,0.5670695141905218,0.9898256329622382,-1.455623888912961,-1.4013102013386178,0.4875444093964855,0.7208580674926045,0.2770587043618307,0.2509268762780948,-0.18458919009616426
AFG,Faryab,2002,True,0.15367798743820377,-0.5394599934289821,0.23326541858385094,0.773643787392351,0.360914728245654,0.5558918280168516,0.1610646984661008,-0.42948874227902906,0.6436039881791422
AFG,Faryab,2003,True,-0.06657420666354061,-0.1020657982902749,-2.0025056042155467,0.23851976589802257,1.1897353720851203,0.6155252312460725,1.1789730177172801,-0.46945316600535747,1.1726847333087267
AFG,Faryab,2004,True,-0.8096808653716825,-1.4337699788101026,0.2739877487619139,0.023638501980619276,-0.8227747076122351,-0.8186886579286627,-0.9229431542617034,0.5467311638803724,-0.8940022653552332
AFG,Faryab,2005,True,0.8553010895243676,0.7667316590293924,-0.45250606429431384,-0.004859676224244652,-0.13505082090564557,-0.5497766073224614,-0.18161256027264502,-0.5493820134580302,0.2664814444808929
AFG,Faryab,2006,True,-0.1104851828228573,0.17004445479095637,1.0872083752726716,-0.5447858384132599,-1.1611371750205515,-0.723165465281717,-0.7038444168122064,0.37348937227997514,-0.8881790496069529
AFG,Faryab,2007,True,0.7038925585181449,0.8281578324378386,0.3531441855374222,0.2877998366979151,0.4333040016620831,0.007964298149405753,0.6824487823240549,0.6211524880052474,-0.7800336142817288
AFG,Faryab,2008,True,-1.8217756168462356,-1.344521633373251,2.160274184414591,-1.9663404865976084,-1.688980887231075,-1.810887437477153,-2.667535937514182,2.6183459348297897,-2.1451617632717546
AFG,Faryab,2009,True,0.8595554849641325,1.0781297884665921,-0.5367566906877917,0.6930095221517929,2.210104495389556,1.4914887099087617,1.477365693605225,-0.7085407349989731,1.540933805390535
AFG,Faryab,2010,True,0.9217060845097241,1.3373518814409033,1.0757826400310522,1.232964748680487,-0.0798633732601058,0.6832191013250397,0.5065044164899825,-0.7208957108314213,0.5967409662048697
AFG,Faryab,2011,True,-1.7136037339387724,-1.1965249413012151,0.3144224442417944,-1.7878673499011306,-0.9724092378378522,-0.7255986880952724,-0.49580717052128803,1.1165823222271816,-1.1191666076221356
AFG,Faryab,2012,True,0.9567856998659965,1.0839879827224013,-1.0911661444311047,-0.842131234671402,-0.1104559275591139,0.41806549369257184,-0.3642888353250501,-0.5456992802772065,0.11147298718139616
AFG,Faryab,2013,True,-0.5808756720274472,-0.09076597559031961,-0.8695502472057052,0.906162644157875,-0.7327694664385199,0.035245785703697505,-0.42378488229144756,-0.8005980135572826,0.7808655022457676
AFG,Faryab,2014,True,-0.9160363302682931,-0.12972124810753846,-1.0064076794862502,-0.653167947375137,0.6376475278615004,0.3253357482626449,0.4618471335735,-0.6375106749247205,0.1874520878970699
AFG,Faryab,2015,True,1.2118993061518508,0.09432566904844959,-0.6128056191159702,0.9534627809608774,-0.10574040009761952,0.21245831634496076,0.7533920455936404,-0.8990496551666197,0.576221063091868
AFG,Faryab,2016,True,1.174354418852557,0.9153358066504886,0.620575127509144,1.864533443050835,0.3932857257740621,0.30503272225222205,-0.0040233783301829714,-0.9676719868334638,1.105301808221465
AFG,Faryab,2017,True,0.28565979831885746,1.157055206769152,-0.065507801584336,-0.3815032678223984,-0.42646577286432763,0.3590998570421182,0.6334749425462564,-0.5442170699609958,-0.11951457083378639
AFG,Faryab,2018,True,-0.22470338560231992,-1.5374240941896418,0.2379961138030433,-1.7205356549866502,0.4693340448016646,-0.3801132337162215,0.4130273096413669,1.875855262327034,-1.765266259693386
AFG,Faryab,2019,True,0.34089649673879524,0.039808400954025054,-0.3944544283952922,0.5675488513047725,1.8213652820024362,2.0557297257304907,1.7246260227745647,-0.9058321832678485,1.0789586893601824
AFG,Faryab,2020,True,0.6207802306350599,0.6660201850094686,-0.6204503804458896,0.6994721856817864,0.8656531989056777,1.2368711611703984,0.592350655163535,-1.109705860946547,1.187104124685419
AFG,Faryab,2021,True,-2.510748698512403,-2.2295017301471116,0.9831324482864876,-0.44957551024891623,-0.3033754523539598,-0.9576384644023526,-0.6356631558074591,1.183502805702425,-0.8094269890111603
AFG,Faryab,2022,True,-0.1433141631234362,-0.6174665281159225,0.6529638481313792,0.39006330900758,-0.9013139344729976,-1.382857482768901,-1.1909640881935786,0.21355432063866184,-0.3505021288489565
AFG,Faryab,2023,True,0.3571509032506313,0.4534521050899852,1.3070508412747146,0.6498436393806318,-1.609862942019619,-1.8157083770034326,-1.4000803594447524,0.9477028979880106,-0.7334478882954866
AFG,Faryab,2024,True,0.45613779640866703,0.6308209489447064,-1.6476927159858636,-0.9298960501047989,0.6688557209458692,0.8625064351509385,0.40547322087898857,-0.2088714753712025,0.356879936573246
AFG,Ghazni,2002,False,-0.6927748435007628,-2.529563872275651,0.7492866974497209,0.5208111887695769,-0.6234742095337393,0.08887755132299904,-0.18147561424156666,1.3380848628228268,-0.8417827980700778
AFG,Ghazni,2003,False,0.9634735208947867,1.403243269976853,-0.2832434956378582,-0.2525323968319286,0.9858000216287385,0.37194823125250664,0.8091102199465406,-1.0884327813037469,0.8266882775041999
AFG,Ghazni,2004,False,-2.148582312804975,-1.7400443991025416,1.7234335165936951,1.0568485748236813,-1.8143154412440994,-2.335370947159582,-2.6797344317918275,1.0175668240939364,-0.7020707239950611
AFG,Ghazni,2005,False,0.03661562060561468,0.5470969095916518,-1.3757229670589877,-1.931901069024568,0.6532126242460747,0.5103552277835417,0.3696491949938457,-1.4071761460900045,0.7887764584084644
AFG,Ghazni,2006,False,-0.2638200423669147,0.268574182500522,0.7823020914430749,0.44125339037695754,-0.4788299415438012,0.1373259763731776,-0.29227114360622997,2.098686265268811,-1.3616661691884284
AFG,Ghazni,2007,False,-0.10628497116711659,0.11205424569988558,-0.528231966759669,-0.10369229513607571,1.0868906953534223,0.18857875327605853,1.2422557240071943,1.8354961572307533,-1.2918101321509199
AFG,Ghazni,2008,False,0.9837289645090995,-0.22482879208771095,0.536013939407624,1.1344371033097607,-1.2117532468516425,-0.7336559082771248,-1.653911918845986,-0.206982045706686,-0.24502268267427468
AFG,Ghazni,2009,False,0.9512740478966759,0.8465453980774966,-1.0233725132565843,-0.7264304944409201,0.993600039127461,0.8683346115418875,0.7904324028402877,-1.1317705995641028,1.7786961792415072
AFG,Ghazni,2010,False,1.1665834163413367,0.6382554596108244,0.9057003556366416,1.51529249157115,-0.33480078126330526,-0.9778613985028549,0.20458773325074545,-0.9378046999759084,0.42756107091299844
AFG,Ghazni,2011,False,-0.0972928008019618,-0.17647496178694333,-0.12110603271071635,-0.41646952864639825,-0.38006707757608726,0.33424663719804165,0.13867271405507048,-0.5674362104884536,-0.21307846473250155
AFG,Ghazni,2012,False,0.4091342268266097,-0.019163046067854884,-1.4950678341393955,-0.8819491738628172,-0.002059901056798588,0.5697233982000998,0.08488225460794942,-0.8884806890568525,0.5672731449880157
AFG,Ghazni,2013,False,1.7294092861248962,0.638846673811282,-1.0930528252418452,-0.20508216789396894,0.5864728495646971,0.9515621152590512,1.0626303196505291,-0.8442972702281911,1.3476247547085327
AFG,Ghazni,2014,False,-0.37327873282504753,0.8174505581006631,-0.9960633643028284,-1.6534406575880676,1.573416816246344,1.2173427058349164,1.026194622196436,-0.7692345247974459,1.0622330054045366
AFG,Ghazni,2015,False,-1.033738005455684,0.02033729152143618,-0.01501229447595548,0.2639894538652338,-0.8573165460151191,0.07226905372141676,-0.06151172639696747,-0.1734824445936322,-0.4665259960947239
AFG,Ghazni,2016,False,-1.014681015382945,0.3403683651279969,0.26567136510272615,0.8908553558272235,1.5881271684877076,0.4558268347177493,0.8815268146595564,-0.5956833378929953,0.40263756021116953
AFG,Ghazni,2017,False,-0.4746433470862164,-0.05472109711707749,0.43234482096048,-0.049634777454352456,-0.9108831495217008,-0.7572848107520366,-0.03952627150764714,6.874231081836287e-05,-0.7708736549465873
AFG,Ghazni,2018,False,0.9173687597554236,1.3232842726364558,1.0304334201451315,1.1183145000104286,-0.1100390282222027,-0.029147056720965604,0.12254797986262056,0.3548201011029664,-0.7898295644944548
AFG,Ghazni,2019,False,0.4425341171543127,1.185869159424817,-1.028920720990464,-1.7975763922849695,1.3353784460188796,0.9913026023645197,0.995692000015719,-0.1096180320314308,0.16814593839681377
AFG,Ghazni,2020,False,-0.5043366277255026,0.5190156292137251,-0.561481292794808,-0.4842667624573921,-0.48431485455762135,1.1166029928345251,-0.6164609918190521,-0.309984682499732,1.3925572810442113
AFG,Ghazni,2021,False,-1.6848116745391593,-0.44205202098330004,1.430220648895486,0.6545747294605393,-0.01342641391275012,-0.8433211727368547,-0.23994844842534316,0.6470910124273151,-1.0243211863088098
AFG,Ghazni,2022,False,-1.0644582312304143,-1.4969692009331514,1.726811161182439,0.7721436720383811,-1.194578385537025,-2.428645678499258,-1.2900924354447958,1.602392033411714,-2.020208508295814
AFG,Ghazni,2023,False,0.7906046997144401,-1.0130532606239102,0.07331470964996592,1.1056102387029818,-1.2797671564109423,-0.7090484539395184,-1.485098355492722,0.0994147090394174,0.26994619337609604
AFG,Ghazni,2024,False,1.0679759450635051,-0.964070764315468,-1.1342574190978734,-0.9711549831344565,0.8927274725735097,0.9400387349077034,0.8118493574856431,0.03676275652062327,0.6950500167551082
AFG,Ghor,2002,False,0.816354124699631,-0.9120121974226453,0.7284931420963693,-0.05034064653557969,0.2737127924267388,0.47865846689979225,0.027270887775260468,-0.7575160132325862,0.14957801044969965
AFG,Ghor,2003,False,-0.9768526987596314,-1.0124988689417709,-0.8463846073486379,-0.3308408116282922,0.6428366968287411,0.2820532584528923,0.824571766614537,-0.6169284957909092,0.10653019528763706
AFG,Ghor,2004,False,-0.8495319867823962,-1.4878504442479312,1.666221709757519,0.9752163770489968,-1.665461149547399,-1.5336639328976387,-2.416156664193595,0.024495376088226817,-0.3166606298570857
AFG,Ghor,2005,False,0.26023651519151636,0.18111295351790657,-1.0254901845417503,-1.0641734635774895,0.6226725640527796,-0.4196655853446606,0.30856699684897654,-0.8672069811634382,0.5526347789392042
AFG,Ghor,2006,False,-0.09412944030256212,0.0141402603059577,0.5959459452121422,0.5227487431233235,-0.7838517029965268,-0.14793557002570806,0.034333140868910005,2.5259819173607023,-1.3911280861360922
AFG,Ghor,2007,False,0.6206054392499707,0.5725455252377895,-0.43596663955120263,-0.7702954784602174,0.9632129684483931,0.07138663795423658,1.059389899866948,2.8393107283706254,-1.966376115273874
AFG,Ghor,2008,False,-0.5801007660105414,-0.7022198524540569,0.7605007119409656,0.1425140185326898,-1.2690723741992103,-1.017818816398392,-2.1061069506172463,0.30335316975827276,-0.7169376964949373
AFG,Ghor,2009,False,1.738421678516783,1.6258350501644057,-0.6672947070926549,-0.5022673416075065,1.3562230470210785,1.3537797365502622,1.0499100852961047,-0.7478608415104435,1.8249869562249974
AFG,Ghor,2010,False,0.9788540155414778,1.24882512879309,0.9671970452483384,1.7697675102329498,-0.7817441406459125,-0.20360780187143815,-0.09567036197009243,-0.7138664198811147,1.3257675290837458
AFG,Ghor,2011,False,-0.3594415780361233,0.03193887382800973,-0.04529736667981261,-0.7809359957118307,-0.39191625100426286,-0.5150677828957158,-0.014872992996791899,-0.6220395739280565,-0.23785232600890424
AFG,Ghor,2012,False,0.7334179398188507,1.0796443089270156,-1.7193317433684658,-0.6702051239493058,-0.5953089313496546,0.4394610937542955,-0.18398875044204652,-0.6583512367707018,0.8595288887769734
AFG,Ghor,2013,False,-2.113312492070057,-0.5115971606125297,-0.36156961155996786,0.5141194459501541,-0.5894836804731316,0.5316603378934216,-0.17095133223996167,0.12481877315676954,-0.7040909663156896
AFG,Ghor,2014,False,0.8673562301914826,2.0449638844462235,-1.0844440414139493,-1.88515161555113,1.594346977463485,0.9277227714675986,1.060219345453793,-0.5986781669442044,0.621376054459776
AFG,Ghor,2015,False,0.31085076803515616,1.8283613540311068,-0.4424274972591677,0.7903975343766633,-0.2718987585299874,0.2101363146097551,0.7401251425639275,-0.5601478688973288,0.42627103530465454
AFG,Ghor,2016,False,-1.0496672248292136,-0.48012917474071465,0.44905059493610666,1.7778232600481387,1.6457412995819984,0.5329639420842368,0.8822414023492033,-0.539005097117707,0.3832232201425784
AFG,Ghor,2017,False,-0.871887979834912,-1.2461335002938263,0.172546248723916,-0.1605505068636179,-0.863453727446931,-0.33614573696641614,0.2851816212119747,-0.21244664655661458,-0.5721678189778358
AFG,Ghor,2018,False,-0.02135384940780589,-0.0717112297315606,0.7524246398060128,1.0677738047627725,0.7443362631483083,0.31513250903560514,0.4914508381912891,-0.3466576420779681,0.7532992017976297
AFG,Ghor,2019,False,1.1725476049647763,0.39723953120414257,-1.1903241967129197,-1.2902474988695276,0.9496392725217108,1.353530892949889,0.8695675348831573,-0.3965769341732536,0.786279988632083
AFG,Ghor,2020,False,-1.1830261039554633,-0.5759388170209594,-0.6463074524839418,0.28475811111358346,0.9736478106713515,1.564209215823271,0.58142098939113,-0.40227143119744996,1.1994037854491961
AFG,Ghor,2021,False,-1.1624638350154428,-0.6234423561276861,1.2866457478604245,0.4449886923188979,-0.18858900878675677,-1.3752640859461074,-0.6654129204343391,0.8284383852612892,-1.1245020896087465
AFG,Ghor,2022,False,-0.481182984771888,-1.0825661111834308,1.7841415078075922,0.6794688376883895,-1.2580984049907027,-2.2591772690178438,-1.5567003205096994,1.1863699810437551,-1.5476929147534693
AFG,Ghor,2023,False,0.8403742512983234,-0.2817583213705625,0.7104178785565117,0.3228857858595443,-1.3239050273960307,-1.304699438933423,-1.3432171163760327,0.48517443332905286,-1.0585405159398265
AFG,Ghor,2024,False,1.4039323722680686,-0.03674883630797305,-1.4087471239334282,-1.7874536383016069,0.2164134652019209,1.052350842822087,0.3388277584645938,-0.27838941512691723,0.6470695148182859
AFG,Hilmand,2002,False,0.4173421197810049,0.33945757086236944,0.7313077975269855,-1.210447424582705,0.03292255779731234,-0.48256838497444865,0.513466674130223,2.559111853585346,-1.5786880782252732
AFG,Hilmand,2003,False,0.8958967989637358,1.2031948181419552,-0.7864967324403468,-0.37391848420091095,0.8769977342266432,0.21919070492063364,0.6684532491478224,-0.25243661736153383,-0.1872621405761271
AFG,Hilmand,2004,False,-2.9083962406981594,-1.5616326205328488,1.27594474450794,-0.3865268740190739,-1.3429728416066324,-1.3910871213322056,-2.599888866203707,0.8901356206797936,-0.7139463877754247
AFG,Hilmand,2005,False,0.1727757248975904,0.6870586488545706,-1.9004675389021402,-0.7911356257742739,1.5603328844823356,1.6895721963928383,1.2035694327823412,-1.2685887059378032,0.9843771794494717
AFG,Hilmand,2006,False,-0.31454702466028117,0.16703611499987864,1.0519426869089163,0.6306388348890198,-0.8711042918734939,-0.4031472881795294,-0.5656664526955699,1.0595252510294175,-0.9233464008406777
AFG,Hilmand,2007,False,0.7090674785235491,0.376770576548574,-0.322123986164629,1.202488816031198,0.8968845727717193,1.029926698403065,0.9126993280222306,-0.559128037538529,0.3146307220205927
AFG,Hilmand,2008,False,1.5154542503735382,0.4836363627763083,0.7060404967060759,-0.7360771753320352,-1.0077889211186604,-0.7819092008038151,-1.7603415148995112,0.8375472153793841,-0.9025731917241449
AFG,Hilmand,2009,False,0.5666531219234124,-0.22267105871824008,-0.44475989071612604,1.039520905192098,0.5191445100274711,0.14754768555871353,0.08564242939789639,-1.0805554460254612,1.4095456346522546
AFG,Hilmand,2010,False,-0.617242558246021,-1.2766846719560119,1.0809461761644952,1.5403306600997027,-0.5271039774225238,-0.7092922628770707,-0.1563154825149955,-0.4155498066831079,-0.11455590866823424
AFG,Hilmand,2011,False,-0.2809209078633061,-0.48627370724976726,0.020185659415551685,-0.7249022995443946,-0.626731805154806,-0.04473438706016873,1.08328322462158,-0.8915565798011154,0.3561771402536865
AFG,Hilmand,2012,False,-0.42257376612731384,-0.12671673079588067,-0.9542832527696016,-1.7842224991733502,-0.7036526613852743,-0.0025243965943580575,-0.2130368323318143,-0.6126077717423305,-0.09378269955167372
AFG,Hilmand,2013,False,0.24488845480741517,0.134777221495792,-0.25898109722944074,1.0095532282695723,-0.09168966990264003,0.32021900169578355,0.5356346035922965,-0.8921136603657476,1.144194423309597
AFG,Hilmand,2014,False,-1.973249086882467,-1.0839843644288987,-1.3327790613156831,-0.18751810256215729,1.3897346772978019,0.4475221346626813,0.562462836407208,-0.8578717749935963,1.077856620473926
AFG,Hilmand,2015,False,0.6875205836987626,0.08848141139400438,-0.38316519865222287,0.623625272212268,-0.6053227115369817,-0.3027402491881045,-0.05496438076977877,-0.6704327343501988,0.6278967806685656
AFG,Hilmand,2016,False,1.2809581551650726,1.3692741991951312,0.17410298320422285,1.9056807283698907,1.3116568683534344,0.2688969861489123,0.7124112456379679,-0.7370967085833868,1.0219054221965214
AFG,Hilmand,2017,False,0.4236559266573095,1.2480096227846917,0.5627806741801498,0.4004404383045269,-0.9966996426412708,-0.09264772833899693,0.08505464338942242,-0.6632278257144016,0.725394397179064
AFG,Hilmand,2018,False,0.4619329159930308,-0.0024122202108710113,0.6777534551185265,-0.13089935415722492,-0.042134118848326275,-0.7701143809869587,-0.08139375879323626,0.9230033739924894,-1.1056047757171756
AFG,Hilmand,2019,False,1.0001821597965208,-0.7820109913930422,-1.0837698560105486,-0.701203038016333,1.0731878833562596,2.69394814694693,1.29121252511586,-0.35248828676782423,0.7461676062955972
AFG,Hilmand,2020,False,-1.0052929759131874,-1.4208792994127213,-0.7748650459297585,1.4441584361221034,-0.3812786727689472,1.1500598627616303,-0.5992542246078395,-0.4477490633183337,1.2936250626114276
AFG,Hilmand,2021,False,-0.11624505312510297,-1.1905859978583333,1.2850504255969284,-0.7317330755704802,-0.1685270741144334,-1.6132702118047826,-0.5377886020084186,0.749565624873259,-0.9209961472545001
AFG,Hilmand,2022,False,-0.23569355968659866,-1.1546206856528676,1.6878248565063108,-0.22462612609360588,-0.9440678677941123,-1.0963018702460006,-0.9774105516249166,1.3373598979589134,-1.6011292092416733
AFG,Hilmand,2023,False,-0.1787243149636925,1.709004311681608,0.5030456219612583,-0.8272029321202208,-1.3385374749292411,-0.8719583610209026,-1.3138130796835739,1.3589374851619551,-1.6674670120773174
AFG,Hilmand,2024,False,-0.3234422024148117,1.5017714894746002,-1.5152339176668639,-0.986024308343614,1.9867500427843667,0.5954124259161542,1.2059835538885129,-0.013783303477188168,0.10758096254151735
AFG,Jawzjan,2002,True,-0.7557272353941202,-2.153051178843401,0.09575191646555023,0.0010255456254578466,0.5935509185409523,-0.05954972879656459,0.2863320254866373,-0.37427474178609854,0.28005657248633903
AFG,Jawzjan,2003,True,0.29519183865457255,0.22705466375275496,-2.061498316288038,0.9024736818581846,1.2206420542040999,1.172710554924985,1.159479369331112,-0.4393833865065836,1.431434444924691
AFG,Jawzjan,2004,True,0.9100265331035933,-1.2226831499863362,0.039559193733818984,-0.5286484502551115,-1.0316016502458483,-1.2622289127210402,-1.2651591749423714,1.6120975128923405,-1.3870530545581348
AFG,Jawzjan,2005,True,0.38290991371846556,0.6301203323505601,0.01600601248135458,0.35942273489319687,-0.41410846576818616,-0.32310840276610103,-0.4977547894554531,-0.5606015707429645,0.3092083003007712
AFG,Jawzjan,2006,True,-0.7673340971750112,0.04833222171398767,1.2262008198267558,-0.4308865170808704,-0.981760190567766,-0.1464433532075774,-0.3926964068674855,-0.05876658757433569,-0.4854262644771401
AFG,Jawzjan,2007,True,0.42480414780873216,0.9468137496720621,0.6130327249557694,0.4534846603206871,0.1880193113357546,0.14381576567949644,0.5715525626388763,-0.03808376267773586,-0.3459748593912593
AFG,Jawzjan,2008,True,-2.224776141791753,-1.1385548572936375,2.392672723218428,-2.1072782984737435,-1.569980422594246,-1.4705955000953435,-2.4973046202436957,2.1711814479749876,-2.074695394032977
AFG,Jawzjan,2009,True,0.7195220604278966,1.1835262851741957,-1.091984903547772,0.9985206068810356,1.9219981108712147,1.4623664982450235,1.5053694867717706,-0.7820400270717117,1.2562164080875895
AFG,Jawzjan,2010,True,0.8519336388880089,0.9351040169659816,0.5514595414251854,1.0794208712765785,-0.07486431874598658,0.6270831378492582,0.6726853705185819,-0.8474486419656831,0.7729438332642808
AFG,Jawzjan,2011,True,-1.4216438845141857,-0.3593966016268329,0.7493739094370497,-1.9202199294786397,-1.2054611383405691,-1.2126548579031933,-0.8576698687881723,1.5555973007591974,-1.5785006812866416
AFG,Jawzjan,2012,True,0.8676346194890562,1.784972574845198,-0.746968429456928,-0.32857804048658407,0.26986156222299906,0.2792237967276131,0.03895008779061641,-0.44221917173360215,0.19560117106091474
AFG,Jawzjan,2013,True,-0.7084312521383923,0.9317026850072918,-0.8004766444241396,0.7086319184538433,-0.1389188126905152,-0.1775356900431787,-0.07514671584377627,-0.5436242074459308,0.4907335711240967
AFG,Jawzjan,2014,True,-0.6962667820356923,0.6165186948290666,-0.9240796382838452,-0.5707898960426597,0.3635252463927091,0.016909021729804703,0.3115830195559533,-0.0429891049712337,-0.07037950118786276
AFG,Jawzjan,2015,True,1.2164197343220569,0.27112810103472734,-0.9287611482960146,1.2421409178031495,0.16577350872848867,0.6905862353387878,0.7536244562504066,-1.1510940429036352,1.2366793662277904
AFG,Jawzjan,2016,True,0.019804844830176364,-0.7074405332919926,0.18517815071268162,1.3186296345006432,0.24292729922959078,-0.058334180979246045,-0.2749746355971043,-1.1082134251690483,0.9090877863817819
AFG,Jawzjan,2017,True,1.034935911158831,-0.433631568434235,-0.19254337916042394,0.004769286361313625,-0.5796258028434587,0.9856831267155736,0.706239687667722,-1.133126066642368,0.5814962065357737
AFG,Jawzjan,2018,True,0.8370537782138638,-0.9525606645833797,0.3128094848770804,-2.060904174319786,0.09464684022623322,-1.1858509661560268,0.09549958291225762,1.4960973868911775,-1.6921078105265117
AFG,Jawzjan,2019,True,0.8628853077607889,1.0586723077653302,-0.16026890232129296,0.4425050082658715,1.7053511680377023,2.382172324421484,1.643310241288541,-0.7257968051958825,0.7825585192188994
AFG,Jawzjan,2020,True,0.9404714991188361,1.0823371818336687,-0.5234123157865447,0.9363830603949347,1.7146373405509148,0.9123411638380898,1.0523243155669009,-1.1418705528953514,0.9998504217934445
AFG,Jawzjan,2021,True,-0.8852001492431032,-0.9846080563013079,0.8107963311378861,-0.24626932072500282,-0.05523354352955764,-0.9462997579871171,-0.3423080936721335,0.6303381149878039,-0.417508122893671
AFG,Jawzjan,2022,True,0.21392063431591174,-0.6953901342747453,0.2861952859501564,0.2567164427806884,-0.7009822816594536,-0.8805489911237406,-1.1094548159542674,0.7347126182870845,-0.43373771278509055
AFG,Jawzjan,2023,True,-1.978465914001538,-0.9823129184159477,1.4794155741905373,0.13269320120232783,-1.8163486681886438,-1.2230885901306177,-1.4633905932699658,0.9422768612656558,-0.8391697901197357
AFG,Jawzjan,2024,True,-0.13966900551699363,-0.08665315189300979,-1.3284579908472547,-0.6432429437555145,0.08795193483357121,0.2733473064396311,-0.021090491144950634,0.2472308522239177,0.07868658985265091
AFG,Kabul,2002,False,-1.5468044326145987,-0.6493559729593994,0.36794819231586073,0.7469655683070462,0.2958434167835947,0.8932134393883456,0.2966969528133603,-0.09964854879346323,-0.10261179188358735
AFG,Kabul,2003,False,0.1838545473403922,-0.22039746214745054,-0.4398143140743886,0.6481440872063389,0.9485799372289757,0.5612802531171768,0.8072459020263126,-1.0625883917605032,1.1363464325525665
AFG,Kabul,2004,False,-0.8005362197487141,-0.7881750175351275,1.90221380222815,-0.11373868403872724,-1.6763904529291886,-2.264820353849944,-2.101225274106248,-0.07500922785927591,-0.04972264477428804
AFG,Kabul,2005,False,-0.6650499870922811,-0.31402786651372583,-1.4683926544688057,-1.1561191439162866,0.26476529323141085,0.540471922121083,-0.08279056406851702,-1.142441160479973,0.5829787542211293
AFG,Kabul,2006,False,-1.3468703781174451,-0.47405681141710126,0.5767813128077356,1.4441153409277643,-0.9446157887874538,-0.17143704128814316,-0.6524696532924774,1.362544870565667,-0.9495227947861544
AFG,Kabul,2007,False,-0.10170725271090426,-0.1636282128483599,-0.1377271062738346,-0.10345467334549802,0.36491507529573103,-1.078903102633133,0.5776501520524178,2.4008557011828007,-1.9623756362727784
AFG,Kabul,2008,False,0.16482377611609506,-0.09212477798435913,0.6878186315181881,-1.084155013209629,-0.4576830328320381,-0.25059631429446505,-0.9726279197231029,1.6908170027398295,-1.4162823551974837
AFG,Kabul,2009,False,1.518231133513833,0.4331907122367663,-1.0392432310301063,-0.12780586979489908,0.6593106362490713,0.5914119267658176,0.8851549376994999,-0.9988924812066685,1.6414463455609258
AFG,Kabul,2010,False,0.5858490680927618,1.0291793546661943,1.1361859417823847,0.9074791414941553,-0.4735699801220247,-0.15348112824771298,-0.3206556733524218,-0.8998746738892578,0.45537726823408703
AFG,Kabul,2011,False,1.6195806868077767,0.3786175999993509,0.3049455684966663,-0.9675829385646882,-1.1004525597806039,-0.8096500908121882,-0.5204618926020179,1.175027973654373,-1.0771242807731967
AFG,Kabul,2012,False,1.1945707832199712,0.46188500671864174,-1.6255285328337332,-1.5214788765501879,-0.25517884433314775,0.7524988401477628,-0.2796586121986519,-0.8067097434358244,0.2484420615830797
AFG,Kabul,2013,False,1.3339138395991283,0.5671154953334213,-1.0216138585347307,-0.23561837770657673,0.31453519670246505,0.42926080656530496,1.2463594891257328,-0.8447431551569061,0.7079272247382671
AFG,Kabul,2014,False,0.6317239433916034,1.1845348201386914,-1.2855350561589074,-0.4456843609743603,2.2207292747248077,0.8864067383980115,1.3275072074728247,-0.8104650120814352,1.0808042699733613
AFG,Kabul,2015,False,1.6319884827220839,1.3987178414660482,-0.2766741336472794,0.07394750413100219,0.1049352547462692,0.5304241490979902,0.6666675321137697,-0.6754807246296135,0.24116766432693723
AFG,Kabul,2016,False,-1.304716945462767,0.06805686296182221,0.3749475661832886,2.146963820288843,1.4965148891423605,0.7471000042308934,0.722658913849811,-0.7316866736817661,1.1336934170826611
AFG,Kabul,2017,False,-1.11729714863994,-3.009468173067631,0.5812410867410456,-0.5918035117437532,-1.1418669659348417,-1.0864836560227897,-0.25574837714379844,0.5811051895400827,-0.9184568394452517
AFG,Kabul,2018,False,-0.1483999409585318,0.6621422632847093,0.9839973974799067,-0.04610445306128689,0.3896512003630431,0.8722169354377297,0.5051185749810964,0.6585431087768466,-0.8920122658906022
AFG,Kabul,2019,False,0.16978826455571047,0.7913966578133502,-0.8238283271887153,-1.4976664233850727,0.9452556454290367,0.6748789639266111,0.9989796573332513,-0.2972034381633111,0.3469459585455676
AFG,Kabul,2020,False,0.2534653774308635,0.9748987536911572,-0.26301901650972337,1.1189059503911065,-0.2731643965078643,0.9545767108612035,-0.3082035180820143,-0.5445996237194378,1.326079829221399
AFG,Kabul,2021,False,-0.5026910192672043,0.8155282440803352,0.7935489315334463,0.7201281713679495,0.639570824669327,0.11928281219143105,0.13484674576861286,-0.14573495043935872,-0.03320548394565475
AFG,Kabul,2022,False,-0.5564441751388783,-0.8447550061673261,1.6722485599767534,0.3971655398613014,-1.2344310175017381,-2.0983726888635874,-1.5235288516425132,1.2791208929907685,-1.6523151508730465
AFG,Kabul,2023,False,0.01536938579837654,-0.6748774520640107,0.23171058502046366,1.0412590757080493,-1.712685170865777,-1.518632290196582,-2.188104616597269,0.16057869912643483,-0.24014069059667748
AFG,Kabul,2024,False,-1.212641788837331,-1.5343968596859958,-1.2322113453636647,-1.3538618733925916,0.6254315650285851,0.879353163959185,1.0365888875723417,-0.1735156332800089,0.39256070839873936
AFG,Kandahar,2002,False,-1.3652942435268414,1.4990106562438614,0.7054564465620063,-1.5728412206307725,0.008250379860850435,-0.2384392616490656,0.3840774583503006,1.8871462423718401,-1.4227159412155241
AFG,Kandahar,2003,False,0.9984220624961527,1.1583539128899234,-0.8107388597755422,-0.9828795722565578,0.4560341912746325,0.29629726960501335,0.40845621038567825,0.26553288731605484,-0.34753695789760536
AFG,Kandahar,2004,False,-1.7934808920240402,-0.9015594247995301,1.3313845880770756,-0.2852003451087933,-1.0505983512570896,-1.3067638047884989,-2.4250040339341585,0.8004692296837068,-0.581984210629114
AFG,Kandahar,2005,False,0.1124051215216962,-0.021822844034703994,-1.7670091151170602,-0.3997383411900516,1.241813372619263,1.141429763880443,1.1132791336082402,-1.6362180267604642,1.0752508775996241
AFG,Kandahar,2006,False,-0.6339007875322878,-0.46649966162146905,0.9221588398332433,0.6674488651561309,-0.36519934135816357,-0.27147692173725213,-0.31420955973730047,1.8265079982106236,-1.1236357292059866
AFG,Kandahar,2007,False,1.1550787013461397,0.131168438798993,-0.2527866448608561,1.3199400677719555,1.062296460828604,1.2482177328529325,1.2183820437585544,0.0982716037290322,-0.19397077211580502
AFG,Kandahar,2008,False,-0.09894945074124858,-0.40402201609698135,0.6914307343895596,-0.20576490843395767,-0.738439361798668,-0.7991496730484993,-1.4677605752114546,0.29122441964206086,-0.5739320510750251
AFG,Kandahar,2009,False,0.7745367978844498,-0.3272676934830125,-0.6552433151419514,1.2954607770879871,0.6177167153678343,0.21482037847920388,0.29287625361730485,-1.332363436143832,2.1019012207477172
AFG,Kandahar,2010,False,0.8629484131828924,1.0573027634152932,1.1078853437314937,1.243285589770364,-0.7307392871628052,-0.940485821084763,-0.5480055393435943,-0.2911651065766109,0.048528640169818
AFG,Kandahar,2011,False,0.044905066662728726,-1.2024725618269407,0.06971938004540817,-0.33861261251400954,-0.5998965726285161,0.1290599286013611,0.8503815514900389,-0.9776549158535089,0.32338047923529917
AFG,Kandahar,2012,False,0.5756985821439973,-1.0172562611662097,-0.9476243112118043,-1.3208940759908374,-0.48995690966889915,-0.26638397534708486,-0.09171708002832203,-0.8557841262243508,0.0889332265037905
AFG,Kandahar,2013,False,1.6183133024321623,-0.3762268324127148,-0.46267415634657777,0.7859511855458478,0.2169716300690075,1.0056710683208554,0.8798791713008726,-0.9866494300489559,1.0913551967078277
AFG,Kandahar,2014,False,0.2887383701028117,0.3484317177789672,-1.2614943525022309,0.23687447385489416,1.0825129803943916,0.4019750482475744,0.6704757112025141,-0.918090160132701,1.147935996431742
AFG,Kandahar,2015,False,0.5750420362517181,-1.3999380737001426,-0.1540097558678527,-0.3320449497153939,-0.6836815927614843,-0.414989150963846,-0.22777594976666293,-0.46292364726139296,0.04040458633399155
AFG,Kandahar,2016,False,-0.9261966451712684,0.8492284147586728,-0.07939816402665115,1.589045849354215,1.1987495896130715,0.36361069377352373,0.833358274132594,-0.6498647718210516,0.5335274647410391
AFG,Kandahar,2017,False,-0.35629741908262774,-0.5393088931059851,0.5569733217877573,0.3464746947543117,-1.279874851140908,-0.600757357168787,-0.7898026475983233,-0.529968482922001,0.22632319889567465
AFG,Kandahar,2018,False,-0.07222019219444961,-1.7875457648238984,0.786096475821965,-0.6701563371859071,-0.08219880655734473,-0.6859606137822023,-0.012649270340041966,0.9535180101893053,-1.0994792505436684
AFG,Kandahar,2019,False,-0.48343316213435644,1.593882529152411,-0.9136732817877758,-0.8503920515903504,0.4870389424541037,2.1978894277325707,0.8878493231360367,-0.4015377463019644,0.7032698639127813
AFG,Kandahar,2020,False,-0.3520287569431425,1.5361520672712177,-0.6081036929351904,1.9652882368292286,-0.4946273066287584,0.7917943276840497,-0.5082908351906948,-0.37523279201001053,1.4874207947752514
AFG,Kandahar,2021,False,-1.5406178597721376,0.043943737062874966,1.376712269218053,-0.3744681628634581,-0.5650381104313789,-1.7437699610914275,-0.7619510506097212,0.8728932140724789,-0.9297368513719005
AFG,Kandahar,2022,False,-1.718896036305132,-1.1202608157058436,1.8156032631628847,-0.1810272611200397,-1.2119141051649145,-1.422543862018727,-1.295494264954846,1.678731056610847,-1.8917542352419654
AFG,Kandahar,2023,False,1.3268138205628313,0.6745334539779994,0.21965055995998206,-0.47031451812185093,-0.9025039427867358,-0.6271430562227011,-0.8525203688447834,0.7391102537342006,-0.9620892781517838
AFG,Kandahar,2024,False,1.0084131708399526,0.6721731514272187,-1.6703155730159354,-1.465435383402956,2.8232842768639084,1.5270978197253267,1.7561660445777696,0.004047726496693364,0.25860373139382065
AFG,Kapisa,2002,False,-2.0966505403826643,-2.9143266468384508,0.3093900532513124,0.5109553500971471,0.507798328886889,1.1217290466008143,0.39198517099557234,0.8669853521924247,-0.5737441671956784
AFG,Kapisa,2003,False,0.8098723960330182,0.25685000342687386,-0.70997575894431,0.4274166589620585,1.2737247343394908,0.552938693500058,0.9087068409912571,-0.3966798174106805,0.6211939689018688
AFG,Kapisa,2004,False,-1.5571308594659283,-0.8122767442668143,1.7428034646483723,0.5449020018544006,-1.4346408137236093,-1.6830989314559313,-1.9774652517985973,-0.6483259578953835,0.441536704426459
AFG,Kapisa,2005,False,0.03190540291943954,-0.04697152917074878,-1.5971822971869736,-0.939728634252726,-0.5337740674940142,0.23480291495099073,-0.262471589293932,0.08396529279053845,-0.28795872027813574
AFG,Kapisa,2006,False,0.7573951228045162,0.25162794606232286,0.3573481069012989,1.30952291331338,-0.8196648690939334,-0.33147793226035355,-0.5353404898284724,-0.0035112719993899864,-0.8341747582396687
AFG,Kapisa,2007,False,0.5714250838361761,-0.24599193513025824,0.3919810231990715,-0.9471345335758424,0.7429582693542003,-1.201272109951059,0.9942788923200815,2.6701932175769683,-1.8385892630588554
AFG,Kapisa,2008,False,0.9413137345838043,-0.13957788581219796,0.6540814846637422,-0.6468540363159873,-0.5604935804963975,-0.36451102808238106,-0.9758597590510911,0.8870177459397542,-1.0102099004474296
AFG,Kapisa,2009,False,0.893280261586698,1.2130222109903641,-0.9877430168052821,-0.030099933849219534,0.5151986781615185,0.9815200535074834,0.7012010421870379,-0.7589897249524828,1.6509633295946062
AFG,Kapisa,2010,False,0.10251437725898709,1.0528421171279774,1.1245395592513163,1.6091592888007358,-0.6273796709582009,-0.1260384003599955,-0.5299241870092933,-0.6968775645205334,0.7381885181469514
AFG,Kapisa,2011,False,1.627085592537936,1.6086042638279927,0.5767390544463206,-0.7021847970682412,-1.1761893271370694,-0.9925930340843677,-0.7120251695131933,-0.5931829786659021,-0.35786568004376484
AFG,Kapisa,2012,False,0.6329505127252638,0.7918469919296365,-1.498692518871228,-2.3956036196505477,-0.6332257102436932,0.02355209149741332,-0.7286214656577408,-0.5305307867349568,-0.17096417103305417
AFG,Kapisa,2013,False,0.7538829782744251,0.8395510305869501,-0.7502756535304824,-0.3242524346914206,0.833987787236868,0.38471617994281976,1.4501465839985048,-0.8232193211433457,0.932334271692963
AFG,Kapisa,2014,False,0.3733128631336565,0.8589278902602149,-1.3483426336201683,-0.4349656593936094,1.7682599598477458,1.0863061491318324,1.1522149001271458,-0.8561527045346834,1.2108754740752052
AFG,Kapisa,2015,False,-0.8572241403292347,0.1419720549654028,-0.28517307257137553,-0.25266652215488555,0.23667003254607907,0.5517363308866859,0.8122861198535499,-0.8350829380264322,0.664659436113672
AFG,Kapisa,2016,False,-1.7004908677390755,-0.14087883562865774,0.46033115588373924,1.7055980945436382,1.2548527795730737,0.7146266403786878,0.6392167709845379,-0.8950178963675672,1.3097594119820357
AFG,Kapisa,2017,False,-1.6151531499671272,-0.5270469579213161,0.6831579974063322,-0.3009186147900408,-1.1952304056032226,-1.332604886933947,-0.5090432196116792,0.34328286887755877,-0.7026917199239864
AFG,Kapisa,2018,False,-0.6218565179287773,0.5784649603541515,0.8915156105292343,0.5512918499506698,0.6031874020811622,1.001783682355655,0.6139268581259715,1.0345317256397888,-0.8823489843993972
AFG,Kapisa,2019,False,-0.1901995089650928,-0.950514044090618,-0.8027363548816091,-1.1890494591636482,0.981973840677091,0.7756777652989787,1.0669755109956824,0.12674731387500776,-0.1456093151595022
AFG,Kapisa,2020,False,-0.3024337804149041,0.26472126734055845,-0.27718318930784996,0.6384060673826848,-0.257729793125036,1.0730547767735223,-0.22511324523615173,-0.918205098634738,1.3242479010526373
AFG,Kapisa,2021,False,0.8933731488678484,0.8025348003581124,0.44191939511919087,0.7754705773171613,0.5794738102981462,-0.10650368243015793,0.125426365877564,-0.6913833310090243,0.5947524763480417
AFG,Kapisa,2022,False,0.7725891799978459,-0.4862053749040655,1.8729268080178625,0.5057610133590192,-1.0525167215051443,-2.1136515565819236,-1.4012590740205304,2.3101202784578687,-2.0591765091586933
AFG,Kapisa,2023,False,-0.06912751483963914,-1.102033603988613,0.1313210042079567,0.8165062378310496,-1.83934713008743,-1.2896433273694363,-1.9489154278965874,0.4999432318708635,-0.5893192929465542
AFG,Kapisa,2024,False,-0.15063377452717217,-1.2951419794788173,-1.380750221806471,-1.2315318085057758,0.8321064664654865,1.0389505646846113,0.9496738224603631,-0.17562763532565343,-0.035859010449720445
AFG,Khost,2002,False,-1.244008053487182,0.39005376088728727,0.7159671830940587,-0.647453032647843,-0.5355873552356388,0.03280321534203615,-0.02237868501701859,0.043146512756282736,-0.12674938265241878
AFG,Khost,2003,False,0.12068055623063037,0.5811293960243225,-0.6389629607640298,0.44027555492598325,0.3855469355229955,0.44308021051129737,0.6049474880889356,-0.7187105473491768,0.6594975783543429
AFG,Khost,2004,False,-2.209618639312858,-0.7901042382470169,1.625613951749248,-1.7853158026432472,-1.2664533639876248,-1.936060009935435,-2.3539007456362024,2.738948589740764,-1.7990396565408875
AFG,Khost,2005,False,0.015159975295764029,-0.375297547439154,-1.5153537151747702,-0.07875155074235234,-0.01671075305769836,0.0876909167408178,-0.34561828436626324,-0.7308886333857938,0.40680039017299474
AFG,Khost,2006,False,-0.1574821268048995,-0.7891240996429171,0.6192298442758218,0.6920948691628563,-0.41266953738750145,-0.2705533190543589,-0.49716507444499225,-0.5542583129915659,-0.2265457345273658
AFG,Khost,2007,False,-0.020682477649578774,-0.8855317529901148,0.07538707551353144,2.566536251668636,0.5062070209125441,0.3790882751371358,0.9498840424322542,-0.5524276312799199,0.3569022142355212
AFG,Khost,2008,False,-0.8847522619376157,-1.6338920439093603,0.23450152100412716,-1.4268350919345913,0.2851761103605127,-0.7081485079731171,-0.41218383902966244,1.5764148350482585,-1.4932379839280947
AFG,Khost,2009,False,1.2211646817657316,0.2895797818955295,-0.6181681019270587,0.9227887055551497,1.0661608855562101,0.9359307506939087,1.125869956821086,-0.7552448054590292,1.523798111761285
AFG,Khost,2010,False,0.6550759372107202,0.14208765791064623,1.150225515971257,0.16809395204415367,-0.5052569218879673,-0.8801201206630287,-0.1016199330416126,1.1077211877920814,-1.1375381353778191
AFG,Khost,2011,False,1.6310726716183686,1.4924596830768286,0.42421418288278906,0.3381317820496693,-0.37774651816513866,-0.22047207156512938,0.1700844646242487,-0.6180795108736342,0.05430685011669064
AFG,Khost,2012,False,1.958022648224839,1.0051554728538907,-1.1368228679692125,-1.9547794315842768,-0.1458546480349593,0.15656054857752022,-0.23495914942805005,-0.3667775001684005,0.13075726826989117
AFG,Khost,2013,False,0.7375916169067055,-0.16731188647013717,-0.7489971981049489,0.5875087238479845,0.6156455867646986,1.0758920363419937,1.452197075563822,-0.7049292872212586,0.8156047231547143
AFG,Khost,2014,False,0.02527542480762157,-0.5238065661272182,-1.682597688507299,0.24630999001479262,1.2298519745228718,1.54452514687626,0.69448196244713,-0.7692848764670936,1.297653165795664
AFG,Khost,2015,False,0.3866282435762921,-0.2773038861313197,-0.6266476869097926,0.07834017450711184,-0.24514828580281017,0.8794587842057278,0.2880766823752777,-0.6842970850909184,0.8671060533391691
AFG,Khost,2016,False,0.7766287593776205,1.9791984802161868,-0.15863227473432195,1.0024167270449673,2.0735069329012443,0.5816866784436479,1.1223760904533853,-0.6983058528391828,0.8421569653704324
AFG,Khost,2017,False,-0.18394445347096733,0.8678511329874853,0.8336550756198295,-0.04887973540385442,-1.6694319738395773,-1.2731917873654002,-1.1560930221681325,-0.48829954965442796,-0.29818668993961345
AFG,Khost,2018,False,0.6788136031468727,1.6475599342969165,0.5938218474864624,-0.2182579161011688,-0.282555311931815,0.8303430899594914,0.11711673287943258,0.7263804049874952,-0.9315328146399735
AFG,Khost,2019,False,0.3542692016464538,0.4719399713367047,-0.43679192635892683,-0.773528158759382,1.5549863981995702,0.6838532858906625,0.9954433422564415,-0.34264883571551136,0.5645106892203475
AFG,Khost,2020,False,-0.2591273604150972,0.5845298807565247,-0.5139481818739391,0.8226202622738701,-0.2831067260142035,1.1414601754133988,0.025081385752788874,-0.6395049152478873,1.3507576502271093
AFG,Khost,2021,False,-1.4503641150736857,-0.8881872688257905,0.5331824303196733,-0.654847506559501,-0.10804476537247117,-0.8116855016994299,-0.2628589506178967,0.6249561662680398,-0.9049805724242465
AFG,Khost,2022,False,-1.3113186081662311,-1.6900005637987823,2.4843375126721217,-0.9301347495176204,-2.1453905110171347,-2.3705513613473297,-2.230868210781184,1.981625471425588,-1.9439247216123556
AFG,Khost,2023,False,-0.7135382629900653,-1.1213115226468098,-0.6900548989675606,0.2113933883003887,-0.7637097265483156,-0.6726666935593567,-0.9558429010408808,0.33898188242440147,-0.5492807238739803
AFG,Khost,2024,False,-0.12554696049943914,-0.3096737760137015,-0.5231586392970602,0.4422725944982736,1.0405845535422087,0.3710762590286877,1.0279295718770929,-0.5145177066991109,0.5411647554985921
AFG,Kunar,2002,False,0.17925468624954166,0.11425856468546101,0.5426216820653613,-0.5118660282957069,-0.14765639666995511,-0.5605989043487325,-0.09539784489425829,1.5134473612443216,-0.8821803949533298
AFG,Kunar,2003,False,0.04870175099027632,-0.789747991095999,-1.0510913787005833,0.8636894785435968,0.9886467952163531,1.2315898636855587,0.7604197712789016,-0.5053071705128582,0.6745561201814761
AFG,Kunar,2004,False,-2.968951485121681,-1.4077156886092281,1.401238173392652,-1.3457211845228416,-1.11759497805899,-1.5256008780288715,-1.567606943378448,0.9286646340826491,-0.3613375254076546
AFG,Kunar,2005,False,-0.21240411952817825,-1.1732283700226531,-1.4443350268205788,0.27996022236521356,0.8265472946090813,0.9519484250127552,0.3866957094465638,-0.35537233999276807,0.18089153553083084
AFG,Kunar,2006,False,0.852297113387776,-0.652702193167847,0.7406735495492769,1.2142534565129508,-1.2248031921033644,-0.7767560743868978,-1.1685144735427773,-0.2629293552939359,-0.6295560091257845
AFG,Kunar,2007,False,0.9830855735935279,-0.6887058948843389,0.5929674741813374,1.2188820425907125,0.7576482258558155,-0.12391095214006984,1.2348159664569274,0.527792765703673,-0.7636652509848473
AFG,Kunar,2008,False,1.7864454110445405,-0.32391620577638497,0.5536261406141197,-2.0626439613643983,0.7739014094855384,-0.6847636583107115,0.05696770194093681,1.6858736655421591,-1.4613897451752045
AFG,Kunar,2009,False,-0.10371855934587465,1.3605379626718954,-0.7760376339820949,0.5055819030709084,0.6207566401230735,1.2721007787189411,0.6749956160623936,-0.718087035121059,1.109854224155923
AFG,Kunar,2010,False,-0.9942457904229579,0.8716564174053539,1.0138146821542933,0.09032870018938617,-0.6260635437084396,-0.23861233363358259,-0.15039755647974093,-0.18392114630990697,-0.2642085728319818
AFG,Kunar,2011,False,-0.043983863470766334,0.8319432849132278,0.6129117542579089,-0.4372364413340034,-1.1964203427165458,-1.1035747889144014,-0.5737569541103714,-0.806861046722273,0.5034665890390185
AFG,Kunar,2012,False,-0.49537736512359454,0.7853173942819371,-1.309406613382352,-1.3681972156857634,-0.5268460936854243,-0.4778900731643674,-0.8399213807206539,-0.7694475147242937,0.256634296713694
AFG,Kunar,2013,False,0.21432350380751236,1.4560357520498888,-0.6160490815489432,-0.10083210845559985,0.18260562311003167,0.732942643277179,1.1919213923386063,-0.8777876682583343,1.1370325090509472
AFG,Kunar,2014,False,2.234256813160346,2.1840550605888738,-1.5978763984800177,-0.6768253336135575,0.7308452651881835,0.7643878177253149,0.3035562433638013,-0.9132509790263692,1.2283693681244006
AFG,Kunar,2015,False,0.581110029963724,1.08498284390964,-0.6559502578769608,0.412798402830158,-0.11654996095010599,0.6650107482649421,0.6936631980088392,-0.9308668997292598,0.8688140253328168
AFG,Kunar,2016,False,-0.8985563644164607,-0.6090422974646726,0.21902594283595406,1.2752223000946805,0.9357906009671714,0.9540571876958364,0.35089853140956373,-0.8927097264785663,0.39653563207498
AFG,Kunar,2017,False,0.023192736385957625,0.3855032531678837,0.8124772473243639,0.05420821631460807,-1.7565830078505258,-1.0772951045349377,-1.388058239528806,-0.5243758370227127,-0.5266349630478928
AFG,Kunar,2018,False,0.04224594917632814,-0.8301736944144802,0.6532803598656486,0.4764002256457435,0.3617769405323303,1.0823243939460616,0.3691045318521539,0.8724139049370776,-0.7734672553732136
AFG,Kunar,2019,False,0.22486047715883725,0.25319456316848604,-0.455983255044601,0.6538758549085874,0.1054480279619083,0.7223079316105188,0.47348789193705243,-0.576711427240924,1.1214384111603621
AFG,Kunar,2020,False,-0.6565968772409541,0.15366707693013448,-0.7154853563792252,1.9101643259882888,0.9481115255624456,1.1609536159090286,0.8189505349320685,-0.943095095466833,1.8891135730313624
AFG,Kunar,2021,False,-0.33155680572129126,0.23342025188972035,0.18207348198435266,0.2612829713730195,0.7517613846510144,-0.3067003154119712,0.43859065852224827,0.15995635167079153,-0.2740105772203475
AFG,Kunar,2022,False,-0.44158980911865925,-0.7490083528200526,2.3954101020502625,-1.1109400756703045,-1.9981237568128958,-2.2914527512478857,-2.4105996521337687,2.6216403675175215,-2.2116886265395377
AFG,Kunar,2023,False,0.02542108009810126,-1.2441764171653142,-0.4211168787112324,-0.3518122504135592,-0.9602614889472262,-0.7497153682691039,-1.049596404131423,1.0260177085547943,-1.2185673637360255
AFG,Kunar,2024,False,-0.04821408550605051,-1.2461553202415323,-0.6767887093489428,-1.2505735010721197,1.6870630282405263,0.3792477965453964,1.4897817013701902,-0.07508351735289451,7.508863562017383e-15
AFG,Kunduz,2002,False,-0.5498246598889717,-0.6026237795808782,0.0291151483554725,0.6002403160822563,0.18930616930852642,0.6505134208451993,0.15922775265604677,-0.8074410253544386,0.8057218653720829
AFG,Kunduz,2003,False,1.9373349781680413,1.5313958138532726,-1.891706509350817,0.21022313120815256,1.2302335872195684,0.5050726344575044,1.1984980939195906,-0.8003047193533831,1.2017289903107051
AFG,Kunduz,2004,False,-0.3571925867752962,-0.613986247174045,0.05978757562061212,0.3658831798454971,-1.1650231940612847,-0.5884099280693125,-1.4012030793281067,0.8338196551267159,-0.7000975398415709
AFG,Kunduz,2005,False,0.27691931049455215,-0.12071372126803778,-0.5331357265552614,0.5057788545986711,-0.22268142222835077,-0.07952751460631773,-0.3908770783048016,-0.748936081111809,0.7171689873596758
AFG,Kunduz,2006,False,-0.39359482834626647,-0.2635989408896208,1.3724853369547092,-0.27260024940109456,-0.900971878012027,-0.07682309347894481,-0.1872075748998291,-0.29970242710397493,-0.6740278416612951
AFG,Kunduz,2007,False,0.1205979207968035,-0.18485600672643107,0.47678148338818355,0.14711306179610806,2.2569335264202404,-0.29779568291018077,1.8653373235431525,-0.1485462545261801,-0.7035454676654258
AFG,Kunduz,2008,False,-2.0906894402849523,-2.186642421652218,2.430043494136016,-2.4101771076955387,-1.6093280428852113,-2.0613243175947713,-2.287116379207818,3.2373834061328033,-2.775581898194813
AFG,Kunduz,2009,False,0.4727336347802894,0.33845376382155623,-0.9457810775517094,1.3077388020804919,0.6460080809662461,1.1022793569578884,0.6255207219124295,-0.6518723145241082,1.790567785982867
AFG,Kunduz,2010,False,-0.18656412200210964,0.9865268306324164,0.07959904675864457,0.9942445154357998,0.17037706607026304,0.44292682201854744,0.5557775344326689,-0.6146227636933609,0.4844759071504478
AFG,Kunduz,2011,False,-0.9547130961009853,-1.4639494092019507,0.9020399016827039,-2.1545380991681657,-1.223121695284473,-1.1295561461414467,-0.6225338842482232,2.375470475798645,-1.8428753739445882
AFG,Kunduz,2012,False,1.2161093590279635,0.5464199673213426,-1.0185956585734397,-0.7628526106750669,0.06189767097082066,0.1640836433529955,-0.22738643771553274,-0.38213823263558433,-0.2553989463662372
AFG,Kunduz,2013,False,1.130145929573265,0.4541586357272452,-0.3542445875500319,1.079595443568536,-0.2558033203546918,0.2485761844628201,0.12033682057739757,-0.5543721240982861,0.9065527302693611
AFG,Kunduz,2014,False,1.7206422435377806,2.363515722419095,-0.8725428122165955,-0.610325737837805,0.7907127618323928,0.5563626963186701,0.37833262412557184,-0.49224641449520284,0.28130045294535794
AFG,Kunduz,2015,False,0.24705844613413205,1.205053466010961,-1.1455645975882127,0.07032080358801392,-0.29717853792381416,0.41622974733393975,0.2544857852736882,-0.48161871778925675,0.33688777712977946
AFG,Kunduz,2016,False,-1.3748015052748541,-0.05013091173164475,0.4952397943612813,1.1329249872490506,-0.13859667303352596,0.06440346192721151,-0.4282094689858994,-0.4670632065403086,0.6477899518798498
AFG,Kunduz,2017,False,-0.744009935141029,0.880644951145597,0.41706203929452634,-0.4331801742753668,-0.8899016203660812,-0.04163894373744795,-0.10096989763221491,-0.35824014625931294,-0.06256727563269701
AFG,Kunduz,2018,False,-1.0309120879180718,-1.0724482923400203,0.587324380175232,-1.2092603070836911,0.3688630856571681,-0.3427762939454184,0.2716900230215365,0.6618358879981426,-0.6878195529567002
AFG,Kunduz,2019,False,-0.6063023732932894,-0.555913351300119,0.03041093460297555,0.993140950848475,0.7568214231720666,1.425449823341935,0.8251407457912256,-0.31516356094185416,0.6443420240560024
AFG,Kunduz,2020,False,-1.0001709880833765,-0.9412458459145083,-0.2829939974507351,-0.8389880199713221,1.1273905714827241,1.1018955241021995,0.5458850647263673,-0.2456186460908783,0.1041946969205514
AFG,Kunduz,2021,False,0.18030086266744694,-0.11149485930163155,0.4262065590583183,0.569611328001668,0.7872746137263226,0.576679883531958,0.7166025500116675,-0.2559392936142761,0.3299919214820696
AFG,Kunduz,2022,False,0.7931772835722677,0.20718964402131274,0.6469013089291078,0.40784913999211836,-1.1113750682341408,-1.7523796744478861,-1.5221849653173594,0.6799069398876926,-0.8909950071617895
AFG,Kunduz,2023,False,0.5542563441433792,-0.20907646156871829,0.8317722996464234,0.7339614812520581,-1.5134689107496724,-2.2032491113944705,-1.619759249181965,-0.07277065626307991,0.015641818908144336
AFG,Kunduz,2024,False,0.6394993102132818,-0.13667854630297485,-1.7402043361274042,-0.4267036894388458,0.9416318063069343,1.3190075076753285,1.2706129748304067,-0.09181978054870434,0.32654399365822223
AFG,Laghman,2002,False,-0.5925759867029144,-0.6260349378211211,0.3786761296258824,0.44309430762179375,-0.20323779654398405,0.21076943585641805,-0.034094853929212215,-0.3926864363209375,0.7761973078806945
AFG,Laghman,2003,False,0.017776184453713043,-0.181313787234102,-0.774388052981546,0.4090398082437259,0.6318261110976632,0.6749265859798604,0.5118814519985959,-0.39760254667385314,1.0843844285699529
AFG,Laghman,2004,False,-1.5362064297629352,-1.1978196359034723,1.4827160203571987,-1.3089549446446394,-1.4420589552582868,-1.736510789720637,-2.101283696702717,0.4860481060254343,-1.0488011798014916
AFG,Laghman,2005,False,-0.8513172047004517,-0.7027756071978234,-1.4134056384107716,-0.0419086048404396,0.7045422372101164,0.6909556581727808,0.32029841515554147,-0.6626922488222692,0.6835200328397856
AFG,Laghman,2006,False,-0.02154030672323755,-0.10991224806638568,0.5256918424477757,1.8112669526857241,-0.6985836685980228,-0.4345567793946636,-0.5370334374339121,-0.6163634860067564,-0.12725534729046403
AFG,Laghman,2007,False,-0.8775281988184199,-0.6551745810860126,0.5232201099192146,0.6201661800224532,0.43885308346466023,0.08593392724257161,0.8835765271502611,0.13095646637658168,-0.8363068637098531
AFG,Laghman,2008,False,0.34178300033622483,0.200678608391274,0.5290701962487704,-1.7378918200597364,0.104439751243203,-0.9701640346632496,-0.35707263947109147,2.9962366956541335,-2.053977698683547
AFG,Laghman,2009,False,1.7170641526819417,1.1618332088220453,-0.9320628728238707,1.5798000762023197,0.6553638575596074,0.9992900237337263,0.6652767489866137,-0.8351244253396817,0.6955821510663778
AFG,Laghman,2010,False,-0.5653987908440048,-0.7362098204304672,1.1810656548340546,0.31563482771605894,-0.4091005202173841,-0.6121087251882347,-0.28284674148044875,1.705766087937885,-1.1324318661724837
AFG,Laghman,2011,False,0.315121366034522,0.6434367929866556,0.7064316950559291,-0.6788602734108992,-1.022824361268442,-0.8454454074215264,-0.5553536548233524,-0.2977000759828634,-0.2139015632180949
AFG,Laghman,2012,False,0.4770583521061143,0.42260247036383347,-1.221369584932777,-2.175356725775942,-0.607021887840316,-0.5510698772363498,-0.5400895663147913,0.32972621087439163,-0.31260989737231737
AFG,Laghman,2013,False,2.0974792189516163,1.5866891047673077,-0.6688648734200334,-0.008257458246900136,0.26354224749378796,0.6910790692304776,1.1972722720618294,-1.212052652330996,1.0128158604255162
AFG,Laghman,2014,False,1.4256107756937264,0.769648540909392,-1.7872682765117303,-1.0119720515912702,1.5700042369039533,1.0955535870996376,0.9406142730616505,-1.23388923967348,1.1175552536930522
AFG,Laghman,2015,False,1.8345489856002704,0.9781102318794606,-0.5354883978455224,-0.6608822635869528,0.34664628032135797,0.7143469508714612,0.9513501003294332,-0.24774884063737942,0.30677987356280206
AFG,Laghman,2016,False,-0.6604530520880265,0.5527461835898833,-0.02976361952539236,1.1150800466183854,1.658252944594228,0.8492283807696427,0.9186146196857505,-0.7477097634850682,0.8184147216737461
AFG,Laghman,2017,False,-0.673234827768881,-0.7119538034247737,0.9814914558345262,0.06757286524130818,-1.317921362529196,-0.7874010732824549,-0.7535778431817926,-0.5471629389646337,0.4145347963869407
AFG,Laghman,2018,False,-0.13216319725832484,1.0766202967312186,0.6994712451602648,0.17941683020378507,0.6520065701904625,1.0141035949535648,0.4847696064610466,1.2076505575975647,-1.4134792208519205
AFG,Laghman,2019,False,1.0087775409088424,0.1994944216603757,-0.5556362114061293,-0.17224917606412513,0.32455136144231844,0.9499027467534211,0.6899942540202656,0.0071818873817307526,0.42056585550025427
AFG,Laghman,2020,False,-0.7222368458613657,1.1369300825008937,-0.5572192059983884,1.3308161645058205,0.12510197092560849,1.5756115010941056,0.1433011225482242,-0.9878238479607534,1.5425438858763654
AFG,Laghman,2021,False,-0.35688287404353003,1.08079223883358,0.4341604573315194,0.6889666406948685,-0.028242459806173244,-0.7771644851787969,-0.09343252699253753,0.49384480576984446,-0.28547013136249544
AFG,Laghman,2022,False,-0.7685065489987571,-1.4828927548897983,2.211022867636146,-0.4350623260867302,-1.7198052516907796,-1.8688857998040924,-2.0106039229861965,1.0013774271010156,-1.8083125574687733
AFG,Laghman,2023,False,-0.8593042302222124,-1.4343064899008842,-0.26884625951140534,0.14121355932787685,-1.6916077073822915,-1.4766211410246999,-1.861529714812623,0.24519213841129447,-0.3811629359600792
AFG,Laghman,2024,False,-0.61787108297391,-1.971188515481079,-0.9087046810837152,-0.4706726147764864,1.665273318687909,0.5082266511570374,1.4199692066694627,-0.425423880931204,0.740815094416032
AFG,Logar,2002,False,-0.048353125567123255,-2.0292413912194185,0.5811903173162704,0.6633958193636833,-0.514972531463471,0.7100824033048868,-0.20425066279137521,-0.6534157350840805,0.3462677801659877
AFG,Logar,2003,False,2.551727643989668,0.8599206009616529,-0.13811628088278577,0.12923292550499815,0.7237272534263943,0.4596017373398207,0.6315501300785724,-0.6927760047494084,0.6957641643428417
AFG,Logar,2004,False,-2.263544722897508,-2.15531178878022,1.723937804177711,0.9980647734829324,-1.821894041263372,-2.609386148594489,-2.3809019160481366,0.5451942169648406,-0.22537449664778517
AFG,Logar,2005,False,-0.18239928464332558,-0.6949908468150053,-1.3544935770086939,-1.4971212027196055,0.7143590702951759,0.6448734595371463,0.12381090839620135,-0.9806522946744604,0.6686797640294176
AFG,Logar,2006,False,-1.5801956875786987,-0.271302842563394,0.8352412622593298,1.0484058895555592,-0.8419291795319772,0.018060282929654916,-0.5277076792327077,0.9861365135030241,-0.8877764195449491
AFG,Logar,2007,False,0.12610179060229848,0.7957158545166899,-0.5818901392707483,-0.7278501564779388,0.6404782736528079,-0.34660519094300457,0.7358548692603156,2.6712673054535694,-2.3534729570359247
AFG,Logar,2008,False,1.0112318039862491,1.239494462725144,0.5157566960304905,0.19766081462534835,-0.4747543531899237,-0.823345423258739,-0.9901059867751577,0.9074159741723692,-0.7333415276915907
AFG,Logar,2009,False,0.47029543759091064,0.709816724479719,-0.9814095237572003,-0.2906367361779404,1.0762152065619106,0.7396749480895228,0.9778436924976147,-1.0010602953601304,1.522107424236484
AFG,Logar,2010,False,-0.630130788887004,0.04626128137564785,0.9649596796884381,1.1979365764996415,-0.42697082398055053,-0.8673772731969557,-0.10303961236537544,-0.4778637185991477,0.14717053282890027
AFG,Logar,2011,False,0.28428069309523807,0.687778916803458,0.04060632299916569,-0.793103515061534,-0.5382084483445023,-0.054029803810907766,0.17401456181062122,0.5293139507350761,-0.5924488359949437
AFG,Logar,2012,False,1.0467219091508313,1.3326831110737285,-1.6317124956579019,-1.5372028978648073,0.23172760590262592,0.7298115640467572,0.20696058208180193,-0.3758979833691254,0.02932648643208462
AFG,Logar,2013,False,-1.0016801565839517,0.2866641041115628,-1.3185155853162547,-0.5499788025690991,0.051608703105156,0.6992430205513992,1.02009091788179,-0.97098242521267,0.7418614549425043
AFG,Logar,2014,False,-0.7554268249366026,0.9601549832259515,-1.049480501687215,-0.7187105078563808,2.5096846556191155,1.222631643440813,1.4134743061137425,-0.9814936258304949,1.3636367773695321
AFG,Logar,2015,False,0.6777391742245229,0.3791411727033668,-0.1350033353354867,0.01569486718278312,-0.33356440455810304,0.3862663413246289,0.4466302701481244,-0.45108478180763645,0.07945953204534002
AFG,Logar,2016,False,0.12685624674375237,0.6039184063627414,0.3381273289776534,1.700594221475515,0.9967377060099373,0.7629373444806135,0.5043076981319881,-0.988091492542392,1.0642734388059334
AFG,Logar,2017,False,0.2849665346014894,0.04667062717165111,0.6928363564291479,0.11301999321458928,-0.804315468919836,-0.7248106046237124,-0.04027045059115253,0.17737646353931658,-0.2199038065182587
AFG,Logar,2018,False,0.3338607266983294,0.6126628539315626,1.0477492076962391,0.3966026060263934,-0.04195974650147752,0.3415698456299576,0.05084017670800491,1.3432240126348072,-1.4133214057590597
AFG,Logar,2019,False,1.0617928292184005,-0.015516768430778349,-0.9247341500628101,-2.0885153680420343,1.0118796829747003,0.5934884980683632,1.0029701836339062,-0.031164886505101807,-0.06546891466489971
AFG,Logar,2020,False,-0.6491278998050491,-0.2712771812713686,-0.39840546987894726,0.0882245349503633,-0.1782186947979517,0.9904471079610306,-0.2718714761609574,-0.8137682771574164,1.1008642842624767
AFG,Logar,2021,False,-0.662621284145057,-0.26372989702179134,1.1120525332773505,0.43892716198956705,0.046791242168966636,-0.5810801821769742,-0.2231248342955625,0.5972963588418512,-0.6371111914786726
AFG,Logar,2022,False,-0.7260218739410126,-2.1614875627039107,1.6895409911759687,0.7448831128771644,-1.3785567494370359,-2.05445558124022,-1.6152116862098147,1.6261108299617022,-1.7397691446360821
AFG,Logar,2023,False,0.03291211863499047,-0.5321088831086206,0.11512554527715319,1.46344070677931,-1.574993313908014,-1.1554954491546037,-2.10391517306356,-0.16696916338078405,0.06188157687503468
AFG,Logar,2024,False,0.4910147404486529,-0.16591593752836986,-1.1433629864468742,-0.9929648167585082,0.9271283561794247,0.917897460295011,1.172051180791117,-0.7981149415337077,1.0466954836356286
AFG,Nangarhar,2002,False,-0.4451014429890199,-1.4766014554079867,0.47235078016673465,-0.6026390934392191,-0.3882569461896343,-0.21683105887454296,-0.13756108205629822,-0.024362573030931825,-0.5128380433583374
AFG,Nangarhar,2003,False,-0.4443966340597951,-0.9341847379770295,-0.8472936054791657,-0.2552359172621739,0.575893012596239,0.44037456919838464,0.43903178722329367,-0.612288133393218,0.540148945075643
AFG,Nangarhar,2004,False,-2.0883792522639184,-2.0244156129223443,1.282732225199249,-0.7210569114418546,-1.067095035977674,-1.400222526815514,-1.7923606167906596,1.7598441064192065,-1.384763868555345
AFG,Nangarhar,2005,False,-1.0456285684454056,-0.5807410984264173,-1.6070577821910266,1.185268823083301,0.05943979861992048,0.4966749826432959,-0.1419344241050833,-0.6927035436750241,1.5294104961692265
AFG,Nangarhar,2006,False,-0.5546533481269339,-0.34150975964532004,0.5901453187211783,0.5829388731866301,-0.7015758878886946,-0.6426040662979745,-0.7413161581029019,-0.7233857208990387,0.4420320018690172
AFG,Nangarhar,2007,False,-0.12818526348716466,0.14642058920267584,0.7084126046187588,1.7340931783094364,0.34788401743335545,0.5600100889007948,1.0375740671962963,-0.1963482385889157,-0.08699027954402115
AFG,Nangarhar,2008,False,0.7325603188635961,0.9522651361744112,0.6088649759814687,-1.3081521811551318,0.8758800791536983,-0.6231886828011987,0.10567072163467184,2.0257569365324324,-1.6396656179168803
AFG,Nangarhar,2009,False,0.7378964021402307,1.164793111693628,-0.7227455975978501,1.1604835755850251,1.0866366984326727,1.0002665484469329,0.9610147930303364,-0.7625655726323118,0.7161525339205115
AFG,Nangarhar,2010,False,-0.0059720603589489725,0.9961264233938055,0.9810415894775667,-0.16058302905643526,-0.6618159477235873,-0.4352704230279448,-0.17607103544481376,1.2475966063381623,-1.1157009108959384
AFG,Nangarhar,2011,False,1.173048845072579,1.505546822062386,0.8109843344730959,-0.7218631328389217,-1.1805932658638436,-0.9913137685364278,-0.771403115174602,-0.0023531442482478426,-0.4349513977200864
AFG,Nangarhar,2012,False,1.8649597866829524,1.7009701345127577,-1.156197436177348,-2.0016369928684816,-0.7897333962270255,-0.625435497052588,-0.8015834437215217,0.1303274823024754,-0.4056174662459444
AFG,Nangarhar,2013,False,2.109024217562846,1.3920766192776295,-0.6818224562105963,0.2590776498258686,0.5611402215440384,1.129072292708607,1.3957710559407879,-1.0381790045944934,1.2057257350752153
AFG,Nangarhar,2014,False,0.6454691036176401,0.5848648139589088,-1.6552804808207224,-0.4948209626462485,1.4833298478820967,0.9526668224900713,0.8845817926689504,-0.9969434460459498,1.1420002977348271
AFG,Nangarhar,2015,False,1.1821340435254188,0.8289467812965164,-0.6517424939502435,0.026011740900779717,0.026565942691044776,1.0025649076621421,0.7005146019368863,-1.004288079873575,0.7990967539508582
AFG,Nangarhar,2016,False,-0.4908628033233902,0.14746763878460106,-0.008704852415632968,0.795329607612363,1.3902652474915032,0.5913137550663043,0.7391783959464785,-0.7806386617165275,0.6423119477959401
AFG,Nangarhar,2017,False,0.11331514062639168,-0.051921765397768424,1.0249000750217045,-0.7037815958557044,-1.3853094903923862,-0.878799987777597,-0.7761001450041501,-0.2078786454053147,0.020230297568380545
AFG,Nangarhar,2018,False,0.2635456183005835,-0.4741153054405412,0.48161893308129405,-0.14748571164198382,0.7238300198857354,0.8364831085776877,0.6097486355034589,1.326007137720463,-1.253266934360897
AFG,Nangarhar,2019,False,0.2605794016272623,-0.09590591120197318,-0.4604846497285946,0.2766733898136531,0.39651181942605324,0.7762599868420372,0.5012749911079571,-0.4549907942327608,0.5441950045893144
AFG,Nangarhar,2020,False,-0.7310182029457216,-0.3553449446234886,-0.7383890668671579,2.2684993955352155,0.6305238052968062,1.759024289208156,0.649729411939699,-1.1896094845152207,1.5971819930232942
AFG,Nangarhar,2021,False,-0.8882648457164245,-0.48815199500744905,0.3975343409375896,0.7501992107475002,0.42026768394055514,-0.7526636581992875,0.21120894469974302,0.2047273146280749,-0.23467145179316343
AFG,Nangarhar,2022,False,-0.4076522228978541,-0.7170211770831016,2.3531416221814245,-0.6894018607798871,-2.0930348416279614,-2.186803112575236,-2.3585545714873932,1.8595873022984029,-1.7873467901660225
AFG,Nangarhar,2023,False,-1.0524223648185551,-1.1483300099297389,-0.40714090820794036,-0.2943905790502975,-1.441171234217161,-1.2632998161794307,-1.6031019720364708,0.6163054212538182,-0.7343598017320511
AFG,Nangarhar,2024,False,-0.7999958685863678,-0.7312342972941615,-0.7748674702137861,-0.9375274765634342,1.1304178517142491,0.47172124639332796,1.0646873650953363,-0.48361726464150506,0.41168655551645894
AFG,Nimroz,2002,False,-1.4336363170558373,0.07549084256039072,0.5172833402713235,-1.4676495460864174,-0.21761336554814906,-0.6812516151412215,0.28520687092762886,2.2660204310232226,-1.9346689246575923
AFG,Nimroz,2003,False,0.621985925052638,0.014320066519727854,-0.8331487053749385,-1.4121820521385262,0.8579991290140162,0.11074400283549182,0.7827285231962231,0.36783021348087946,-0.3565339083541222
AFG,Nimroz,2004,False,-2.2519737332800114,-2.276058748286378,1.0564539894975165,-1.1302094018770847,-1.2762067062463636,-1.1977769861278427,-2.4998920758666094,0.3854903292934097,-0.68419053488331
AFG,Nimroz,2005,False,0.5266991190682357,0.045309430558391914,-1.716219677378174,-0.5053958448251251,1.4230842747076708,1.9913192861674365,0.6484840482476071,-1.1080469410017368,1.04640781284678
AFG,Nimroz,2006,False,0.3274290089099724,-0.018083839510026067,0.9564788982688054,0.23893482522530785,-1.2525994909124478,-0.47203108840997476,-0.7621934658202049,0.4088364963350019,-0.577187130808616
AFG,Nimroz,2007,False,0.6488069575387786,0.300105155995518,0.11476558089662109,0.7849212886894,0.7044535737847651,0.5779632444357435,0.7677349616940946,-0.7395659712601856,0.6960212226416289
AFG,Nimroz,2008,False,0.18668549522394723,-0.23848327351050905,0.8661123454545059,1.161706397307164,-0.8132348104278495,-0.7700672766181754,-1.5579628347518204,1.1935922995371155,-0.6988787238738411
AFG,Nimroz,2009,False,0.7379515914995437,0.33109452003418205,-0.4828962130192718,0.829636804841692,1.407835007731836,0.14096104649268104,0.22516380016298074,-0.32389309992496684,0.11693963529656574
AFG,Nimroz,2010,False,-0.08257906093440591,0.04389488856730205,1.1591086817855327,2.5693411833114603,-0.4242111873550001,-0.6014666945316828,0.04362687976708476,-0.41329520862344227,0.09420967162060301
AFG,Nimroz,2011,False,-0.5710751401372753,-0.6706757886705342,-0.007337646814414661,0.3793558782994093,-0.997617651445227,-0.07402320663516224,1.1037121548163695,-0.8598061846053464,0.6051013679377915
AFG,Nimroz,2012,False,0.4825723351917407,0.4482693921460273,-0.7119513558846753,-0.39602283490665185,-0.387726027101802,-0.060791762922315,0.08947408754699497,-0.9136382779235219,0.7348347356884416
AFG,Nimroz,2013,False,0.8036216893261644,1.4402762255342867,-0.16273976982257202,0.5393074146743398,-0.6340477963359946,-0.1660889154812068,-0.0032057154630443442,-0.5628174239945012,0.48340977487256637
AFG,Nimroz,2014,False,0.7203338698119746,0.8855806215866472,-1.2225135284328983,-0.11003435616824246,0.3537227630876056,-0.03817270557241393,-0.24715064472526113,-0.7592817572039862,1.070533136903054
AFG,Nimroz,2015,False,0.7649061867923582,0.9010753036059792,-0.6300635195059412,0.1985674766804344,0.233574641874878,0.5092040869248252,1.1695518238458569,-0.7775438351418599,0.8191081760871729
AFG,Nimroz,2016,False,0.6480662764346901,0.4962560905029109,0.18035796271091448,0.6460495302200513,1.5230894238939803,0.209362922551505,0.6391244157877679,0.2515725596036107,0.18652488670476608
AFG,Nimroz,2017,False,0.6276932310833782,0.6141004350829772,0.48259452434334127,-0.541256715397405,-0.6869490019761327,0.43826894122770793,0.9565543853278363,-0.8492858280278053,0.926111580161867
AFG,Nimroz,2019,False,0.22002667621517127,0.8224497725256794,-1.0066150793023065,-0.30644496956631156,1.225637471180625,2.777709316559016,1.1432653845488703,-0.9449759500806885,0.9568833185232538
AFG,Nimroz,2020,False,0.5158619474832148,1.187860296331452,-1.0163891122933963,1.394179708793859,0.5138214231338877,1.0412419124901637,0.11743725849003595,-1.0227561725657999,1.5440066805537425
AFG,Nimroz,2021,False,-2.0748959450083437,-1.7864566075876862,1.141718850492898,-0.217308206354782,0.31753858943648733,-1.3995495904948545,-0.3321569190364376,1.5052313653337772,-1.4517582459411678
AFG,Nimroz,2022,False,-1.883514011087957,-2.094111833138975,1.997602954281625,-0.676828680082159,-1.048786735431608,-1.0756400557922337,-1.0001791275950336,0.9995544231747374,-1.1695615467638985
AFG,Nimroz,2023,False,-0.3575617343336046,-0.8965347639045066,0.7673666067637629,-0.7133064906132033,-1.79840578308011,-1.0479364868213226,-1.8673126025366524,1.683183836850147,-1.802144836146312
AFG,Nimroz,2024,False,0.8225956322056266,0.37432181305714335,-1.4499691269382564,-1.265361410027209,0.976642258014932,-0.21197837513616555,0.2979887914357122,0.2135946957219386,-0.6051681484093732
AFG,Nuristan,2003,False,-0.14559073372052278,-0.878981306410741,-1.1162144373120775,-0.3573769251744961,1.20028288365171,0.8733174841465454,0.9196791969401243,3.2684718573173064,-1.6511005148966464
AFG,Nuristan,2004,False,0.3113406255036959,-1.0627550069463074,1.4850999104706872,1.5472260497650738,-1.3351822664834017,-1.2105238143282915,-1.917215524649475,1.8717778912939322,-1.3939306426302926
AFG,Nuristan,2005,False,0.24328864755911944,-1.2465287074819207,-1.331098828085517,-0.8490231921161214,0.7432263868874965,1.207671589368608,0.3428737508407404,-1.1359385714325982,1.115144514104237
AFG,Nuristan,2006,False,-0.8290189043442254,0.07760579527437596,0.5615440579505201,1.3865382863989697,-0.6801270946749985,-0.9228754783947087,-0.3455478174405432,-0.6529249923491974,-1.067249671803304
AFG,Nuristan,2007,False,0.10718469166992747,-0.47338758765408134,1.0434937527078818,0.08216618104392437,1.1411601794475823,-1.4308067631140815,1.4139472133288344,-0.7072815100729348,-0.8100797995369502
AFG,Nuristan,2008,False,-1.5454650149689488,-1.1305897993596883,0.6080178922616222,-0.46450395068249856,-0.05964652472243138,-0.6311813576214339,-0.653525560232224,-0.7605502340784389,0.01006639384645542
AFG,Nuristan,2009,False,0.7065924750382245,1.440442053072684,-0.8492605701167087,-1.5919597933270857,0.2220443064718624,0.9340704194312053,0.38032266300727013,-0.8138189580839432,0.8302125872298287
AFG,Nuristan,2010,False,-0.5051695124005342,0.9149633777033555,1.3150713749804066,1.3246399449754296,-0.3784046140632634,0.8099253573519914,-0.24982157099052524,-0.7332890547467794,2.776311422847339
AFG,Nuristan,2011,False,-0.16502322010844492,0.8531466229849223,0.3596102043818467,0.3576596618399216,-1.2827242555282103,-1.141326865807203,-0.5850878646967554,-0.6527591514096156,0.030940915822746107
AFG,Nuristan,2012,False,0.836366414604461,0.9888888104853633,-1.2256756031310299,-1.0791315856044639,-1.0350272890260181,-0.05977683319497302,-0.9139087389430594,-0.5722292480724767,0.8510871092061173
AFG,Nuristan,2013,False,1.476892772294217,1.040159442628946,-0.647898517349954,-0.7321065356995801,0.008694404067323644,0.19197760755193874,1.06795326319373,-0.49169934473531285,0.7329394340611024
AFG,Nuristan,2014,False,2.9423680202227387,2.7599139849054373,-1.294265885179289,-1.6624526432233266,1.0909106748717847,0.7905428702522947,0.36932644743423104,-0.41116944139814904,0.2394742115047211
AFG,Nuristan,2015,False,-1.088898257116614,0.4259100520612147,-0.6727905591296339,-0.4385305214798467,-0.14573580854652307,0.5467142743713732,0.7094864012993038,-0.3306395380609853,0.871961631182408
AFG,Nuristan,2016,False,-0.23257514686730538,-0.6644865281597129,0.3988478888171138,1.021994763726912,1.012681474386554,0.9134919144844191,0.4980258730524653,-0.11631100738115353,0.19083763492034234
AFG,Nuristan,2017,False,-0.30492332642367304,-0.14387459416978057,0.799932090034007,0.11541619452689338,-1.33742481744879,-1.0311539005188386,-0.8682389750975917,-0.16957973138665774,-0.49028636134172543
AFG,Nuristan,2018,False,-1.440282588452901,-0.5303504339681633,0.7844580660820786,0.6495435949952598,0.28469035012206534,1.1054241508564318,0.17850008706175222,0.178547426635842,-0.6084340364867403
AFG,Nuristan,2019,False,-1.0387602240197535,0.05803493231174305,-0.7617605646689555,-0.7917152348408053,0.6674087071950858,0.6231503117659075,0.9502345855976332,-0.008519924712330193,0.3993709306023152
AFG,Nuristan,2020,False,0.2550841827703251,0.044526709412526025,-0.500914466053082,0.8160615659956668,0.38045415201758404,0.9709793393386733,-0.09026802068205207,0.07200997862480885,0.28122325545730037
AFG,Nuristan,2021,False,0.16847016062913073,-0.1964933082374486,0.12519192350329675,0.27922011553093573,0.5673603818434174,0.11111598603332698,0.4897152489210616,0.2863385093046406,-0.5875595145104496
AFG,Nuristan,2022,False,-0.6448511427976541,-0.8786414424855743,2.059633126317961,1.24902615083576,-1.5780982816106222,-1.5558046240890029,-1.776222732176853,0.36686841264180436,-0.33038964224413125
AFG,Nuristan,2023,False,0.34324008786612564,-0.726301315698347,-0.23978642297522956,0.5057823938754963,-1.3094325553746193,-1.7174372115181775,-1.5891414904849988,0.9847684127861062,-1.1991724122118812
AFG,Nuristan,2024,False,0.5497299930626122,-0.6712017502688025,-0.9012344335059441,-1.3684745213620184,1.822889606516412,0.6225055436339952,1.6689135647169306,0.527928219316132,-0.19136744512279236
AFG,Paktika,2002,False,-1.7724406576585348,-3.4113488895438224,0.794693964423639,-0.7143600100883473,-0.24969512289634452,0.03740956961878827,0.42531350006252994,1.6190580897372402,-0.5718791475916026
AFG,Paktika,2003,False,1.0628707432898439,0.9390374420279307,-0.16407963172011067,0.02953038402184431,0.86893215395453,0.42162257100097894,0.7812405762456428,-1.536456534399989,0.9243900190560723
AFG,Paktika,2004,False,-1.8785624319353578,-0.6684653128391588,1.4778217559425628,0.1825532149148297,-1.5292540417900422,-2.129072874552168,-2.496268458750826,0.8573110237891919,-0.6270382228027722
AFG,Paktika,2005,False,0.3065480517634974,0.3829145310928998,-1.5787916873230057,-1.8472467991984627,0.7633072482736964,0.5738385304003806,0.22818584298733546,-1.386975390370618,0.9494335072266525
AFG,Paktika,2006,False,-0.4308071906399489,0.12999003799146694,0.6684061063144795,1.1476519811210348,-0.23488075685884877,0.11681438851107445,-0.20278944012456365,1.5063336690497613,-0.8426024247774415
AFG,Paktika,2007,False,-0.013998613729183582,0.11155067236077715,-0.30632945873614587,1.2904912571590215,0.3453180602275378,0.21669833399729554,0.5504988895410612,1.884109612244651,-1.0305870891465116
AFG,Paktika,2008,False,0.37236984505348913,-0.025560574889138817,0.4177256006631433,0.3270865416659319,-1.022486979833249,-0.8044481141532152,-1.6898630607199938,0.6507899405935578,-0.7373563732250834
AFG,Paktika,2009,False,0.6797170699499568,0.5178013359920239,-0.7337838026134132,0.10685994896048208,1.137045855746065,0.9203040416992075,0.8273573277628349,-1.1172980331402127,1.2401281737130616
AFG,Paktika,2010,False,0.8453143015276046,0.6847242923239771,1.093832775152486,1.5474383241289633,-0.35345267500929556,-1.1743747059693739,0.2673496080957287,-0.8927374526849081,0.08971274876299429
AFG,Paktika,2011,False,1.2364600069579341,0.6088029913274825,-0.24855793264528592,-0.37964061492521034,-0.26019693799295146,0.2786059802190683,0.4008912349128557,-0.750514213978825,-0.17847447898785423
AFG,Paktika,2012,False,1.1759360709138849,0.3977922949054916,-1.4802745738729994,-1.6855227078244481,0.20747496173997493,0.6054686333327347,0.07695422303425319,-0.8845879313488206,0.35536392707882397
AFG,Paktika,2013,False,-0.9485310368350283,0.33356174193359805,-0.9438554394246352,0.3049676295139696,-0.10647950384742641,0.8548457302431663,0.9372808239331748,-0.830219485127771,1.370417713435971
AFG,Paktika,2014,False,0.30973908261555194,1.172848908121022,-1.1714251487140344,-0.05295833536124694,1.5512076969505946,1.3476488770913422,0.7379774155453973,-0.7529323973888724,1.022027922303402
AFG,Paktika,2015,False,0.34296183181973805,1.0749553697794907,-0.1319059486365505,-0.6105705280453613,-0.5659769375017,0.32354136895043484,0.2718114679184372,0.530129885760277,-1.0908182632276628
AFG,Paktika,2016,False,0.1267785165812354,0.8870907234278776,0.11163423765330698,0.9043920738900755,1.1209891525665476,0.39832360133624667,0.5663992608148892,-0.6093931233826418,0.4856534668017334
AFG,Paktika,2017,False,0.28580558229187225,-0.3262034339186992,0.9628551904185869,-0.1898491833270203,-1.6313221568245144,-1.2215222581451466,-0.888282228224589,-0.2906114611318147,-0.6647619581483339
AFG,Paktika,2018,False,0.964158586499942,0.07118528890600173,1.019686703063298,0.28971154780776714,-0.214454346494262,-0.13253660095792597,0.18025580438841196,0.3927463689674538,-1.0131517492809319
AFG,Paktika,2019,False,1.033882584861561,0.809528050820316,-1.1436525715424335,-2.0838941334753693,1.4642395627809095,0.9317645834002655,1.2922934084158624,-0.14113031710244314,0.2425097272214936
AFG,Paktika,2020,False,-0.7273142865793524,-0.2505739305100669,-0.5658382895139964,1.309491575952778,-0.3779003225024239,1.1443572396118247,-0.32856621861138235,-0.29854709527763595,1.738778893869168
AFG,Paktika,2021,False,-1.7676319164463095,-0.8259716819645373,1.103748172850228,-0.03291848544808541,-0.08331275524185296,-1.07527823965146,-0.36902287745203016,0.38438631553428465,-0.9354852353341727
AFG,Paktika,2022,False,-1.6232075330350284,-1.3685138136258477,1.9515250493368297,-0.11765952225660242,-1.6983991692398253,-2.1184711253668285,-1.796089470031781,1.5201751059670088,-2.16610322366599
AFG,Paktika,2023,False,-0.021405951020237624,-0.5875819337398862,-0.11670473418891623,1.148691512240494,-0.8410928199877041,-0.5705884664862025,-1.11073867324939,0.07549462920705942,0.6936095204714023
AFG,Paktika,2024,False,0.44135734375287,-0.6575641099791995,-1.016730336887032,-0.8742456714270385,1.7103898337805854,1.0550489358695117,1.337811043506141,0.07086879448406556,0.7462325462475816
AFG,Paktya,2002,False,-2.2354862561265434,-3.4074361844329086,0.6667827820978107,0.3234011605450033,-0.3463532999381503,0.5897542490599527,0.049104419795785184,1.0112184035850584,-0.5561745779034372
AFG,Paktya,2003,False,1.0604428235414125,0.9055284685500532,-0.2548325267094236,0.12001706309969391,0.8387099213663143,0.5184512444236181,0.7942406992144941,-0.9151494589959979,0.13056564062960263
AFG,Paktya,2004,False,-2.607065913182818,-1.2185266050187327,1.559415365024303,0.2972103313797367,-1.6130373127361248,-2.170246652568615,-2.3359356715064417,1.5961137247915265,-0.8676043005863959
AFG,Paktya,2005,False,0.4776825294030856,0.45670700499946004,-1.4561275224499723,-1.8583407715372442,0.0023244542169813085,0.15452183092104294,-0.29949192427139726,-0.8884017998644036,0.08517436422280819
AFG,Paktya,2006,False,-0.20947786145079422,0.13356854359482126,0.7487255103272253,1.435599681382245,-0.36109328735585516,0.3023606378920318,-0.3071742278304918,1.137670865976864,-0.7356366128090813
AFG,Paktya,2007,False,0.8726172645183689,0.558004644143047,-0.3644571749811834,0.4594128106865318,0.11348329720041636,-0.6324533641956974,0.3714619182195984,2.2800947651694514,-1.2904091435648064
AFG,Paktya,2008,False,1.2508080919504243,0.5792878072420862,0.5475749412463614,0.21974058301902993,-0.5646013297963053,-0.6095482049698372,-1.3249066988951095,-0.7089984905578459,-0.24895099666354775
AFG,Paktya,2009,False,1.349154699072678,1.2672361617530248,-0.73180538691845,-0.11826799753452988,1.2697646307354558,0.7356352308440158,1.11609883531415,-0.9945958949736425,1.6793019711582267
AFG,Paktya,2010,False,0.18316764769142113,0.4487915427188921,1.0953122822327468,0.9809125793538126,-0.422028474206239,-1.1017419419772068,0.14543899070989286,-0.9215298565753522,0.6811320299422271
AFG,Paktya,2011,False,0.21043415463436715,0.29701211509666686,-0.1067754171893227,-0.7288769239201822,-0.33206603281886626,-0.11555539291910369,0.31315947795233956,-0.8484638181770386,0.03768001709444758
AFG,Paktya,2012,False,1.4709877358790386,0.945827046248823,-1.6898529067107686,-1.4277507994611125,0.018722102670179396,0.9806933366172016,0.09554992410765369,-0.7886627150748605,0.4583817893513231
AFG,Paktya,2013,False,-0.5729957313310736,-0.17847177759838065,-1.0317400196448108,-0.23740189540959833,0.6230411132765372,0.7891529370568704,1.3400164732454014,-0.7222291443246031,1.145122007884364
AFG,Paktya,2014,False,0.5531724137378311,0.31991583284115294,-1.2969227159239827,-0.733555043474698,2.0821947870546755,1.485570695023891,1.115223978165778,-0.662428041222425,1.8318622264174038
AFG,Paktya,2015,False,0.38182632156317936,0.1841317561146938,-0.16787952531250794,-0.456233415877872,-0.2096889631782249,0.22441708200394297,0.4163573615802831,-0.549567196935775,-0.23046149990325082
AFG,Paktya,2016,False,-0.03946848482316933,0.12754741301833486,0.27825185555565163,1.7427911078682918,1.3536353641928014,0.7550004938971198,0.6869561039295758,-0.5030310291297091,0.7223171649059217
AFG,Paktya,2017,False,0.030291248421910943,0.9418300462987875,0.8027113644990096,0.004105500898855071,-1.0647664063246685,-1.0635250541243848,-0.2533500212625264,-0.4100675877872274,-0.45321174049418633
AFG,Paktya,2018,False,-0.43722895068310397,0.29800822369420776,1.0519499437277593,0.16584271371388187,-0.3398035403927022,0.18695061646332323,-0.037202607629695024,1.05122494833111,-1.4513816817101852
AFG,Paktya,2019,False,0.26479897270217206,0.5839784416049686,-0.9524278456201615,-1.966412305603667,1.146949131249683,0.5434229530198921,1.0077635414022053,-0.14455109332561403,0.29951232192751104
AFG,Paktya,2020,False,-1.0741968018379064,-0.4452611277634228,-0.4343292611475156,0.5300852856429417,-0.20897901472057387,0.945458933968703,-0.21870169427853417,-0.25719414907289423,1.4296499509208247
AFG,Paktya,2021,False,-0.222185869508554,-0.03502202112132181,0.9663106115149952,0.720046599741904,-0.08811335767953837,-0.11064162590731756,-0.2551157627773743,0.0745381275996067,-0.5439942933077762
AFG,Paktya,2022,False,-0.1839468934885414,-1.2408360018449234,1.9133278123313604,0.13362112772900375,-1.7538079308062862,-2.521111523315726,-1.9285453094966412,1.9281666345914157,-2.251600091260212
AFG,Paktya,2023,False,-0.2201187147927054,-0.8675296834432662,-0.12662677550965065,1.5833629626280368,-1.4703172938687945,-0.6052834095980422,-1.6129952574835502,0.12118318967536915,-0.14598815925432837
AFG,Paktya,2024,False,-0.30321242589067976,-0.6542916466960634,-1.0165853904394737,-1.1893103548700645,1.3258314418592851,0.7187169283843253,1.1220474517946046,0.11465961629698637,0.2747136130025472
AFG,Panjsher,2004,False,,2.6109422707991645,1.185387947113265,1.4883404595664271,-1.0574837074473422,0.018857493261469228,-1.6231367384326099,-0.7764019386374396,0.25198599524970633
AFG,Panjsher,2006,False,0.48633276246829077,-0.4731780977141612,-0.28350122825889434,0.2764890182267605,-0.813002104085498,-0.7586490448566006,-0.3298829710766427,2.220322659001616,-1.467290274652196
AFG,Panjsher,2007,False,0.1922233523010468,-0.44754492078268,0.4915932461327849,-0.3179874871678101,0.9281612684616942,-1.7895704843546756,1.179673920375525,2.0901117762866193,-1.8188062457823302
AFG,Panjsher,2008,False,-1.1141574517151316,-0.9447217669478304,0.37885804155480707,-0.12398029907767882,-0.2833450882532919,-0.5278261612901637,-0.7604362533504456,0.0603276460208001,-0.8153297800569427
AFG,Panjsher,2009,False,0.6691896322820688,-0.04136824612682427,-1.359486654807082,-1.5707392698681448,0.7989101908451293,0.7434670008238802,0.82051823060326,-1.0466841075566784,1.3173070497147055
AFG,Panjsher,2010,False,0.7752954216150666,-0.05344078561359594,0.8133368705936616,1.3509174441763945,-0.3568993627885848,1.1303907617352393,-0.27262944804855904,-1.0139519126036596,2.2078674790354613
AFG,Panjsher,2011,False,0.9716192263128967,0.2026903283677264,0.4800990233689525,0.28147852396673817,-1.0186867021768486,-0.6665714251026613,-0.6278499326349642,0.429953094468926,-0.7407173294010815
AFG,Panjsher,2012,False,0.3297492230194469,0.15304628488812838,-1.5333024567280436,-0.6685717237499823,-0.19226065036303708,0.6657223791446478,-0.4686884009562892,-0.7859732426024365,0.9402553547520655
AFG,Panjsher,2013,False,0.6351144722981981,0.33164539084213146,-0.6652061608618685,-0.3440866861078611,0.6455252150710763,0.0822322551102948,1.1889101439575254,-0.48181218406032866,-0.08875683480582804
AFG,Panjsher,2014,False,-0.9535899773052182,-2.7204054521313226,-1.3327310021462069,-1.7362638633219376,1.754857310195969,0.9237227276982128,1.0770801743843574,-0.8830231327916136,0.6888875581103021
AFG,Panjsher,2015,False,-1.7149573900664443,-0.4353646973461183,-0.5535839344165073,-1.084720110080954,0.034130449780074935,0.8338691073489379,0.6707636491578742,-0.6877766577433996,-0.0013765222337067445
AFG,Panjsher,2016,False,-0.946260248722695,-0.37179374758192446,0.6914035418830499,1.0897852976989844,1.1220137643935637,0.6073236811184647,0.4485297346302438,-0.7635302487114541,0.7762678706824233
AFG,Panjsher,2017,False,-0.9891184092204407,-0.4390011454542395,0.5124759794511756,-0.47117779527108766,-1.005409985017629,-0.43933760296674956,-0.347394100476827,0.19197432292989547,-0.2527443188754701
AFG,Panjsher,2018,False,-1.1385581932044668,0.014718035556602477,0.7127256757459374,0.570935414906978,0.7658906099651571,1.0294381425672607,0.6265667935516569,-0.5351227811374206,0.29906800123141186
AFG,Panjsher,2019,False,-0.8737051837421159,0.2672960581608489,-0.6856168308232545,-0.47027650915235814,1.1964479056294928,0.2978535696841421,1.2549450912867632,-0.3394475085163863,0.3992161757197833
AFG,Panjsher,2020,False,1.0489319534058472,0.7727723275418418,-0.3750119005554353,0.44639938650056565,-0.3179997821172852,0.8826796432044518,-0.23602176091994928,-0.46965839123139275,0.8381124594220343
AFG,Panjsher,2021,False,1.536026003538383,0.9675069674603767,0.03524526076715048,0.0598809547848788,0.5692712988134836,0.3289203367235805,0.30818493415359166,0.21441731682086793,-0.30381576654048065
AFG,Panjsher,2022,False,1.2824483273366307,0.9873921001168313,2.433767061299233,1.5225188014881217,-1.4258028412269368,-1.8383479271010632,-1.5758108377979996,1.4413507520513162,-1.3328279560983736
AFG,Panjsher,2023,False,0.6340520504712625,0.0477498504727749,0.3271559344283828,1.063272650099416,-1.9550719895354653,-2.0907766533192724,-2.096637239816086,1.1481967916682942,-0.8939316723961231
AFG,Panjsher,2024,False,-0.8306355710726266,-0.42894075450772967,-1.2736084137411068,-1.36221420761745,0.6107541998562789,0.566602200570604,0.7633150114095745,-0.013272253656126215,-0.0033712430753614357
AFG,Parwan,2002,False,-0.8269266409947295,-1.7148764206667995,0.3394611256207542,0.737934128045916,0.5982795805154204,0.9935017421422049,0.5188200210030516,1.0666770836939088,-0.647182418223682
AFG,Parwan,2003,False,1.8991122588530158,1.172256422202746,-0.6414372479357852,0.09794964681968023,1.4176561407770998,0.5569778813310001,1.1008343711624933,-1.0366977992289363,1.0368084513182951
AFG,Parwan,2004,False,-0.5191609468692091,-1.522869333372321,1.8831190913080567,0.8640639098156526,-1.2807775401170025,-1.289492299960613,-1.708479077812589,-0.6513806068813742,0.3266769485502882
AFG,Parwan,2005,False,-0.8445804454706977,0.10889401084463789,-1.4750528545805008,-1.3225589202527017,-0.764234471467082,0.08563091983152837,-0.5709043109559346,-1.0783448557679156,0.13700683106705278
AFG,Parwan,2006,False,-0.17482899780707145,-0.4673948123270617,0.30555372071249626,0.8703836786469159,-1.0091143540956113,-0.5310377297041217,-0.7913396137674804,1.795664411850054,-1.3017706110995955
AFG,Parwan,2007,False,-0.7103052163680128,-0.6337887343722768,0.22404858950553183,-0.5125282875013234,0.430494604200134,-1.5344155539436066,0.7042841807673702,2.7631886478481147,-1.907809836810648
AFG,Parwan,2008,False,-0.5303798024422403,-0.6548710230873309,0.7428198695617773,-0.1687355363881831,-0.5506435044980738,-0.32945297275049384,-1.0392310965446998,1.0573131936142932,-1.1606494607812954
AFG,Parwan,2009,False,0.47804914373878327,0.5657522552198433,-1.015976812351861,-0.6075727085021717,0.3486631878929396,0.7900452833690593,0.7836700237559638,-0.9488471551183018,1.7724487334440948
AFG,Parwan,2010,False,1.5765277146817331,1.4914132326924472,1.1439001773820694,1.7540174159413389,-0.362351426211176,0.28237283274103714,-0.29193234382995514,-0.8902788137990809,1.1664095077330794
AFG,Parwan,2011,False,2.0295021827554924,1.521324926677218,0.43069920842709786,-0.36303830984015906,-1.1685525462120594,-1.2225165324136176,-0.8367824885084898,-0.6199988202433149,-0.5846447656044687
AFG,Parwan,2012,False,-0.003956447285862921,0.6908762247115111,-1.5971567108150302,-1.6307078002000714,-0.5480616120924112,0.1400112979895352,-0.8003098614003725,-0.6402822677673093,0.05842333336792948
AFG,Parwan,2013,False,-0.7012547078147453,0.6569503748505903,-0.8894797767848588,-0.5369605839339322,0.7977427582202897,0.42756872473549973,1.3575018750629766,-0.7491389575535194,0.5973991552833727
AFG,Parwan,2014,False,-0.02141894648435881,1.371601041620348,-1.3505471437313747,-1.4942132225896168,1.8167373611182576,1.1594976332173204,1.152094612720267,-0.6905706162342985,1.0322827001419
AFG,Parwan,2015,False,-0.028600981723558863,0.7137570118394919,-0.19910728826505417,0.2309081674314723,0.22310559470278768,0.8112643799767337,0.8295640508505789,-0.6320022749150777,0.4262434744308472
AFG,Parwan,2016,False,-1.1449027330021406,-1.3313829846636498,0.5258843761499569,1.3525876301158197,1.3231220448819316,0.6272934366456907,0.7620330963013408,-0.5728938528503553,0.9652192963462917
AFG,Parwan,2017,False,-1.9992206821693188,-1.122832992915284,0.506537181549271,-0.4025786137694083,-1.0148521673984565,-0.9814925307371491,-0.1706836166681649,0.17373735823763709,-0.9940195311051276
AFG,Parwan,2018,False,0.9071754142170454,1.0051870150982578,0.8472001956805376,0.5655613308676857,0.7609359617670113,1.1512894414954775,0.7817838580643852,0.21502311570081348,-0.6632282633035924
AFG,Parwan,2019,False,-0.13450968873604946,-0.22464506016213678,-0.7951597880833641,-1.0708489471137177,0.9050383334912976,0.6195014282568421,0.9372881072987004,-0.19411846858418205,0.6043934980105307
AFG,Parwan,2020,False,0.5712743259801824,0.5457011691656507,-0.3535266046292405,0.2992342667363213,-0.33760010201941243,0.9246309592235322,-0.5357224415742794,-0.24086587263773235,1.2474615969829281
AFG,Parwan,2021,False,-0.7935020161739478,0.051931785223672415,0.5697089953155393,0.7401750195429758,0.7932745751730124,0.12953786683119936,0.3330173791175999,-0.02351379214110259,0.0168687089301881
AFG,Parwan,2022,False,-0.5431730568710058,-0.6905915868077819,1.8079170502384985,1.268601676225524,-1.1063414556974827,-2.1907032782578932,-1.4570132615503961,1.2356540464277093,-1.5260010102934514
AFG,Parwan,2023,False,0.6217049173801333,-0.9907559708101392,0.2742118633277782,0.9211152471144776,-1.8691365340285349,-1.525529933537705,-1.9422283250033816,0.4911223191863626,-0.7788406342640988
AFG,Parwan,2024,False,0.8933753526065631,-0.5416365509616321,-1.2836172176022955,-1.5927891872124942,0.5966155710971206,0.9055170035185398,0.8837348615110165,0.1705539771636074,0.17650429587916147
AFG,Samangan,2002,False,0.1815664040537355,-0.6722607609948859,0.41110506346369646,0.5427409243205338,0.6767788785446399,0.740841349809873,0.2217366706567731,-0.47026629747276477,0.07099229963492283
AFG,Samangan,2003,False,0.6818553845611129,-0.3394957758077373,-1.7948209893145615,-0.6029017598675599,0.7578896075267096,0.3908122037278745,0.8444460809408698,-0.6520220364852627,0.7378244694839562
AFG,Samangan,2004,False,-0.17442463370037462,-0.8957266925567864,0.5259495036788325,1.510328183010156,-1.5039763566324382,-1.2314882355391548,-1.7617746815986568,-0.6082406637159445,-0.04674148653648681
AFG,Samangan,2005,False,1.0342172862276575,0.1541332647098695,-1.0327575501139998,-0.3688072513885786,0.241251298535375,-0.1433769534282748,0.13372578126144793,-0.6593878285616143,0.6860633253975228
AFG,Samangan,2006,False,-0.7942017577276599,-0.6091910384035684,1.215535198520087,0.3270774284996718,-1.232257907907462,-0.7323519870788752,-0.6552625485586849,0.9039048256172685,-1.088092261897566
AFG,Samangan,2007,False,0.8869621636298897,0.45907850340994777,0.4813532136045534,-0.4764597926656818,1.1831129064783983,-0.12980491023636603,1.1746864437824744,1.51889412300091,-1.1469591549832707
AFG,Samangan,2008,False,-2.7167142612398174,-1.4783007544561857,1.6948421157352007,-2.5588155492581266,-1.4726185879938642,-1.4291400631213564,-2.308935549155351,2.5865943428725804,-2.327360963513571
AFG,Samangan,2009,False,0.722429391662537,0.6991918980040053,-0.4536409179085103,0.02734069897161958,0.5503106963528086,1.133209802061793,0.9657470434325272,-0.6734647331445588,1.3082401001593913
AFG,Samangan,2010,False,0.41565747091192706,0.3510938646951181,1.0927893821302095,1.9760589524544323,-0.05076100892643597,0.4020118115125676,0.48084470185301387,-0.6778023087524931,1.183400564988711
AFG,Samangan,2011,False,-2.314742283796247,-0.5907314303129283,0.4644726003489491,-1.5754327841592144,-0.963904531814499,-0.875029271851943,-0.48971079630925135,1.4825581130461754,-1.3164540852411166
AFG,Samangan,2012,False,1.172035636454834,1.357050577544459,-1.6945865848321715,-0.6551813993445805,-0.09027292310295923,0.7306566002548633,-0.253807087063489,-0.6845134212590862,1.0656667788172984
AFG,Samangan,2013,False,0.7177690739042311,1.3166522935373748,-0.7606398841216968,1.050532659345753,0.5979150135712658,0.7149127194369698,0.7557080242589327,-0.6512069216059047,0.5449913911367597
AFG,Samangan,2014,False,0.2553363994030789,1.0381432722157655,-1.0489645003032897,-0.7024413051902193,1.2858871926282227,0.40025850736139396,0.67738087482663,-0.5602886198139717,0.8159877084759362
AFG,Samangan,2015,False,0.4183927232018212,1.3479550401570248,-0.7815227219699883,0.17551731415905691,-0.610118579938501,0.19179198607660133,0.2403415117212606,-0.669374926583272,0.29531232079539826
AFG,Samangan,2016,False,0.16974550810488775,1.1864105846884605,0.8364521325865064,1.2756921588347963,0.9937446843987633,-0.01941019677136814,0.23120758117005705,-0.4940029602924879,-0.1593904248001671
AFG,Samangan,2017,False,0.1053637536286991,0.1622065587614644,0.21466767969598752,-0.10256073541277191,-1.2161668455235122,-0.1171610357125569,-0.25239413599439775,0.18776365320652472,-0.6800658124807051
AFG,Samangan,2018,False,-0.8697905130274336,-0.9315755960605671,0.3886867861154982,-0.13998959910183426,0.652991985000016,0.1317624786090294,0.711338995917964,-0.19105063630329377,-0.07920628471664796
AFG,Samangan,2019,False,-0.7838110042173665,0.6045066406231916,-0.16144942449707772,0.9650238246737488,1.0908795098877364,1.5461092632234106,1.282283554482742,-0.6723222784803223,1.0494343797272192
AFG,Samangan,2020,False,-0.5015641019290353,1.0451538369544446,-0.5126088233420939,0.1548559580752732,1.0157601482098608,1.4476980921807694,0.49121422559851574,-0.6327963229144347,0.9245948445565382
AFG,Samangan,2021,False,0.4406637294902586,-1.8032077706483338,0.4126281055140409,0.2846268832810367,1.0500083227224584,0.024534948080468123,0.6019978661156833,-0.3513662663227675,-0.25580696397376496
AFG,Samangan,2022,False,0.8448118180579005,-1.629485767436262,1.3378650343701672,0.10329509302976138,-0.9762287476240518,-1.841805369252105,-1.4439138984167472,0.6819632761365795,-0.8424549937392795
AFG,Samangan,2023,False,-0.5962090815196633,-0.8572588812407712,0.6807230552614546,-0.3210408920139878,-1.6240335528024095,-2.23444165807069,-1.8499984004437393,1.9441033282265352,-1.49507566558977
AFG,Samangan,2024,False,0.7046508938650264,0.0856581326169005,-1.5160784746217943,-0.8894590102532843,-0.35619120159012185,0.8994099187270759,0.20313774152142594,-0.6576754403983951,0.7550999142986922
AFG,Sari Pul,2002,True,0.5601018842675451,-1.3606254075402944,0.5086122157867274,1.4037877211557457,0.47095572736038194,0.45803275037769964,0.038735261670749095,-0.6324188776462768,0.49873708648768866
AFG,Sari Pul,2003,True,0.06823756447271284,0.4709295538583813,-1.8919421848726474,-0.05422013742527631,1.0906657182584236,0.4585154035110562,1.2075421627030352,-0.6283433472167296,1.195510886016872
AFG,Sari Pul,2004,True,-0.3944023362096062,-1.0786198810907703,0.5081531562330723,0.4560240733621443,-1.4714492209635592,-1.362927778795936,-1.7242560748251694,0.12320981691710162,-0.5823558939477254
AFG,Sari Pul,2005,True,0.6837280958047118,0.9255344510699224,-0.7086493639982735,-0.4769474729002329,0.15033063571336988,-0.21346371329346162,0.2604322851372452,-0.6532178077289562,0.25189793777555636
AFG,Sari Pul,2006,True,-0.8674011767422289,-0.01893237460934765,1.0718249509132127,-0.23900470359484227,-0.7284639896221159,-0.40837983114917775,-0.2463326091044107,0.4289575203555662,-0.8385686812185442
AFG,Sari Pul,2007,True,0.5227500556780492,0.94973665125497,0.48641060352882226,0.06089887275436675,0.5682427242032234,0.19069172210915347,0.7477098454711328,1.3628849525065914,-1.1041551070480553
AFG,Sari Pul,2008,True,-1.9930200805523461,-0.7995750384894872,2.048731248633331,-1.9529445297167902,-1.594099038570921,-1.673398124264528,-2.5260802738026107,2.8417334872844493,-2.4008417743333035
AFG,Sari Pul,2009,True,0.36714718832156185,0.9298378280470072,-0.5452888866988607,0.4478289837086795,1.9911503175100038,1.3946539565085425,1.4450815921115083,-0.6809497145058605,1.5267127817571946
AFG,Sari Pul,2010,True,0.6699860420641307,0.9457118327692517,1.3022120184600423,1.540722187048468,-0.39721630857790613,0.6499649557665999,0.4811498642141433,-0.6856809897753329,0.8486862593453905
AFG,Sari Pul,2011,True,-2.6693178747308726,-1.5211734947118734,0.26549298768861085,-1.7742981633428052,-1.0935819417914587,-0.6995900598997753,-0.7392757749923768,1.2041518109567717,-1.0666605528133046
AFG,Sari Pul,2012,True,1.0035818289083631,0.7253779012408633,-1.506326616329817,-0.7921010217099499,0.03309125057310808,0.7279798256661492,-0.11478239924517382,-0.696978291501571,0.5924734720745682
AFG,Sari Pul,2013,True,1.5261009773515837,1.254828209957618,-0.9827450737858735,0.8457574084947425,0.12004622216927938,0.2725499734296072,0.16489271556851068,-0.6910680098847258,0.533107094536205
AFG,Sari Pul,2014,True,1.0879752892764505,0.875255416907987,-1.2344108401276488,-1.4403874354584412,0.5848898203037517,0.15764686396180536,0.3991102317755223,-0.6491966049968866,0.19878065260964795
AFG,Sari Pul,2015,True,0.8195017945507163,-0.1594289185274781,-0.8045050140740603,0.5034704190064934,-0.5239524220228137,0.27025549046573116,0.4606830859167764,-0.6520931290790629,0.27689430726538655
AFG,Sari Pul,2016,True,0.24636228437519012,-0.46615547261586776,0.6738305059011689,1.465557474142675,1.0095000823806892,0.006964619987645949,0.2139450769692492,-0.7151694921045375,0.5612280102122694
AFG,Sari Pul,2017,True,-0.5542661518807308,-1.8042353312838313,0.09545337367184042,-0.30370379526079017,-0.9640417243136766,0.20971584786055303,0.2971868382183475,-0.5078035301226229,-0.1855385282965836
AFG,Sari Pul,2018,True,-0.20450383629509786,-1.2087583142850022,0.17903592274999164,-0.9390098269822658,0.23240410958306848,-0.5262714014641203,0.30293870339700324,0.7295917484071185,-0.7260850185142924
AFG,Sari Pul,2019,True,-0.8594398211582776,0.8881764347877069,-0.3130488006926518,0.9104574413135819,1.2105433778913994,1.8607541341783067,1.0444912838463638,-0.7400048747992674,1.276749086858828
AFG,Sari Pul,2020,True,-0.0684218085236944,1.1852274248138228,-0.7068432403301416,0.3646503530998394,1.0503395936490179,1.3469444202661063,0.5384329844017028,-0.7395988467443116,1.0111626610293165
AFG,Sari Pul,2021,True,0.08180631983065208,-0.32180294563376544,0.6203652000855155,-0.3587052465260082,-0.17258332353582137,-0.9913235273317145,-0.39134666164090837,0.776311662016922,-0.8354441350323267
AFG,Sari Pul,2022,True,-0.02650623880881272,-0.41130852591981226,0.9336378372576398,0.3321673988306664,-1.566771610197445,-2.1293155278902436,-1.8602581377906402,1.2056825176616204,-1.0322905447647883
AFG,Takhar,2002,False,0.7375529764623614,-0.5152553315238466,0.24804652513279124,1.242558936527583,0.08454290567733078,0.4365825712704697,0.18392262139100102,-0.7109469255940708,0.7608430602678671
AFG,Takhar,2003,False,0.7445360116431481,0.6997825348720399,-1.9461625524210866,-0.36014906832294347,1.178559191902377,0.28801659541666064,1.1669065029405035,-0.6953429844298447,1.0327263422218818
AFG,Takhar,2004,False,-0.773352816175709,-0.24629850942702836,0.30588257479702025,0.8631587798405322,-1.1392165090505255,0.00039526369296110964,-1.380470016601541,-0.43693769007019345,-0.2399704700890189
AFG,Takhar,2005,False,0.5265698295844563,0.449308941231424,-0.7487542232929133,-0.03733832765974039,-0.14858144526732206,0.22606551403935982,-0.39442468651806684,-0.6634070620618214,0.4531619284826962
AFG,Takhar,2006,False,-1.5062496104460865,-0.9672316547122506,1.2635021489334344,0.6327532633248975,-1.0787857749610354,-0.5279087935097457,-0.3661025061453698,-0.2612138598877908,-0.7493266977252534
AFG,Takhar,2007,False,0.1440946681353887,0.29154367760676947,0.6207613583742404,-0.17548501613702897,1.8948965013463728,-1.1841880172979105,1.8866171548688662,1.448903273367415,-1.3901498351095976
AFG,Takhar,2008,False,-3.412583331831781,-2.447129418831132,2.0354981941534884,-1.9266825945821229,-1.546673788818042,-1.2126183104721515,-2.179237837523103,2.8783609713697476,-2.452222089111649
AFG,Takhar,2009,False,0.6261336226962051,0.6301957297379182,-0.8589541203157856,0.42326043101312466,1.0390765554666512,1.0136801173781833,0.8493039061417462,-0.5995352173257752,1.6109032424017018
AFG,Takhar,2010,False,0.6901528397426231,0.008192169122683972,0.48569831943248043,1.273997500985254,0.36323887450228554,0.9705934406001802,0.6342409280637205,-0.5777429358252296,1.0402882911203084
AFG,Takhar,2011,False,-0.24428722959890636,-0.8648102259500748,0.6647471326195528,-1.9146195551813683,-1.3048957368290623,-1.2255393190022361,-0.8125448435155579,2.3536613638027446,-1.8471968015584577
AFG,Takhar,2012,False,0.6571471704077909,1.2685074559236553,-1.302388501793916,-1.62837856260445,0.429677115848632,0.3854031014506988,-0.09896843295555459,-0.4788273298170905,-0.10094161144248222
AFG,Takhar,2013,False,1.1002670554258054,1.6293152907069735,-0.2098396466257212,0.586543331445627,-0.5614488728021495,-0.4000898544849986,-0.15713217366753682,-0.5247427719962316,0.873023531541039
AFG,Takhar,2014,False,1.5033399789386863,1.8312271515315375,-0.9697214991224338,-1.1612871364871153,1.0225781272897634,0.5845732046545841,0.6355316573533989,-0.510230890891351,0.3726167663625956
AFG,Takhar,2015,False,0.4905076224345373,0.5497868644976401,-1.072211716848439,0.007305165850699013,-0.3150296213621683,0.061749792204640386,0.2260666973681593,-0.4979031299051738,0.43387549000775494
AFG,Takhar,2016,False,-0.39744873317060686,0.0147555995464364,0.7222824248530348,1.0922247719566553,0.029741430532789468,0.45394286118046767,-0.22727902493732166,-0.4535416071780676,0.2845096553440652
AFG,Takhar,2017,False,0.29571155530026144,-0.5759149992967696,0.20719535563599584,-0.2076116423081331,-0.8788098242242861,-0.20259088735913602,-0.3124855610327375,-0.34620462102846494,-0.07548073762847594
AFG,Takhar,2018,False,0.32421791301701663,-1.2993584002875547,0.5150993369543497,-0.3303062214559272,0.36054255219577347,0.37655061154913216,0.16510419170028923,0.18921990838623134,-0.4354711306010179
AFG,Takhar,2019,False,-0.44353848493733244,-0.18469115388215582,0.0700966637683026,1.243517831043016,0.5835679692214231,1.1322686567687221,0.8222989250930005,-0.40745782372495104,0.8895349428972539
AFG,Takhar,2020,False,-0.14266986899864464,1.3097254862579615,-0.4483945046845274,-0.5886587552240564,0.5835178728772884,1.0069492748797413,0.006936913645361601,-0.37947720188809053,0.4593363638217612
AFG,Takhar,2021,False,0.01788946736831561,-0.12604196486778538,0.12122463552670718,0.11005327511554278,1.0694083635322298,0.35843305601048775,0.909302650466964,-0.3329315590422889,0.3099705291580715
AFG,Takhar,2022,False,-0.23744600154093048,-1.0021543488079745,1.1162560596460622,0.31969250353653506,-1.1311314031208748,-1.5214526999280922,-1.5207183419395212,1.3426036723335133,-1.3137672136675853
AFG,Takhar,2023,False,-0.07616038233899469,-0.31622299090148176,0.9116428648463232,1.2993899061316045,-1.5765673423534354,-2.6019398427824365,-1.4031039126593199,-0.026160521737920033,-0.339802070684064
AFG,Takhar,2024,False,-0.6243842521176047,-0.137231902546985,-1.7315068295689602,-0.7639388168081851,1.0417928583959846,1.5811236637404176,1.3662351884626203,-0.31014505685529564,0.42353851399060505
AFG,Uruzgan,2002,False,-1.7694076002923422,-1.0268369788345522,0.695175765449199,-0.270798001546519,-0.2802077813112662,-0.09677423814276229,0.23500259503356624,1.4054823173781048,-0.8951440787986295
AFG,Uruzgan,2003,False,1.327011068394265,1.228078152996933,-0.6408877667553949,0.20766894510980702,0.48180466443571285,0.6973693572097498,0.6339142390748889,-0.9229518659963623,1.0397317793668102
AFG,Uruzgan,2004,False,-3.0182717567792876,-2.771855809245694,1.5888039789503328,-0.2649306362691395,-1.5081181403831756,-1.6986739581431072,-2.7666912989239796,1.0991353609953323,-0.836659166209245
AFG,Uruzgan,2005,False,1.1880492144645503,1.2179586763458714,-1.2737609079454564,-1.057137193243895,1.1708333159311581,0.46526922805728377,1.050430674304893,-0.923039381721248,0.6498323621042545
AFG,Uruzgan,2006,False,0.7833571544855159,0.7436043256584489,0.7783018349061502,0.4340123147756828,-0.7088791694012159,-0.07549059740389395,-0.320510261530458,0.1687336269901121,-0.5539820886938903
AFG,Uruzgan,2007,False,0.9217334709920149,0.6926764207033886,-0.32391841891192263,1.347144748242312,1.2100989591802283,0.686351877972397,1.1945183163816053,-0.15654798158313615,-0.1884513850102393
AFG,Uruzgan,2008,False,0.3874759984212449,0.09163573007014868,0.7388541528518041,-1.2053103254729154,-1.0251650090890865,-1.0867343585576252,-1.738799411748835,2.210127631859595,-1.8406501656603245
AFG,Uruzgan,2009,False,0.7674707590913484,0.5908206107932866,-0.951926863180912,1.047027730326325,0.5889613702487586,0.9251969202097616,0.2323020685948118,-0.938843692038127,1.8130322902708877
AFG,Uruzgan,2010,False,0.4868817787077013,-0.33651700524706896,0.8650088618189102,1.3377124801735711,-0.8111943556648316,-0.9171336333950331,-0.4559313770227653,-0.2411517861903181,-0.13808937694715756
AFG,Uruzgan,2011,False,0.12055196881327249,0.2673746136468166,-0.055258214104108166,-1.1038756492202244,-0.26353575454244405,-0.38903908311612484,0.38853919372810136,-0.41348973727827915,-0.22094300311545056
AFG,Uruzgan,2012,False,0.17340373842648935,0.05740356408043055,-1.410172446877852,-2.2967960011714985,-0.5556334935996631,0.0076588952834656335,0.02133247349013615,-0.3286888384335554,-0.1543351859997632
AFG,Uruzgan,2013,False,-0.44501095378622385,-0.5394699719590398,-0.4831384322590217,1.1455278955674242,0.2414356899514713,0.9006078127189321,0.7996818191446203,-0.9003176520074354,0.8090412908198051
AFG,Uruzgan,2014,False,-0.7583516066629135,2.1553554300787545,-1.2336140725896443,-0.41813654807499245,2.438907679715048,0.8892381990836002,1.4749942027231162,-0.9193398199227971,1.025110551219473
AFG,Uruzgan,2015,False,0.8716305444543776,0.08287226661281462,-0.1815843731932665,0.15862264222358605,-0.7202450660518966,-0.0391511844155679,-0.016974275868157515,-0.5610265409036547,0.269680430273269
AFG,Uruzgan,2016,False,-0.20858796780995723,-0.9717947006701607,0.0560815485687388,1.8354585636057137,1.6158111736893028,0.514555381652868,0.9513275644978448,-0.9573841557535205,1.1583261854508509
AFG,Uruzgan,2017,False,-0.33354488759025286,-0.9472907612406891,0.4244186348495214,0.013803177695465324,-0.7688826061466605,-0.321330944189849,-0.018680430470394725,-0.6537733527692607,0.32816534286265686
AFG,Uruzgan,2018,False,0.7863766945940311,-0.3616338091636562,0.9358588888918221,-0.2915528846503924,0.041626860268672974,-0.16411901399718934,0.0351391659830916,1.6801552001900024,-1.697687045997379
AFG,Uruzgan,2019,False,0.1428491703868801,-0.6973609066835598,-1.0647762949191344,-0.9374737570573625,0.1311771533764009,1.7222021709704534,0.44339656622178086,-0.3743944773227336,0.4613809770940316
AFG,Uruzgan,2020,False,-1.2465904550668678,-0.7965824660977359,-0.6646159829463417,0.9424435802935135,0.01852585761590654,1.3891752967335937,-0.08432351670598935,-0.7655423325502285,1.27529601062962
AFG,Uruzgan,2021,False,-0.06018944646473954,0.15416023307170307,1.4197429422423784,0.3694559718257842,-0.08105849647105097,-1.8681506263684438,-0.473726407912707,0.7913877853012984,-0.750556378230416
AFG,Uruzgan,2022,False,-0.26933065053670124,0.0737214769163619,1.7792965479712437,-0.039012636089347116,-1.3833428292498424,-1.868704845041677,-1.3544824311960766,1.5876929982868226,-1.5059864991766196
AFG,Uruzgan,2023,False,-0.18314062036594886,0.4275126510555079,0.48958276698685993,0.03978840731372575,-0.9070110626054404,-0.5312125698496427,-1.065850710283705,0.7421796788512109,-0.7668021872830216
AFG,Uruzgan,2024,False,0.3356343841235439,0.6661682571116899,-1.4874721498039054,-0.9936428243566243,1.0740910401039134,0.8588899127288112,0.8353912424846117,-0.6284029853818214,0.7196893410304774
AFG,Zabul,2002,False,-1.4009437859731744,1.0806811437807344,0.7906537916613381,-0.9524512075882721,-0.06960786873394638,0.13286704316915388,0.5494792907304907,1.7925882001745368,-1.2328468642342327
AFG,Zabul,2003,False,0.7808279209051433,-0.2580460196175208,-0.5859125050630783,-0.46618709331036823,0.6130735390502713,0.567621440316999,0.7183809613675135,-1.199285606305194,0.8870743109563927
AFG,Zabul,2004,False,-2.713099024455438,-2.3227990191209114,1.5936483001613022,0.1736291910585643,-1.190331121704313,-1.6062078468635628,-2.43355910233608,0.9791637111219673,-0.7811626585726663
AFG,Zabul,2005,False,0.7270280130760851,-0.23443740480339717,-1.4681530910043943,-1.8674301862425737,0.6618105572858168,0.41806859133114566,0.7766840710779334,-1.12977657029409,0.6702600204909558
AFG,Zabul,2006,False,0.17585167389147457,-0.22665203871365913,0.847475044247455,0.9642680555042297,-0.20032539010055328,0.04235476467493945,-0.08827185413335646,1.6551694931453957,-0.9979769490380899
AFG,Zabul,2007,False,1.3624367543063063,0.1205739542689885,-0.3571491695972058,0.9927093789109442,0.8853914155109552,0.4923617214977189,0.9105582684185484,0.8227076273711301,-0.8092736515476956
AFG,Zabul,2008,False,1.1784792140825195,-0.4427337899109551,0.5174759457164598,-0.007843655501135464,-0.9179273943941967,-0.7844557316462935,-1.7365218128480913,0.5126095748544305,-0.6948479647380794
AFG,Zabul,2009,False,-0.16479755880716737,0.8280076502090787,-0.7517363354103493,0.7603755392668726,0.564403165505754,0.886371967927339,0.2866913214313335,-1.0092492527234778,1.9450164852179919
AFG,Zabul,2010,False,-0.3144210602459889,1.0896351329795066,0.937806423791656,1.4554493519730625,-0.8524666306858016,-1.2309495188421427,-0.5286358298138659,-0.6490574563698494,-0.02033092703416572
AFG,Zabul,2011,False,-0.12304606144478314,0.40621283956022913,-0.23101059794050124,-0.6530879685860731,-0.29007943315073914,-0.33266396680393584,0.25069976060616644,-0.8429719350823588,0.09409475977545043
AFG,Zabul,2012,False,-0.29548644715816896,0.6197112651015334,-1.337739299764418,-1.4435915523315306,-0.38112022094839837,0.029127464591226962,-0.07488162572812607,-0.7724686251370559,0.28279805726584434
AFG,Zabul,2013,False,0.6640780678966888,0.457384142976084,-0.6918748495316612,1.0870240029622724,0.2655381704066602,1.0306904447360568,1.008768583238573,-0.8763947655184685,1.362832682925576
AFG,Zabul,2014,False,1.270567808688902,-0.557660970273364,-1.1475207015668285,-0.36019405217597317,2.0542189014834564,1.0808163514658062,1.1363881373492501,-0.8447220399215157,0.9573150949697581
AFG,Zabul,2015,False,1.2444736047460812,-0.6479025647351009,0.023966304581306358,0.054518647203683754,-0.9147655720819236,-0.2115176479629065,-0.32704568482595164,-0.20686074755309863,-0.2652562104746318
AFG,Zabul,2016,False,-0.35623170778601676,-0.5196401309875327,0.1448162455571997,1.8388033550192755,1.6323215630349128,0.36760809287730617,1.0045228086350295,-0.7749048246695519,0.9633336365466558
AFG,Zabul,2017,False,-0.3245533502285757,-0.5437704682374945,0.43274389614473774,0.26690164619696155,-1.1555519585310703,-0.6793943505491937,-0.4970349353595761,-0.5561672998706272,-0.1106824475361777
AFG,Zabul,2018,False,0.1624233623088841,0.6571866737197356,0.9896984127547913,0.3796461218105204,-0.2991942823097956,0.0754291450080525,-0.09510361241810884,1.074339327307595,-1.1104209209382203
AFG,Zabul,2019,False,0.66709281489147,2.1542613412197604,-1.2214457031499326,-1.7063985509959525,0.5209343354436399,1.4134430592900649,0.9547087961171596,-0.2607628803092014,0.11816892608306737
AFG,Zabul,2020,False,-0.817032385359878,0.900638835046289,-0.6667206909544307,0.8506060162281399,-0.20792675325679152,1.0794244510529334,-0.22584101445128177,-0.5834962817011717,1.3467587731043553
AFG,Zabul,2021,False,-0.8590800705475462,0.693302544027998,1.4766951184583066,0.09570103246918803,-0.4907583387254277,-1.5984139378476314,-0.6960226012958801,1.169357504098439,-1.212809524594041
AFG,Zabul,2022,False,-1.142846631784242,-1.7438179472576285,1.7578666950623565,-0.006208736611986657,-1.4811554551898816,-2.2038547786847813,-1.5406758462483114,1.7557528632432493,-1.9154375552729712
AFG,Zabul,2023,False,-0.5593161895193771,-1.2935485630204242,0.2443547786926359,-0.17134586984829206,-0.8000880433753386,-0.39243954349198557,-0.8305949540446151,0.31741060993837955,-0.24118204416701486
AFG,Zabul,2024,False,0.8375950385168012,-0.21658660621194867,-1.2979380128467446,-1.284893465411558,2.053606815466711,1.4237127847536901,1.4773068745312463,-0.3729806257994623,0.7645749708119386
BFA,Bale,2001,False,-0.3895568021401544,-0.1106060493275357,-0.22906976991719066,0.20552769163188286,0.38074590623833504,0.8909347616725,0.8323735515185124,-1.3625695216775862,1.870969885622548
BFA,Bale,2002,False,-1.1408292449174828,-0.4079100679198498,1.852001516598335,-0.8408206560414218,-0.9186206973398342,0.17769795442056285,-1.2178915540266444,2.285021369612627,-1.950865164473405
BFA,Bale,2003,False,-0.6618849194433123,-0.6448629197828194,-1.142018951308161,2.213256626843325,0.9524983778085427,1.0877290791753165,1.3244196183863712,-1.3147536755646227,1.9533507953709717
BFA,Bale,2004,False,-0.3323890985693221,-1.519477663263258,-0.33733541669070827,0.800991565751294,-1.3121516747276334,-0.8831747744962168,-1.5451248358728378,1.2839014051152497,-1.329457440077981
BFA,Bale,2005,False,0.015358508757340069,-0.8269387680709365,-0.03305389844238582,-0.158408291866477,-0.7089475847193862,0.4034969488613985,-0.8565955349920814,0.1764435346223159,-0.8390779729979438
BFA,Bale,2006,False,-0.4368126202041725,-0.6776585542969147,-0.2987955466667441,-0.8982988467210965,0.19586324074934633,0.6997487045187643,-0.34724217708470334,-0.47184316069962157,0.010652703846777916
BFA,Bale,2007,False,0.26392736134788436,-0.11094576479557818,-0.35760766541672157,-1.0393240403267139,-0.11833202294320853,-2.8134173947450556,0.1292445877329023,2.3011903596388756,-1.4753994827788541
BFA,Bale,2008,False,-0.22401765131002999,1.1017240268749784,-0.9878933912664887,-1.0164299494014026,0.8742062489162685,-1.0187754997658438,1.0311416905272228,-0.9422130271967031,0.45238482335986807
BFA,Bale,2009,False,0.5083928048725573,0.47038456875756396,0.814209814625847,-0.20713054560847494,0.13123886790904243,0.36452955570380946,0.28175754372961104,-0.819884085249927,0.5834130806752388
BFA,Bale,2010,False,1.313396537625829,1.4376990130846155,-0.02590632195263741,0.42134857909940404,1.3555397645081089,0.5115301263038533,0.5138652857344139,-0.9473198953032814,0.8941169428729592
BFA,Bale,2011,False,2.16354992414242,0.6237904564093458,1.2124589601847195,0.7647506872317658,-1.839629343275133,0.4469123019523145,-1.4362097215208958,-0.33612213999037915,-0.41225963887033906
BFA,Bale,2012,False,1.5067862810930124,1.2275942332074352,-1.3077509028505077,-0.36691713897378464,0.9212982969145896,0.7957819105549542,1.5251505127869591,-0.9448119843854653,1.1561734575037166
BFA,Bale,2013,False,1.3181185859463094,1.192499083468224,-0.6147512965241535,0.5266836111493294,0.05461156724898716,-0.11487937491400536,0.10465173934943454,-0.47601059682874,0.3888236904074186
BFA,Bale,2014,False,-1.5907369783159429,-0.2403839621815344,-0.13061514050838685,-0.13012735601756684,-0.18444665891867773,0.36058850112917923,0.17322167541549907,1.0390614286797966,-1.0972284962181975
BFA,Bale,2015,False,-0.049550320458306145,-0.47881111805887405,0.97140872267624,-2.911576602433741,1.817351400558098,-2.784252627517682,0.7986683218174626,-0.13464501932536913,0.1118533903911747
BFA,Bale,2016,False,0.23411857571304423,0.8728905155507137,0.7515976943118498,1.0873273639584442,-0.013357484869649218,0.20138791709759468,0.4834412676092089,-0.26360378518360245,-0.11646956205810613
BFA,Bale,2017,False,-1.437108112031851,-0.05394516372914701,1.2705444253793787,0.7752559604075178,-1.9237868572037002,0.3918304752791692,-2.231577188493984,-0.08797139006606491,-0.16511690962506914
BFA,Bale,2018,False,0.6234336695557653,1.4407959645573492,0.022854472569803462,0.17932929892353647,0.6308517761842402,0.19918065452399203,0.5214512541318064,0.1089823863197858,-0.21376425719201622
BFA,Bale,2019,False,-1.046733953776426,-0.40707460177082205,0.5040897473312687,0.08106565780424736,0.5401869468190222,0.3120584758025823,0.3742679097536145,0.18409969831531606,-0.26241160475897923
BFA,Bale,2020,False,0.9369000063798179,0.5441845418361086,-0.8074195930732144,0.3696922534660267,0.04090816818013603,0.1714530164074457,-0.09256955773982399,0.3742001735792032,-0.31105895232592634
BFA,Bale,2021,False,-0.08863993177065042,0.09150315394639505,-0.13617659615420985,-0.16697911385832842,-0.3470164397383778,0.1898480990186179,-0.020023824122575012,0.6777608563065767,-0.5393819047752231
BFA,Bale,2022,False,-1.4093435501508775,-0.9521997899519647,-2.383220141074894,0.8691601445525463,0.9566670973752425,0.23992859171400718,0.976232207219875,-0.6292042246254926,1.2087267964811652
BFA,Bale,2023,False,-0.07637907234545298,-2.572251134543495,1.392449278168962,-0.558376899570313,-1.4856788956743598,0.1698625973027417,-1.3226527718593482,0.300291293907108,0.08202581962020178
BFA,Bam,2001,False,-0.16919547516524894,0.22838411931045605,-0.23531326581823694,1.0825231014227892,-0.31173489721356873,-0.5017228944906622,0.15164678985246505,0.2309410302855367,-0.3302235906446622
BFA,Bam,2002,False,-0.9057817850218569,-0.893357334907992,1.9917146403849275,-1.3239826819882203,-1.2959059817028504,-2.43472216040832,-1.5134774274173102,3.2860548630788373,-1.5921124840486083
BFA,Bam,2003,False,-0.20685367048117254,0.820288622211102,-1.7163733899965499,1.48149089658133,1.1667189341865525,1.4887893424855774,1.0626557739066125,-1.0901288195135297,1.3364221176246582
BFA,Bam,2004,False,-0.30371738798377446,-0.8158672398072211,0.2419967154629145,-0.17546770462412206,-1.0238155527104318,-1.034780006393793,-1.32903617445116,-0.283211100615631,-0.673756685614474
BFA,Bam,2005,False,2.015105454327605,1.1546710350703155,-0.004084978203241494,1.3447311235058232,0.11006428181494296,-0.7354185716503316,0.5185924274579644,-1.0118993229049282,1.2071720422894965
BFA,Bam,2006,False,-0.6569815670647873,-1.2577366272704487,-0.08251587373089904,-1.35337747203008,-0.6797838936177771,0.5219916355998035,-0.8296117098404018,-0.969333774732791,-0.20437483308146562
BFA,Bam,2007,False,-0.7030464653344806,-0.2361077231810289,-0.647238214790745,0.07573756778600349,-0.11015558830408037,0.1610488423577091,-0.2557161413381412,1.7562286706821437,-1.0172897805842849
BFA,Bam,2008,False,0.04518662887085662,-0.4734426870530116,-0.4278546490288615,0.9309068878943955,0.5227272475447008,0.4112202162959058,0.7660802277348743,-0.8928296780581076,1.1629549112537698
BFA,Bam,2009,False,-0.6452267891411088,-0.29433519606272057,0.7838966845963786,-0.36289509336105863,1.2314227339260453,1.3862216038642186,0.8572113657841243,-0.28778375142864776,-0.5479079280512774
BFA,Bam,2010,False,0.6454177100554244,1.3829308450646183,-0.24004306006025633,-0.8450243510286889,0.45317282218528376,0.7532867096990329,0.5062523082430049,-0.816325581383434,1.9316527277208633
BFA,Bam,2011,False,1.2927056421769854,-0.8465843952939807,1.8009375836123733,-0.7575852984084926,-0.32744473510916056,0.11687957594760344,0.19088320620670476,-0.1784970560095186,-0.9764739673205243
BFA,Bam,2012,False,1.0450338923456013,0.4221612220544868,-1.5159652511125654,1.0656649510983625,2.2901009884943915,1.1213949999990502,2.2980521639060134,-0.7294690851052414,0.9044547605834197
BFA,Bam,2013,False,0.2250517698895816,0.4902400670796419,-0.4107745697203065,-0.9229665946140407,-1.0846722129676005,-0.03382259859820111,-1.2530975865778795,-0.6765511373295952,0.9894877048828814
BFA,Bam,2014,False,0.4481125806223151,0.873855545834528,0.9484955821427422,0.13187993980155846,-0.7705736537937301,0.1347511450631012,-0.9881325161990013,0.06652678401333036,-1.020691098356251
BFA,Bam,2015,False,-0.7627666427992117,-0.31521332095695415,-0.43539007901417676,-1.411771102189058,0.055416273124611906,0.7752601191558104,-0.16849677873495295,0.28853392531296007,-0.6363421901227042
BFA,Bam,2016,False,-0.6264251123928574,0.15909330163080948,-0.04176075618080031,-0.19024628601615817,1.343656999185887,0.13075109303645818,1.3505905332420076,-0.4901908950599746,0.346638645979011
BFA,Bam,2017,False,-2.221854582095377,-1.494716398088805,-0.06153122751505936,0.0714473338957614,-0.7180807691127291,-0.21167308907898197,-0.461735676863983,0.43060321947652513,-1.2145662113590203
BFA,Bam,2018,False,0.34839449494239444,1.2973834369940545,-0.33086882899753806,-0.18625551005219024,0.6400854888071305,0.8379814495937373,0.360805363090254,0.02629018476384917,0.21738857064382267
BFA,Bam,2019,False,0.8373787430447377,1.4019386876153443,0.6903229017746131,-1.6100328786981626,-0.33738259914846486,-0.7440322648136278,-0.26252580290604927,0.2569243257330699,-0.44586839489192676
BFA,Bam,2020,False,1.7378695018271857,1.4062828545996982,-0.9577082198034296,0.14940821041875313,0.9817335047410276,0.10133884486794018,0.6924486088926194,-0.31302710263575306,1.2854023510450012
BFA,Bam,2021,False,-0.7924247328529495,-1.3958564683466657,0.8201682727532852,0.9397581987326155,-1.8861875745805934,-2.125354019386884,-1.7844655458440195,1.230636388045216,-1.1737503980952586
BFA,Bam,2022,False,0.5685175007858676,0.05384118827152522,-1.6175224052742732,0.03722927485492926,0.5118390119459727,0.7440434157807007,0.48903197941858767,-0.08641321171018648,0.10854640194051504
BFA,Bam,2023,False,-1.2144997085557296,-1.6678535347677517,1.4474123885197059,1.8288274870179497,-0.7612008276955589,-0.8634333889258475,-0.3979553875623336,0.25292112509587095,0.34323732820701924
BFA,Banwa,2001,False,0.46108582086017247,0.9173530557827645,-0.42017670548606423,1.7802882569446727,0.40014800741928325,0.7303277135818901,0.7826103740147689,-1.3625695216775862,1.870969885622548
BFA,Banwa,2002,False,-0.02794579815052923,0.6868117433054857,1.9642106555633214,-0.444858457291082,-1.1889795134227694,-0.62335061608734,-1.5908890709124588,2.285021369612627,-1.950865164473405
BFA,Banwa,2003,False,0.1841333512406263,1.5492685090003873,-1.6474825105654878,1.2404679641765162,0.9913401595572258,1.1403677559499423,1.2710442220449978,-1.3147536755646227,1.9533507953709717
BFA,Banwa,2004,False,1.1074728969284007,0.1191362698439502,0.300834155801649,-0.04485464322245946,-1.023778194034132,-1.0755471683800575,-0.997627173991386,1.2839014051152497,-1.329457440077981
BFA,Banwa,2005,False,-0.3644603517577378,0.03393872459469657,0.44629138296008813,-0.580882093067605,-0.5316046043097135,-0.4931689903908103,-0.8127491341434026,0.1764435346223159,-0.8390779729979438
BFA,Banwa,2006,False,1.0337648522286398,0.5734376914523527,0.2533056829024055,-0.28570474361111664,0.27393174097356615,1.400887471537056,-0.2154837584538294,-0.47184316069962157,0.010652703846777916
BFA,Banwa,2007,False,-1.821955624023494,-1.0967489993812638,-0.5267483255185357,-1.487159000437896,0.7147862124422232,-1.5327512581320548,1.145665281021062,2.3011903596388756,-1.4753994827788541
BFA,Banwa,2008,False,-0.24099299897557325,0.459249227032955,-0.8932945010716296,-0.7106734734937645,0.2907185918788085,-1.7566023258320358,0.32858775561640546,-0.9422130271967031,0.45238482335986807
BFA,Banwa,2009,False,-0.28955134941722827,-0.3363362219532431,0.5937852016664102,-0.35406389272642264,-0.20240327548750137,0.5862043766209949,-0.29363854451509697,-0.819884085249927,0.5834130806752388
BFA,Banwa,2010,False,-0.31845671095238914,-0.5748259680175705,-0.4153686344084918,0.4911545075104318,1.1346494980714026,1.184485875923139,1.0510341045874494,-0.9473198953032814,0.8941169428729592
BFA,Banwa,2011,False,1.5069252109097862,-2.6597195255169326,1.1628303179646466,0.03133863737844798,-1.5362997885313505,0.5329737546564777,-1.6949750357149258,-0.33612213999037915,-0.41225963887033906
BFA,Banwa,2012,False,-0.2536933680145818,-0.5000752029205426,-1.6930069773815717,1.093795652685567,0.8776957463216166,1.028920838553833,1.5681225445696125,-0.9448119843854653,1.1561734575037166
BFA,Banwa,2013,False,0.32725016930376766,-0.04273260314299793,-0.408993030973164,0.02553359591827352,-0.6462870539748052,0.5229586797378942,-0.5248006874949239,-0.47601059682874,0.3888236904074186
BFA,Banwa,2014,False,0.3775725898555179,-0.3024586838380913,-0.016646027422512595,-0.015474714668401153,-0.923162591623158,0.5791443568956703,-0.5674878653985529,1.0390614286797966,-1.0972284962181975
BFA,Banwa,2015,False,-0.2582793610656526,-0.9167497754216936,0.3327447584430108,-2.7349283104082853,2.7319125804893654,-2.615170552554633,2.008615872838358,-0.13464501932536913,0.1118533903911747
BFA,Banwa,2016,False,-1.744768822304851,-0.817182480761917,0.5892806899184972,-0.1069287510866187,-0.5863425535664876,-0.034851203537070004,-0.2932470922090168,-0.26360378518360245,-0.11646956205810613
BFA,Banwa,2017,False,-2.5999540558195586,-1.245062603608627,1.0380348480051644,1.354392606644592,-1.1789729288771607,-0.2977691257665833,-1.4577615450308783,-0.08797139006606491,-0.16511690962506914
BFA,Banwa,2018,False,0.2459539490142498,0.3381566429863521,-0.08263159357554056,-0.1665092529986129,0.5999827654323004,0.2742373209316606,0.3609058126098996,0.1089823863197858,-0.21376425719201622
BFA,Banwa,2019,False,-0.41064743352941374,-0.4797503104515313,0.6932840608200033,-0.4215510187610723,0.4937037792095142,0.21564250513539474,0.18998933572136423,0.18409969831531606,-0.26241160475897923
BFA,Banwa,2020,False,1.0029278781560016,1.2943572719261798,-1.0413525628257745,-0.9997797405502082,0.7074790557514206,-0.023074710748394702,0.4312214064081522,0.3742001735792032,-0.31105895232592634
BFA,Banwa,2021,False,0.20334713668148452,0.6911598581643722,0.17540669932813796,0.6237583207293717,-0.7365217922737256,-0.2534945415993322,-0.3142196391166684,0.6777608563065767,-0.5393819047752231
BFA,Banwa,2022,False,0.5779991590668463,0.6819727445339245,-1.8889948277589441,0.8062208805633378,0.23927389462317133,0.11972038868750817,0.15242855492535407,-0.6292042246254926,1.2087267964811652
BFA,Banwa,2023,False,1.3022728597655155,1.62680063639099,1.484687243614382,0.9064176697723351,-0.9012697360690947,0.38990945481685085,-0.5273457173762834,0.300291293907108,0.08202581962020178
BFA,Bazega,2001,False,0.6283576819009408,-1.0443755159778267,0.054631741765747616,0.19696203156319336,-0.24715978940515362,0.7038023982136146,-0.06600161741175259,-0.8346269473239915,-0.11607131329806088
BFA,Bazega,2002,False,0.7633663276084137,0.5021569154074934,1.224536664539034,-1.9184989113716016,-0.7301301898020118,-0.14643398925801504,-1.456757642615738,3.331941668206936,-1.7744553380199106
BFA,Bazega,2003,False,-0.004480559675127772,0.3012091466469466,-1.0820161167851852,0.4008971840459525,-0.20844159224037184,1.3174440838376997,0.1033083839589188,-0.9181987162351083,0.41844486865569464
BFA,Bazega,2004,False,-0.8465089193635956,-0.34091674562742585,-0.22567614058614688,0.4803743511631224,-0.4549735036152541,-0.8505049870270823,-0.4960647232729301,1.257271331177145,-1.0648807819117243
BFA,Bazega,2005,False,1.439960661727768,0.8558824170413031,-0.00447879041230279,0.7871147433465816,0.3450008534326002,0.5943020405455026,0.878857312698903,-1.0785269237519723,0.42778592814613026
BFA,Bazega,2006,False,0.3386125097352636,0.39981412330487254,-0.2378704854423486,-0.3315335210621765,-1.0200072948875736,-0.08248439492137111,-1.1267489882745478,-0.9974111297256759,0.3449272708141487
BFA,Bazega,2007,False,-2.333024846951015,0.10729192180057269,-0.7153834421153885,-1.4990944934263797,0.1555343219332901,-3.3483463143841554,-0.22602520420335293,1.5307730284226069,-1.3134567539077
BFA,Bazega,2008,False,0.552286254517268,2.500392881479429,-0.7388415357763021,0.9734880249770305,0.05872703435012208,-1.1642345157404879,0.7071346588416941,-0.8781265966072629,1.4046185752311948
BFA,Bazega,2009,False,-1.5481010431366038,-0.9395910837654511,1.5288077911027587,0.5589625693030572,1.8528491902681978,0.8764823330203373,1.2826365183345598,-0.7778216929295245,0.7965847954359235
BFA,Bazega,2010,False,-0.28051956346859885,-1.5060787584292812,0.40440020018538814,1.9619138118062507,0.40087321486057237,0.9759357314731935,0.9232329865197509,-0.7497043922262584,2.6393682538026693
BFA,Bazega,2011,False,1.8603177958223551,-0.34370371019555845,1.5561429284381858,-0.4833540397541541,-0.866444272402884,0.49456716120862554,-0.5524883428988935,-0.37435558354449705,-0.0693660158457904
BFA,Bazega,2012,False,-0.3928786190930133,-0.6923770105600306,-1.3145062474046036,0.0619734198518354,1.791910083452711,0.6861168111434592,1.6482620046456056,-0.562801091764648,0.3729504492855178
BFA,Bazega,2013,False,0.026463109669401057,0.06547881400356897,-0.8609396438068991,-0.737877227110997,-0.38048513577588616,-1.3999957479195047,-0.8303943684417586,-0.3025869409915594,-0.5852000788186135
BFA,Bazega,2014,False,-0.07442799823446014,-0.6044516007393775,-0.2583362087028825,-0.39700803227052733,0.3571415853375983,0.726540805695444,0.24944546235218773,0.21439577226034842,-0.8431171103050239
BFA,Bazega,2015,False,-0.9496464517136677,-1.2200813350683888,0.4730051346198745,-0.4254219187142353,1.1519097243135257,0.46279941947025616,1.0402310318483607,0.08991396287833758,-0.5758590193281466
BFA,Bazega,2016,False,0.6257040680356141,2.079240756985655,-0.4542892275310389,0.6889286192930166,1.204728297577595,0.42308246673209055,1.4254220916983231,-0.3415936009267455,1.266924439038599
BFA,Bazega,2017,False,-1.1065849566226915,-0.24409744898437555,1.1050345130491044,1.4044282654192288,-2.5348232152491152,0.10864589620488285,-2.595813824799424,-0.18372136829466026,-0.21640121152885122
BFA,Bazega,2018,False,-0.8106346735505398,0.09409226844852425,0.04366042076167177,-1.013316358191972,0.016838942612428368,0.40750035291232406,-0.306366588733563,0.33143381070472927,-0.6493766171696926
BFA,Bazega,2019,False,0.015481857764027749,-0.16618035258684963,0.7680573955912999,-0.1331491711353775,-0.7471402527391501,0.10935866305362277,-0.4714406916520533,-0.10464258873164954,1.1934068411970529
BFA,Bazega,2020,False,0.9312773293300397,-0.6996229783742235,-0.8830538364201287,-1.634448941832215,0.9343074925494121,-0.3022436773857867,0.3845040807384538,0.29537793235908794,-0.11486043521593617
BFA,Bazega,2021,False,0.6436221550536946,-0.8521954123667018,-0.006414936933480794,1.5090712361786542,-0.6810365019765827,-0.5104617665182976,-0.18243294751956363,0.34359810984005523,-0.5478358408567776
BFA,Bazega,2022,False,1.1772815290413678,1.3861506289480097,-2.13882432373774,0.040170236667734394,0.493968973145818,0.3019831882965085,0.25069461842446883,0.29313143768503497,-0.2805777498799304
BFA,Bazega,2023,False,-0.6559236483968405,0.36196207860911556,1.7623541456013831,-0.4905818787460211,-0.8931479657398884,-0.3838559586528602,-0.5831942102376494,0.4162805195192727,-0.7135531555207719
BFA,Bougouriba,2001,False,1.160986159779599,-0.2623824890634176,-0.13908512664416353,-0.5418538319628162,0.04280708185616929,0.45856460576438174,0.12722474512926304,-0.8957397168160794,0.5468211234138675
BFA,Bougouriba,2002,False,1.5484999563607378,1.0140482380691709,1.4483449267000759,0.09347812666039439,-0.1587948147627909,-0.5733074623303918,0.0029894506914346585,-0.8517858185774783,0.055141625890469566
BFA,Bougouriba,2003,False,0.4130391199653548,1.0012339340790761,-1.3850062406471149,-0.3451438253855803,1.222509494698945,0.2856422605373672,2.093036952932168,-0.8282116672113197,1.6772244541685937
BFA,Bougouriba,2004,False,-0.23984287427771997,0.6224250265894493,-0.2615107836907407,2.416240839829479,-0.9468638341446719,1.322205213454919,-0.8001792725863872,-0.7842577689727186,0.34004002632457947
BFA,Bougouriba,2005,False,-0.8252861773798509,0.17825789273192325,-0.42981543623212237,0.5930330888420554,-0.8943416426779988,0.04778407940132544,-1.5080699852933317,1.6772436020093746,-1.4198968666797418
BFA,Bougouriba,2006,False,-0.8611931399955203,0.3454801384716528,-0.19088860972192312,-0.5039741949429071,0.19249651301501722,0.6753427250157636,-0.08309059284928931,0.9365772456589393,-1.0660714338825235
BFA,Bougouriba,2007,False,1.9028750980619207,1.9331366106684713,-0.39115320112560736,-0.8260891014651415,-0.5478100597992618,-1.7785784200249724,-0.6312415347164146,3.685942541214283,-1.9805033965662282
BFA,Bougouriba,2008,False,-2.145286593342492,-0.5021365897310921,-0.3501718024075548,-1.7460056760540177,1.0105386521130713,-1.7189339618431523,0.6942862024796572,-0.43776179596160814,-0.35842056828808766
BFA,Bougouriba,2009,False,-1.2073204844485719,-1.2448321939811207,0.6382671387114663,-0.2939995031526681,-0.21050287206083312,-1.1832000757395198,-0.2958193505371776,-0.28171928992457324,-0.004595135490869241
BFA,Bougouriba,2010,False,-0.9217433490855773,-1.0678263271805735,0.268408678183798,1.1858076613012432,1.0531770693109088,0.96344556498918,0.5217691450582809,-0.5918634935946606,2.2516163905277145
BFA,Bougouriba,2011,False,-0.8438986628257381,-1.39046416555374,0.6186798078270835,0.5339376411035385,-1.3515089799564428,0.5969371676524876,-1.1903696663459513,-0.5580994687922808,0.7030557301035487
BFA,Bougouriba,2012,False,0.04730027379035832,-1.3933345125100491,-0.7888456999547585,0.052891054549608206,0.28462324427215463,1.1174431429408305,0.8692964233130633,-0.5141455705536797,0.422752465160305
BFA,Bougouriba,2013,False,-0.992841474109213,-1.8776560156071942,-0.49424672187803415,0.32407823364620303,-0.25056050712677735,-0.41443486165351784,-0.3605374633563805,-0.42433724185208294,0.14244920021706117
BFA,Bougouriba,2014,False,0.4156939144317402,-0.8431682206777555,0.8488444440352643,0.1650731908572059,-0.5513593096363205,0.8493120580218365,-0.10761600316646369,-0.026285241704793332,-0.983358995046799
BFA,Bougouriba,2015,False,0.17701503004228816,0.4820312209657178,1.4042777618589506,-1.644314414040505,2.4225554828745537,-1.84167061754879,0.9086384481391412,-0.05875539423786609,-0.6295335622495806
BFA,Bougouriba,2016,False,0.9630736771822582,0.06396606249812083,0.586980157259423,0.44181148525626646,0.052399597149848175,0.8548718026208622,0.789387604203001,-0.3790894713441747,0.9925492660285599
BFA,Bougouriba,2017,False,0.9426910766072277,0.36960447393944273,0.7635335546997073,1.06268050029722,-2.4216453723402886,0.96326386719637,-2.528456333102235,-0.0014172180693276283,-0.5560113943956247
BFA,Bougouriba,2018,False,0.9078950720404495,0.7868496971159834,-0.27799910482057827,-1.9678616410624308,0.4315844724213149,-1.376516540922571,0.336079835186536,0.4756063012086767,-1.0476908919190226
BFA,Bougouriba,2019,False,-0.642905843214026,-0.018926155920439558,0.6460044756889838,-0.15379978048523582,0.7478390525764402,0.6813682142431446,0.9728039840064491,-0.20137334616537572,0.3630157037789662
BFA,Bougouriba,2020,False,-0.5401686448330467,-0.13531745525220396,-1.1434938497855,-0.2518997608556154,0.1702764037351119,0.1704919056636081,-0.04412265980516755,0.27819764147168385,-0.762792491484894
BFA,Bougouriba,2021,False,0.10981906437546643,-0.23833020941484026,-0.5829057031130589,-0.24361675620983425,0.5251987951952516,0.10072198664643754,1.0378790671655633,-0.133845296560616,0.01378540647263262
BFA,Bougouriba,2022,False,-0.23719633089090061,0.3358528345901301,-2.5847829771562467,0.6207118091324532,0.24870334126930707,0.5159130111611924,0.2397935358566409,0.0018174626039763565,0.15623460668969694
BFA,Bougouriba,2023,False,0.8687951317652558,1.8414882051732882,1.7965643122126498,1.0288148541410853,-1.0713218079827083,-0.716665665246792,-1.0436825324024004,-0.0866969938282988,1.1441887372273751
BFA,Boulgou,2001,False,-0.948022517660915,-0.5014156540335205,0.1426659664587201,-0.6864168883623368,-0.8672075258709694,0.8652854301580971,-0.7991072135191636,-0.706882550463297,-0.09413647601479787
BFA,Boulgou,2002,False,0.22779471146484948,0.46441552903043853,1.2431530279059109,-2.4282609593196676,-1.4988706520430977,-2.2659303301924467,-2.2630161640859487,2.266049686047613,-1.586056989824885
BFA,Boulgou,2003,False,0.007956806839294294,0.4307335058229036,-0.8100914439507404,-0.23220639390961983,1.204143126140705,0.9206244125347306,1.3116755415989707,-0.8286608935933181,0.29001641600514744
BFA,Boulgou,2004,False,-0.5254891383108037,-0.3399289652475848,-0.2590695505907478,1.9089365673541598,-0.23077062407202786,0.78648185831114,0.09326495000327718,0.14161764840627383,-0.5603814464449316
BFA,Boulgou,2005,False,0.696314774058286,0.6081867495883143,0.2376481338084748,0.9763690038451723,0.10645265639105189,0.7470470807395629,0.3407286177711837,-0.723869696229509,0.19302731950506086
BFA,Boulgou,2006,False,-0.4878674828814738,0.34637144412808946,-0.6209037409106716,-0.6787549117836015,-0.5025884362696549,0.38859663444541054,-0.6001620897702326,-0.7450815677763318,0.14453277125502467
BFA,Boulgou,2007,False,-1.0595458699588423,-0.8039841783466655,-0.9521792641072568,0.0832362355870376,1.344325190557884,-1.4847079911278347,1.2730097745286681,3.2082889095739766,-1.9889103939151005
BFA,Boulgou,2008,False,1.1944438673022006,1.3217505099244862,-0.6983707294681596,0.3326074686409983,0.431169338114608,-1.6070003170910945,0.6673871714906742,-0.6910198431377268,1.4909696403149892
BFA,Boulgou,2009,False,0.15041174165809762,-0.7861389078022416,1.1285081163578763,1.1103354781755066,0.6037156163266368,0.6736703097351611,1.0166628677282166,-0.6634916330466023,1.2820944292249472
BFA,Boulgou,2010,False,1.0520924487688685,0.4096235918953442,0.08894221176939845,0.7513263165113717,0.7156255160544088,1.0456077417722494,1.1686093367437336,-0.635963422955484,2.356264520854938
BFA,Boulgou,2011,False,0.8709618757044012,1.1928663979625673,1.3406635755913097,-0.025211932777125065,0.11003085003405878,0.5939543097162742,0.2299081351908919,-0.5973830401573497,0.06244069284482119
BFA,Boulgou,2012,False,0.028817688863372375,0.5647530148732337,-1.744360866520501,-0.12339097474649055,0.32594250405523684,0.7396088116394066,0.03728109925144281,-0.5698548300662314,0.6554687959548084
BFA,Boulgou,2013,False,0.018766303774070743,-0.14352165762028793,-0.7203668305987347,0.4664991693852376,-0.8452548257154912,-0.8933995186548831,-1.3007312569712122,-0.34891359760233126,-0.03454840365525116
BFA,Boulgou,2014,False,1.0367010298557342,-1.068101131549055,0.7631692747009855,0.32161178120609,-0.8558744625957712,-0.2394078441357689,-1.3064292191344566,-0.19870627046333425,-0.5641849404253193
BFA,Boulgou,2015,False,-0.1992527039895134,-2.239540743884089,1.0058834010577622,-2.0029984300962287,1.8472688804993231,-1.9042989314161918,1.2432999956399606,0.7782035751604673,-1.414582802875384
BFA,Boulgou,2016,False,0.8896732943842601,-0.19065968542951367,0.17010425912863586,0.833245081214203,0.2733060674889304,0.708084037268709,0.3878000216536873,-0.4597419897017584,0.6218712657946555
BFA,Boulgou,2017,False,-2.7593442124036462,-0.7397387577458504,1.1012556152142379,1.08763871708642,-2.6626819624873996,0.5749760267821324,-1.9376795354247998,-0.34821726703731143,0.09223472902458743
BFA,Boulgou,2018,False,0.6941350133565396,0.24337346001393487,-0.3943488613998614,-0.5130758346779125,0.23255431808795018,-0.10107934677504526,-0.07545520106888806,0.4187012971531842,-0.4374018077454664
BFA,Boulgou,2019,False,-2.1658594302689584,-1.3170502464969227,0.4579738042587514,0.4494765985684227,-0.25759801197198556,0.6560845531534693,0.33649510409215505,-0.3318434513296313,0.7971489467245426
BFA,Boulgou,2020,False,0.3719149699303004,-0.09922383167912212,-1.2110537912946533,-1.1339943701865636,1.2182546654088333,-0.14938283696098212,0.4246722111898742,-0.17500482056642458,0.26751240995447645
BFA,Boulgou,2021,False,0.44034668875030814,-0.8272028381929719,0.13818158216653614,-0.3447148341700659,-0.48668531642578,0.2247177319807549,0.12174881107498792,0.8516398022389495,-1.2244081038556118
BFA,Boulgou,2022,False,-0.25665627230897875,1.2192836527334003,-2.0014824910471063,-0.5749830702595683,-0.5267032316780217,0.5089070452330059,-0.561327566309496,-0.016057976938236688,-0.3106186750656136
BFA,Boulgou,2023,False,0.7217064130725482,2.255148742055113,1.5940786014698334,0.42272618271455986,0.32144631997057277,-0.7884388671158568,0.19136460832647356,0.37619193248441296,-0.03835189763563798
BFA,Boulkiemde,2001,False,-0.10446878630136035,-0.9795903518266306,0.014622934825149538,-0.022909737920752366,-0.2488097452473553,0.9496520782794969,-0.06528585152350266,-0.14244844694368708,-0.07617639662068844
BFA,Boulkiemde,2002,False,0.18698181706818343,0.5467038252555748,1.5044206047222364,-1.0386998955364395,-0.8135671139464008,0.4721335285846758,-1.5040580311459262,1.6079242395330733,-1.2934785927298569
BFA,Boulkiemde,2003,False,-0.5300757110939401,0.1556108134562306,-1.254284495605338,2.6587867138401915,0.903051028064277,1.0897221764023686,1.4539614524394109,-0.945581173902356,2.104394069838228
BFA,Boulkiemde,2004,False,-1.22001822255566,-0.516772005414307,-0.36579217493392524,-0.5849913791177942,-0.7093568868039167,-2.658522814014196,-0.4631837803530139,1.5144285436802574,-1.3350293545229512
BFA,Boulkiemde,2005,False,1.505086257982514,1.9338197597798876,-0.1755423178887245,0.8415950891692989,0.14820369833127525,-0.8535479443021127,0.5747178249960226,-0.7975183041999344,0.01165448196635464
BFA,Boulkiemde,2006,False,2.0061364417928047,1.8514716811744105,-0.41289831066115823,-0.5457561752376947,-0.8308136125896726,0.6364541330041528,-1.0540784427831198,-0.8893821488059186,0.16181150324303922
BFA,Boulkiemde,2007,False,-0.710713207407994,-0.21804066125996815,-0.26890271124870624,-2.3927333542144478,-0.2084695617960791,-1.4531224752815688,-0.4211375162394941,2.927867135553979,-2.0810851059055264
BFA,Boulkiemde,2008,False,0.6286004810728753,0.5946312858681029,-0.9151660241574239,0.4161776212957754,-0.023352421395904002,-0.28327211521882195,0.41295861659557187,-0.8898261015071061,0.974922752316096
BFA,Boulkiemde,2009,False,-0.854544355694643,-0.8809856782733253,1.2738582425070186,0.603997282710925,1.9660209548920873,1.2924176275849772,1.250500095519951,-0.8576209552442549,0.4413501648998536
BFA,Boulkiemde,2010,False,-0.38935013361596915,-0.4697628953811345,0.21917967603257435,-0.6094647624231366,-0.0374550616226946,0.20566919242975834,0.021894027345595146,-0.8724116388559634,1.9589664035623904
BFA,Boulkiemde,2011,False,-0.9803892630139183,-1.144707413364062,1.8782482462027084,0.162925990938261,-1.5934499861322238,-1.0623416120472269,-1.05432173303221,-0.2743767009034096,-0.6257950099326303
BFA,Boulkiemde,2012,False,-0.23738872396781446,-0.32905992716976556,-1.0703945503614587,-0.4604501406274238,2.156134617892189,0.48462863847448234,2.187011209743549,-0.7845034313929786,0.37902402221021214
BFA,Boulkiemde,2013,False,-0.6289553698245282,-0.5383988167916431,-0.8294618365484847,0.5559714695134277,0.13319964270466406,-0.0013645155002946746,-0.5326346352365253,-0.5163792191598345,0.016383836967201467
BFA,Boulkiemde,2014,False,0.7656348327119085,0.44437866948737903,-0.15108194150668472,0.19179195418806033,-0.18006042961996027,0.8888239033232684,-0.4308070596915761,-0.2454352571342195,-0.5171887504490486
BFA,Boulkiemde,2015,False,0.3610101922561623,-0.4120925527309523,0.28470913424850924,-0.7504098024072705,0.31960822917123893,0.6961462197054659,0.25619929779205497,-0.1728136971792442,0.1457654773473313
BFA,Boulkiemde,2016,False,0.1933864516968573,-0.8205781873973388,-0.09534616398662331,1.6523000929976204,1.3974388295442326,0.6489492428939259,1.6200836485145236,-0.7224169247634434,0.9796521073169429
BFA,Boulkiemde,2017,False,-2.155703894540676,-2.307380939022677,1.214355141085095,-0.1471117494882291,-1.6317401865319154,0.1201122561703987,-1.6953420432944073,0.1453740766690811,-0.7504472953119209
BFA,Boulkiemde,2018,False,1.8813825749398119,0.9092126696915817,0.03370753254701322,0.17271895450676897,0.11040846905325365,0.7141603365436687,-0.3367582250170169,0.5131294482362919,-0.08749306751554196
BFA,Boulkiemde,2019,False,0.2996663428907527,-0.5801226480436271,0.5807056532490277,-0.6493630936314468,-0.5699932811570159,0.03372209547837173,-0.39686191566979256,-0.6192220697924488,1.0882583668005312
BFA,Boulkiemde,2020,False,1.0823819320279209,0.6563153505081772,-0.8622134373981397,-0.8570595454287501,0.40755921862891903,-1.5341955382399313,0.08024335698800694,1.0973136191746282,-0.9837058401748017
BFA,Boulkiemde,2021,False,-0.4763183996780316,0.21113171560681154,-0.05589623401044491,0.2717265552630903,-0.6810459103950786,-1.0343097276441509,-0.20407285609234266,0.029816346372780116,-0.3207516123784228
BFA,Boulkiemde,2022,False,-0.5076029963830647,0.5118028459927098,-2.1527717969333167,0.7985354082638151,1.0913855622308826,0.7504202540656981,1.0882543066213195,0.25094472873136436,0.1712702132447253
BFA,Boulkiemde,2023,False,-0.11473826036219062,1.382413459854566,1.6059448298210959,-0.2675774966538488,-1.1048960532748031,-0.1023349406924057,-0.787281746477077,0.6431379318333437,-0.3623023741715171
BFA,Comoe,2001,False,-0.5035266198341963,-2.1660857960495163,-0.7503873900152037,-0.664360343330393,0.24166479761367604,-0.4979274224702298,-0.0051952836252292045,-0.35464167770304333,0.9684132692458282
BFA,Comoe,2002,False,0.759268443462696,1.5891517936396349,1.3990564707212316,0.5625688193715886,-0.10128342894121492,0.2678526140515347,0.2213227626829764,-0.21206429306350233,-0.4561532120800052
BFA,Comoe,2003,False,-0.5868091318536373,-0.0261181113160955,-1.1252098465060767,-0.47670285871133955,1.8431418222023777,-0.45968422899866473,2.590122084264555,-0.2566839661213835,-0.7266520668434515
BFA,Comoe,2004,False,-1.8905717841971361,-0.2163746623573851,-0.3062806525997895,1.8799356585674734,-0.9406507059068202,1.461399204212936,-1.0887773681262294,0.7247481582000472,-0.7663373962944079
BFA,Comoe,2005,False,-0.513405007141776,-1.871115623853715,-0.029491271309779715,0.8898828786084758,-0.7837820863917279,-1.4967770277179895,-1.2049051447059764,0.5671038465323958,-0.8060227257453643
BFA,Comoe,2006,False,-0.38628132443071456,0.702324534011938,0.15852667867467166,-0.11257151347623982,-0.3068845644930797,1.0653416318342503,-0.659577506667241,-0.43822525470854384,0.5391730966785564
BFA,Comoe,2007,False,0.19765978410932802,1.7596639801058351,-0.6167310812818648,-1.9835263047399159,-0.24599280258446252,-0.5374686932317926,0.13851349926999854,0.370137891741686,-0.4237663340223278
BFA,Comoe,2008,False,0.029241615292992608,0.9744511223143986,-0.7351859298524434,-1.0470661510449106,1.9496682461249681,-1.137422486367095,1.530027343397243,-0.5186345509329279,1.1522430137140727
BFA,Comoe,2009,False,-0.6373806615157918,0.7835733731936063,0.8161075723249264,-0.1005296874977619,-0.8475735478918232,-1.6260171087715676,-0.8599775679708156,-0.24713843787910744,-0.27232346761176074
BFA,Comoe,2010,False,0.5748895117544672,0.32491889700782284,0.6448125860724514,1.6350593475479935,0.7210291904228414,1.1437480044796318,0.5844229140369607,-0.692642376006028,2.226939981374556
BFA,Comoe,2011,False,2.0411863076666483,-0.1951306710216555,0.45396674887769856,1.0011653658243642,-0.9981321736846481,0.776160480959827,-0.8417043999028136,-0.7248999792159755,1.264000550673673
BFA,Comoe,2012,False,1.1721319568263986,0.29438778190887,-0.9532590577543186,0.30061271892502095,-0.7527792321380271,1.4446452420197815,-0.513634077101005,-0.6935812232079172,0.5318746452852775
BFA,Comoe,2013,False,1.0478126766737972,0.21106789979691332,0.08865551716956167,0.02946589187854919,-0.5804318897880354,0.026345542940519016,-0.6955597834382211,-0.2596121921525618,-0.43106478541559645
BFA,Comoe,2014,False,0.010363490865163576,-0.009203708624160947,1.134797303107988,-0.4899069528716794,-0.689125936741977,0.9333405278631921,-0.013918698467974118,2.436615621076489,-1.624817741428951
BFA,Comoe,2015,False,2.119483918946086,-1.2153068114659362,1.275787530555556,-1.8901818089265898,1.082619954979561,-1.80370135081043,0.1016118965134816,0.49000320141355563,-0.9720624949424788
BFA,Comoe,2016,False,0.12981720348690598,0.11426729997400198,0.5544267110345518,0.21241743496453405,0.24593228309922724,0.9321280151534015,0.4530218623236003,-0.7007569475465285,0.37313332748144185
BFA,Comoe,2017,False,-0.456184279410933,-1.4577593926432115,0.3894725413039037,-0.13003866180479412,-2.242821087926167,0.4576932873030643,-2.0516949114895553,3.139845331606438,-1.9746872550943089
BFA,Comoe,2018,False,0.12119428068602926,-0.5333103786678968,-0.6203954299602519,-1.0923815896704012,1.0250733607343698,-0.29576336272759207,0.7054363426983697,-0.4067721283760481,0.06294914326704941
BFA,Comoe,2019,False,0.07862975459241188,-0.26017648044339037,0.493910133587853,-0.0429505005177093,0.5447692953303896,0.3840973136182302,0.4534917073362242,-0.850510056524691,0.9465179150660016
BFA,Comoe,2020,False,-1.2612199164050955,-0.04583030052268175,-1.2462085404401126,-0.5942962515295499,-0.11285445533488962,0.494394231389879,-0.24811349704772018,0.03555752896974599,-0.478048566259833
BFA,Comoe,2021,False,-1.7307247474581915,-0.036500851112827186,-0.40297288320018776,-0.007018989249201039,1.2251580958854646,-0.7409308302644074,1.3467531941412874,0.1640068337830758,-0.5177338957107893
BFA,Comoe,2022,False,-0.3153003411971773,1.3527284042982741,-2.4395247296235834,0.7463236104020503,0.25133398590494116,0.37524659691902595,0.3946192685298473,-0.6753173294997635,0.36583487608817317
BFA,Comoe,2023,False,-0.0002751309182758065,-0.07362229817282306,1.8161270191132188,1.3740998872804362,-0.5280791204749442,-1.1667001813855051,-0.33628463665176245,-0.896538000385411,1.0185901225746457
BFA,Ganzourgou,2001,False,-2.1235297423072805,-1.5649024602736923,0.2338335857873631,-1.2417208303671134,-0.5758924526423878,0.4950081631601053,-0.6546711153488488,0.3535531971565061,-1.0106609272161946
BFA,Ganzourgou,2002,False,0.5508629733149595,1.2201206253994252,1.4408407155798824,-1.9559457201836488,-0.6636098129743515,0.156687042472916,-1.2067627462727608,2.3838875394988333,-1.0665726122870407
BFA,Ganzourgou,2003,False,-0.6670290418563031,0.17986772284694538,-1.2588416515126122,0.9200969321731602,0.25853010857548864,0.9400372386519974,0.5981358581817897,-1.3105629259909692,2.020994885513841
BFA,Ganzourgou,2004,False,-1.7823586835701584,-1.014726725530119,-0.41550378377146663,1.2434070334324965,-0.8752438002941052,0.10308892007646663,-0.9928017607787603,1.142003766461029,-1.3438422552114402
BFA,Ganzourgou,2005,False,1.9760166134134687,1.7724072034851395,0.13744968836203392,-0.011886961030506444,0.7672956136449308,0.43514791919302204,1.2932434167186662,-0.016909286948869316,-0.07618375802049737
BFA,Ganzourgou,2006,False,1.735109572886685,1.384926498268954,-0.39123738709056316,-0.7673625395902837,-0.9056087668270082,0.2820129098447299,-0.8999497635273728,-1.141529357608756,0.5296896480395441
BFA,Ganzourgou,2007,False,0.3515138233923313,1.502630886748075,-0.9094551959083244,0.22455854847223086,0.08512569730115295,-4.1073743355723265,-0.2786298639228545,1.9818938098906003,-1.5115773104239638
BFA,Ganzourgou,2008,False,0.34013406198059687,-0.09124972359556462,-0.24519688902580083,1.5664545611727396,0.5550815590995593,-0.8932565294179673,0.9820258797871132,-1.0459868033956217,1.5759901873769178
BFA,Ganzourgou,2009,False,-0.7600907680453777,-1.6802753879286219,1.5817010283542348,0.4150889803985563,1.5865691712631962,0.6829716805938533,1.4188414689084403,-0.9510626750077652,0.1965083200442985
BFA,Ganzourgou,2010,False,0.11350635766273569,-0.6029312863987096,0.3041858814959161,1.5360095721281435,0.4592306875768577,0.7438081884920843,0.914894398742703,-0.9461576263387342,1.7950593628006695
BFA,Ganzourgou,2011,False,-0.16079159929708284,-1.200780425073569,1.076993952960449,-0.3307566459318471,-0.5874468313125686,0.2151835509713023,-0.1984850616414192,-0.47829731054436625,-0.7425464140109884
BFA,Ganzourgou,2012,False,0.28878666746538356,-0.9450274511044443,-1.4215682919369566,0.12373939126010497,1.2371796659366023,0.4778377380661856,1.0457237824306629,-0.8313252693287114,0.19421953761449673
BFA,Ganzourgou,2013,False,1.1811361045301763,0.15252809243016865,-0.8107583462953208,-0.35755758120053743,-0.5381461424519028,-0.6770293968666281,-0.7641071189832028,-0.680675043972066,0.6346466708918291
BFA,Ganzourgou,2014,False,0.6581890560657773,0.8893495154068888,-0.15862234814783485,-0.30667694022790104,0.07023953266343513,0.5678468073643249,-0.3718476761536026,-0.334983479224671,-0.7448351964407902
BFA,Ganzourgou,2015,False,0.399638771990613,-0.6656894846302986,0.3855148994510656,-1.1217692385615057,1.1090760731613545,0.1508455771963802,0.7557376977589261,-0.24863259652432063,0.19193075518469493
BFA,Ganzourgou,2016,False,0.4042964519123692,-0.5100818000068391,-0.16080462507066293,1.1712248096503912,1.2542474788361606,0.5014551712311477,1.3543309724092751,-0.6295236037930603,1.294142979592915
BFA,Ganzourgou,2017,False,-0.17624038799293745,0.19134342583352903,1.1134262167979985,1.095438141372535,-2.849352442727555,0.050870967504332384,-2.66357096402547,0.3141518476578914,-1.0780165244360358
BFA,Ganzourgou,2018,False,-0.6362024263408279,-0.4040491763270932,-0.15472169149233003,-1.2329568090191794,-0.35706421709096964,0.36150083111188813,-0.6508433550558178,0.929900651561726,0.024195699972185996
BFA,Ganzourgou,2019,False,-1.422407849063637,-0.25807768513341695,0.7541868462247391,-0.5200244780400054,-0.47645423144986093,-0.176399103868,0.12447933206708522,-0.21186591047316033,0.13373028768406175
BFA,Ganzourgou,2020,False,0.16706236605552713,0.6717463524834852,-0.9035279836872371,-1.2913881310627313,1.1920995707299653,0.00533610884217447,0.5729572682043678,-0.20696086180412934,-0.08762767016950623
BFA,Ganzourgou,2021,False,-0.22744709497896895,0.27302250801821604,0.07921643450691442,0.959772179801768,-0.48929902560885696,-0.1717867387624312,-0.10084142003989889,1.049638057240792,-0.6398781735885033
BFA,Ganzourgou,2022,False,0.6016128425705962,1.2438489784500055,-2.104165783279333,0.1021173333655844,0.5051985261264624,0.34353934463251906,0.1972221430454469,-0.08569857052847701,0.4623340508197019
BFA,Ganzourgou,2023,False,-0.8117680697886457,-0.5440002033684639,1.827054727697846,-0.21986160801245036,-0.761755961535599,-0.4873320549180762,-0.4750813725044668,0.9651424520163,-0.7517015437301955
BFA,Gnagna,2001,False,-0.1745891923733383,0.1788242774039125,0.3250266882481313,-0.5632853915088895,-0.4793908279734726,0.05702241748072537,-0.4446032502186651,-0.7083417462095278,0.3070682955155826
BFA,Gnagna,2002,False,0.4909284706097237,0.8888920829413349,1.7591289312741858,-1.7011140185541178,-0.07939338984045731,0.14823804774805002,-0.44746930132232526,3.6864447314376876,-2.5703200716523082
BFA,Gnagna,2003,False,0.6431939166085385,1.1755431265223821,-1.7728114954395757,1.8565285733614827,1.376094951095109,0.9118124884960035,1.73656731125927,-0.7111619717084086,0.8131651324488848
BFA,Gnagna,2004,False,0.6504171179093777,-0.30650506933152805,-0.2390452935866984,1.01424566524429,-0.8840555869857153,-1.8926468777390784,-1.4512176000010528,-0.6490058381731622,-0.23177243337195558
BFA,Gnagna,2005,False,0.6593585543732454,0.00015468653248930947,0.17636058339798885,1.71195946315493,0.9307456560067391,0.22912678127921587,1.2769300172588138,-0.7038566004539766,1.3192619693821819
BFA,Gnagna,2006,False,-0.05818495678418413,-0.9015647551825733,-0.05073930697223457,-1.3080367356657376,-0.823061643859285,0.27846340713946777,-0.9413385050793431,-0.699641381673798,0.427028637006929
BFA,Gnagna,2007,False,-0.4470908008134735,-0.669166328362832,-0.4044614401142226,0.23530838957853384,-0.06835930287684587,-0.8241594306905874,-0.28008060044885186,0.4746427952669731,-0.9233173957050881
BFA,Gnagna,2008,False,0.6440042954505453,1.3928406142394634,-0.4714454622052837,0.7418135234961702,-0.11820622110967606,0.19441798894698867,0.6536250057072502,-0.6918859838969964,1.3912381742769937
BFA,Gnagna,2009,False,-0.843579637051413,-0.7141455725373194,1.0296440318355282,-1.3974685827943727,0.38559148832725126,0.3272257811254785,0.2891513046900451,-0.6048658850008388,0.1935963750105591
BFA,Gnagna,2010,False,0.03484193248812498,0.7354758145663269,0.0281061663191772,0.026807763601197725,-0.47468960377132374,1.1518976735083917,-0.7517352599036365,-0.6855931723178956,2.050039244655878
BFA,Gnagna,2011,False,-0.01318428032429674,-0.15857149904882126,1.4442362200486054,-0.8747057870555268,-0.5810354038531276,-0.9836449921973804,-0.35325081019946064,0.25411467983779484,-0.8273491225120123
BFA,Gnagna,2012,False,-3.785869440989953,-3.1676343626872034,-1.6461601923545055,0.8689604087262912,0.49513502641805485,0.8125624339303622,0.5747025412219362,-0.6501611434153723,0.26557257990537103
BFA,Gnagna,2013,False,0.2181035643027648,0.160863375500588,-0.8561975520739504,0.20239507347637858,-0.4992036811780559,-2.3627842795536225,0.012821916354613569,-0.10085129941518788,-0.473956519024296
BFA,Gnagna,2014,False,1.0413285458878359,0.5713490405106304,0.567693219760836,-0.8285146501128737,-0.07429713889546102,0.891156710935195,-1.1031054259145432,1.236004958731552,-1.3661898513995565
BFA,Gnagna,2015,False,-0.39176702591644474,-0.7804998734044907,0.22091488702891285,-1.0294360109366274,1.4250874836469718,1.1590673187008522,1.0307296908005326,1.001143587502954,-1.1894935496556982
BFA,Gnagna,2016,False,0.580363653530609,-0.15210870444297736,-0.1752869662687736,0.6938791435623881,0.7555294430831236,1.0480589893313381,1.0048546207580507,-0.6096738758702643,0.3615408530984468
BFA,Gnagna,2017,False,-1.1241442599232323,-1.1802129363169955,0.04079099306224138,0.6495393018623731,-2.3969444114057503,-0.5737487661480031,-1.6019525622970445,-0.18862159074537566,-0.07257977894004516
BFA,Gnagna,2018,False,0.28564172157067297,1.03271878144116,-0.8949849979822919,-1.0377674398188148,-0.26911382466111705,0.7546185491035157,-0.3497812167377065,0.4855706132123354,-0.5067004109785371
BFA,Gnagna,2019,False,0.16485344421069809,0.8700568031330004,0.8654758643168327,-0.5213905321445899,0.24841535229363973,-0.9193945406366926,0.9172936979069859,-0.301698314224774,0.12810859110207687
BFA,Gnagna,2020,False,0.1839738540189469,0.6109138455973675,-0.8680202561899448,-0.2144471015524552,2.3564074846189795,0.5747677372674478,1.7508577784543533,-0.5208087571704395,0.9156218266282834
BFA,Gnagna,2021,False,-0.46465117322481847,-0.5288722196881301,0.41862834283413636,0.7227711150372788,0.26764120621825715,-1.1173164297168745,0.37817070211787285,0.6281614278870495,-0.28201997263814443
BFA,Gnagna,2022,False,0.6369064918211329,0.2538670667189941,-1.4190247838236347,-0.2164070493369029,-0.006517191507319912,0.9341808177963982,-0.4409925890653458,-0.08710325597094644,0.20008479599688878
BFA,Gnagna,2023,False,1.069145204618938,0.6877818058952219,1.922171818884541,0.9683648783795946,-1.4863798637905181,-0.7989218261071925,-1.4601774653417483,0.14718802237061832,0.07137263084956509
BFA,Gourma,2001,False,-0.9412512658260821,-0.7116539951078283,0.46350424618262276,-0.6803198844244789,-0.821257625828831,0.6513381204766193,-0.5678067845034462,-0.7083417462095278,0.3070682955155826
BFA,Gourma,2002,False,0.6493068912728764,0.7551013254242008,1.3552385605700896,-2.5234176569704716,-0.9845800513239428,-2.36762885694072,-1.7084426581924326,3.6864447314376876,-2.5703200716523082
BFA,Gourma,2003,False,0.3563319390673526,0.5099501894654034,-1.1524910542590512,0.6966522647624293,1.3037442002783948,0.5240021596370333,1.1868160745486296,-0.7111619717084086,0.8131651324488848
BFA,Gourma,2004,False,0.7699583526267794,-0.16395401189176878,-0.4231205168136153,1.7054988268329399,-0.013605893878735915,0.4292935216101129,0.11535628197663879,-0.6490058381731622,-0.23177243337195558
BFA,Gourma,2005,False,0.9146972153237297,0.8554590355871586,-0.25782032160545526,1.363833038514183,0.6960741356366399,0.4603047376374929,0.7944875872215225,-0.7038566004539766,1.3192619693821819
BFA,Gourma,2006,False,-0.3565651720610445,-0.05190777366375479,-0.1548996701270552,-0.3422562347169565,-0.26779534649350367,-0.3996235900957135,-0.58109767909009,-0.699641381673798,0.427028637006929
BFA,Gourma,2007,False,-2.933891539590325,-1.361435498328813,-0.5156227195621048,0.030398558988361562,0.1911687347240238,0.07384676546879994,0.5305399351205721,0.4746427952669731,-0.9233173957050881
BFA,Gourma,2008,False,-0.7951338636651255,1.096136241727283,-1.0705629299714048,0.6489245675208075,0.8932571059773133,-0.3219251068748052,1.329015560490742,-0.6918859838969964,1.3912381742769937
BFA,Gourma,2009,False,1.0812965314760494,0.6365616385442608,0.9457728039981224,0.7242693001391122,0.615792090642372,0.5150012429458133,0.9770493323294202,-0.6048658850008388,0.1935963750105591
BFA,Gourma,2010,False,0.6035360483290804,1.8711000920443879,-0.1913764812223558,0.2659764421556451,-0.5455561191265372,0.884033800674955,-0.7843016475986531,-0.6855931723178956,2.050039244655878
BFA,Gourma,2011,False,0.8182293047954617,-0.5440365905561655,1.764791749575184,-0.10512918899109724,-0.12227474399733554,0.20443196880659678,0.10983639625314306,0.25411467983779484,-0.8273491225120123
BFA,Gourma,2012,False,0.24236383908457734,0.36454719874581054,-1.5724530744264034,-0.23133414957976664,-0.20941287096306824,0.518961699633579,-0.5549802167796863,-0.6501611434153723,0.26557257990537103
BFA,Gourma,2013,False,-0.8352664238867481,-1.2517022925447303,-0.6205512568669769,-0.4332415631546832,-0.974465045911998,0.17052942551356964,-0.5199343154485545,-0.10085129941518788,-0.473956519024296
BFA,Gourma,2014,False,1.1898535571735824,-1.537589347143385,0.8587010296703506,-0.4855234019170386,-0.4748846368640461,0.1647901639726424,-1.1015526687595676,1.236004958731552,-1.3661898513995565
BFA,Gourma,2015,False,-0.257021815150924,-1.6958194099915953,0.44356178251357775,-1.9690345227783572,1.783589290942015,-2.062069062466673,0.6713085676595998,1.001143587502954,-1.1894935496556982
BFA,Gourma,2016,False,0.7738962898993187,0.02385742126443478,0.3363385810016265,0.18812766696174427,0.12117251331029963,0.752323662272598,0.4885432946628595,-0.6096738758702643,0.3615408530984468
BFA,Gourma,2017,False,-1.4997886816936261,-0.6803910617254235,1.0444735290922509,1.8231370399505458,-2.5644544665578617,0.746169141098124,-1.1101504134495603,-0.18862159074537566,-0.07257977894004516
BFA,Gourma,2018,False,0.16759504015314422,-0.4653708784742828,-0.2802567954290753,-0.6991799635553866,-0.6140833042902976,-2.3051880877353454,-1.4393695518741978,0.4855706132123354,-0.5067004109785371
BFA,Gourma,2019,False,0.6521093555357348,-0.24945379070501306,0.7220795468480264,-0.418726875410241,0.42918986976449763,0.8588532484448087,1.4206779323703695,-0.301698314224774,0.12810859110207687
BFA,Gourma,2020,False,0.2725430200640243,-0.28015636709726105,-1.3874827675783192,0.09498035206432409,1.5417823415524958,0.7742146565312269,0.9048080165174014,-0.5208087571704395,0.9156218266282834
BFA,Gourma,2021,False,-1.3080487715951417,-0.038241258214135904,0.09530878385145858,0.13635603526572318,0.43753411055081914,0.5494259382978289,1.26392204560388,0.6281614278870495,-0.28201997263814443
BFA,Gourma,2022,False,-0.052637002130191256,0.9015800425225762,-1.8266724912740255,-0.3089962324636847,0.8767445822349842,0.27927010510014305,0.15475817278344198,-0.08710325597094644,0.20008479599688878
BFA,Gourma,2023,False,0.48788715079749584,2.0174190901186417,1.4235394658325333,0.5190055808063466,-1.2976788703776978,-1.1003556540086867,-1.5794832618420318,0.14718802237061832,0.07137263084956509
BFA,Houet,2001,False,-0.597078224594584,-0.9505147021000737,-0.4613838567844247,-0.18316306041071864,0.0006072603438051557,-0.21726906500133572,0.02205087054324308,-1.0540751007890652,0.7949974431645155
BFA,Houet,2002,False,-0.8538565367894512,-0.1369935034460895,1.7010249798477428,-0.1327204985188031,-0.4389273544285267,-0.424077894026389,-0.4959717436347913,0.0746050808558618,-0.6725523072901995
BFA,Houet,2003,False,-0.4442188987131893,-0.13792255124675964,-1.49362625888493,1.1936074305798332,1.337927913092424,1.040707250986421,1.8308161510754555,-1.0442098561021664,1.2851761822256365
BFA,Houet,2004,False,-0.44253219926601944,-1.1421496511796798,0.12461286184317802,0.8595786019630134,-1.409414220897887,0.5209538210498164,-1.6493899533336918,3.078042879545579,-1.794269210568155
BFA,Houet,2005,False,0.25511577034749655,0.2476468124570801,0.05997598138319766,-0.617514719671811,-0.8881656834905419,-0.3441646492228081,-1.2546892087040264,1.0464198839267709,-1.2469494080990264
BFA,Houet,2006,False,0.8825642916464365,0.3116794863111021,-0.016084309143480184,0.4278386040001959,0.20689671193774495,1.2707834292919267,-0.18657811002783736,-0.9767823731435058,1.1137529920015785
BFA,Houet,2007,False,-0.11841653343899809,0.6554565744884693,-0.327882243773643,-1.2642980377496857,0.12777105845531192,-2.7626079236585848,0.7139225444740047,0.5451462987178252,-0.95825762433029
BFA,Houet,2008,False,0.168661909628565,0.8602183763986402,-0.832320411801156,-0.8882239242753404,1.3079507779311623,-1.0666087465826968,0.8907753820977752,-0.8759731521324756,0.999470865185546
BFA,Houet,2009,False,0.1776701790925055,-0.19403334095304905,0.7256861831207619,-1.1936953066380247,-0.3377976672337248,-0.9386328583174164,-0.025264948968387574,0.022820867137551288,-0.46807888526917
BFA,Houet,2010,False,0.14726427445508222,0.27958659098001293,-0.04668287556179257,1.0401460990602518,1.0366239017936223,1.314434887192543,0.6893570930567267,-0.8416877656548413,1.4896496042466671
BFA,Houet,2011,False,-0.013466749813841047,-0.1673857084426543,0.60731658635536,1.4192867839444379,-1.7749833650884197,0.74333291696989,-1.8557471463742876,-0.8464389926422051,1.0295346302538726
BFA,Houet,2012,False,0.41573808512539134,0.0828622057703891,-1.3058357412596933,0.5518661907285054,0.44108816716882104,1.142611584251242,1.0113218258788805,-0.5792003645120134,0.3679327009686938
BFA,Houet,2013,False,0.20357739109301368,0.09205990582698499,-0.19645761441136816,0.5363774673088527,-0.24192587329201026,0.23352167966937548,0.03568159572618315,-0.7338407376632265,0.512278592853071
BFA,Houet,2014,False,4.088175843045635,3.577677642005607,0.7789550671094614,-0.4094323575711243,-0.38210340302160656,0.35111137925675956,0.38014487752430043,1.1392327316718527,-1.358245068186413
BFA,Houet,2015,False,-0.14025743810021246,-0.4282157768645526,0.7911665816435404,-3.0347650114780595,2.295706313656062,-1.3201500533516464,1.1979820704578843,1.142060169378167,-1.213899176302037
BFA,Houet,2016,False,-1.1382980227068855,-1.457848828109759,0.7670308823290926,0.1451136741559766,0.07127073302138408,0.69325881509546,0.3986296644231645,-0.568732687541605,0.34085540262901304
BFA,Houet,2017,False,-0.7930205184569267,-0.8310272827024173,0.737183477981304,1.0183556774506919,-1.9309938761086909,0.7237792507195456,-2.158120532300618,1.0146673757240035,-1.3281813031180698
BFA,Houet,2018,False,-0.44664359009718174,0.8321843253422598,-0.32544404557758516,-0.7423954995943686,0.7173334827756056,-1.103760347976846,0.4746591814745127,0.2486813839494249,-0.37788759006417216
BFA,Houet,2019,False,-0.4717494641441652,-0.027009643201990438,0.6889120793523912,0.7692683390864958,0.5711274564409093,0.6702808449591194,0.5055950247830141,-0.4752009150824979,0.7738930782821087
BFA,Houet,2020,False,-0.13223457495981436,-0.14675517973074184,-1.2154130677566182,-0.07534462926874828,0.22400066644149363,0.2977783330072722,0.00081683262418971,-0.29638004171187815,0.5152650595817169
BFA,Houet,2021,False,-0.4270814976128224,-1.260137849815413,0.10737512897394884,0.07246157488560001,-0.18462455510918638,0.10252049886699291,0.155976220388899,0.5939932390096129,-0.7507977355806147
BFA,Houet,2022,False,-0.2950841701777884,-0.3155159284529733,-2.4823546221363575,0.28389913579413933,0.13713025406168008,-0.05992862711319678,0.24696866699147837,-0.4372460170436915,0.8039568433504534
BFA,Houet,2023,False,-0.024829325562246433,0.25613802666560825,1.6142452371510698,0.2237534662186897,-0.8864986984494326,-0.867874526065445,-0.928936358176072,-0.17590190589747626,0.14235491406527442
BFA,Ioba,2001,False,-0.8630325973551031,-1.5783406550441905,-0.19919490315573365,-0.14704613262503183,0.03610532855557698,0.698735894154801,0.3925823426541817,-0.8957397168160794,0.5468211234138675
BFA,Ioba,2002,False,0.733689561816728,0.04979283504437111,1.8038529646477517,-1.1062478837339327,-0.3207083147770394,-0.031125065630260067,-0.5135194916308935,-0.8517858185774783,0.055141625890469566
BFA,Ioba,2003,False,0.8836273973376589,0.6257040101308354,-1.3589199413977482,0.2809306339541616,1.0455914667567663,0.7080819578225674,1.5544865367027458,-0.8282116672113197,1.6772244541685937
BFA,Ioba,2004,False,-1.4288277059478658,-1.0100630159110455,-0.3861056962349057,1.9852607548448913,-0.764397175199553,0.4801793319507252,-0.5909072448745035,-0.7842577689727186,0.34004002632457947
BFA,Ioba,2005,False,-0.021810900344239548,0.21406192795488907,-0.3005353163771227,0.8584831691959744,-0.7716829857436113,0.4582423561011659,-1.218638367544942,1.6772436020093746,-1.4198968666797418
BFA,Ioba,2006,False,1.3761999572842547,0.226103739848243,-0.11643842528101553,-0.8618187125518917,-0.0836957073840441,0.48261098417318515,-0.36365380376235557,0.9365772456589393,-1.0660714338825235
BFA,Ioba,2007,False,-2.003803413354313,-0.2382201402594383,-0.4689320723135969,-0.5989274954183927,-0.3032273304503825,-3.563024555065063,-0.3992145035434764,3.685942541214283,-1.9805033965662282
BFA,Ioba,2008,False,1.4677945561218093,1.7631197101384648,-0.516751430747673,-1.5711912412347855,1.3084074900483627,-0.4403710166376292,1.2511149505666432,-0.43776179596160814,-0.35842056828808766
BFA,Ioba,2009,False,0.895668304246612,0.5491037887088873,0.734968630843619,-0.754758175216727,-0.37616821387217536,0.08022885707979359,-0.24450615697332456,-0.28171928992457324,-0.004595135490869241
BFA,Ioba,2010,False,-0.8734258690646601,2.606520486647502,0.24605366055797886,1.4609012506867896,0.9996490186464787,0.5555707649733866,0.49093565965700253,-0.5918634935946606,2.2516163905277145
BFA,Ioba,2011,False,-1.3350804659853799,0.5100683846492476,0.4720874769504036,0.8276121967916468,-1.3333446308676622,0.49068062711511135,-1.068795066315427,-0.5580994687922808,0.7030557301035487
BFA,Ioba,2012,False,0.13913237854385388,-0.4837532823281691,-0.9647030578638686,0.4923596318930534,0.33592734035049393,0.6469818129667454,0.8577359769811633,-0.5141455705536797,0.422752465160305
BFA,Ioba,2013,False,-0.2844367860677153,-0.511332853376237,-0.45218446264003576,-0.45983324400694925,-0.09882291209583563,-0.3745415932384543,-0.1491095434120662,-0.42433724185208294,0.14244920021706117
BFA,Ioba,2014,False,1.4308273732423389,0.21616136205951564,0.36854527030364137,0.46014002396073866,-0.042947457013171715,0.40042481061836727,0.08430093789939687,-0.026285241704793332,-0.983358995046799
BFA,Ioba,2015,False,0.7092529911495411,-1.2117154117213351,1.2089803054949912,-1.577472753608152,2.0364512219704958,-2.2976687647237255,0.6623608716861241,-0.05875539423786609,-0.6295335622495806
BFA,Ioba,2016,False,0.19341174049449394,-1.3840162432370287,0.6291177863739995,1.0662059378932955,0.09165420959591994,0.4042533136378603,0.7716493473858663,-0.3790894713441747,0.9925492660285599
BFA,Ioba,2017,False,-0.4906516901540986,-0.9638450007328627,0.9208359435919472,0.9888481221584726,-2.8799293417209637,0.45586053225200207,-3.1333847506402845,-0.0014172180693276283,-0.5560113943956247
BFA,Ioba,2018,False,-0.24945179432892448,-0.542432864270535,0.019120154425771422,-1.6322535165511785,0.5221842647525783,-0.4246507859928952,0.4556581270439792,0.4756063012086767,-1.0476908919190226
BFA,Ioba,2019,False,1.0125857521872317,-0.027466951601040155,0.7418286402913501,0.3008208043390411,0.29730600838239796,0.33522962925599803,0.4663720390637329,-0.20137334616537572,0.3630157037789662
BFA,Ioba,2020,False,-0.8858270136373826,-0.5535597102756888,-0.808646330567127,-0.8665763989978076,0.32953203980574136,0.26957122345935974,0.34356441494971307,0.27819764147168385,-0.762792491484894
BFA,Ioba,2021,False,-0.866947073730922,-0.23549429703943664,-0.6508231758012477,0.2756100716156244,0.5082247644737494,0.22717038343328166,0.7818364589212979,-0.133845296560616,0.01378540647263262
BFA,Ioba,2022,False,0.8724541613849442,0.9375395363933282,-2.6135937013800525,0.39099632412549695,0.5827246953181168,0.2842951626956969,0.5484035909708124,0.0018174626039763565,0.15623460668969694
BFA,Ioba,2023,False,-0.4113488638388632,1.0420646442217236,1.6914376802786737,0.1879566324856617,-1.1188337795322394,0.1532641395979795,-0.9792723257853863,-0.0866969938282988,1.1441887372273751
BFA,Kadiogo,2001,False,0.3418391453578274,-0.86787343900244,0.024070868295764283,-0.5365211554428825,-0.38333762313627406,0.7001996395055795,-0.2475201314859951,0.29667572339180853,-1.15396610916557
BFA,Kadiogo,2002,False,0.4033486044319392,-0.12458235100518786,1.3344415669797123,-1.632943479910017,-0.42753267909931075,0.48236101412227084,-1.0513157678513276,3.4339184759881305,-1.2209061345457337
BFA,Kadiogo,2003,False,-0.2493371561721653,0.009136666740836,-1.3747072040029196,2.2108657309591537,-0.12273867947707684,0.9876296279835064,0.4109180532999001,-0.889436035483713,1.8898782005517785
BFA,Kadiogo,2004,False,-1.338159917790226,-1.4246353185677378,-0.11980317842372636,-0.45351967896307416,-0.15267556983036992,-2.219822027782975,-0.4662342659681592,-0.3363670075463141,-1.2103441689207122
BFA,Kadiogo,2005,False,1.8433060917350979,1.0535108542830283,0.2834023059300136,0.7099462286082316,0.9100071323205382,0.15455611666059987,1.4200842276623233,-0.8589584949371704,0.6004620187086606
BFA,Kadiogo,2006,False,0.3532618381572802,0.013433612749198505,-0.22729636563864317,-0.7499255326859211,-0.9916499961653595,0.2826350594854449,-1.0490465194310017,-0.8437197246638991,0.38907997694314783
BFA,Kadiogo,2007,False,-1.4942644781899515,-1.9635897009691525,-0.5513781931165,-1.275058958571205,-0.3404380855760209,-2.791549327305158,-0.761350077737712,1.6881044758559582,-1.5556062614465525
BFA,Kadiogo,2008,False,-0.6850238003414341,0.27846869370860317,-1.0428968001536008,0.8362411734001921,-0.03783540238972582,-0.2581645677116438,0.5372844996568047,-0.8074899888482214,1.410736057265611
BFA,Kadiogo,2009,False,-0.08860561902237936,0.1698740317374765,1.5229905551633507,0.39307260567174285,1.411862999897841,1.1309017830040975,0.9077494250780991,-0.774994632767545,0.04381788441728185
BFA,Kadiogo,2010,False,1.0795451646646939,1.5592983458878893,0.3373609641330334,1.4827393270454579,0.027166636198893677,0.6946395470971197,0.5582115873671525,-0.782764643570814,1.8546240720466536
BFA,Kadiogo,2011,False,-0.6419671781669165,0.23132106142089365,1.478739742890311,-0.32255576505251016,-1.2460793735689444,-0.4247978582891075,-0.811122551527656,-0.17504976057663213,-0.6678302318844418
BFA,Kadiogo,2012,False,1.4771528571250787,1.8386760596409109,-1.1474682084963856,0.04837775462640161,2.071511767476465,0.6513069095067571,2.0307705435378693,-0.7163358825921773,-0.012560175337860411
BFA,Kadiogo,2013,False,0.5553518589844316,1.2026666318327102,-0.9837543407258359,-0.11346030371411395,-0.2989555993109983,-0.5679606702928097,-0.8225831313630491,-0.3861644213337618,0.20938383205267228
BFA,Kadiogo,2014,False,0.6202097830670524,1.0856017024820335,-0.08083041830677423,0.023596045509757694,-0.07578083253882922,0.6938522773755955,-0.3580001976891941,-0.45001833601109753,-0.001998209712838908
BFA,Kadiogo,2015,False,-0.9815101283942783,0.020993526353330676,0.29904796053560306,-0.8289346051561175,0.9708760420773555,0.8863998629540858,0.7875542074592335,-0.4534742003625152,0.07550378129234475
BFA,Kadiogo,2016,False,-0.4903829422996456,0.28833322453433063,-0.4583996493308644,0.7084574504351965,1.413328540204319,0.6310347141768141,1.6590591179898533,-0.6194295810669981,1.5974259361510204
BFA,Kadiogo,2017,False,-1.7348296651897572,-0.3780684400751641,0.9872682613188872,1.2704368801037236,-2.261074367391602,0.165665367175834,-2.289938900039634,0.6368453185221612,-0.9250283677800754
BFA,Kadiogo,2018,False,-0.00466742947292926,-0.34567730050555007,0.1572474343060239,-0.7263663298306089,0.16653551636763422,0.4337471088164789,-0.17552264523230948,0.3975494481362063,-0.558642344004192
BFA,Kadiogo,2019,False,-0.7552106520656895,-1.0479797178300974,0.6361364165410239,-0.5444758194720666,-0.6404860084930135,0.01745090779218273,-0.33627083109543277,-0.19263033366698692,0.6743957780837839
BFA,Kadiogo,2020,False,0.7486742391259219,-0.5598224657938865,-0.8439330840547942,-1.671866069671389,1.2490242112607257,-1.3754971200228894,0.6066530386386156,0.3676289383568308,-0.6925223947645451
BFA,Kadiogo,2021,False,0.14940764037478324,-1.8625124125752812,0.20258213228968056,1.0346036996305608,-0.8068431592092484,-0.48101110326817675,-0.3615722944974014,0.46196039358070906,-0.18169435460331443
BFA,Kadiogo,2022,False,-0.8613816034892305,0.6030622428112551,-2.1307410498989876,0.6097693764898249,0.4803618249664173,0.6932399564810214,0.3870255699622015,0.26436793889598326,0.18469166917256888
BFA,Kadiogo,2023,False,1.7532433475704965,0.22036449214200096,1.6979202837656278,-0.472478574010338,-0.9152472945834164,-0.4868172174646278,-0.5748329567331804,0.739782330700059,-0.7489004545196875
BFA,Kenedougou,2001,False,-0.3406185585089634,-1.3462944778983248,-0.7626139384760792,0.6284336821167685,-0.063946905050436,-0.9337447706728476,0.0710866076919216,-1.0540751007890652,0.7949974431645155
BFA,Kenedougou,2002,False,1.9843480443087749,-0.5436099950354017,1.657849264945881,-0.431671618626581,-0.007678875125648914,0.34998852138179054,0.15471950911978263,0.0746050808558618,-0.6725523072901995
BFA,Kenedougou,2003,False,-1.468718516355052,-0.9927026762333764,-1.4139241512441645,1.19443515442318,0.8367396434833126,0.8605474684785082,1.028526684575532,-1.0442098561021664,1.2851761822256365
BFA,Kenedougou,2004,False,-0.9926780536021087,-0.8401641573489971,0.25070430473939503,-1.0137498271742114,-1.593252877136811,0.2366384452343463,-2.0035644535209047,3.078042879545579,-1.794269210568155
BFA,Kenedougou,2005,False,-0.824131720530315,-0.7253260364633782,0.7586617794817516,-0.6023910120718261,-0.7800260887731393,-0.6217971359945377,-1.0148779159018728,1.0464198839267709,-1.2469494080990264
BFA,Kenedougou,2006,False,1.3291591994717284,0.472436191143563,0.37717242885145064,0.6734908507928216,0.023692599750245662,1.4478321075456084,-0.5768200452034666,-0.9767823731435058,1.1137529920015785
BFA,Kenedougou,2007,False,1.160787251432325,1.1816086273758881,-0.4573301349209551,-0.45436500426940335,0.7517014299299759,-1.6192240328284908,1.4546355505915776,0.5451462987178252,-0.95825762433029
BFA,Kenedougou,2008,False,0.5312283371586899,1.1568372643041103,-0.8929470061742596,0.29488076064692575,0.7554490395831238,-1.5141101690633536,0.44656497994021216,-0.8759731521324756,0.999470865185546
BFA,Kenedougou,2009,False,0.6165618524691397,1.0672508875992435,0.8043530163114635,-1.889061211098344,-0.5967078645264813,-0.6136713983864196,-0.13064972734414962,0.022820867137551288,-0.46807888526917
BFA,Kenedougou,2010,False,-0.9769680115268801,0.7871871906602591,-0.23641928821347125,1.2388134401123037,1.3732911294063934,1.7067979926855663,1.3720811772774124,-0.8416877656548413,1.4896496042466671
BFA,Kenedougou,2011,False,-0.06192034234636356,1.5673070901981025,0.33883186081693745,1.0880374642686197,-1.6992402784976537,1.1804711748058152,-1.9573447805358002,-0.8464389926422051,1.0295346302538726
BFA,Kenedougou,2012,False,-1.375155725050315,0.25724823796325363,-1.5041005466345565,0.26863061848562025,0.3312276490348835,1.1549266562348584,0.847274554930295,-0.5792003645120134,0.3679327009686938
BFA,Kenedougou,2013,False,-1.258343351058067,0.1303637235169988,-0.3378353886393975,0.4633175330346688,-0.18406588836264298,-0.25996696110583806,-0.0039728702121441676,-0.7338407376632265,0.512278592853071
BFA,Kenedougou,2014,False,0.020843864346405006,-1.1139879636231793,0.3183632236650734,-0.7273104011089423,-0.24852061025617797,0.6412201393668284,0.3588192114827042,1.1392327316718527,-1.358245068186413
BFA,Kenedougou,2015,False,-0.09590685495105401,-0.1818791589164737,0.7604899300821485,-2.574447700265809,2.568054209841015,-2.3944061495862052,1.3141837434438386,1.142060169378167,-1.213899176302037
BFA,Kenedougou,2016,False,0.15093505872230525,0.21382188234753344,0.5530863890231514,0.03674780347149756,-0.2540076041933515,0.30995642670008533,0.050489115402737615,-0.568732687541605,0.34085540262901304
BFA,Kenedougou,2017,False,0.27766546121823527,-0.2669477377170109,0.9152409028080334,1.086866637088264,-1.4605313953646055,0.166475132320601,-1.7519501076110788,1.0146673757240035,-1.3281813031180698
BFA,Kenedougou,2018,False,0.4966551893942237,1.8357126422205674,-0.4137238763853546,-0.3145889005907614,1.1385079956943416,-0.515953280950398,0.9026036918851078,0.2486813839494249,-0.37788759006417216
BFA,Kenedougou,2019,False,1.2116694088493996,0.68789690109698,0.7091417380472005,1.529921416573202,0.26123980668474883,0.39511177282603704,0.03714198460885621,-0.4752009150824979,0.7738930782821087
BFA,Kenedougou,2020,False,0.8516341526336793,0.3743164699234182,-1.0996561969393286,-0.2711108727756125,0.19369817907383405,-0.05129342286874336,0.12217301214823821,-0.29638004171187815,0.5152650595817169
BFA,Kenedougou,2021,False,-0.20935064716960786,-1.1047519718181678,0.10513215140912108,-0.5701588285184322,-0.40079008583957826,0.14631400364977803,0.105606875583769,0.5939932390096129,-0.7507977355806147
BFA,Kenedougou,2022,False,0.668072146250304,-1.756119599800344,-2.200078540282115,0.3199994311633534,0.18948036588457273,-0.106872438785104,0.1612772547812121,-0.4372460170436915,0.8039568433504534
BFA,Kenedougou,2023,False,-1.695768185156483,-0.8602033334952652,1.769602077728075,0.02528058432269806,-1.134313575239921,0.03475991901211475,-0.9880040531337794,-0.17590190589747626,0.14235491406527442
BFA,Komondjari,2001,False,-1.003709124206884,-0.4028732410710093,0.2103292601432421,-1.3528031540533831,-0.8076140845540415,0.6887900476405056,-0.6614999784169092,-0.6804930556051949,0.1919659306715031
BFA,Komondjari,2002,False,0.3185286593350804,-0.26697682106273174,1.448361592473861,-2.109174958001409,-0.003805178786535487,-1.3159020587424233,-0.49201699325803844,3.3644514043652993,-2.466924048110533
BFA,Komondjari,2003,False,0.37161004628143285,-0.04039874477088661,-1.5091221197780647,1.2425792516853227,1.4474312564352023,0.9354525152274041,1.4824746911898437,-0.6747952575231889,0.692919824978963
BFA,Komondjari,2004,False,-0.05261540327456329,-0.27002661538893385,-0.4441434391778302,1.0653680791761684,-0.9247806187350266,-0.9820716611491167,-1.0359217187587608,-0.6135001910624762,-0.2629260995967607
BFA,Komondjari,2005,False,0.35970730062367373,-0.9005271449855495,0.2109713294294548,1.6797065807303557,1.368771895407854,0.7684511271086606,1.6653370204314115,-0.6597874504716718,1.1938737192864368
BFA,Komondjari,2006,False,-0.8816943115792184,-1.3602949837280527,-0.1726498162969533,-0.787404701583391,-1.0855993260558212,0.30770605494910386,-1.3400383770393818,-0.6517663242253848,0.37994813256122567
BFA,Komondjari,2007,False,-1.150895663395128,-1.1183533447600407,-0.3140786503911618,0.5634483571496952,-0.16679932187482355,-0.5402625027575977,-0.09810728452832462,0.4320780607199863,-0.8597384677155495
BFA,Komondjari,2008,False,1.9511730284490938,2.329260923901266,-0.9659743566947913,0.5045756049836159,-0.1823448312284744,0.4602066881650604,1.0063882312001815,-0.6363447389974449,1.3066630404202728
BFA,Komondjari,2009,False,-0.3824272660476986,0.9555160719997083,1.4821915258938458,-0.10232288855290547,-0.2161454344887969,0.032725307495223885,0.10953850937892247,-0.5521884282893765,0.2088967779940243
BFA,Komondjari,2010,False,-0.16556320060356636,1.3697356033207828,-0.16124364427156687,-0.5227996129245168,-0.23016016625575536,1.0418942331151941,-0.6862461747146924,-0.6222679328428788,1.9495372725782592
BFA,Komondjari,2011,False,-0.7326513076997666,0.5462932956189301,2.15444097383449,-0.15754023191777167,-0.28452345351610664,-2.1232742486761524,-0.34295707371843254,0.245894577642147,-0.7093527062037639
BFA,Komondjari,2012,False,0.8966866545809404,0.823322284670673,-1.8831790479019257,0.7877841134344051,0.5634038331447704,0.7694725304290106,0.2883995711194262,-0.5813989897649443,0.3216860991278604
BFA,Komondjari,2013,False,0.1337081027531686,0.5081598450930047,-0.6828210751585538,-0.08279201756960104,-0.01000729312963194,-1.2770124191077008,0.4611011880530406,-0.07218904732663219,-0.35031914974682754
BFA,Komondjari,2014,False,2.4832627387132833,1.0396338443225905,0.5668033678142732,0.06452313295814915,0.12204157378361302,0.6057122199425985,-0.9896750622055273,1.161132703851448,-1.1642447364720272
BFA,Komondjari,2015,False,0.6392067771006483,-0.37573137243845933,0.24238478715352638,-0.7444291699851074,2.4734666196732626,-0.18408752341537782,1.570929468427328,0.9493341738731628,-0.9847279582435526
BFA,Komondjari,2016,False,-0.4104332446530647,-0.11952654140414652,-0.13295627954273112,0.6373003979859646,0.35269067497002593,1.3772586809341205,0.4742027133930716,-0.5275911305176033,0.47207186063964596
BFA,Komondjari,2017,False,-1.3882800255441383,-1.5165187694651745,0.055576035714982326,1.1778711724485627,-2.024958887746877,0.5106965725998265,-1.0219562448897037,-0.13630796835976763,0.08390728746600797
BFA,Komondjari,2018,False,-0.5995684627581667,-0.7922809098239816,-0.7573672077252673,-0.8882330610170347,-0.6150077525118637,-1.489389791884517,-1.3716385650006864,0.4877254180358507,-0.3042572857076174
BFA,Komondjari,2019,False,-0.3860452980751253,-0.4084133800279886,0.6524767644811703,-0.9756568949471183,0.22394049546902584,0.4136342281261775,0.9816860793372313,-0.23198582350132932,0.301020506072432
BFA,Kompienga,2001,False,-0.5477436533494803,-0.7449284260051623,0.2430245828350944,-0.213645606078209,0.08798582586833364,0.8017666431738449,0.2089819481339164,-0.7083417462095278,0.3070682955155826
BFA,Kompienga,2002,False,0.16347047426356878,0.4833578179378106,1.0263691055966948,-2.1357372477611585,-1.1982462611177325,-2.618318925915843,-1.4409786895993124,3.6864447314376876,-2.5703200716523082
BFA,Kompienga,2003,False,0.17545333940551064,0.9582941913864949,-0.7789151488709171,0.5008906303074803,1.8931290268380208,0.6125624781322687,1.4539360485775137,-0.7111619717084086,0.8131651324488848
BFA,Kompienga,2004,False,-0.585875538826757,-1.1859673505032142,-0.4013339077986866,0.9485468859191791,-0.22771876782857456,0.8786666785142451,-0.14859014899188414,-0.6490058381731622,-0.23177243337195558
BFA,Kompienga,2005,False,0.804494984207869,0.025240100414737,-0.41642681029682904,0.9125337418152628,0.16446844093649035,0.609339730640602,0.6650123715708854,-0.7038566004539766,1.3192619693821819
BFA,Kompienga,2006,False,1.140099921971611,-1.1116174430687085,-0.08365069586273687,-0.6863893537537015,-1.401434530101365,-0.446124958171652,-1.9989855800902028,-0.699641381673798,0.427028637006929
BFA,Kompienga,2007,False,-3.1013752206104788,-1.6511200866793951,-0.4289926216713219,0.836947646825524,1.0149388625077085,0.5459440901543735,1.0379801677261815,0.4746427952669731,-0.9233173957050881
BFA,Kompienga,2008,False,1.165646278923188,3.270861168461718,-1.382476041624779,0.9951761336473987,0.6425462820373109,-0.5817777315110435,0.911977075681997,-0.6918859838969964,1.3912381742769937
BFA,Kompienga,2009,False,-0.17941938892281947,0.08758789670890563,1.2086798267280319,0.28651428197098305,0.8534659089042754,0.36162328231593577,1.46443786449176,-0.6048658850008388,0.1935963750105591
BFA,Kompienga,2010,False,-0.659809431393786,-0.15075357434673536,0.08151361250308543,0.39660799013316,0.3925198122901241,0.9111277380120659,0.2799907485791038,-0.6855931723178956,2.050039244655878
BFA,Kompienga,2011,False,-0.6183612164542336,-0.6705545500741781,2.0675485570462038,-1.5729993333778514,0.1425482521800495,0.46856576257635146,0.10857170318657045,0.25411467983779484,-0.8273491225120123
BFA,Kompienga,2012,False,0.027683933752466496,0.9882445437793437,-1.872272067598732,0.14442452391925584,-1.2183373329325422,0.7066941199979947,-0.7698223493285958,-0.6501611434153723,0.26557257990537103
BFA,Kompienga,2013,False,0.6297568469165195,1.0148930096192157,0.0573788973547824,-0.19912497129983645,-1.6293410745619012,-0.09632583204201163,-1.6499825778073136,-0.10085129941518788,-0.473956519024296
BFA,Kompienga,2014,False,0.4926602024428981,-0.4334593719711709,0.48882697607064374,0.01141719779527926,-0.8876834581642206,-1.0790367754041632,-1.8617713595094902,1.236004958731552,-1.3661898513995565
BFA,Kompienga,2015,False,1.2603464898001155,0.3182523870858929,0.6584922924062578,-1.9614403840818206,1.4671327117971427,-2.8952291939454917,0.9720841524990042,1.001143587502954,-1.1894935496556982
BFA,Kompienga,2016,False,1.546608683586712,0.23137379823530793,0.6363513924594367,0.9023960311972244,0.09619246512560692,0.14594619807574852,0.03237856296356649,-0.6096738758702643,0.3615408530984468
BFA,Kompienga,2017,False,0.10386989661543845,-0.46390861366262603,0.3161808861104918,1.565497984218247,-1.6999275843653388,0.6798073569686076,-0.5785659865002155,-0.18862159074537566,-0.07257977894004516
BFA,Kompienga,2018,False,0.5295151021427187,-0.6469225074148669,-0.5602779902964743,0.2778258207542743,-0.28151875062560644,0.17252020639981713,-0.2872469294434595,0.4855706132123354,-0.5067004109785371
BFA,Kompienga,2019,False,0.6005948405217454,0.3182802381149634,0.49944871813195585,0.5012142491058368,0.33095695229452965,0.222101314520754,0.6131505241850435,-0.301698314224774,0.12810859110207687
BFA,Kompienga,2020,False,-0.8457062377344551,-0.5654189662813619,-1.433706347190619,-0.6442204172897672,0.8171189994232156,0.30669361072518314,0.5686438373159476,-0.5208087571704395,0.9156218266282834
BFA,Kompienga,2021,False,-0.781004823027371,-0.48454162917083243,0.40834807804337375,-1.4209829204461415,-0.37163960520850015,0.19785530042576155,0.20269312508131934,0.6281614278870495,-0.28201997263814443
BFA,Kompienga,2022,False,-0.4946336882696394,0.3099681347883943,-1.6793595027613688,-0.19419330222055356,-0.2344436566687227,0.37283108927126407,-0.24803403340356045,-0.08710325597094644,0.20008479599688878
BFA,Kompienga,2023,False,-0.8262717959613423,0.10283923264546821,1.3452482086864128,0.7487404186999342,1.2472874813716959,-0.27723218291461366,0.4641395246812251,0.14718802237061832,0.07137263084956509
BFA,Kossi,2001,False,-1.2380642068496042,-2.110873148098132,-0.5975681780105238,1.8990909665554003,0.02177532334244047,1.5854073213590958,0.45702530661267443,-1.3625695216775862,1.870969885622548
BFA,Kossi,2002,False,-2.1265075510560956,-1.1510625244640174,1.9015738500217585,-1.615714358034555,-1.258161722882214,-1.084006551660517,-1.6306030540463845,2.285021369612627,-1.950865164473405
BFA,Kossi,2003,False,2.177506586639191,1.0623827259942218,-1.5275044899984804,1.5917594082454722,1.575894414775465,0.06209570266461442,2.056122576448964,-1.3147536755646227,1.9533507953709717
BFA,Kossi,2004,False,0.3134706416231478,-0.7710229335441823,0.15951689924899745,0.45006207926130537,-0.5820840880824585,-2.1500704484314594,-0.5078262605878535,1.2839014051152497,-1.329457440077981
BFA,Kossi,2005,False,1.284126867969634,0.19832374289734528,0.5837817984628902,-0.2236284775736743,-0.8832009308207496,-1.563584808997831,-1.2184465977940016,0.1764435346223159,-0.8390779729979438
BFA,Kossi,2006,False,0.8375182637763329,0.18143754743211934,0.24570749227903632,-1.501814841965647,0.26736478974679667,1.613971254669215,-0.0844782604240836,-0.47184316069962157,0.010652703846777916
BFA,Kossi,2007,False,-0.034845483019362196,0.5758348739472414,-0.6585086053653808,-0.1954050808025295,0.3251798358836998,-1.1509869184537662,0.2920385548772106,2.3011903596388756,-1.4753994827788541
BFA,Kossi,2008,False,0.08764660201723877,1.8730091940156146,-1.052546353003938,-0.17112269775346303,-0.4078658457753208,0.04971207878756417,0.011611838538249864,-0.9422130271967031,0.45238482335986807
BFA,Kossi,2009,False,-0.9462707323031295,-0.186315061676506,0.862558597056089,-0.4527372427514583,0.11555928390593327,0.9489915578454321,-0.23701162479079624,-0.819884085249927,0.5834130806752388
BFA,Kossi,2010,False,0.26380807748727236,0.783167188336424,-0.5869756859261823,-0.1528370692031258,1.1222370538391224,1.0537746842576154,0.8942862104179824,-0.9473198953032814,0.8941169428729592
BFA,Kossi,2011,False,-1.2498290591613235,-1.066871108227406,1.9655268327954714,-0.07141251888435235,-1.0882646652724492,1.1488896374450088,-1.224659857403546,-0.33612213999037915,-0.41225963887033906
BFA,Kossi,2012,False,-0.3919074275595605,0.40722753443663273,-1.6220061350645831,1.3839084879625942,1.3378090918573613,0.5899811077815356,1.9454449913732317,-0.9448119843854653,1.1561734575037166
BFA,Kossi,2013,False,-0.4533267642919352,0.9693581514831958,-0.3101350248711387,-0.1961375861367328,-0.6763651404770998,0.7294559145883962,-0.66851506795403,-0.47601059682874,0.3888236904074186
BFA,Kossi,2014,False,0.663947914791784,-0.0881436963144895,0.32269130441529115,-0.32061117114304477,-1.012139495799117,-0.46072745504418755,-0.7127237294940311,1.0390614286797966,-1.0972284962181975
BFA,Kossi,2015,False,1.0912093111604808,1.4439573298580826,-0.3853273792919323,-0.8259807787379201,2.6609492201430935,-0.381536551874076,2.033499594432798,-0.13464501932536913,0.1118533903911747
BFA,Kossi,2016,False,0.1564564037782654,-0.18893996055831078,0.1401272309244063,-0.5397450364932133,-0.5304507585414076,-0.1777968289262266,-0.10899544699148729,-0.26360378518360245,-0.11646956205810613
BFA,Kossi,2017,False,-0.32708023063995867,0.2655119887649306,0.946049786105684,0.8919737708292999,-0.7114866421867567,-0.30163756347585347,-0.9191526829310099,-0.08797139006606491,-0.16511690962506914
BFA,Kossi,2018,False,0.7644926431547379,0.7388533282550431,-0.06911708791116979,-0.4731680654948357,0.22713130424197042,0.43328297076127376,-0.13210685358546342,0.1089823863197858,-0.21376425719201622
BFA,Kossi,2019,False,1.0409195917025145,0.643982813691295,0.6043803470836245,-1.5137796583578638,-0.00182538955939048,0.4231854506204687,-0.36859167072751264,0.18409969831531606,-0.26241160475897923
BFA,Kossi,2020,False,-0.1708393733966911,-0.6200610596026113,-1.007838358732135,-0.8416790094141838,0.9935695120920134,0.16854001950065228,0.7918389153300586,0.3742001735792032,-0.31105895232592634
BFA,Kossi,2021,False,-1.2962758705265487,-1.4538242895950977,0.6209420071409505,0.5066557114305232,-1.0012327745769363,-1.4686541827586992,-0.4060266798221451,0.6777608563065767,-0.5393819047752231
BFA,Kossi,2022,False,-0.7797757957927116,-1.42407548109724,-1.4851866063973067,0.7860592380234174,0.3487287034994506,0.14152038635452738,-0.09481578100687682,-0.6292042246254926,1.2087267964811652
BFA,Kossi,2023,False,0.3336195904963218,-0.08185715593415287,0.9498577590385705,1.5862639304385873,-0.8431210793534473,-0.2098067770127835,-0.1679144204719479,0.300291293907108,0.08202581962020178
BFA,Koulpelogo,2001,False,-0.43109979925951436,-1.7042571021954747,0.21370800533717307,-0.1991012398752496,-0.7102224469979963,0.8989548523774913,-0.4204351326269756,-0.706882550463297,-0.09413647601479787
BFA,Koulpelogo,2002,False,0.5549049563950917,0.14403485184658846,1.2719962772388647,-2.1015964290505766,-1.6680872417181267,-3.1384382833521673,-2.3720856101980803,2.266049686047613,-1.586056989824885
BFA,Koulpelogo,2003,False,0.1143182313438792,-0.1159731440366829,-0.9622689356223373,-0.11150578135691197,1.3802784261410943,0.5918225019825176,1.271361635131303,-0.8286608935933181,0.29001641600514744
BFA,Koulpelogo,2004,False,-2.663454327006536,-1.121229562323036,0.07149794945985985,1.2540578732427754,0.15968375411708935,0.7213557769393842,0.2889158932410614,0.14161764840627383,-0.5603814464449316
BFA,Koulpelogo,2005,False,1.752818564447785,0.43675978888583306,-0.32979359864422303,1.5659332640807773,0.3417685719929451,0.613039858503461,0.5787153498663867,-0.723869696229509,0.19302731950506086
BFA,Koulpelogo,2006,False,1.3622691821542618,0.5364647272477001,-0.4306981582094952,-0.6839540069131533,-0.6285565735257886,0.16473950480609212,-0.9804255758426251,-0.7450815677763318,0.14453277125502467
BFA,Koulpelogo,2007,False,-0.6200121179663766,0.05622457351802342,-0.5689421022499088,-0.6366857427235325,1.4294802831873359,-0.02590316230262413,1.5049085933375081,3.2082889095739766,-1.9889103939151005
BFA,Koulpelogo,2008,False,0.4942065165868023,1.9174208678067008,-1.1903688274835058,1.133830085224157,0.5086929664249517,-0.82383446653527,0.7365589706447718,-0.6910198431377268,1.4909696403149892
BFA,Koulpelogo,2009,False,-0.006554416031331305,0.9829052538878447,1.045503315999737,0.5912767056242962,0.8482363257879119,0.4519404630197612,1.41781848835181,-0.6634916330466023,1.2820944292249472
BFA,Koulpelogo,2010,False,-0.7525037586423172,0.28630902759537535,-0.06412192864014662,0.5459409402063206,0.27148164037743,0.8777174856605794,0.41044734042754516,-0.635963422955484,2.356264520854938
BFA,Koulpelogo,2011,False,-0.4390747887222751,0.9236223466473235,1.647884223699399,-0.908939890134503,0.3577887230449761,0.5170457821605573,0.4648984895526624,-0.5973830401573497,0.06244069284482119
BFA,Koulpelogo,2012,False,0.32704754966044874,1.10689556117836,-1.806877287677492,0.47930921230324125,-0.6043123149699188,0.5674923593762897,-0.6492583452752602,-0.5698548300662314,0.6554687959548084
BFA,Koulpelogo,2013,False,0.07076257957161596,0.2737285189267219,-0.6583057279404075,0.400961041449293,-0.9891665590114432,0.020370452263090137,-1.15339866400735,-0.34891359760233126,-0.03454840365525116
BFA,Koulpelogo,2014,False,0.21557556701111769,-0.6245276741008605,0.7533134358603458,0.3243058144638504,-1.2149615963469942,-0.4447928937831788,-1.87557069236337,-0.19870627046333425,-0.5641849404253193
BFA,Koulpelogo,2015,False,0.6487861212150181,-1.200133205044491,0.9076542209161615,-1.8189259928138366,1.6907102867853698,-2.145078382484921,0.9726249141331236,0.7782035751604673,-1.414582802875384
BFA,Koulpelogo,2016,False,1.4322183205397188,0.022903545047012853,0.9276846827106631,-0.8693186467074775,-0.2733519828886033,0.4989553280086068,-0.1787888433982863,-0.4597419897017584,0.6218712657946555
BFA,Koulpelogo,2017,False,-1.947831156512588,-2.300503227521169,0.7103035357528082,1.6967115050538728,-2.1111134874910236,0.6393133185780793,-0.9733757356005209,-0.34821726703731143,0.09223472902458743
BFA,Koulpelogo,2018,False,-0.647367716795521,-0.8575726244200729,-0.37089919234631735,-0.008047840279285836,0.21540736201103358,-0.15199060874888498,0.038735750621289367,0.4187012971531842,-0.4374018077454664
BFA,Koulpelogo,2019,False,0.11808684927881606,-0.0020058933611235468,0.3803144400658019,0.2973943638583715,-0.14901080281373427,0.5549344697351676,0.3964897352762151,-0.3318434513296313,0.7971489467245426
BFA,Koulpelogo,2020,False,0.8394242049101724,0.46645153879107437,-1.2682240103570495,-0.4610093589767386,1.290286153778293,0.13660458715571902,0.5600879255608541,-0.17500482056642458,0.26751240995447645
BFA,Koulpelogo,2021,False,-0.4251176927608479,-0.7840087474502896,0.40254162778609076,-0.9808772907385424,-0.5251074342742565,0.3211450904297352,0.19710411678986448,0.8516398022389495,-1.2244081038556118
BFA,Koulpelogo,2022,False,0.41374785724237145,1.299029563816884,-1.8930270521238557,-0.48006936417463864,-0.4247393355892364,0.4598094180122068,-0.48125167148529324,-0.016057976938236688,-0.3106186750656136
BFA,Koulpelogo,2023,False,-0.4111507266597921,0.2574610152577571,1.2111251064678348,0.9703107782374913,0.8048152819786912,-1.3052034518016926,0.24592306786336685,0.37619193248441296,-0.03835189763563798
BFA,Kouritenga,2001,False,-0.48783234498867184,-1.7683356065017586,0.5579357432816233,-1.506412679114926,-0.5919680396902312,0.7360141579325358,-0.6548422317129593,-0.706882550463297,-0.09413647601479787
BFA,Kouritenga,2002,False,1.3087908675629667,0.5561572144123726,1.5891799524797292,-1.8114465065801721,-1.0865919809375668,0.2941999614683329,-1.5403774517129225,2.266049686047613,-1.586056989824885
BFA,Kouritenga,2003,False,0.46119521038273725,-0.018439285723121143,-1.3396263491807905,0.5595984826352494,0.6024649900102661,0.5178407489539556,0.7874560846033184,-0.8286608935933181,0.29001641600514744
BFA,Kouritenga,2004,False,-1.7649016982465042,-0.5113633348874289,-0.4973821577170645,1.5734953263561589,-0.7853475216785377,-0.6928408926423518,-0.887430663817264,0.14161764840627383,-0.5603814464449316
BFA,Kouritenga,2005,False,0.48207629154982307,0.2926922967352297,0.12111549464600696,0.885288538194924,0.8002096175695652,-0.167790614637468,1.0919503959889834,-0.723869696229509,0.19302731950506086
BFA,Kouritenga,2006,False,0.07905423398174856,0.07524532128624366,-0.30172956908747706,-0.7552178523212841,-0.6664141140228105,0.667917422772881,-0.815134941481293,-0.7450815677763318,0.14453277125502467
BFA,Kouritenga,2007,False,-0.00042247720626396683,1.1539067091987945,-0.7982793751129278,0.07158449030803277,0.2746062972161404,-2.608070811461,0.142696000854663,3.2082889095739766,-1.9889103939151005
BFA,Kouritenga,2008,False,0.32945769999306806,1.8981184448220938,-0.5993722913691477,0.8661586643041822,1.092940388533183,-1.6000086720800661,1.3778666693924284,-0.6910198431377268,1.4909696403149892
BFA,Kouritenga,2009,False,-3.236325566767481,-2.0506704697163554,1.2784235292967694,0.6790571176337195,1.4184008715595122,1.05466570490746,1.510789708153706,-0.6634916330466023,1.2820944292249472
BFA,Kouritenga,2010,False,0.7532090029839434,-0.42005242458506176,0.14801293956036923,0.6445402631644878,0.1161629351130581,1.147569600410521,0.6363851795063031,-0.635963422955484,2.356264520854938
BFA,Kouritenga,2011,False,1.172607040219607,1.552090070691837,0.9191847009568008,-0.12266831890279505,-0.4109534894752001,-0.005100172717630016,-0.05374457008166724,-0.5973830401573497,0.06244069284482119
BFA,Kouritenga,2012,False,0.48817758863907873,1.1723951032351279,-1.6016132058731578,0.3238131133520411,0.7428367204872198,0.9802616703062274,0.5163672901393319,-0.5698548300662314,0.6554687959548084
BFA,Kouritenga,2013,False,0.014139882793230618,-0.9162188434096016,-0.9141489732225758,-0.6922368592677269,-0.740151493253567,-0.7298264911462635,-0.6551648604478042,-0.34891359760233126,-0.03454840365525116
BFA,Kouritenga,2014,False,0.7023136375261646,-0.6814127564978673,0.3424211624109978,-0.4268606224293053,-0.2784149180395247,0.8091703574756848,-0.8985210265779746,-0.19870627046333425,-0.5641849404253193
BFA,Kouritenga,2015,False,-0.22971256943822113,-0.3937619071792367,0.494999550999841,-1.7315380875867195,1.1881923003899402,-0.47003254905035996,0.4306421467149268,0.7782035751604673,-1.414582802875384
BFA,Kouritenga,2016,False,0.7843675275660013,1.1784221613000754,0.15480909112236393,1.6056389480430298,1.0560621337460778,0.8785340356870447,1.2617068819798114,-0.4597419897017584,0.6218712657946555
BFA,Kouritenga,2017,False,-0.4124051258383051,-0.8052527505452661,1.0965546846802219,1.3084482589619593,-3.054670931182478,0.009617967022614646,-2.3341516823738577,-0.34821726703731143,0.09223472902458743
BFA,Kouritenga,2018,False,0.45904551402375227,0.6137230137760393,-0.37237125715432556,-0.4786535180802919,-0.3887111314039046,-1.557542402551819,-0.9378951750945386,0.4187012971531842,-0.4374018077454664
BFA,Kouritenga,2019,False,0.8060383769518329,0.4076925155481814,0.825235084645705,0.5134251406810125,-0.030963115198439427,0.13110825168360782,0.845152856686979,-0.3318434513296313,0.7971489467245426
BFA,Kouritenga,2020,False,-1.1029185481592705,-0.3789396698765711,-1.1375126305450542,-0.08979054789897589,1.1363065092503866,0.8806392381086795,0.46204467690772505,-0.17500482056642458,0.26751240995447645
BFA,Kouritenga,2021,False,-0.5537973027976052,-0.8203304783023418,0.16801851246817792,0.21793863621399318,-0.0012933856971501076,-0.7184696967090641,0.5343672849715906,0.8516398022389495,-1.2244081038556118
BFA,Kouritenga,2022,False,-0.06756049788441598,-0.4188490838194712,-1.8526400716662486,-1.4175766662395581,0.24237621738122417,1.0529950016438996,-0.12144283294591875,-0.016057976938236688,-0.3106186750656136
BFA,Kouritenga,2023,False,0.015403257152784514,0.2831837600380859,1.7187854343801618,-0.2165853214270351,-0.6350788606771637,-0.6108518153774218,-0.6987197396535673,0.37619193248441296,-0.03835189763563798
BFA,Kourweogo,2001,False,-0.5182345147007434,-0.4295323289582776,-0.2472399998110662,-0.7826695494986048,-0.39980440957848823,0.1540378214184307,-0.007684194236974618,0.3535531971565061,-1.0106609272161946
BFA,Kourweogo,2002,False,0.8550848718879561,0.6026943106860031,1.6415974076823083,-0.6276724371328765,-0.4257174228843295,0.4563807720506454,-0.8337532837027847,2.3838875394988333,-1.0665726122870407
BFA,Kourweogo,2003,False,-0.5277810533373325,-0.573413309660762,-1.5016534725042174,2.8600027651373585,0.8785268819013389,0.853884524420067,1.2896083720045082,-1.3105629259909692,2.020994885513841
BFA,Kourweogo,2004,False,-1.7324885142127469,-1.4308998475553394,-0.06195476297267988,-1.4038678055089617,-0.9227114231067579,-2.096277307467891,-1.0810201770752932,1.142003766461029,-1.3438422552114402
BFA,Kourweogo,2005,False,1.3124680339395085,1.5512742205035377,0.07466343230041748,0.8518001320768237,0.5252805408837119,-0.7396856493802321,0.9165705765309621,-0.016909286948869316,-0.07618375802049737
BFA,Kourweogo,2006,False,1.5234059181319834,1.4193939219498561,-0.3968868668769876,-0.6793096187750708,-0.7779939500783538,0.5375360823676235,-0.9383457284828479,-1.141529357608756,0.5296896480395441
BFA,Kourweogo,2007,False,-0.044580680011183815,-0.41306203352167264,-0.08485398699217103,-1.2817320694191954,-0.46681780896625097,-2.187813549783067,-0.9126262289240891,1.9818938098906003,-1.5115773104239638
BFA,Kourweogo,2008,False,0.3003592265518708,-0.3083704761683018,-0.7607334792337487,1.0073890990772112,-0.17110064736665906,0.24463538209335473,0.17441412074153037,-1.0459868033956217,1.5759901873769178
BFA,Kourweogo,2009,False,-0.7036901805426656,-1.0457493691533022,1.3811058772188254,0.30588746214756257,1.5317410829222982,1.5102217319694393,0.9557899419402395,-0.9510626750077652,0.1965083200442985
BFA,Kourweogo,2010,False,0.11122801845484102,1.0582884885634847,-0.017636326334738838,-0.305178407009354,0.10372245670333505,0.6062249121077335,0.32404720531087855,-0.9461576263387342,1.7950593628006695
BFA,Kourweogo,2011,False,-1.342003079425092,-1.5327953703758423,1.719399911783117,-0.09079780819462825,-1.057383037701639,-0.6119272182925608,-0.4311468880938856,-0.47829731054436625,-0.7425464140109884
BFA,Kourweogo,2012,False,1.3181561208902681,1.106595658174731,-1.085069311035194,0.0906097496268535,2.2503182044244463,0.8394096921797269,2.252513827383293,-0.8313252693287114,0.19421953761449673
BFA,Kourweogo,2013,False,-0.1626574195363939,0.46339129589986894,-0.9961600547086854,-0.016416769589651884,-0.49102860033965207,0.182249187741156,-1.0358814888724506,-0.680675043972066,0.6346466708918291
BFA,Kourweogo,2014,False,0.5057456496480689,0.9663414753664945,0.35534940404278875,-0.4866269296492162,-0.6237694171552491,0.6952756601234283,-0.9666060826434675,-0.334983479224671,-0.7448351964407902
BFA,Kourweogo,2015,False,0.13158519083620066,-0.6631582653199203,0.06692432506442102,-0.13187081165451564,0.5587242541866372,0.729589278351738,0.46063424811517173,-0.24863259652432063,0.19193075518469493
BFA,Kourweogo,2016,False,-0.14453497459259249,-0.27605923135239674,-0.35691703516638007,0.916439610338852,1.7134423987550942,0.6059941426055975,1.8419991268779343,-0.6295236037930603,1.294142979592915
BFA,Kourweogo,2017,False,-2.8234393890207654,-2.233035740080994,0.7256874949770112,0.787164291617197,-1.627096239078569,0.16616594955812575,-1.556188001457848,0.3141518476578914,-1.0780165244360358
BFA,Kourweogo,2018,False,0.7644249130900717,1.0625824484277837,-0.0711510242907735,0.24716653023212581,0.23575635429540345,0.539152290126271,-0.2036885756363115,0.929900651561726,0.024195699972185996
BFA,Kourweogo,2019,False,0.34483058887502954,0.7743412033236634,0.34786553686821026,-0.9426882526702745,-0.7092361808554168,-0.3349249763508507,-0.4676545145234272,-0.21186591047316033,0.13373028768406175
BFA,Kourweogo,2020,False,0.3965649589166039,0.37242655408066305,-0.8870277854546549,-1.514218485296457,1.0131601160037773,-2.060047316879468,0.4894912969066756,-0.20696086180412934,-0.08762767016950623
BFA,Kourweogo,2021,False,0.5999705253589573,-0.12695221684421965,0.26159820565525616,1.0916679653631998,-0.8145878070507938,-0.3971957859519961,-0.4187927879899661,1.049638057240792,-0.6398781735885033
BFA,Kourweogo,2022,False,-0.0036448460074778918,-0.23459927126053495,-1.980965736236531,0.6187367291051633,0.7162690529006787,0.8388865598920233,0.7414421030623333,-0.08569857052847701,0.4623340508197019
BFA,Kourweogo,2023,False,-0.16076936519436638,-0.10970211672452318,1.8740582460254729,-0.5138153903235411,-1.0396943988145617,-0.5317721828992957,-0.59312286723418,0.9651424520163,-0.7517015437301955
BFA,Leraba,2001,False,-0.4192262106571028,-2.0922544686703044,-1.0107670038302514,-1.4629900916931726,0.14543887630573835,0.20611987909280405,0.3941352528354623,-0.35464167770304333,0.9684132692458282
BFA,Leraba,2002,False,-0.27738698759542174,0.348513978455588,1.3449526878538272,-0.698510990714588,0.03428447204894212,-0.20830026647079908,-0.22019852226096143,-0.21206429306350233,-0.4561532120800052
BFA,Leraba,2003,False,-0.08143044436996512,0.22806764484970285,-1.078943235556305,-0.20760335507517938,2.244809950871677,-0.1510875772769935,2.3984393371049486,-0.2566839661213835,-0.7266520668434515
BFA,Leraba,2004,False,-0.007378696461989535,-0.8091443228040015,-0.1974081765749145,0.3910748578190543,-0.5798777180552789,0.8796736899585066,-0.9493711395225232,0.7247481582000472,-0.7663373962944079
BFA,Leraba,2005,False,-1.2637067234313502,-0.4120678161666915,0.44243159737056986,-0.7625550652281469,-1.085701201140158,-1.147891798243416,-1.1431879584897684,0.5671038465323958,-0.8060227257453643
BFA,Leraba,2006,False,0.5237246668068797,0.7789520871781056,0.390594799669063,0.5086529999582166,-0.9962600956939507,0.8524165534111315,-1.2605895078667817,-0.43822525470854384,0.5391730966785564
BFA,Leraba,2007,False,-0.33069167166986463,1.3921635230538514,-0.54554396963243,0.3270307833054951,0.7082780414244515,0.3419111597483357,1.3503602298635258,0.370137891741686,-0.4237663340223278
BFA,Leraba,2008,False,-1.9217334034779996,0.44443768515100046,-0.7064829586352578,-0.6276380740404901,1.2748423178244905,-1.0681892816710699,0.6943242192285384,-0.5186345509329279,1.1522430137140727
BFA,Leraba,2009,False,0.09271704228143648,1.0217962763457704,1.0525678112431651,-0.5828384529030257,-1.5182440607118308,-1.7491780641206875,-1.116094903661318,-0.24713843787910744,-0.27232346761176074
BFA,Leraba,2010,False,0.7951685868826206,1.5500768443139137,0.15714660615939735,2.324358062678098,0.4410426469323182,1.2198869534595482,0.5047179567565385,-0.692642376006028,2.226939981374556
BFA,Leraba,2011,False,0.8517553761394749,0.6661846399516073,0.49473676879647926,1.4031084468366135,-1.3542392082461712,0.8688484908323392,-1.345306641225824,-0.7248999792159755,1.264000550673673
BFA,Leraba,2012,False,1.851356154547843,0.7146543422946868,-1.0996692886913353,1.8810628880944373,-0.389365091008684,1.182551981121822,-0.15199993842404966,-0.6935812232079172,0.5318746452852775
BFA,Leraba,2013,False,2.289080352084629,-0.32861980172238003,-0.13147890073381013,-0.17644093890008303,-0.4600782251758506,-0.27008285547156474,-0.3194907651239285,-0.2596121921525618,-0.43106478541559645
BFA,Leraba,2014,False,-0.3613371528738991,-1.4073024095231275,0.8367114872237238,0.171204366878945,-0.055973131244035544,0.7566769181412814,0.5201623424401283,2.436615621076489,-1.624817741428951
BFA,Leraba,2015,False,1.2352373410850066,0.1195739699951206,0.9456568661767651,-0.9414934619224331,0.43067772867707815,-2.8555788469379504,-0.4513196286374607,0.49000320141355563,-0.9720624949424788
BFA,Leraba,2016,False,-0.10486492056462524,-0.6643166317047022,0.5774759157069124,-0.3853017265998131,0.7922461499239457,-0.030073588214421975,0.7808936291081207,-0.7007569475465285,0.37313332748144185
BFA,Leraba,2017,False,-0.24564319599210133,-0.6474713304595083,0.5600924415742291,0.3361727690318895,-1.687014401164891,0.44734533251246383,-1.48126088321911,3.139845331606438,-1.9746872550943089
BFA,Leraba,2018,False,-0.0012731145514172679,-1.6883963185494384,-0.7372842051459574,-0.33015798137991254,1.5115588826812267,-0.018896625522112166,1.253164747446632,-0.4067721283760481,0.06294914326704941
BFA,Leraba,2019,False,0.15620317201391415,-0.9084336698599815,0.6130248623931753,1.724200216117355,0.04250501906125787,0.6735655265548389,-0.3331339810962731,-0.850510056524691,0.9465179150660016
BFA,Leraba,2020,False,-0.3378543865359487,0.15648952488745882,-1.0262749197449277,-0.47371623797359597,0.25873107779040505,0.6487228959065819,0.5505510958353256,0.03555752896974599,-0.478048566259833
BFA,Leraba,2021,False,-1.536570519509603,-0.32463143613726303,-0.5383429815347638,-0.5483450690343871,0.9924429999656893,-0.4330574638329424,0.7828425941867799,0.1640068337830758,-0.5177338957107893
BFA,Leraba,2022,False,-1.2883326264695105,0.2313701901864032,-2.3687021034636424,-1.041362078620521,0.02814542902530382,0.6485375927568385,0.2835976702415057,-0.6753173294997635,0.36583487608817317
BFA,Leraba,2023,False,0.3821873623189944,1.6303574989341894,2.0255058993762876,-0.8279118666347561,-0.778250460091674,-0.7939206057345335,-0.7412352055195071,-0.896538000385411,1.0185901225746457
BFA,Loroum,2001,True,-0.8968070294572957,-0.8829337432795838,-0.1362025307646226,1.4376304454178328,-0.5559416143019347,-1.8726199922984768,0.08599633785359681,-0.5220123691023344,0.7576719487903115
BFA,Loroum,2002,True,-2.5449107609115638,-2.0869736975449618,2.159592039620885,-1.9024648885181819,-1.1355865901317923,-2.0785435894568027,-1.7378784873318665,3.9839507936574097,-2.2525200641642105
BFA,Loroum,2003,True,0.3985605228865811,-0.06527965776581378,-1.419966104423517,1.0149398812899242,0.34908516484026636,1.551656463065292,0.5401910262364803,-0.9431167426702892,1.0278130782037924
BFA,Loroum,2004,True,-0.834014446474712,-0.8523243620011974,0.45936530138525344,-0.6843020487576895,-0.9796464196975028,-0.44112065684680163,-1.23251296515055,0.9390411352451463,-1.4723363545894423
BFA,Loroum,2005,True,0.9515552769293742,0.6358098430749344,-0.4452526467552493,0.7813208626553804,-0.4638033631960853,-0.07599931662261315,-0.20536966801744674,-0.8282534628809901,0.2778690472947045
BFA,Loroum,2006,True,1.3749282515122858,0.8993482494227679,0.39487819437218563,-0.9179210673922334,-0.20273156630180028,0.5919738906816168,-0.32530589519920244,-0.7708218229863544,-0.6921526450146743
BFA,Loroum,2007,True,1.0777942868693646,0.3931149070996665,-0.6624128010860467,1.2752269265933993,0.9285262524946297,0.3149447461661757,1.1109532349008033,-0.6768469339991656,-0.1320465968401642
BFA,Loroum,2008,True,-0.2742000561745984,-0.12358573122678795,0.03919811545332919,0.7622169314950901,0.01942675837601026,0.14134185235200283,0.3551441465473414,-0.6559585431970552,1.1081162248826955
BFA,Loroum,2009,True,0.4979228559440975,0.15366025163202435,0.5914484176542626,0.10801608479239475,1.5381926815188378,1.3047157977226627,1.1786074581690522,-0.5985269033024194,0.8181513061216983
BFA,Loroum,2010,True,0.38017237929045433,0.5543553640774053,-0.625742751621926,-0.398457296805712,0.22807764816148307,0.5626811297750657,-0.09919430241254396,-0.5410952634077698,0.868214774134892
BFA,Loroum,2011,True,0.046486755641262624,0.1085155165980383,1.0852568327852592,-0.5282583254546397,-0.34101516592308045,0.7311275517774426,-0.18451496555418298,0.2374564919129709,-1.291906271884153
BFA,Loroum,2012,True,0.7209842969647307,0.583742699445639,-2.117888472704605,1.06842368663749,2.2846424706777166,1.1410852719598952,2.2423011384184326,-0.4213595504061459,1.1383559035483748
BFA,Loroum,2013,True,0.1429902723134439,0.3689956291014686,-0.23434124310401525,-0.3450048181137515,-0.9884083977260021,0.37663241403315634,-1.1535718015453842,-0.3468743942683114,0.6783767914002822
BFA,Loroum,2014,True,0.577653614343624,0.48264984704608777,0.584710479064353,-0.966849427990443,-0.1107864793615942,0.13233657758539497,-0.32860346540019053,-0.2845703211613371,-0.6316732876832875
BFA,Loroum,2015,True,0.6205801798692684,0.8727300057182567,-0.9956437968492353,-0.5276382514467193,1.0917652170495182,0.70169725596302,0.9027214920855021,-0.25393706393454957,1.1185321142008604
BFA,Loroum,2016,True,-0.0770715478252454,1.422517237210682,0.1371856675382016,-0.899457394940649,0.7810500975989669,-1.1421295587503109,1.1851284875149561,-0.19163299082757526,0.31852461527860715
BFA,Loroum,2017,True,-0.17788436251942577,0.8452434189134784,0.44190688710569304,0.08033171806984399,-0.620611617482366,-0.16043922664610338,-0.12076706417166205,0.28482790532818936,-0.6514970770307716
BFA,Loroum,2018,True,0.04809622720894665,0.7269391817809872,-0.17904634590013702,-0.8554337551540799,1.327687395945104,0.6736761493378218,0.7443352592664205,0.020678953208494857,1.4387367116275651
BFA,Loroum,2019,True,0.15769229735299306,0.8297994257810267,0.9149373135484734,-1.0347496310670437,-1.0719717305325946,-0.5570200461916823,-1.1106434060710315,0.10490897577099262,-0.3813559476172889
BFA,Loroum,2020,True,0.35627943692270825,0.2891633341902874,-1.2568368143019923,-0.31103235192699413,0.3266130846312128,0.16706740351429394,0.041918601352366684,0.15990439905947293,-0.33129247960409525
BFA,Loroum,2021,True,-2.7423331995435136,-1.8765006678365812,1.1298990978782786,-0.35814521979835096,-2.035028205938141,-2.0669459447621814,-1.905619072179328,0.568151230242484,-1.301314171913474
BFA,Loroum,2022,True,0.5705904780369624,-1.6131314887852142,-1.0626530186603937,1.2375563002687484,-0.038877142570714784,0.3130617954268148,-0.21375661050773734,0.2772038954549275,0.10886284319648293
BFA,Loroum,2023,True,-0.3750657291797434,-1.66585556265261,1.197608179765565,1.9640516401463841,-0.3306584781301377,-0.30917996778568396,0.2304405211961743,0.4588825822642101,-0.5211304623387051
BFA,Mouhoun,2001,False,0.06053870517824177,-0.5556116327353651,-0.3282587185278906,0.5428874045542641,0.48136550179468063,0.9325466868420345,0.9523794276675609,-1.3625695216775862,1.870969885622548
BFA,Mouhoun,2002,False,-1.010079796082455,0.2586215909031368,2.061674610094399,-0.47359487846973297,-0.8743703059339832,0.06373285588322776,-1.4396952842870636,2.285021369612627,-1.950865164473405
BFA,Mouhoun,2003,False,-1.0035826934884118,-0.5236784815229846,-1.4020118882261896,2.173057897453577,0.6842069189900786,0.9289784207227445,1.315397257556549,-1.3147536755646227,1.9533507953709717
BFA,Mouhoun,2004,False,0.2471786816333814,-1.0675887546069813,-0.10269348459399051,0.031793394453387046,-1.0534941905577984,-0.737099163144556,-1.2255495292597305,1.2839014051152497,-1.329457440077981
BFA,Mouhoun,2005,False,0.7969195052765305,0.3827481839657374,0.215289174156888,-0.2833704267709195,-0.7293025383714535,0.18460315102585179,-0.8482386384464049,0.1764435346223159,-0.8390779729979438
BFA,Mouhoun,2006,False,3.258938736756432,1.4137272914772452,0.09267211071615625,0.32874725197897475,0.11473503239032533,0.8824104478878083,-0.3350917563845288,-0.47184316069962157,0.010652703846777916
BFA,Mouhoun,2007,False,-0.31028200136333933,-0.6076833938396738,-0.5180005738478785,-1.609983560122863,0.21814361201957272,-2.235228120677212,0.525857836474979,2.3011903596388756,-1.4753994827788541
BFA,Mouhoun,2008,False,-0.1410400756315274,1.097339274156507,-0.9806456837625617,-0.8095633495608765,0.2965332467724761,-1.7681851033996931,0.39554363139401,-0.9422130271967031,0.45238482335986807
BFA,Mouhoun,2009,False,-1.2952299764281854,-1.3363215413655423,0.6391088814635308,0.27478583984404303,0.0028263595610106304,0.59584762428504,0.028754869571322724,-0.819884085249927,0.5834130806752388
BFA,Mouhoun,2010,False,0.15263926134881053,1.088293048039752,-0.33205448489365985,-0.6096243448306432,0.8889856236007324,0.5856915778265216,0.2642331706740884,-0.9473198953032814,0.8941169428729592
BFA,Mouhoun,2011,False,-0.8524833856868378,-0.6940531042280578,1.5515374633839172,-0.3374925276658995,-1.560655616452786,0.5225134131751202,-1.478123134003401,-0.33612213999037915,-0.41225963887033906
BFA,Mouhoun,2012,False,1.0892083321856658,1.2702499550523432,-1.5616719831933148,0.4308207995917209,1.3390640893884156,0.7452682907623003,2.0231548338543215,-0.9448119843854653,1.1561734575037166
BFA,Mouhoun,2013,False,-0.16678260079162416,-0.12022720701606597,-0.5131297060259178,0.9046185540519954,-0.05053610117945303,0.3092179831916461,0.07639273812335153,-0.47601059682874,0.3888236904074186
BFA,Mouhoun,2014,False,0.38311129736437766,0.1411052829783151,-0.2556642027934516,-0.201763002224226,-0.8122631095403264,0.34006284594301944,-0.5083593417104454,1.0390614286797966,-1.0972284962181975
BFA,Mouhoun,2015,False,0.19992543506872054,-0.971116300654436,0.37535323881885463,-2.9308437957751576,2.645036776824293,-2.9329927816165546,1.7698732615657988,-0.13464501932536913,0.1118533903911747
BFA,Mouhoun,2016,False,-0.7318471394480064,-0.7438924026755466,0.7582068052837309,0.5950169305260854,-0.09856236233814555,-0.08317441235077104,0.15162047288506622,-0.26360378518360245,-0.11646956205810613
BFA,Mouhoun,2017,False,-1.1256907573955428,-0.6307388754801679,1.0265566890051152,1.095715046673802,-1.4084359857354232,0.3533862535769676,-1.6913743972855908,-0.08797139006606491,-0.16511690962506914
BFA,Mouhoun,2018,False,-0.8961397080089728,1.9856941831240458,0.17991063544122823,-0.11583824626428878,0.6379930204515925,0.1577601256663947,0.4544115964815108,0.1089823863197858,-0.21376425719201622
BFA,Mouhoun,2019,False,-0.27125658478957554,1.8803182136557717,0.5196620551699288,-0.33867308414847264,0.5480252701480366,0.2551509667165368,0.17470387319436254,0.18409969831531606,-0.26241160475897923
BFA,Mouhoun,2020,False,0.5353699902936265,-0.24161716539719774,-0.9434753092865504,0.08219170053973904,0.34923040278010925,0.13701870385710865,0.09757688925486036,0.3742001735792032,-0.31105895232592634
BFA,Mouhoun,2021,False,-0.5023219633007534,-0.48830009591207424,0.07850907948787182,0.40222351658018546,-0.7673492285377442,0.1753768222228495,-0.3380423940450008,0.6777608563065767,-0.5393819047752231
BFA,Mouhoun,2022,False,0.4478591121731974,-0.2486049804709333,-1.9480038190752973,1.1007694541710216,0.6453488453019485,0.3114072635755056,0.6736043253819969,-0.6292042246254926,1.2087267964811652
BFA,Mouhoun,2023,False,1.135047625136248,-1.288663087447827,1.3871291112050814,-0.25188057458571467,-1.4965252613761584,0.27570614802811005,-1.0390297086576137,0.300291293907108,0.08202581962020178
BFA,Nahouri,2001,False,-0.21700505638236103,-2.182625862408852,0.16276130784421527,-0.9167115596861588,-0.6769772993423759,0.7312132288368428,-0.632665149830168,-0.8346269473239915,-0.11607131329806088
BFA,Nahouri,2002,False,1.4315772758620282,-0.7280029005278571,1.3896681248567864,-2.1758994681716284,-0.7618945637068486,-0.4535508977037666,-1.1971285298435386,3.331941668206936,-1.7744553380199106
BFA,Nahouri,2003,False,1.74632648329734,0.07916282748782362,-0.7764003089621915,0.22305615404030033,1.412582913879028,0.9315579778014246,1.6998725274523527,-0.9181987162351083,0.41844486865569464
BFA,Nahouri,2004,False,0.5078130632553896,0.5947845703075796,-0.8018020835891604,1.9918712491272617,-0.7555112078615799,1.222316252390426,-0.22795004364217306,1.257271331177145,-1.0648807819117243
BFA,Nahouri,2005,False,-1.1542996141206647,-0.5412590888315683,-0.08283205639729825,1.1737060625071676,-0.6205504858488967,0.5621694593757062,-0.3515129881199986,-1.0785269237519723,0.42778592814613026
BFA,Nahouri,2006,False,0.7816143389632227,0.33295495921441726,-0.3701719454401433,-0.6083547539600301,-0.6357357981445997,-0.03006242892217211,-1.0677834043207555,-0.9974111297256759,0.3449272708141487
BFA,Nahouri,2007,False,-1.8196779724329821,-0.040638001469319035,-0.9364520171774428,0.41563877689254175,1.5448031672591536,-2.2532160461048334,1.3497714308598416,1.5307730284226069,-1.3134567539077
BFA,Nahouri,2008,False,-0.6493484149193479,2.372042987060576,-0.5043918921855484,-0.9904558427185809,-0.0019139266595295508,-1.3793246861615402,0.44605232649726817,-0.8781265966072629,1.4046185752311948
BFA,Nahouri,2009,False,-0.586238099767867,0.43030484574099015,1.277207402413637,1.2522128252268185,0.5571770474622082,0.1631597492446038,0.6939545992640517,-0.7778216929295245,0.7965847954359235
BFA,Nahouri,2010,False,-1.811010904651848,0.43496322428258777,0.5669410649426383,1.0003419946760588,0.6006689246166074,1.1181248279485123,1.0704308313756306,-0.7497043922262584,2.6393682538026693
BFA,Nahouri,2011,False,-0.3942739524600781,1.339645996371907,1.0319426972241708,-0.2736727497417629,-0.13390817035935082,0.5773231762247006,0.017016788720451377,-0.37435558354449705,-0.0693660158457904
BFA,Nahouri,2012,False,0.7338266325247556,1.0746041348485664,-1.4242235265970182,-0.07256861313474351,1.2708473019273452,0.15099838660342246,0.6699138328114975,-0.562801091764648,0.3729504492855178
BFA,Nahouri,2013,False,-0.5826647708319925,-1.5812978582600699,-0.6499967774999875,0.034127915086688644,-1.1919245595495471,-2.290070975238436,-1.976286034745426,-0.3025869409915594,-0.5852000788186135
BFA,Nahouri,2014,False,0.12431036434722571,0.04781087860382887,0.22358580809963988,-0.25753330169069266,-0.4608388685955576,-0.666464620287628,-1.029807383279817,0.21439577226034842,-0.8431171103050239
BFA,Nahouri,2015,False,-0.07910420530131067,-0.7912734248146823,1.0206590864459495,-1.9996524376870637,0.8757745500663997,-1.5093405856100015,0.5315557678039248,0.08991396287833758,-0.5758590193281466
BFA,Nahouri,2016,False,0.14928481285340311,-0.1510483109652222,0.06864459063981779,1.139737215677234,1.0929007268234587,0.6036483297311249,1.220622488343096,-0.3415936009267455,1.266924439038599
BFA,Nahouri,2017,False,0.6009959307145276,0.16657708644163238,1.0692113736946098,0.5875473103742345,-2.5767282644905958,0.659668786029875,-2.063958967911394,-0.18372136829466026,-0.21640121152885122
BFA,Nahouri,2018,False,-0.9431684540037538,-0.4314005868200657,-0.24303444376259845,0.6568741602763681,0.5990001793068023,0.44157138347510666,0.47266538608748365,0.33143381070472927,-0.6493766171696926
BFA,Nahouri,2019,False,1.2320070339399185,1.1948700874525735,0.4929376517077727,0.10589460892703267,-0.4257458027868138,0.6242635002392998,-0.1329839028741169,-0.10464258873164954,1.1934068411970529
BFA,Nahouri,2020,False,1.5234932054078054,0.15003152645205134,-0.8070879291742479,-0.7809581645633459,1.204352931778404,-0.05588661815332234,0.49984821121650946,0.29537793235908794,-0.11486043521593617
BFA,Nahouri,2021,False,0.5819307493253603,-0.7691491950390577,-0.07430372150609432,-0.09223267887498666,-0.5974434937548605,0.49573429967732685,0.06184669265315311,0.34359810984005523,-0.5478358408567776
BFA,Nahouri,2022,False,-0.36610490027277603,0.23494193936093594,-2.3965786576339685,-0.1866062012055559,-0.5355063104333578,0.5686732311752203,-0.456414545911882,0.29313143768503497,-0.2805777498799304
BFA,Nahouri,2023,False,-0.8102835453459937,-1.2359998344887757,1.7637162520564615,-0.22636250137715666,0.21657100841450672,-0.21250573057189237,0.4029400673940097,0.4162805195192727,-0.7135531555207719
BFA,Namentenga,2001,False,-2.038464066854602,-0.9444950476300726,0.14003697633567253,-0.24217911086830704,-0.5883956526259843,-0.08827545863900228,-0.4441366743710217,0.2309410302855367,-0.3302235906446622
BFA,Namentenga,2002,False,-0.6875026163103762,-0.3009477717216186,1.723360402459937,-1.992559838925122,-0.6610767319048858,-0.11563118336413354,-0.9497767322453545,3.2860548630788373,-1.5921124840486083
BFA,Namentenga,2003,False,-0.11669071908194739,0.914146084106219,-1.962349434713652,2.2030215140041087,1.475684470045814,1.2553919152268833,1.8270338161156623,-1.0901288195135297,1.3364221176246582
BFA,Namentenga,2004,False,0.6716910301717164,0.9293982667444944,0.19933666213491968,0.20592161004114312,-1.1217619205280736,-2.283326307774904,-1.7337773583149312,-0.283211100615631,-0.673756685614474
BFA,Namentenga,2005,False,1.9943844080178668,1.2101664435156336,0.3119318453287128,1.2582288019717331,0.9325231455395119,-0.04171242025188042,1.4358256257384503,-1.0118993229049282,1.2071720422894965
BFA,Namentenga,2006,False,1.8005144479299169,0.8471649760774717,0.08348274606469017,-0.8322890423828855,-0.6155643645373186,0.13911660889807162,-0.5904479119061736,-0.969333774732791,-0.20437483308146562
BFA,Namentenga,2007,False,-0.37362075878174317,0.2929395507423927,-0.6979020537522242,-0.08194336610929033,-0.15963479939412065,-0.28110389330094665,-0.5086373358688695,1.7562286706821437,-1.0172897805842849
BFA,Namentenga,2008,False,0.4568715836582307,-3.15323854535101,-0.4779485520569259,1.3301127212718489,-0.17537937795780736,0.3402098863500052,0.2780070458083904,-0.8928296780581076,1.1629549112537698
BFA,Namentenga,2009,False,-0.1621980384007945,-0.08597703216205121,0.9354581368901373,-1.2773476682308125,0.9626624818211501,0.6202471926398009,0.504206944700621,-0.28778375142864776,-0.5479079280512774
BFA,Namentenga,2010,False,0.49488921080298703,0.6622895231842839,0.3058279526994195,0.6128765307063212,-0.1899476473224465,0.8261072332526986,-0.17068948607587575,-0.816325581383434,1.9316527277208633
BFA,Namentenga,2011,False,-1.542630725176821,-1.067983225332376,1.1509620384505084,-1.0678898667701753,-0.35991503659697677,-0.42105241593676657,0.23786877982942878,-0.1784970560095186,-0.9764739673205243
BFA,Namentenga,2012,False,0.2951047977488895,0.0952706195899298,-1.817142196107713,0.8943439945522016,1.2179643693311033,0.835194337409363,1.3226503744386395,-0.7294690851052414,0.9044547605834197
BFA,Namentenga,2013,False,0.5524345715790597,0.7807406571273338,-0.8279219460519562,0.1826390204013006,-0.8489189666942125,-1.7511244250496902,-0.6533542878416957,-0.6765511373295952,0.9894877048828814
BFA,Namentenga,2014,False,0.21123068988611177,0.033707494732032814,0.8272427608740672,-1.1349351921550823,-0.1334068011323766,0.5002576620686423,-0.9579188442587785,0.06652678401333036,-1.020691098356251
BFA,Namentenga,2015,False,0.14768881236395168,-0.8017265414838578,0.029713853011810096,-0.8558710484983424,0.988277027857243,1.2439791928983106,0.5528112527724657,0.28853392531296007,-0.6363421901227042
BFA,Namentenga,2016,False,-1.4198235413654445,-0.8978709638819304,-0.21609016240094417,-0.01599984601607945,1.3902778592368175,0.6973826084350013,1.3052300171804094,-0.4901908950599746,0.346638645979011
BFA,Namentenga,2017,False,-0.7217633929738771,-0.36488838751879377,0.0918487281414525,0.7824021745936174,-2.4812480584629752,-0.8324443165437654,-1.8983512770016988,0.43060321947652513,-1.2145662113590203
BFA,Namentenga,2018,False,-0.11099845335289323,0.8014327297408207,-0.605183107138556,-0.32827525331330276,0.17202236298178353,1.0425568299177495,0.06907690046697958,0.02629018476384917,0.21738857064382267
BFA,Namentenga,2019,False,-0.8547860178483231,0.5151394162648888,1.0495779970863348,-0.6675061318000477,-0.30239788105939647,-1.320924879273246,0.2605164068200423,0.2569243257330699,-0.44586839489192676
BFA,Namentenga,2020,False,1.0861400567470858,1.2984407453577724,-0.8409070254454395,-0.3065515820628042,1.7323279051826375,0.5192770561299707,1.362143422428994,-0.31302710263575306,1.2854023510450012
BFA,Namentenga,2021,False,-0.9428015343527278,-0.7562974651207625,0.5071160259179943,0.6125152782194341,-0.22845689135730027,-1.336868786579614,-0.0237367295905385,1.230636388045216,-1.1737503980952586
BFA,Namentenga,2022,False,0.8390033326029699,0.2728035936083717,-1.5113110528731053,-0.3900728019907334,-0.046867332904000664,1.2255694064018785,-0.4058437001334343,-0.08641321171018648,0.10854640194051504
BFA,Namentenga,2023,False,0.42132692299076413,-0.2802151205891718,1.6008594051448604,1.1113591033612769,-0.9587681595181851,-0.7728258429144261,-0.818700248691712,0.25292112509587095,0.34323732820701924
BFA,Nayala,2001,False,0.17998813396293764,-0.1488764401907654,-0.3202217851522305,1.2262215143495117,0.2113634592974464,0.5831126778198101,0.827437109202996,-1.3625695216775862,1.870969885622548
BFA,Nayala,2002,False,-0.1556212385634378,0.7077784853304906,1.9829272726750977,-1.5626646723673774,-0.9878599190066255,-0.7737914346642103,-1.581393845930655,2.285021369612627,-1.950865164473405
BFA,Nayala,2003,False,1.2334544607590903,1.3520343687338443,-1.392902213710432,2.053198898135249,1.6913800059890185,1.4690081813929434,2.1346227638964788,-1.3147536755646227,1.9533507953709717
BFA,Nayala,2004,False,-1.417805514504044,-0.7657750038071346,-0.14130092129265387,-0.07178330912708075,-0.9534792439569962,-2.1783082865275514,-0.9426179432372663,1.2839014051152497,-1.329457440077981
BFA,Nayala,2005,False,-1.4803482999550548,-0.40417663048228647,-0.09833955400070923,-0.35335506130161065,-1.049181178398897,-0.8135678771874563,-1.0681466998782723,0.1764435346223159,-0.8390779729979438
BFA,Nayala,2006,False,0.3083202121847161,0.9429272914661682,-0.05692971421212103,-1.620917938981094,-0.4250567913502062,1.4326219288570865,-0.674519739698739,-0.47184316069962157,0.010652703846777916
BFA,Nayala,2007,False,0.3270994961277626,0.22820381826410185,-0.4999843373510597,-0.703089114107328,0.5066961206699961,-1.2742558365796264,0.34897476928893123,2.3011903596388756,-1.4753994827788541
BFA,Nayala,2008,False,-1.6282783173319124,-0.6449476432344526,-0.9403237873591013,-0.9087015699698215,-0.23244990882760141,-0.9998005271630704,0.20223486726713497,-0.9422130271967031,0.45238482335986807
BFA,Nayala,2009,False,0.4715944406698796,-0.5556702576534467,0.6836441058676578,0.9623999822138856,0.3472668453171425,1.8179753107442873,0.12895795656421838,-0.819884085249927,0.5834130806752388
BFA,Nayala,2010,False,1.637031180011059,0.5360947139944469,-0.22292935890330273,0.22984045994429314,0.54245137399791,-0.07186666774711424,0.019984240220447126,-0.9473198953032814,0.8941169428729592
BFA,Nayala,2011,False,0.7750337891869403,-1.2988927244786206,2.4297012690582926,-0.6691060923421421,-1.375157410637648,0.6378890360419109,-1.0098635926560053,-0.33612213999037915,-0.41225963887033906
BFA,Nayala,2012,False,0.9193852610245654,1.041877216859188,-1.3219857550188063,0.9849688989500286,2.0277649992744373,1.0113378930883057,2.219331363431126,-0.9448119843854653,1.1561734575037166
BFA,Nayala,2013,False,1.5129464869366638,1.5176689317437888,-0.4249084971212641,0.9603763245584304,-0.11100367778384891,0.5650388111996323,-0.18406746910500038,-0.47601059682874,0.3888236904074186
BFA,Nayala,2014,False,0.25477895659905747,-0.632723982735299,0.06489279114147374,0.7978403527516815,-0.809694298813961,0.1560318191715625,-0.6342302190742345,1.0390614286797966,-1.0972284962181975
BFA,Nayala,2015,False,-1.1153029568202841,-1.7603414967264663,-0.11013545579016408,-1.3830426353463459,1.8705885742968567,-0.581823601627017,1.133206413269617,-0.13464501932536913,0.1118533903911747
BFA,Nayala,2016,False,-1.1934839624984794,-1.5884936736046196,0.24662234905853386,0.5220926275226238,0.5649158732375565,0.06555260639523734,0.7991876178855416,-0.26360378518360245,-0.11646956205810613
BFA,Nayala,2017,False,-1.459879144339424,-1.3415771599533706,0.7228477716667698,0.42943263176049856,-1.3097948086607383,-0.05257608472041381,-1.2875960689663026,-0.08797139006606491,-0.16511690962506914
BFA,Nayala,2018,False,0.9990620533181502,0.38048898262588454,0.035039684871082465,-0.24541755499929904,0.1761615195602761,-0.5626107383707847,-0.2064175914430188,0.1089823863197858,-0.21376425719201622
BFA,Nayala,2019,False,-0.5668006198491271,-0.43284587824710247,0.4728648017708943,-1.1336771933024394,0.3750238126471796,0.5302364339859128,0.15177123560028546,0.18409969831531606,-0.26241160475897923
BFA,Nayala,2020,False,-0.23847936897801636,-0.3635724646522355,-0.9216640628101572,-0.9453535583345396,0.07044407213884706,-1.2768849088148664,-0.13723854397573254,0.3742001735792032,-0.31105895232592634
BFA,Nayala,2021,False,0.648185172571789,0.9225392298836247,0.20736655684132135,0.7753091277766256,-0.99238639410332,-0.5657731290308663,-0.7578664745053485,0.6777608563065767,-0.5393819047752231
BFA,Nayala,2022,False,0.180131139919145,0.969610483468288,-1.732524225174569,0.7640340923488257,0.8867476505364255,0.9176239298656242,0.9066185009901699,-0.6292042246254926,1.2087267964811652
BFA,Nayala,2023,False,-0.1910113604319771,1.3386698333959737,1.338243064945447,-0.1086062101325752,-1.0247406754232495,-0.0351695361293365,-0.3883686491463708,0.300291293907108,0.08202581962020178
BFA,Noumbiel,2001,False,-0.0900887727209015,0.13724049564301138,0.060437555426366286,-0.48773522213804504,-0.7933720496761508,0.24484038763662436,-0.7201213437624651,-0.8957397168160794,0.5468211234138675
BFA,Noumbiel,2002,False,0.4471645811871337,0.9450176036911893,1.0358725187444497,1.0859431479598358,0.033925102356230745,0.7003366370805553,0.11736086430046885,-0.8517858185774783,0.055141625890469566
BFA,Noumbiel,2003,False,-0.2584385321974926,0.054187022344818155,-1.2494723918944772,-0.3650979097788846,1.6795215570961868,-0.5297474510590433,1.7095282389986688,-0.8282116672113197,1.6772244541685937
BFA,Noumbiel,2004,False,-0.22217851011517067,0.549490511135902,-0.5754223408684295,1.6949326980685098,0.05095814170303997,1.2741192470126446,0.4703930931175044,-0.7842577689727186,0.34004002632457947
BFA,Noumbiel,2005,False,-1.4989790977073127,-0.5192202080634234,-0.4577752048429297,0.8833770749187011,-0.3175134178155292,0.6966805444650698,-0.6207645691096865,1.6772436020093746,-1.4198968666797418
BFA,Noumbiel,2006,False,0.650560141397517,0.564865821343404,0.14834193214237554,-1.0752470767685052,-0.2678018866641118,0.6107098136253786,-0.20542923802628313,0.9365772456589393,-1.0660714338825235
BFA,Noumbiel,2007,False,1.3481764910455682,0.781908439941616,-0.35619016042776447,-0.0955809598971966,-0.7585409014699523,-0.5843085116585142,-1.0618781692356434,3.685942541214283,-1.9805033965662282
BFA,Noumbiel,2008,False,-0.9650512562550279,-1.5129995233231062,-0.04714473484296338,-1.2206305022403459,1.6371907982740825,-2.4872877793246535,1.6520407412728189,-0.43776179596160814,-0.35842056828808766
BFA,Noumbiel,2009,False,2.0746320721256253,1.6540654060105044,0.7908069500592607,1.1635847396239838,0.15057587280328139,-0.33245071456562386,0.12291083228643633,-0.28171928992457324,-0.004595135490869241
BFA,Noumbiel,2010,False,-0.06502431951621172,-0.0859166278949744,0.4377760388022696,-0.5756538980071726,0.46023458720542526,0.11682986453934002,0.30127666524062885,-0.5918634935946606,2.2516163905277145
BFA,Noumbiel,2011,False,-0.2926549046121104,-1.2081913565616527,0.3996087926231145,0.05197149692656265,-0.08739856477918286,0.24062823457337326,0.2118443576376992,-0.5580994687922808,0.7030557301035487
BFA,Noumbiel,2012,False,-0.0683006323766869,-0.3216721229571856,-1.1562660172446637,-0.41883641290214846,0.05215144413580224,1.036813584672262,0.13536007985449244,-0.5141455705536797,0.422752465160305
BFA,Noumbiel,2013,False,-1.966256836625549,-1.8790259730352559,-0.9501982629439165,0.6571967108297447,-1.2125462024606515,-2.2438162390674767,-1.839551998639486,-0.42433724185208294,0.14244920021706117
BFA,Noumbiel,2014,False,0.04502996356717777,-0.49840681878653154,0.9946286007337376,0.21168514030193672,-1.421274660702037,0.8644812003300492,-1.3995537536137537,-0.026285241704793332,-0.983358995046799
BFA,Noumbiel,2015,False,-1.195346117673954,-1.6250175346630977,1.9695244139403743,-2.4745099131826818,0.1325482738374061,-1.8611948112584784,-0.16623177677644027,-0.05875539423786609,-0.6295335622495806
BFA,Noumbiel,2016,False,0.1549501024935169,-0.7181432855045762,0.49775702145640655,-1.400434244277646,0.15549009730583638,0.24106315535012646,0.317337616214073,-0.3790894713441747,0.9925492660285599
BFA,Noumbiel,2017,False,0.4824764657151342,-0.37548871345089474,0.40621391424522085,0.2110380613233707,-2.4487625548874408,0.3137679333524876,-1.7601310794234235,-0.0014172180693276283,-0.5560113943956247
BFA,Noumbiel,2018,False,0.5920025915225519,0.6747048437200164,-0.40886864251130134,-0.0007835175675193186,1.1573916702390956,0.2589146464739347,0.6274152699148856,0.4756063012086767,-1.0476908919190226
BFA,Noumbiel,2019,False,1.7703044688492857,1.2638755382806193,0.7644344117033074,-0.49206941635410334,0.5635897670453276,0.32231546510097087,0.6777394746518202,-0.20137334616537572,0.3630157037789662
BFA,Noumbiel,2020,False,0.2420635318983988,1.6792060033222407,-0.8291809059649226,0.6715974542416328,-0.6588092132158538,0.3808297504426591,-0.6427832872390299,0.27819764147168385,-0.762792491484894
BFA,Noumbiel,2021,False,0.6076235307866358,0.9519836257978327,-0.5266052817173277,-0.3754550419237295,1.781593767710759,0.04552854525100615,1.9932419200682434,-0.133845296560616,0.01378540647263262
BFA,Noumbiel,2022,False,-0.26977193790255527,-0.27894301460999044,-2.4749813727095806,0.9816987096342741,0.24640830468946232,1.032054139881055,0.21172819173869448,0.0018174626039763565,0.15623460668969694
BFA,Noumbiel,2023,False,-1.5228930228855728,-0.23352013238046573,1.5267031660913937,1.3690088812094263,-0.13555993273102562,-0.3411076428537467,-0.13173212947022325,-0.0866969938282988,1.1441887372273751
BFA,Oubritenga,2001,False,-0.7198914544121574,-1.5047158173825776,-0.1729673506669646,-0.3563175682517123,-0.3664619085443293,0.4166789959983557,-0.12547988310623107,0.3535531971565061,-1.0106609272161946
BFA,Oubritenga,2002,False,0.06793545067103987,0.19837869144634482,1.5281837587754796,-1.677591896490364,-0.6277684165299712,0.47105928651291457,-0.9993978400804127,2.3838875394988333,-1.0665726122870407
BFA,Oubritenga,2003,False,-0.04249402451383671,-0.11199302157031626,-1.6014856165660414,2.535988188604926,0.6243713095717528,0.9994136775274477,1.2351336590143727,-1.3105629259909692,2.020994885513841
BFA,Oubritenga,2004,False,-2.021478166576141,-0.8983390729091444,0.14526290643466466,-0.9254052290961434,-0.9481941821281891,-2.1020371164043885,-1.2079808588174887,1.142003766461029,-1.3438422552114402
BFA,Oubritenga,2005,False,2.7746902682627335,2.3509572602915556,0.28257305197182836,0.7255423753926181,0.9126790968042376,-1.019690644393771,1.1737942853979906,-0.016909286948869316,-0.07618375802049737
BFA,Oubritenga,2006,False,-0.057430751322245906,0.6810996414523365,-0.05312733434829603,-1.088261848808317,-0.7984024102635094,0.3640475938759731,-0.8167006913821746,-1.141529357608756,0.5296896480395441
BFA,Oubritenga,2007,False,0.597726580194462,0.6211627978477214,-0.4775171953916551,-0.8088140151695473,-0.38326008584687077,-2.2243959383382577,-0.8549181616797458,1.9818938098906003,-1.5115773104239638
BFA,Oubritenga,2008,False,-0.8633091452298661,-0.22003206596156838,-0.9109263250509324,1.4063842457950366,-0.05794048463101608,-0.019567273025995344,0.36573566672683316,-1.0459868033956217,1.5759901873769178
BFA,Oubritenga,2009,False,-0.5860953824266948,-0.8524377783137632,1.4075436141035298,0.012963093118998278,1.1736794597823534,1.3666802398934583,0.6024554900915995,-0.9510626750077652,0.1965083200442985
BFA,Oubritenga,2010,False,0.12083058004329035,-1.160466989182431,0.18494848055101193,1.0258089609991843,0.5615296187543821,1.012327570800435,0.8859468242594097,-0.9461576263387342,1.7950593628006695
BFA,Oubritenga,2011,False,-0.2533516014054955,-0.7488313623597792,1.4010633666482584,-0.06879935975509471,-0.8827198366505628,-0.581049158658364,-0.286417915934195,-0.47829731054436625,-0.7425464140109884
BFA,Oubritenga,2012,False,0.4444686593982632,0.20246296913987857,-1.3648288411843519,0.22371443421485424,2.117780179013049,0.8355884583519673,2.087438242325231,-0.8313252693287114,0.19421953761449673
BFA,Oubritenga,2013,False,0.6053603129019639,0.7159385439402036,-1.0656729310392634,0.06957121468959528,-0.7025977305385,-0.2654128231756662,-1.0518046347074907,-0.680675043972066,0.6346466708918291
BFA,Oubritenga,2014,False,0.13122361649170677,1.4301518571242486,0.5703390161770616,-0.8770509031832874,-0.33643327920283567,0.7820826120334767,-0.7715303885843342,-0.334983479224671,-0.7448351964407902
BFA,Oubritenga,2015,False,0.7298999013895713,-0.42017922949109576,0.17300696098147123,-0.8092148183864447,0.8408017547649801,0.9284696397039514,0.42957344324319463,-0.24863259652432063,0.19193075518469493
BFA,Oubritenga,2016,False,0.4505182149144124,0.1801860470468271,-0.42876184950836,0.4207816293456247,1.4441119750580873,0.557388472946243,1.458191862215054,-0.6295236037930603,1.294142979592915
BFA,Oubritenga,2017,False,-1.7788805959848826,-1.0352937942213976,0.5718927307640638,1.012534319161171,-2.31169837651129,0.05694025758143451,-2.172028144094065,0.3141518476578914,-1.0780165244360358
BFA,Oubritenga,2018,False,0.8525705187691073,1.6647346715140796,-0.1476276422114372,0.07102496837440174,0.2886209624009157,0.6895689507059712,-0.10082573034322542,0.929900651561726,0.024195699972185996
BFA,Oubritenga,2019,False,0.14671172496113666,1.0941630314587512,0.45718125991773034,-0.7514705263522719,-0.5057804870824303,-0.6038100539657669,-0.16700711979817218,-0.21186591047316033,0.13373028768406175
BFA,Oubritenga,2020,False,1.0352512437308623,-0.11105117133502684,-0.6942618656647441,-1.1016031508452215,1.0027666424666688,-0.9021222558820533,0.5653917307544088,-0.20696086180412934,-0.08762767016950623
BFA,Oubritenga,2021,False,-0.326983175805746,-1.2050878672125118,0.4562127877277411,1.32577494419308,-0.6878849505697399,-0.44235470529280546,-0.31743508542035254,1.049638057240792,-0.6398781735885033
BFA,Oubritenga,2022,False,0.016799113856453673,-0.18472076037645846,-2.0160521196087338,0.019838917212769026,0.5214627928431923,0.9307888177892975,0.42956439548873415,-0.08569857052847701,0.4623340508197019
BFA,Oubritenga,2023,False,-1.324071887907936,-0.6860865809458757,1.7550211371879387,-0.38539797476385507,-0.8786616429603752,-1.2505946045838574,-0.3616991455689394,0.9651424520163,-0.7517015437301955
BFA,Oudalan,2001,True,1.2537468163562713,0.7297604265240708,-0.01956102539484105,0.7626524020757454,0.24555933991885417,0.7630724959934688,0.39005361370740554,-0.8539100459364237,0.31224275404791163
BFA,Oudalan,2002,True,-0.8464421854391696,-0.8588089234402734,1.8895687595802981,-1.9635472022725549,-0.7648090537047357,-1.0459239697086344,-0.9113181636345613,4.163257185562412,-2.8909987332065628
BFA,Oudalan,2003,True,0.7890447629638873,0.9352680316340812,-1.62535306990864,0.8076181245733509,2.137032377217156,1.6124889692761302,2.24779340681046,-0.7838613108034517,1.2835612467691913
BFA,Oudalan,2004,True,-2.98084050256951,-2.7559257398376045,1.1358275806074238,-2.5466213519201806,-1.4313187288537108,-2.2320074643783725,-1.830189570513357,-0.25538569973468417,-0.3499352474575684
BFA,Oudalan,2005,True,0.8682217896859038,0.49445105373227866,-0.4794857774487712,1.6564232725388075,0.4559491953025863,1.0056451124733137,1.0508164189593223,-0.7138125756704904,1.4700072429766429
BFA,Oudalan,2006,True,1.2262716917749306,0.3983351306599809,0.28293255337629564,-0.07771848549070987,-0.550229812813576,-0.7644641068452902,-0.7462351686088426,-0.6787882081039989,0.3074342466581978
BFA,Oudalan,2007,True,0.4230312348831349,-0.039287228635953575,-0.9220407264361327,1.1967313782047666,0.03493091343144029,0.837982071545009,-0.07991471893417963,-0.22366345755584158,-0.22724075244916264
BFA,Oudalan,2008,True,-0.15836282049325978,-0.16543170122298106,0.029722241175808163,0.6565750268242351,-1.709074753304072,-1.6883476840148792,-1.232921190140978,-0.544914698232314,0.3369057435628777
BFA,Oudalan,2009,True,0.10285786934700607,0.0900090067470421,1.1330169373405758,-0.24582517479723454,-0.7182033785876745,-1.1067032830149435,-0.7001506807962525,0.3950878186144226,-0.9826417520583685
BFA,Oudalan,2010,True,0.4692909358488957,0.9261324806993294,-0.6539950336599262,0.23543000702606726,-0.10289227160417219,0.29809303251417824,-0.5022074386495823,-0.5386907378380547,0.9942752376786143
BFA,Oudalan,2011,True,-0.11235641911685082,-0.061333481263299364,0.866362035545729,0.2721865017327189,0.7728039889453977,0.791004228032624,0.5131206997795718,-0.09309207307179483,-0.6392212565481453
BFA,Oudalan,2012,True,0.053795102974939196,0.5113133079156011,-2.0054602583475747,0.9169836533442244,1.9593229655874436,1.318941688872712,1.8150203424983382,-0.4505424397194774,1.0237467345832942
BFA,Oudalan,2013,True,0.24569110924302964,0.561191227588958,-0.1719562898405577,0.9471275043020377,-0.5685926003491187,0.13526231766197216,-0.3340020069853627,-0.42504415793489425,1.2739442319897916
BFA,Oudalan,2014,True,-2.198644605781044,-1.3878459464801336,0.6100687341429272,-1.1689347512210353,-0.3531533919565487,-0.5238553810189419,-0.6408394426309568,0.4054083724200327,-1.458373757356369
BFA,Oudalan,2015,True,-0.37687403926565427,-0.14380053752718766,-1.074708336817309,-0.21560131932862894,0.9296059958502481,0.8816807632166418,0.9810721014806413,-0.29117064806320936,0.2045942337750427
BFA,Oudalan,2016,True,-0.6549519498032085,-0.20964348985068001,0.16415263775696903,-1.0309081642581504,-0.06957970732436247,0.011919960017265922,-0.01997104618114816,-0.2561462804967179,-0.016131766726774664
BFA,Oudalan,2017,True,0.010042461091936187,0.3253655475044488,-0.1125837688133499,-0.3186943032073261,-0.28627396465870797,0.4373680253650677,0.00950032195183538,-0.2392214759158424,-0.07988326792582048
BFA,Oudalan,2018,True,0.771401476755158,1.4336046440812364,-0.6419664215105053,0.25046065527728806,0.6557597309730591,0.8399738794007886,0.40660441013729826,-0.030822347118817643,-0.14363476912486628
BFA,Oudalan,2019,True,0.5082721310370076,0.9780389410109982,0.6912867758406703,-0.9048328487385576,-0.08574577620724402,-0.07917048995502417,0.3626338934929588,0.10517852973577577,-0.3643607696266819
BFA,Oudalan,2020,True,0.7374241857651875,0.6974133769186305,-0.8568036342438374,-0.2356818140520829,1.6363218123490306,0.4636791432497215,1.3269548439355494,-0.06079751269576856,0.8276837235964429
BFA,Oudalan,2021,True,-0.20824506481949168,-0.4251989437297109,1.0968613537625358,0.38685814640482075,-0.9847993343059721,-0.9013969789270854,-0.7767748158007457,0.6867780713566399,-1.1197617692358877
BFA,Oudalan,2022,True,0.580413578675726,0.10984392443672479,-0.7187203701259267,0.42958214888480356,-0.33963473217109,-0.10527161199390815,-0.4429535044118812,0.27407640717395215,0.22925722329000883
BFA,Oudalan,2023,True,-0.5027875591148246,-2.1434511074655567,1.382835103418139,0.18973659409759433,-0.8629788137342312,-0.9499707177618141,-0.8860923054655332,0.41007728402854554,0.008531222788191455
BFA,Passore,2001,False,-0.2913506128619202,-0.1146510022751289,-0.4423733474591659,0.9784249997033747,0.07931422288761837,-0.125106455880448,0.6263883621118357,-0.5220123691023344,0.7576719487903115
BFA,Passore,2002,False,-0.9894037164944953,-0.27236067541242337,1.8582337500575088,-2.1368436293150563,-1.0582755306700031,-0.4687026512422644,-1.5517941803932882,3.9839507936574097,-2.2525200641642105
BFA,Passore,2003,False,-0.4466055754620383,0.9075238685372294,-1.5830636289487405,1.5103643634802921,1.3736703484013506,1.20577673956923,1.5825738955196178,-0.9431167426702892,1.0278130782037924
BFA,Passore,2004,False,-0.9197683075786353,-0.21845785958333042,0.1074416921545106,-0.9869225642159442,-0.8894428110232999,-2.4450587594055615,-0.9088902864437131,0.9390411352451463,-1.4723363545894423
BFA,Passore,2005,False,1.0012209685062499,1.6564925974847837,-0.12789026673763568,1.2267971652717349,-0.3081938256738782,-0.8436375455862676,0.03665917675083249,-0.8282534628809901,0.2778690472947045
BFA,Passore,2006,False,-0.15314244515224365,0.5675729848242916,-0.4062116034695955,-1.2286609684016903,-0.7956728032771868,1.0024241923326114,-0.9312232126527188,-0.7708218229863544,-0.6921526450146743
BFA,Passore,2007,False,0.2562798422339856,1.0334357443397488,-0.2568103425024522,-0.6149700710162007,0.12653429406539904,-0.8991898118001604,-0.18501119693446236,-0.6768469339991656,-0.1320465968401642
BFA,Passore,2008,False,-0.32142693832532604,-0.7391332744104273,-0.6206761987742319,0.9645012039181896,-0.007839301305122372,0.13112519558861407,0.31644142689554916,-0.6559585431970552,1.1081162248826955
BFA,Passore,2009,False,-0.23878617163230423,-0.43087858705664966,0.8887526520340759,0.7406866920913987,0.949310516154266,1.3376147783529182,0.5565232048809938,-0.5985269033024194,0.8181513061216983
BFA,Passore,2010,False,0.8509197541189586,-0.3580543163206496,-0.09433393958684466,-0.4856245831487552,0.2990952082414657,0.9835817005635937,0.1760114452155722,-0.5410952634077698,0.868214774134892
BFA,Passore,2011,False,-0.46040998674232403,-2.041883834637989,2.3078844146421003,-0.9422860483691937,-1.179669020901388,-0.8616731384609311,-0.6823391696632191,0.2374564919129709,-1.291906271884153
BFA,Passore,2012,False,2.343702856761712,0.2336228974047086,-1.0986740731804436,0.7747554824624415,2.236885747440402,1.1446991135437483,2.240751976242246,-0.4213595504061459,1.1383559035483748
BFA,Passore,2013,False,1.2926721482962058,0.34047497411556743,-0.6670193213458926,-1.017948648138446,-0.40395188008437066,0.665840921922062,-0.854175181479437,-0.3468743942683114,0.6783767914002822
BFA,Passore,2014,False,1.7787213980508436,0.44284251297917837,0.43292484963474936,1.144801921225141,-0.6004372809167958,0.02500231502624509,-0.7231060700826165,-0.2845703211613371,-0.6316732876832875
BFA,Passore,2015,False,0.10594859849124691,-1.5274570072223521,-0.12764997796462227,-0.06136956430033169,0.7885588117408956,1.066589155436663,0.47395118816992643,-0.25393706393454957,1.1185321142008604
BFA,Passore,2016,False,-1.1038417969713987,-0.8743405398559637,-0.07812302915058122,0.7044542061607149,1.5681204837504703,-0.4956174321552308,1.774830033649731,-0.19163299082757526,0.31852461527860715
BFA,Passore,2017,False,-2.0723747147453575,-2.2542377709282047,0.6032175030666952,0.8442403594136964,-1.3544534497137166,0.19445520809841169,-1.258582833639829,0.28482790532818936,-0.6514970770307716
BFA,Passore,2018,False,0.3896236862049643,0.21679901177794003,-0.15623747655926976,0.1378455017311425,0.3072844052708237,0.7764017464036161,-0.08514498648146579,0.020678953208494857,1.4387367116275651
BFA,Passore,2019,False,0.13078325427104923,0.5593884208013159,0.4247945073651261,-1.1899393293791694,-0.5132708677579522,-0.5616206066464482,-0.46955005566790897,0.10490897577099262,-0.3813559476172889
BFA,Passore,2020,False,0.14899795568003904,0.5918176298979184,-0.8930881480385116,-0.8414739703901694,0.5143671170842885,-0.8764110065085025,0.26082916799819295,0.15990439905947293,-0.33129247960409525
BFA,Passore,2021,False,-1.0090328508323336,0.01504201579239936,0.2303047744911132,0.8619344720192161,-1.2309879665541559,-0.7353183819391749,-0.9767297942281234,0.568151230242484,-1.301314171913474
BFA,Passore,2022,False,0.40066803246615695,1.2963468211981468,-1.8461884171361913,0.039813284206885284,1.1639442837336031,1.0861123134509454,1.1300641221031589,0.2772038954549275,0.10886284319648293
BFA,Passore,2023,False,-0.6933953782830354,0.9700953885498901,1.5447856274082994,-0.42258027500927164,-1.064890700892713,-1.30728759066367,-0.5484770318708744,0.4588825822642101,-0.5211304623387051
BFA,Poni,2001,False,-1.344448657546138,-2.32181365159506,-0.1287164775018305,-0.7173697194145889,-0.133824499687754,0.22668223487826525,-0.16132319517577687,-0.8957397168160794,0.5468211234138675
BFA,Poni,2002,False,0.5514731612429856,-0.058238502563544695,1.3596695394619733,0.24223040857268732,0.061584712015048435,0.01601660866841345,0.23842217562022325,-0.8517858185774783,0.055141625890469566
BFA,Poni,2003,False,-0.8239513461550049,0.3638823298331645,-1.1569058225359852,-0.3542835106513483,1.8311245644763385,-0.14444157422253256,2.3756021508639593,-0.8282116672113197,1.6772244541685937
BFA,Poni,2004,False,-0.3971281857303336,0.5502281225916079,-0.5872799406285508,2.183553857650994,-0.7856241654173606,1.6091638447388992,-0.5373280387548681,-0.7842577689727186,0.34004002632457947
BFA,Poni,2005,False,-1.1931206833440209,0.06280916531996972,-0.4762333475145543,0.6902667250558812,-0.6447911474977124,0.16167525041894049,-1.0617932073541387,1.6772436020093746,-1.4198968666797418
BFA,Poni,2006,False,0.5235332979084969,1.0849425917842155,0.06403064745029736,-0.16440917983558578,-0.014575539069391876,0.8076713265825105,-0.1996041934631165,0.9365772456589393,-1.0660714338825235
BFA,Poni,2007,False,-0.5590665572717064,1.1902007043619096,-0.4516655825363404,-1.0908548135360825,-0.8149438700413316,-1.051598921505483,-1.0568032028258785,3.685942541214283,-1.9805033965662282
BFA,Poni,2008,False,-0.09439577438821152,0.6924267322564427,-0.20448660450694187,-1.483034043699459,1.204103153587845,-2.56810595485704,1.1516607681339608,-0.43776179596160814,-0.35842056828808766
BFA,Poni,2009,False,1.4561317156381421,1.1926432387561106,0.617651505106268,0.6781864467263743,-0.12090445946455344,-1.0538032742121841,-0.16369582129025959,-0.28171928992457324,-0.004595135490869241
BFA,Poni,2010,False,1.0482539282112835,-0.25410752721041335,0.4131912767104844,0.8089507259918974,0.8475536337667596,0.42695313074501845,0.5464507460417164,-0.5918634935946606,2.2516163905277145
BFA,Poni,2011,False,1.1527110957692661,-0.28833099566572484,0.5963079559561436,0.37147991939563985,-0.8207587336535905,0.14274546891551035,-0.7350685036438437,-0.5580994687922808,0.7030557301035487
BFA,Poni,2012,False,0.6421193129398388,-0.5049412011932282,-1.1125485888771576,0.46217857335515117,-0.17646508796168836,1.3097165501508463,0.22479763095944405,-0.5141455705536797,0.422752465160305
BFA,Poni,2013,False,-0.8920263583277527,-1.760782741484627,-0.5792246762805094,0.3074317227226175,-0.7283454215055887,-0.7599681214092165,-1.0361936326179957,-0.42433724185208294,0.14244920021706117
BFA,Poni,2014,False,2.051592142113875,1.4448465955454088,1.0105933137575385,-0.34378048496266883,-0.9322059221708237,1.216816325257907,-0.6939717393777175,-0.026285241704793332,-0.983358995046799
BFA,Poni,2015,False,0.01413413631317674,-0.5592471492681143,1.665635594043245,-2.435787418326312,1.2731707004672455,-1.6697134410836987,0.25709668689351856,-0.05875539423786609,-0.6295335622495806
BFA,Poni,2016,False,0.7844095893016282,0.11347300839991023,0.4943685065032491,-0.13747281000556053,-0.020242526649943166,0.7424559801623972,0.40215968058987,-0.3790894713441747,0.9925492660285599
BFA,Poni,2017,False,-1.2945727738966857,-1.8128635725511741,0.5274726360970792,0.48435667681494826,-2.57534804485012,0.6883247111332377,-2.047424536874238,-0.0014172180693276283,-0.5560113943956247
BFA,Poni,2018,False,-0.0597743205375177,-0.7781785162825836,-0.2402019691055258,-0.9470900341121904,1.010762601627186,-0.542255187385255,0.643785481023827,0.4756063012086767,-1.0476908919190226
BFA,Poni,2019,False,0.8931811561649432,0.21590734114566118,0.6593447515380242,0.150126806882691,1.0091688893312847,0.5539955075873279,1.0985729244613809,-0.20137334616537572,0.3630157037789662
BFA,Poni,2020,False,0.5640351560220509,0.2274268726255982,-1.1792379483323348,-0.16244376778134925,-0.4958852846195323,-0.1749578385924752,-0.7250205078375146,0.27819764147168385,-0.762792491484894
BFA,Poni,2021,False,-0.4042312443791928,0.9789124642859552,-0.6736743652086233,-0.8662638834771379,1.4170556729514454,-0.24279426164088533,1.8105377472627142,-0.133845296560616,0.01378540647263262
BFA,Poni,2022,False,-1.488551646707887,0.7356576415299764,-2.3884032874304446,0.7270699178287062,-0.10372289584270097,0.9656505863324495,-0.12404215937898698,0.0018174626039763565,0.15623460668969694
BFA,Poni,2023,False,-1.130307143341235,-0.5148529506214604,1.7703128838344961,1.5969578848046957,-0.2868863297910614,-0.6602289506629527,-0.20681725325628042,-0.0866969938282988,1.1441887372273751
BFA,Sanguie,2001,False,0.8438438483777055,0.657555539296446,0.02862709527781519,0.7392280075457096,-0.06619590996305119,1.3064271618411472,0.24698404004730712,-0.14244844694368708,-0.07617639662068844
BFA,Sanguie,2002,False,-1.2418049475749648,-0.8638530742455519,1.6515814913063103,-1.5786456216295692,-1.2018630195088615,0.2493548025163652,-1.70834812248433,1.6079242395330733,-1.2934785927298569
BFA,Sanguie,2003,False,-0.018672062601480244,-0.04722266673320767,-1.2338992326447535,2.4163770433476035,1.2945508963437125,1.5817581966841785,1.6393192701904968,-0.945581173902356,2.104394069838228
BFA,Sanguie,2004,False,0.34637021863238093,0.18445869220233568,-0.3125887129044527,-0.9712374126202427,-0.9140176533851018,-1.4584973338638345,-0.7494375885330393,1.5144285436802574,-1.3350293545229512
BFA,Sanguie,2005,False,0.678047334832018,0.9751050427503486,-0.11314790528223424,0.7129142848345362,-0.33094318338408363,-0.18328686261144722,-0.11390103362972795,-0.7975183041999344,0.01165448196635464
BFA,Sanguie,2006,False,-1.3849161144648066,-0.35253129674350514,-0.42898434380167944,-0.5834111563186536,-0.4698621735099958,0.5623319977487562,-0.7928888829957674,-0.8893821488059186,0.16181150324303922
BFA,Sanguie,2007,False,-0.20459292750654534,0.03552962144666351,-0.3528248212376529,-1.7132683628456529,-0.0987824763921562,-2.917269167922331,-0.20816949160378917,2.927867135553979,-2.0810851059055264
BFA,Sanguie,2008,False,-0.12823960311690757,0.44452441513485985,-1.0360972773328587,-0.2184933726720452,0.45414220823312546,-1.1663175651461486,0.9374208155799388,-0.8898261015071061,0.974922752316096
BFA,Sanguie,2009,False,0.037351492643294876,-0.5012326384140444,1.0149706437609975,0.5740945075289038,1.1447863374041607,1.1409651968982786,0.7956429804765632,-0.8576209552442549,0.4413501648998536
BFA,Sanguie,2010,False,-0.27520705507051874,-0.0034190520177638903,0.06442821419979597,-0.2993574976523577,0.26299759925717786,-0.37142225005188695,-0.19738956191189416,-0.8724116388559634,1.9589664035623904
BFA,Sanguie,2011,False,-1.622693296513392,-1.290312593683992,1.876157077973632,0.771525902209094,-1.824826228160585,-0.10562972999515571,-1.1210526429991667,-0.2743767009034096,-0.6257950099326303
BFA,Sanguie,2012,False,1.828022974742825,1.7973934387750736,-1.191356168446159,0.11001969218391633,2.1486360094852817,0.7814859071882541,2.362127185705882,-0.7845034313929786,0.37902402221021214
BFA,Sanguie,2013,False,1.1640394676813495,1.2940185273055953,-0.6302581534852738,0.28356973353028375,0.1191900861508548,-0.2577600865524609,-0.31271148241478863,-0.5163792191598345,0.016383836967201467
BFA,Sanguie,2014,False,1.300940336415931,0.2068076947262894,-0.15680542712041906,0.234313666758212,-0.16922583590318133,0.6564664816233295,-0.24154120375638793,-0.2454352571342195,-0.5171887504490486
BFA,Sanguie,2015,False,0.7326350352297241,-1.577248030814639,0.4871222012389249,-1.7879558189728015,1.091789341667116,-0.7489627718226718,0.48971445278731784,-0.1728136971792442,0.1457654773473313
BFA,Sanguie,2016,False,0.8936503107984878,-0.2481285750522918,0.1785092755158778,1.645385034982259,0.8912023211927926,0.4360017236605796,1.1169159173792462,-0.7224169247634434,0.9796521073169429
BFA,Sanguie,2017,False,-2.327423577077535,-2.62161470008106,1.1778337334570361,-0.39622938321296,-1.5592778575017776,0.3300402447670416,-1.5681399582198927,0.1453740766690811,-0.7504472953119209
BFA,Sanguie,2018,False,0.6838176907556246,0.24372060973380458,-0.14544195639727756,-0.1334211447071876,0.23473777500595386,0.24821863593521964,-0.19562009546174614,0.5131294482362919,-0.08749306751554196
BFA,Sanguie,2019,False,-0.8658345948090873,-0.680729286206127,0.5649419896887815,-0.11038825332354345,-0.03149163188027942,0.22841792403116695,-0.0039943181098150505,-0.6192220697924488,1.0882583668005312
BFA,Sanguie,2020,False,-0.22458033994911566,-0.06381283785833716,-0.8454974212418579,-0.005733322332154106,-0.006326493097640933,-1.036628700440614,-0.21863697496753604,1.0973136191746282,-0.9837058401748017
BFA,Sanguie,2021,False,-0.19040597913341512,0.2919605060782332,0.02139596876571635,0.4734327134706556,-0.8841845494235501,-0.3244342755504932,-0.504262336412516,0.029816346372780116,-0.3207516123784228
BFA,Sanguie,2022,False,-0.1417590024840659,1.4883094384796804,-2.174480066891096,0.5733362575410119,1.1544068408398038,0.7680559484656236,1.2218266798768633,0.25094472873136436,0.1712702132447253
BFA,Sanguie,2023,False,0.11741079019249255,0.6307212259211894,1.5558137956008278,-0.7360554976450187,-1.2394424034697145,0.2806845225971036,-0.8738576485432177,0.6431379318333437,-0.3623023741715171
BFA,Sanmatenga,2001,False,-0.2163748048489677,-0.09730896905490231,-0.18149744013742858,0.15315412188700092,-0.7564986605296139,-0.4041951343249195,-0.4020801390389615,0.2309410302855367,-0.3302235906446622
BFA,Sanmatenga,2002,False,-1.3287217759459586,-0.024496633607220576,1.5811092377077673,-0.9191707254207073,-0.8321149778614695,-0.6796095434011126,-0.8933645394893407,3.2860548630788373,-1.5921124840486083
BFA,Sanmatenga,2003,False,0.8987377623990329,1.5953624307301042,-1.874943327016092,2.5318537537275407,1.3406801927211192,1.480937318756225,1.717145662249395,-1.0901288195135297,1.3364221176246582
BFA,Sanmatenga,2004,False,-0.07377540866550422,0.18493818019694838,0.49414041077429877,-0.17405492848407034,-1.101337025251329,-1.9776878920001009,-1.560380151685471,-0.283211100615631,-0.673756685614474
BFA,Sanmatenga,2005,False,2.040513293381083,0.986021741676734,0.385576685581304,0.7153149238489942,0.8389293961140377,-0.6138462055411177,1.0854641551648248,-1.0118993229049282,1.2071720422894965
BFA,Sanmatenga,2006,False,-0.21958244596900509,-0.5324434313162378,-0.02914319495286278,-1.1345513505159914,-0.5943078923137449,0.03667902093606166,-0.6815286652508511,-0.969333774732791,-0.20437483308146562
BFA,Sanmatenga,2007,False,-0.8864678432112224,-0.4651000139964248,-0.602970912252636,-0.3359638163473521,-0.5400192558481346,-0.7188522362048735,-0.9208121910514226,1.7562286706821437,-1.0172897805842849
BFA,Sanmatenga,2008,False,-0.3182957572026576,-2.2975899628624035,-0.5792689540707955,1.0035004543804478,0.12959686618167504,0.5998656863382946,0.3690858321427504,-0.8928296780581076,1.1629549112537698
BFA,Sanmatenga,2009,False,-1.345818430348288,-0.18774255952938435,0.9044127385397818,-1.2167975094598396,1.2844598216514422,1.366990718773992,0.6499988538179265,-0.28778375142864776,-0.5479079280512774
BFA,Sanmatenga,2010,False,0.9315360252978612,1.1468254041479073,0.213880006497498,0.5684461151795608,0.33282761952651124,1.0284030402156068,0.4745130178021167,-0.816325581383434,1.9316527277208633
BFA,Sanmatenga,2011,False,-0.18534257889053413,-0.22622456066105268,1.3754558584187642,-1.3949395478956017,-0.24087748167600517,-0.08017654580295723,0.38834394748497286,-0.1784970560095186,-0.9764739673205243
BFA,Sanmatenga,2012,False,1.827359791514354,0.8261161075559107,-1.5775980927648916,0.8827193198769773,1.6768037184094389,1.0829546387583049,1.765841106268213,-0.7294690851052414,0.9044547605834197
BFA,Sanmatenga,2013,False,0.27231398190371087,0.08325521320877552,-0.8015378062096952,0.05402965184783549,-1.155647126837728,-1.0360362688640967,-1.2599292087467862,-0.6765511373295952,0.9894877048828814
BFA,Sanmatenga,2014,False,0.206103347677048,-0.15953865258983665,1.1493529620867324,-0.5205691037320659,-0.4580310805478561,0.4400733422175434,-0.9574231228367676,0.06652678401333036,-1.020691098356251
BFA,Sanmatenga,2015,False,-0.050687168826196664,-0.9932904130582685,-0.26552889479070857,-0.9635583925763268,0.697183271575472,0.9212942064824285,0.32707663429869493,0.28853392531296007,-0.6363421901227042
BFA,Sanmatenga,2016,False,-0.6645661235158555,-1.6457839934667415,-0.3838180378789092,-0.13874854347171078,1.4748378920051575,0.7310734636793268,1.3568763837549942,-0.4901908950599746,0.346638645979011
BFA,Sanmatenga,2017,False,-2.1872872853964442,-1.4813676915139715,-0.09519569623157018,0.2220259096772706,-2.004661973079139,-0.7536578183418075,-1.6311060688490402,0.43060321947652513,-1.2145662113590203
BFA,Sanmatenga,2018,False,0.45713263211425686,0.7284975601242424,-0.4379474843411971,-0.7824196540303465,0.3557470653633901,0.9282161561961433,0.19248416696765702,0.02629018476384917,0.21738857064382267
BFA,Sanmatenga,2019,False,-0.12945676402204115,0.21000650232989904,1.0441781414061615,-1.140767293397733,-0.06816722596421468,-1.190052771203606,0.18238157293234408,0.2569243257330699,-0.44586839489192676
BFA,Sanmatenga,2020,False,1.1555832206627146,1.5411954408389548,-0.7990111195762764,-0.368236110146488,1.2774402220973669,0.24562594740941873,1.0041027033983445,-0.31302710263575306,1.2854023510450012
BFA,Sanmatenga,2021,False,-0.7713961198676808,0.25072315761805686,0.6714440046968299,1.4570048429712172,-0.825095883369057,-1.3434314767851747,-0.5700247932833901,1.230636388045216,-1.1737503980952586
BFA,Sanmatenga,2022,False,0.8179280570050387,1.140599061340179,-1.6821351874261654,0.17075237571114413,0.18173324549366965,1.096160741427845,0.12581858772267712,-0.08641321171018648,0.10854640194051504
BFA,Sanmatenga,2023,False,-0.22943560524474393,-0.5826539181112678,1.4910461019400907,1.3309755063702438,-1.0134807278609885,-1.1607283887214241,-0.7624837437728803,0.25292112509587095,0.34323732820701924
BFA,Seno,2001,True,0.0920168974142385,-1.2264111433760145,0.16759318441221085,-0.1313531815223681,-0.16025114038906924,0.503300066401394,-0.32202335872639676,-0.8539100459364237,0.31224275404791163
BFA,Seno,2002,True,-0.5918949966306559,-0.20907268744541774,1.654495771763215,-1.241775079345108,-0.6506052884926186,-1.0835815650452425,-0.7503359157500868,4.163257185562412,-2.8909987332065628
BFA,Seno,2003,True,0.9786986839206921,0.8162465988339235,-1.8007397327746497,1.1841835314115152,2.5068470024065004,1.6867284650748622,2.4845012350113547,-0.7838613108034517,1.2835612467691913
BFA,Seno,2004,True,-2.97010327817886,-1.339310436377852,1.0206539552584442,0.10008228899076127,-1.1458415942231326,-2.731289541327159,-1.6884525811086115,-0.25538569973468417,-0.3499352474575684
BFA,Seno,2005,True,1.6695785160908656,2.0564087218936917,-0.06278523624523674,1.8394378426055336,0.23041769099800077,1.142872383134657,1.0277639790006907,-0.7138125756704904,1.4700072429766429
BFA,Seno,2006,True,0.758331816437258,1.2691416894555303,0.1525411352935288,-0.6415755348583495,-0.9450166386392006,-1.1151270814428649,-1.0529464953787944,-0.6787882081039989,0.3074342466581978
BFA,Seno,2007,True,1.592424163525443,1.688404981739847,-0.847749238517816,0.8343991557603827,0.34449211631390453,0.8965926235343344,0.1454376833859553,-0.22366345755584158,-0.22724075244916264
BFA,Seno,2008,True,-0.610812388400097,-0.34821785653733267,-0.23722886654014746,1.3945544855709542,-0.8547293974117828,0.2770888139408051,-0.09419058944800104,-0.544914698232314,0.3369057435628777
BFA,Seno,2009,True,-1.0581609615214929,-1.9194404554510278,1.2196389767774687,-1.6968889264475888,-0.7336693963700799,-1.5424017064581095,-0.7636345572744843,0.3950878186144226,-0.9826417520583685
BFA,Seno,2010,True,0.029955549478785298,-1.020900314577637,-0.43098264415613374,-1.2920428944063498,-0.3254773585257452,0.6695280955271367,-0.5588204464190362,-0.5386907378380547,0.9942752376786143
BFA,Seno,2011,True,1.0430196420186673,-0.1838224544380234,1.2332830105918529,-1.4177933858329403,0.23703751601220321,0.191126757271414,-0.022607360231479908,-0.09309207307179483,-0.6392212565481453
BFA,Seno,2012,True,0.5193805761256062,-0.45882454829636143,-2.091380396200989,0.18716994715313828,1.411368663743698,1.1538559561008113,1.4298632964675977,-0.4505424397194774,1.0237467345832942
BFA,Seno,2013,True,-1.4257436873461304,-1.2492244444551048,-0.4979335063316743,0.4731372574450119,-0.24149517540391086,0.1999184828730748,0.0052642864908999665,-0.42504415793489425,1.2739442319897916
BFA,Seno,2014,True,0.26572589585060935,0.8791489658459867,0.5776511653625093,-0.5788911333600775,-0.32896742602985485,-0.43852354586479847,-0.7439996110814,0.4054083724200327,-1.458373757356369
BFA,Seno,2015,True,-0.09767657190814923,0.2818055519671171,-0.5977891894433615,0.2538834351836425,1.0482043714547506,0.7171122215133932,1.0778994115616825,-0.29117064806320936,0.2045942337750427
BFA,Seno,2016,True,-0.3802867677529039,0.2553497433740957,-0.19308585289429253,-0.36725316652404016,-0.1969830142546228,0.10210942364477885,-0.09616531630707191,-0.2561462804967179,-0.016131766726774664
BFA,Seno,2017,True,-0.2276649399282922,0.5464353651520327,-0.23763905604415952,0.7452873087758966,-0.8392627210714626,0.19189712209419224,-0.44173260584556967,-0.2392214759158424,-0.07988326792582048
BFA,Seno,2018,True,0.03522487435495015,0.7325046203006056,-0.8547493270299374,0.21269966696363526,0.19531485356288228,0.7401510808608992,0.23573250261468878,-0.030822347118817643,-0.14363476912486628
BFA,Seno,2019,True,-0.1277031011358858,0.25772961037956355,0.9486246158725529,-1.1372227641195558,0.2307069660050825,-0.3564599715708768,0.6781258284465599,0.10517852973577577,-0.3643607696266819
BFA,Seno,2020,True,0.6214291007261084,0.2544688433008096,-0.95017883733672,0.1579935182087191,2.340749841534003,0.33247183478597964,1.6355875491041862,-0.06079751269576856,0.8276837235964429
BFA,Seno,2021,True,-0.5123116914355572,-0.38683525073953967,0.8601505199734899,1.4511180928229288,-0.42520882964421636,-0.5953088155876833,-0.3164080647427776,0.6867780713566399,-1.1197617692358877
BFA,Seno,2022,True,0.36850362348480403,0.08459165108413576,-0.4664120206002203,-0.9265300617709051,-0.4845633295075858,-0.10722404186029943,-0.6047223156677838,0.27407640717395215,0.22925722329000883
BFA,Seno,2023,True,0.028069044809996065,-0.780176751633028,1.434021568810066,0.5973795972951641,-1.213067712067743,-0.8348370576006982,-1.264136554102122,0.41007728402854554,0.008531222788191455
BFA,Sissili,2001,False,-1.482458021883993,-1.0204988203616414,0.13792299787488138,-1.411950051591429,-0.07850353997669375,0.9807312139164865,0.3972676487843772,-0.14244844694368708,-0.07617639662068844
BFA,Sissili,2002,False,-0.5818843896038409,0.9845348542211183,1.8901601729833615,-1.779310326931865,-0.5558763466297814,-0.4865252690919809,-1.0867217823310682,1.6079242395330733,-1.2934785927298569
BFA,Sissili,2003,False,-1.2654159571316526,0.3527311681628174,-1.1909833763731632,0.5382942658426487,1.2264635036679932,0.7190154758730299,1.4708211308281878,-0.945581173902356,2.104394069838228
BFA,Sissili,2004,False,-1.1697744439398754,-1.7648100796881498,-0.4919871128732934,2.275914573581309,-0.7905936018631677,1.1298863325210289,-0.23536932560822926,1.5144285436802574,-1.3350293545229512
BFA,Sissili,2005,False,-0.7428361178789566,-0.44122939080107076,-0.40362045378043454,0.6006015141266505,-0.7885137221431642,0.7224734846048763,-0.8408895868500672,-0.7975183041999344,0.01165448196635464
BFA,Sissili,2006,False,1.6175598206466624,0.7430927229817598,-0.31090380641042137,-0.8011304727006926,-0.41387521606164873,-0.15994897628271967,-0.6816249237313524,-0.8893821488059186,0.16181150324303922
BFA,Sissili,2007,False,1.385821147141763,1.860845490263493,-0.505286385333303,0.2487426864429427,0.5435239826824115,-2.278713786109869,0.27945816796805634,2.927867135553979,-2.0810851059055264
BFA,Sissili,2008,False,1.407700790801549,1.9329687663363047,-0.744800092631763,-0.9260801721858789,0.9256177057126486,-1.6008320546673487,1.3990102079584108,-0.8898261015071061,0.974922752316096
BFA,Sissili,2009,False,0.3603800188404393,0.11447047611628439,0.9704621821207803,0.32641752618520586,0.09012485742152058,-0.012989449701172086,0.031001673780526443,-0.8576209552442549,0.4413501648998536
BFA,Sissili,2010,False,-0.22012528452373262,-1.2946919068889338,0.4927866166475397,1.3616819872759334,0.47596641103357507,0.92571965247118,0.15323283267907922,-0.8724116388559634,1.9589664035623904
BFA,Sissili,2011,False,1.052769940374729,-0.09492427927086979,0.33972892635771834,0.0599342066029554,-1.6364311904494222,0.45221500386331404,-1.3436752626992134,-0.2743767009034096,-0.6257950099326303
BFA,Sissili,2012,False,1.1827036845291141,0.16542602976787416,-1.165087621061118,0.7259970259927432,1.0654887742954473,0.7364584511860304,1.268700203220127,-0.7845034313929786,0.37902402221021214
BFA,Sissili,2013,False,0.13358566178558443,-0.5302020822520213,-0.5269911934415402,-0.4761459952285493,-0.32686698770977535,-1.9059774601218575,-0.8925143166965736,-0.5163792191598345,0.016383836967201467
BFA,Sissili,2014,False,1.2777948235528827,-0.11180801362119439,-0.016131922929055503,0.77995644681793,-0.009740155232667176,0.06967838890317181,-0.056598727632730404,-0.2454352571342195,-0.5171887504490486
BFA,Sissili,2015,False,0.8229370396243659,-0.7488604170657406,1.129281887514892,-1.2918784169301316,1.750099230169236,-1.9951823963598183,0.5872593860567848,-0.1728136971792442,0.1457654773473313
BFA,Sissili,2016,False,0.5830245957436423,0.4388311327428945,0.3628758501448004,1.042611554113336,0.5944095324222503,0.45449728962633007,0.870256144670749,-0.7224169247634434,0.9796521073169429
BFA,Sissili,2017,False,-1.5973860218964422,-1.7807698822355489,1.0711158387336808,0.9196149552943846,-2.815613741692343,0.7451482810161071,-2.8070353968480837,0.1453740766690811,-0.7504472953119209
BFA,Sissili,2018,False,-0.1766896861841347,0.46280092216706437,0.24761620522579755,-0.9841250191694876,0.6556900047225495,0.04594573404608753,0.5715604005721466,0.5131294482362919,-0.08749306751554196
BFA,Sissili,2019,False,-0.6236807842137704,-1.1866259554688665,0.7046443708083735,-0.3017459915647623,0.12660252860236465,0.5745720159265164,0.27235602307381823,-0.6192220697924488,1.0882583668005312
BFA,Sissili,2020,False,-0.7853436811882979,0.02933685982329624,-0.7795097322939197,-1.1054699749792791,0.37331598291822055,0.16429145598035072,0.010472231223694782,1.0973136191746282,-0.9837058401748017
BFA,Sissili,2021,False,-0.37575543825589397,0.4551790260640903,-0.42633753682867453,0.38399218921116485,-0.298782237129695,0.5018116158606624,0.32217713264400616,0.029816346372780116,-0.3207516123784228
BFA,Sissili,2022,False,-0.3057550819202928,0.6879250376239289,-2.4580464143191083,0.09992046510747678,0.7895618480934454,0.3164224102682108,1.0102457862552654,0.25094472873136436,0.1712702132447253
BFA,Sissili,2023,False,-0.49717261441984967,0.7462783413831104,1.67309059986397,-0.28584297531260516,-0.9020676228533044,-0.09869741372861682,-0.6993896473179112,0.6431379318333437,-0.3623023741715171
BFA,Soum,2001,False,1.0333732408238583,0.24170878031505524,0.10478730217604572,1.7094421098567327,-0.27432997843039675,0.17033313000924952,0.3874012643618039,-0.8539100459364237,0.31224275404791163
BFA,Soum,2002,False,-1.5676188177386454,-1.6264400176340605,2.139661647690384,-1.4986180745422872,-1.1621724226301542,-1.9670649967821243,-1.32483367174029,4.163257185562412,-2.8909987332065628
BFA,Soum,2003,False,0.8342395859141142,0.14352366552772416,-1.697079921502802,1.0726057500157333,1.4486089390562569,1.6931666661337381,1.5864104880994767,-0.7838613108034517,1.2835612467691913
BFA,Soum,2004,False,-2.3767012649159938,-2.2407584105406384,0.5972754027362841,-1.1415259336962496,-1.2193723302280022,-1.7318445294281604,-1.6452201968013989,-0.25538569973468417,-0.3499352474575684
BFA,Soum,2005,False,0.4237502659132546,-0.2279665521306939,-0.3397265936203851,1.1073130794385388,0.3643624383871968,0.6686543524154488,0.8427151384849382,-0.7138125756704904,1.4700072429766429
BFA,Soum,2006,False,1.6773271037294104,0.6026617934157996,0.11078120562750826,-1.0567150881707579,-0.027063735723668773,0.14192579166929287,-0.3480011493723458,-0.6787882081039989,0.3074342466581978
BFA,Soum,2007,False,1.7540625088637705,0.437192082294434,-0.7916057110825682,1.2497429684821306,0.46532944001065507,1.0540735333148243,0.49131498488970915,-0.22366345755584158,-0.22724075244916264
BFA,Soum,2008,False,0.04878927985447708,0.46545177659910203,0.03411898204431458,0.31512982724249583,-1.4100833948058389,-1.5593678330664844,-1.344430366602653,-0.544914698232314,0.3369057435628777
BFA,Soum,2009,False,-0.20750240821293403,-0.11941467502110945,0.7359164052914389,-0.5839411322617957,0.46859384863393594,0.37482056416549436,0.2484625311639005,0.3950878186144226,-0.9826417520583685
BFA,Soum,2010,False,0.09725832495236164,0.6333717365966459,-0.5636190969820982,-0.14759681414167997,-0.10553577115744715,-0.19367773669589325,-0.5978392503407858,-0.5386907378380547,0.9942752376786143
BFA,Soum,2011,False,-0.1889125241267158,-0.4291184208392238,1.1338242812903656,-0.6571129359475754,0.5570204018780879,0.8457054997181294,0.4912182084328683,-0.09309207307179483,-0.6392212565481453
BFA,Soum,2012,False,-0.35666867774985883,1.132586834024301,-2.0494585706051347,1.0088029820300233,2.438318639352124,1.1911737210382574,2.3420139119042105,-0.4505424397194774,1.0237467345832942
BFA,Soum,2013,False,-0.3148271229935733,0.7711662818954028,0.03403542876391588,0.27726565449408863,-0.9128751286935294,-0.06272343431099105,-0.8080019610647697,-0.42504415793489425,1.2739442319897916
BFA,Soum,2014,False,-0.0343250563137743,0.7320134696787605,0.6726801494497414,-0.6037993539108002,-0.44294185568355937,-0.46277410604263985,-0.7728637737049885,0.4054083724200327,-1.458373757356369
BFA,Soum,2015,False,-0.48107457840767726,1.308914961587589,-1.2071203520901503,-0.990875008240756,0.700768337564446,0.8434995207920913,0.6761150056883424,-0.29117064806320936,0.2045942337750427
BFA,Soum,2016,False,-0.6690915538125596,0.8639705454308438,0.15896951567229128,-1.012508141996756,-0.05600424342972345,-0.05885255239804603,0.16960289119344626,-0.2561462804967179,-0.016131766726774664
BFA,Soum,2017,False,-0.35253208812611864,0.6402852149466856,0.12513043711724828,-0.23013641579246397,-0.2109159481874255,0.3132793622480642,0.3579048756120842,-0.2392214759158424,-0.07988326792582048
BFA,Soum,2018,False,-0.209823238212649,1.3008880099393703,-0.39569789173280345,-0.990796412063085,1.3272135242316427,0.8095039028675698,0.8296823068075048,-0.030822347118817643,-0.14363476912486628
BFA,Soum,2019,False,-0.08288127831460249,0.17174479841759968,0.5846055921822423,-0.9480778423246863,-0.6932209266497559,-0.38619948834056217,-0.3955842514342818,0.10517852973577577,-0.3643607696266819
BFA,Soum,2020,False,-0.8930354548314067,-1.1035964401235767,-0.9434951306584047,0.09812021085781288,0.8752515920890189,0.12350897323847188,0.5881900999472276,-0.06079751269576856,0.8276837235964429
BFA,Soum,2021,False,-0.7738609185350028,-1.341382888424469,1.225347500205666,0.14600570569428994,-1.8790611883852615,-1.975769196554541,-1.6548131630852911,0.6867780713566399,-1.1197617692358877
BFA,Soum,2022,False,1.2624888107527814,-1.3066530645768957,-0.8779977141663491,1.509108498226279,-0.013992952431068571,0.35330545734931773,-0.2099151242885743,0.27407640717395215,0.22925722329000883
BFA,Soum,2023,False,1.3775658614874842,-1.0501494813786463,1.2086671321932487,1.3681663667507689,-0.23789728476753214,-0.1846766013405066,0.09047120184986628,0.41007728402854554,0.008531222788191455
BFA,Sourou,2001,False,-0.2975708988647629,0.06701357916575533,-0.6347136408337508,1.0961681108293069,0.07804337855510741,-0.4819236677812864,0.7363011932557633,-1.3625695216775862,1.870969885622548
BFA,Sourou,2002,False,0.003699887304030817,-0.5479361665911427,2.0776886293834567,-1.4824403527759438,-1.0622902748792555,-1.4687385214492787,-1.6666995555695805,2.285021369612627,-1.950865164473405
BFA,Sourou,2003,False,-0.30275016630692686,0.7776690881922177,-1.4337594279532906,1.0759012033964563,1.5719958331829658,1.2706994041546726,1.9644175151935614,-1.3147536755646227,1.9533507953709717
BFA,Sourou,2004,False,-1.1104942449657949,-0.7810009512369418,0.23846289553762628,0.3804696450893064,-1.2523929525233333,-2.2131643271028554,-1.119011754027002,1.2839014051152497,-1.329457440077981
BFA,Sourou,2005,False,0.16049910143845375,-0.9229787878569224,-0.08217658861630638,0.19925746798868232,-1.1620004005043092,-0.7332165505465116,-1.1712920174338988,0.1764435346223159,-0.8390779729979438
BFA,Sourou,2006,False,1.0009832183684266,-0.7130993299073108,0.12994254236046532,-2.101430004371739,-0.39919320132414304,1.2856175584381109,-0.5729655170692316,-0.47184316069962157,0.010652703846777916
BFA,Sourou,2007,False,-1.2261850234760412,-1.3722303874906119,-0.7322391485496266,0.5806322760871294,0.9484754997394791,0.5572801607313255,0.7807542863960387,2.3011903596388756,-1.4753994827788541
BFA,Sourou,2008,False,-1.6923650677887923,-0.43819196403118826,-0.6748463623603559,0.6029447871504662,-0.14117632372229746,0.047734791403943884,0.3659618438481615,-0.9422130271967031,0.45238482335986807
BFA,Sourou,2009,False,1.415751911310217,1.0260951768767026,0.5355617398980592,-0.12378565637352781,0.2746640087227113,1.189834256835141,-0.07837876122592534,-0.819884085249927,0.5834130806752388
BFA,Sourou,2010,False,1.115836298766853,1.4869584615514095,-0.32898476414198236,-1.2374096496198306,1.18696881203591,0.7460831490250948,0.5013433405111283,-0.9473198953032814,0.8941169428729592
BFA,Sourou,2011,False,-0.06598596174540101,0.05713327833808908,2.2540284448228363,-0.9660170048936757,-1.105739501828609,-0.06475816391776973,-0.8713020372613823,-0.33612213999037915,-0.41225963887033906
BFA,Sourou,2012,False,1.9692928865688528,2.1869491655911006,-1.3249857019407678,1.4987556326461786,1.77522089876746,1.3697602415908114,1.955721981052403,-0.9448119843854653,1.1561734575037166
BFA,Sourou,2013,False,1.2052204451022939,2.111205038705827,-0.18484633268626874,0.8700185574974282,-0.005492200942359904,1.0925834942891786,0.056134371562465556,-0.47601059682874,0.3888236904074186
BFA,Sourou,2014,False,0.016670389806170468,-0.3541545670305989,0.30632074762335676,0.5344422449294522,-0.8923680187981602,-1.0492861726845515,-0.8317022655022328,1.0390614286797966,-1.0972284962181975
BFA,Sourou,2015,False,1.0004502122629932,0.34169893953398806,-0.5376180991414966,-0.02612553048000081,1.7668938613831155,0.4097745367233812,1.235003755956581,-0.13464501932536913,0.1118533903911747
BFA,Sourou,2016,False,-1.2660917718891012,-1.139581546442648,0.041722727870187125,0.04010374099230643,0.7373202110108407,-0.4893146349214478,0.906393454110149,-0.26360378518360245,-0.11646956205810613
BFA,Sourou,2017,False,-1.1596775593711508,-0.9219749093471019,0.8757877120210736,0.8011354905766859,-1.4443035283540464,-0.26467959398311847,-1.355159146325839,-0.08797139006606491,-0.16511690962506914
BFA,Sourou,2018,False,0.5102806194954493,0.5895283964780923,-0.08267565632228417,-1.1613273792310632,0.1709905515369606,0.46385594191004376,-0.22140899722235233,0.1089823863197858,-0.21376425719201622
BFA,Sourou,2019,False,-0.234011512937994,0.22890124141884435,0.4365313510994797,-1.1298382316643598,-0.09303267767081999,0.3214007777154805,-0.3875044051746304,0.18409969831531606,-0.26241160475897923
BFA,Sourou,2020,False,-0.09466644488429929,-0.37508867290470943,-1.110770486598832,-1.0116626428426359,0.2302885665021072,-0.7755933551602671,0.0028905811167086164,0.3742001735792032,-0.31105895232592634
BFA,Sourou,2021,False,-1.3960654338556466,-1.0496324550711065,0.6624631405852176,-0.24899220816836642,-1.1023536636774216,-1.3618986962579906,-0.9484198865598673,0.6777608563065767,-0.5393819047752231
BFA,Sourou,2022,False,0.6008463815047278,0.35699034050697975,-1.5888773489408523,0.4674673069710875,0.5432553884802517,0.8433524870260022,0.5150111499888301,-0.6292042246254926,1.2087267964811652
BFA,Sourou,2023,False,-0.15366726584255824,-0.6142729684487237,1.157983626884056,1.3417321962666562,-0.6237742656921534,-0.6954031160381091,0.20391087038015232,0.300291293907108,0.08202581962020178
BFA,Tapoa,2001,False,0.8320663853988938,0.722693949497547,0.31603241531465526,-0.9525222652824518,-0.557206315859586,0.8633711101947782,0.06473441294064479,-0.7083417462095278,0.3070682955155826
BFA,Tapoa,2002,False,0.33154284047016974,-0.15557987798417325,0.8511006313953297,-1.1730837451465645,-0.22879764921028906,-2.38221092625537,-1.0029606828670663,3.6864447314376876,-2.5703200716523082
BFA,Tapoa,2003,False,0.461798172646424,0.41635197928953077,-1.0442591081036756,0.8138633560063928,1.2335160194435217,1.010694665143823,1.1287988314059716,-0.7111619717084086,0.8131651324488848
BFA,Tapoa,2004,False,1.6125128204100194,1.648001187703279,-0.2980912878824572,1.3244501091659462,-0.5204592074256609,0.8608360806290716,-0.450262086696698,-0.6490058381731622,-0.23177243337195558
BFA,Tapoa,2005,False,-1.6308750656135795,-0.8572106390188031,0.06557443766580062,1.4157248265258906,1.244640058899566,0.8699253090844851,1.7860949821366785,-0.7038566004539766,1.3192619693821819
BFA,Tapoa,2006,False,-1.155789064552156,-0.4198011352981358,0.03523703562657893,-0.6425172276252079,-0.08885181718153924,-1.232413842860821,-0.6779432848440975,-0.699641381673798,0.427028637006929
BFA,Tapoa,2007,False,-0.17141988133288116,0.23782497792106844,-0.2269760300116861,0.7966329903195669,0.9075569025230875,0.1988824215791287,1.363233379891404,0.4746427952669731,-0.9233173957050881
BFA,Tapoa,2008,False,1.9850132023665759,1.5836761881211243,-1.4341287999487509,0.6571558668605959,0.3693470341291806,-0.0007816009524435816,0.5313955149550302,-0.6918859838969964,1.3912381742769937
BFA,Tapoa,2009,False,-1.3562636981269387,-1.2442989337798587,0.7741542046625787,0.22910872124885054,-0.03960766167389232,0.18081433330248675,-0.02493375855772878,-0.6048658850008388,0.1935963750105591
BFA,Tapoa,2010,False,-0.9928659407765515,-0.9358081042145726,-0.08499956934505129,0.6547912982154398,-0.8642911926114367,1.107746633782272,-1.2214957761603593,-0.6855931723178956,2.050039244655878
BFA,Tapoa,2011,False,0.3861383828742997,-2.6983979257256356,2.601503803872917,-1.8677324883282698,-0.7008059622309992,-0.9892226596167388,-0.8942149890899121,0.25411467983779484,-0.8273491225120123
BFA,Tapoa,2012,False,-0.005775741304645508,1.0731676937351262,-1.6704887372507746,-0.5265085594894904,-0.3102315335970327,0.2926572907727385,-0.3744883745114025,-0.6501611434153723,0.26557257990537103
BFA,Tapoa,2013,False,0.42415469075043116,-0.08560022449731572,-0.44906855691696035,-0.22028216497844197,-1.3947408883556263,0.09084532482264623,-0.5773736237908755,-0.10085129941518788,-0.473956519024296
BFA,Tapoa,2014,False,0.07631820345116826,0.10790029996484303,0.22586705944663826,-1.1683456862505757,-0.7194592970651331,-0.38053354015113783,-1.369560128174966,1.236004958731552,-1.3661898513995565
BFA,Tapoa,2015,False,-0.8842716409766821,-0.6007948519463867,0.2682458655120768,-2.2883010979747196,1.2910143206004054,-2.3498344466121233,0.8568841005203335,1.001143587502954,-1.1894935496556982
BFA,Tapoa,2016,False,-0.5935003134461824,-0.6217686209968006,0.5907304732051429,0.20564026592559423,-0.30157046977411694,0.502326389175803,-0.7208095292874299,-0.6096738758702643,0.3615408530984468
BFA,Tapoa,2017,False,-1.2595457483507582,-0.31570995632021354,0.48285384925840225,1.3197585455611072,-1.9086443177333383,0.9355001963243428,-0.8235409109650157,-0.18862159074537566,-0.07257977894004516
BFA,Tapoa,2018,False,-0.8101510860735877,0.41140749134973653,-0.14479526221193806,0.33610124899335747,-0.11982885079606444,-0.8923049374419421,-0.5136930496546243,0.4855706132123354,-0.5067004109785371
BFA,Tapoa,2019,False,0.2567329514679798,0.9080448022702312,0.49378225009934246,0.5825995522766324,0.12264147560054514,0.9818704106031672,0.4227146727965819,-0.301698314224774,0.12810859110207687
BFA,Tapoa,2020,False,-0.5611391401047001,-0.8902915705292049,-1.4446136125636533,0.6226539588453202,2.1792320158508396,0.6225873427831599,2.0267009052357925,-0.5208087571704395,0.9156218266282834
BFA,Tapoa,2021,False,1.0862889450472415,0.3009395399179482,0.208280802595238,-0.22522610708255567,0.47738732820340435,-0.4616266287858148,0.7105011618288538,0.6281614278870495,-0.28201997263814443
BFA,Tapoa,2022,False,0.5471419668135219,0.21421504743065317,-1.5427595238797118,-0.2928211672615969,1.2134440326312474,0.07907859575217659,0.8962676103764982,-0.08710325597094644,0.20008479599688878
BFA,Tapoa,2023,False,1.421888758961938,1.2010386831100122,1.4268176594599586,0.39885976947517926,-1.2842840243670823,0.09179247872631213,-1.1360493774876117,0.14718802237061832,0.07137263084956509
BFA,Tuy,2001,False,-0.46696020660930954,-1.436521901684101,-0.21548499648453118,-0.034961929170576084,0.4510755653710884,0.7059046522101718,0.8456122046423038,-1.0540751007890652,0.7949974431645155
BFA,Tuy,2002,False,-0.8988024036373612,-1.0740895102703631,1.7928990444431299,0.23562047532971708,-0.554366536878782,0.1227269405553273,-0.5128015986479404,0.0746050808558618,-0.6725523072901995
BFA,Tuy,2003,False,-0.6853134487574368,-0.2743935500941655,-1.3298369569996915,1.1192460152235275,0.8872320031029252,0.9137789750035722,1.2198778673432518,-1.0442098561021664,1.2851761822256365
BFA,Tuy,2004,False,-0.48670140477888457,-1.0922308436243553,-0.18250576740132407,1.1694143455062949,-1.3576208127518374,-0.44860210213035084,-1.6237547704757482,3.078042879545579,-1.794269210568155
BFA,Tuy,2005,False,0.42110941847099764,-0.26958550469591297,-0.12934422596725734,0.2930695641340683,-0.9478503952272134,0.24462003658243717,-1.307488501411037,1.0464198839267709,-1.2469494080990264
BFA,Tuy,2006,False,2.731136822863935,1.2674256238157096,-0.19299613415072153,-0.7292797516360402,0.16127684427601421,0.8013143171061329,-0.31004642008397215,-0.9767823731435058,1.1137529920015785
BFA,Tuy,2007,False,-0.6026628862684766,0.38332824688612627,-0.3846837447534274,-0.9602141273385925,-0.29733824864502906,-3.048405421472368,0.037919589161779635,0.5451462987178252,-0.95825762433029
BFA,Tuy,2008,False,0.23026824156401712,1.0668244740992576,-0.8089780497910354,-1.6010166538207413,1.1723403006630202,-0.8625088384924756,1.0105424940680123,-0.8759731521324756,0.999470865185546
BFA,Tuy,2009,False,-1.1419428993401481,-0.03172656415288953,0.7122581990634722,-0.8336670142124738,-0.15070017350207005,-0.0904441220705067,0.0497269823508157,0.022820867137551288,-0.46807888526917
BFA,Tuy,2010,False,-0.5377212958402674,1.2117308246092564,-0.07165829802815236,0.15005079082880024,1.488874901150997,0.7975336501119707,0.7562195103883328,-0.8416877656548413,1.4896496042466671
BFA,Tuy,2011,False,-0.7044836964327224,-0.3337013156001246,0.7333941811188188,1.72200855132371,-1.7055510613508829,0.4876829022356377,-1.5971729595145623,-0.8464389926422051,1.0295346302538726
BFA,Tuy,2012,False,0.8564112748351669,1.4611397863808677,-1.1737678009414754,-0.7438506551319654,0.4722923554899598,0.8211405722501947,1.1002598394282712,-0.5792003645120134,0.3679327009686938
BFA,Tuy,2013,False,0.8469228802220167,1.763585175017242,-0.5421501378205418,0.57145576116233,-0.16280285288456603,0.1931166237332531,0.08611995856932467,-0.7338407376632265,0.512278592853071
BFA,Tuy,2014,False,1.5104924666850348,-0.09068113810823368,0.3644127189416762,0.30657093348533027,0.004212642094474865,0.2980031510312674,0.5257449064780843,1.1392327316718527,-1.358245068186413
BFA,Tuy,2015,False,1.2633384816021724,0.45482366792251894,0.97970710526015,-2.910771852425469,2.0533967479971005,-2.6811932639416916,0.8019564650814814,1.142060169378167,-1.213899176302037
BFA,Tuy,2016,False,-0.328119719456878,-0.4065310928460142,1.0139948578913973,0.8322557436581893,-0.02444235696923847,0.48978346140238543,0.54615300436742,-0.568732687541605,0.34085540262901304
BFA,Tuy,2017,False,0.03428840478045435,-0.6465815489090346,1.1763183129418537,0.8201522604748723,-2.0058917176654227,0.6101310905218231,-2.3938075260947413,1.0146673757240035,-1.3281813031180698
BFA,Tuy,2018,False,0.04014512949103924,0.8511687102118523,-0.09576618102306779,-0.44372021882329893,0.8100113071894003,-0.15740443758832615,0.7280086162020363,0.2486813839494249,-0.37788759006417216
BFA,Tuy,2019,False,-0.07951658979426064,0.43869337091672034,0.6011445893076738,0.18378170410266031,0.5173824860943973,0.3505557266678815,0.5206148362295636,-0.4752009150824979,0.7738930782821087
BFA,Tuy,2020,False,0.03257080755120875,-0.8224903938054099,-0.8637586118862245,0.17977003848838247,0.12197983335135655,0.2543575144874241,0.037752771428051335,-0.29638004171187815,0.5152650595817169
BFA,Tuy,2021,False,-0.9975934373434151,-1.8636684548479054,-0.24489350876719965,-0.22971205096579678,-0.16680856018036433,0.04993158955710582,0.14833933094599586,0.5939932390096129,-0.7507977355806147
BFA,Tuy,2022,False,-1.7727305898338352,0.6449394658828629,-2.5728899708906794,0.42681486976215105,0.5034026969540203,0.10979104839276672,0.594844842614981,-0.4372460170436915,0.8039568433504534
BFA,Tuy,2023,False,0.7358646500269523,-1.2014575271039043,1.4345853759371574,0.4769832000449189,-1.2701049676793486,0.0381859338463675,-1.264621443071705,-0.17590190589747626,0.14235491406527442
BFA,Yagha,2001,True,0.9865431728170365,-0.5166470819556475,0.2530884457579401,-0.4743045064527772,-0.28017644744318915,0.6058425677729662,-0.6077780006745083,-0.8539100459364237,0.31224275404791163
BFA,Yagha,2002,True,-0.22710828757586102,-0.4939492494976595,1.4968455981567153,-0.7617473526018893,-0.3577809645293056,-1.3229221929191877,-0.6001818037084893,4.163257185562412,-2.8909987332065628
BFA,Yagha,2003,True,-0.40626455095955255,-0.35084910112162276,-1.6476541367639823,1.79205375541832,1.9558886958632378,1.6688827575952259,2.106616550529813,-0.7838613108034517,1.2835612467691913
BFA,Yagha,2004,True,0.7597286638511281,-0.0023341964592681176,0.4059733531399205,1.0766454145684476,-0.6820655543480597,-1.281624821975262,-1.2084230117207897,-0.25538569973468417,-0.3499352474575684
BFA,Yagha,2005,True,1.7716408184434258,0.44485356644782775,0.2751397705299784,2.2617214261736525,0.37901309355517054,0.6811398149375805,0.9302774258676326,-0.7138125756704904,1.4700072429766429
BFA,Yagha,2006,True,0.16005949308120881,0.09550258670018837,-0.5283969212508777,-0.37445956608997344,-0.9827633135340895,-0.33562522059883826,-1.1129485169927025,-0.6787882081039989,0.3074342466581978
BFA,Yagha,2007,True,0.6677368656807401,-0.07387740555356204,-0.5519774051101384,0.17197607829430922,0.31413971736172325,-0.6384520223782097,0.2809880250754395,-0.22366345755584158,-0.22724075244916264
BFA,Yagha,2008,True,-2.053263277617955,-0.10906717551623855,-0.755772279387198,-0.05151452113723834,-0.25376634176549795,0.6159878382570215,0.47681626628074547,-0.544914698232314,0.3369057435628777
BFA,Yagha,2009,True,-0.2901626222057178,-0.4749748469501269,1.4981339561429612,-1.9314418188832712,-0.5730956097802652,-0.943411420289576,-0.3243049701957635,0.3950878186144226,-0.9826417520583685
BFA,Yagha,2010,True,-0.8027057297889073,-0.5095323324230995,-0.6384055343963335,-1.242694048470017,0.09921760436109793,1.2779464911750231,-0.11078745254387391,-0.5386907378380547,0.9942752376786143
BFA,Yagha,2011,True,-1.8744068798233928,-1.1406652030658688,1.8405862859269295,-1.6127602570450406,-0.5757149798593054,-2.0277058315931877,-0.7286659278814142,-0.09309207307179483,-0.6392212565481453
BFA,Yagha,2012,True,-0.1675769908224874,0.8500615430083155,-1.5384840017035784,-0.03514976558719761,0.9968508984310944,1.2586185213412464,1.080968610681443,-0.4505424397194774,1.0237467345832942
BFA,Yagha,2013,True,0.12361275439881228,1.3051860627119962,-0.5114218855561837,-0.19615828489238876,0.02543580625762267,-0.5355168174695897,0.4052598084993024,-0.42504415793489425,1.2739442319897916
BFA,Yagha,2014,True,-1.4927937274948424,-0.39376598744660124,0.8614767530934037,-0.07019028559369819,-0.5507278397577577,-0.21216243742012927,-1.275789538397007,0.4054083724200327,-1.458373757356369
BFA,Yagha,2015,True,0.08072402100476737,0.680971124908732,-0.06463490868823875,-0.7535489947552283,1.231718371940405,1.2007640393839376,1.3509535006407478,-0.29117064806320936,0.2045942337750427
BFA,Yagha,2016,True,0.7463368658654355,1.4358731212029119,-0.5252535296335943,0.14440348158697905,-0.29181303504344563,0.6838773923894907,-0.16635664632692834,-0.2561462804967179,-0.016131766726774664
BFA,Yagha,2017,True,0.35757859622884536,0.9389208926750954,-0.31389865432470093,0.7664056887593729,-1.4214106959045711,-0.2935934407910026,-1.0230403536933472,-0.2392214759158424,-0.07988326792582048
BFA,Yagha,2018,True,0.3556183196603423,0.909126638361553,-0.8620708252706009,0.0671691804127925,-0.6386742188011468,0.9508357540059373,-0.5625533225756942,-0.030822347118817643,-0.14363476912486628
BFA,Yagha,2019,True,-0.3959026749931278,0.6882167810271654,0.8603124004645251,-0.38008077420067116,-0.26745546273656623,-0.020553833571859827,0.20794961754811003,0.10517852973577577,-0.3643607696266819
BFA,Yagha,2020,True,2.058508802796238,1.5054859159698677,-0.43680742944446554,-0.28042875688461594,2.7914174909792004,-0.02960969392847122,2.006018090742047,-0.06079751269576856,0.8276837235964429
BFA,Yagha,2021,True,-0.7344430097142775,-0.8506676420600415,0.7394605281622108,0.9906520003062791,-0.2618758103734622,-1.6090302841516648,-0.1862059883414347,0.6867780713566399,-1.1197617692358877
BFA,Yagha,2022,True,0.3763374069250223,-1.1554823317761023,-1.2631949921679182,-0.19814998291269306,0.6927765980082307,0.1965575433375359,0.4235059645948341,0.27407640717395215,0.22925722329000883
BFA,Yagha,2023,True,0.0002019702431197768,-2.7823856791878145,1.4069554123232257,1.0916018899865485,-1.3491380028811208,0.1097552968910141,-1.3623183274081627,0.41007728402854554,0.008531222788191455
BFA,Yatenga,2001,False,0.5041177487209424,-0.4300882612900815,-0.3068272082063313,1.386828069965533,-0.2659085545263685,-1.6727351933270345,0.1456890047781971,-0.5220123691023344,0.7576719487903115
BFA,Yatenga,2002,False,-1.213989902408204,-1.4560272460318744,2.1227298589438828,-2.1461149820459724,-1.034476784095403,-0.8933843668639483,-1.5234875132296388,3.9839507936574097,-2.2525200641642105
BFA,Yatenga,2003,False,-0.07570477950760436,0.4066271268381547,-1.4304399988942413,0.9280892075574635,0.7645176163655159,1.2095134083714643,0.9531087178628209,-0.9431167426702892,1.0278130782037924
BFA,Yatenga,2004,False,-0.4239490953534803,-0.9567563634614857,0.3373816464740207,-0.6095320486357975,-0.9469620833626934,-1.5392341479496157,-1.0829071201032276,0.9390411352451463,-1.4723363545894423
BFA,Yatenga,2005,False,-0.07858075448499931,-0.5139717278213447,-0.3178178232684666,1.1499942967974626,-0.760352616330139,-0.107012629267002,-0.4523327226617317,-0.8282534628809901,0.2778690472947045
BFA,Yatenga,2006,False,2.4501792892934624,1.8913362976247463,0.1751790729541685,-1.5328292576999385,-0.6821299242953293,0.667144907598869,-0.7490109020172218,-0.7708218229863544,-0.6921526450146743
BFA,Yatenga,2007,False,0.642980504707643,0.22963816805112508,-0.7187947380934617,0.9398995365649471,0.8867066420994643,-0.03581749668199434,0.9358088010645195,-0.6768469339991656,-0.1320465968401642
BFA,Yatenga,2008,False,-0.6396115582232061,0.3470749188942701,-0.26738839587731766,1.1287354336582656,0.30854848772832183,-0.06291035481284356,0.8154808484023257,-0.6559585431970552,1.1081162248826955
BFA,Yatenga,2009,False,-0.29013008599754975,0.12245336932726889,0.6515403346797235,0.07349401731630414,1.0317608013487012,1.3592955339323214,0.571245010512499,-0.5985269033024194,0.8181513061216983
BFA,Yatenga,2010,False,-0.21775207938038066,0.2985684053283746,-0.4113951020193204,-1.0766811223924948,0.8223996269370508,1.1712106982882229,0.5622284983141496,-0.5410952634077698,0.868214774134892
BFA,Yatenga,2011,False,-2.2354150995730255,-1.3691200863414112,1.5120197766411012,-1.064517912647907,-0.6839083961546443,0.4675063954934753,-0.3781537155019842,0.2374564919129709,-1.291906271884153
BFA,Yatenga,2012,False,0.08727635258144352,0.09701307517725845,-1.766355349368384,1.4604758376221925,2.1406851277489882,1.280613604338355,2.1490853649469877,-0.4213595504061459,1.1383559035483748
BFA,Yatenga,2013,False,0.4738163774920642,1.4396857230152116,-0.3817609516314319,-0.42175140718241483,-0.8332112640558524,0.7683191181261583,-1.1015876466718497,-0.3468743942683114,0.6783767914002822
BFA,Yatenga,2014,False,0.7756986324711775,0.2591097687832466,0.813819231915258,-0.4856722645404813,-0.7130209016302386,-0.6798803433530558,-0.9003206524050148,-0.2845703211613371,-0.6316732876832875
BFA,Yatenga,2015,False,0.5369008393702912,0.9832654348939119,-0.7006707911400358,-0.31362969757341186,0.8715818976951788,0.7452931394476455,0.6423391740566203,-0.25393706393454957,1.1185321142008604
BFA,Yatenga,2016,False,-0.47768810672954537,0.2891872356758235,0.04224077335378837,0.5507093358232018,1.4163424916189726,-1.3431647395150395,1.6351256260328708,-0.19163299082757526,0.31852461527860715
BFA,Yatenga,2017,False,-0.5105780585558835,0.3096028878068347,0.5649452081525106,0.5884052617801666,-0.9738305958773963,0.09128247470925284,-0.7224851588621879,0.28482790532818936,-0.6514970770307716
BFA,Yatenga,2018,False,0.6323476755345092,0.30948378396765336,-0.18271897540798968,0.11133421121378052,1.030967426835946,0.945565051074767,0.4970372988625872,0.020678953208494857,1.4387367116275651
BFA,Yatenga,2019,False,0.5034975222445138,0.26987982171607666,0.6582274663868555,-0.9307124457432733,-0.6249820773596833,-0.4733294191059322,-0.6759935376320205,0.10490897577099262,-0.3813559476172889
BFA,Yatenga,2020,False,1.1670712440621256,0.23029054772747926,-1.1823027925408072,-0.7219987293168287,0.3495339428596175,0.051921166351250186,0.05638069912512108,0.15990439905947293,-0.33129247960409525
BFA,Yatenga,2021,False,-1.710978188305138,-2.4115364541021633,0.9472081349910977,-0.1162427077623316,-1.9928867413001714,-1.803580579251268,-1.8464727227663793,0.568151230242484,-1.301314171913474
BFA,Yatenga,2022,False,0.9353974878298549,1.097709075680515,-1.5156950571052392,-0.07991766589730635,0.2539626560456521,0.7099580234199668,0.17433786411729468,0.2772038954549275,0.10886284319648293
BFA,Yatenga,2023,False,-0.8349059657890114,-1.4434255014595894,1.35687567906062,1.1816350331388399,-0.36533677829548966,-0.8565742510240146,0.29488478377526295,0.4588825822642101,-0.5211304623387051
BFA,Ziro,2001,False,-0.8285851464780623,-1.4483177383398562,0.1076102572355751,-0.39753048236927363,0.27719637122522517,1.19827915771537,0.7060640402720808,-0.14244844694368708,-0.07617639662068844
BFA,Ziro,2002,False,-0.8826873745667068,-0.3353945518341602,1.8746104166016389,-2.4713596473226493,-0.9019992862565658,-0.8047220882775739,-1.696910714448913,1.6079242395330733,-1.2934785927298569
BFA,Ziro,2003,False,0.5818032426289138,1.1957094403578485,-1.2517820801279762,0.6596990438700038,0.2421878271003782,1.317456558067526,0.5812150789275686,-0.945581173902356,2.104394069838228
BFA,Ziro,2004,False,-0.5022302538267688,2.400689040817575,-0.2940195446695507,1.5328407892401459,-0.6617160055464191,1.0240279470454838,-0.023924856049188786,1.5144285436802574,-1.3350293545229512
BFA,Ziro,2005,False,1.1024570858606322,0.27680297633596657,-0.2659039846653734,0.5200379408107794,-0.3155385015212167,0.7569364319535375,-0.03544279967220575,-0.7975183041999344,0.01165448196635464
BFA,Ziro,2006,False,0.7135526332908262,-0.3124572994621125,-0.45365744229872784,-0.6342740127576361,-0.8267127217622312,-0.8619218440148512,-1.2097580839168953,-0.8893821488059186,0.16181150324303922
BFA,Ziro,2007,False,0.8865355500592698,-0.27734242844471974,-0.5399850047104349,-0.22926073762052285,0.614801023954864,-2.4184174404025076,0.375808719546913,2.927867135553979,-2.0810851059055264
BFA,Ziro,2008,False,-0.5249347959069869,0.9672273807178451,-0.842723969226121,-0.36322780929224846,0.40288757067471526,-1.6147640194787245,0.9061434075665358,-0.8898261015071061,0.974922752316096
BFA,Ziro,2009,False,-1.1166128966895161,-0.40082750600752964,1.3587261477472066,0.7709369209354792,1.5304411264655162,0.06853726931692253,1.0456194297674823,-0.8576209552442549,0.4413501648998536
BFA,Ziro,2010,False,-0.5845760286264848,-0.3243156146803393,0.39590528759102617,1.882911777730123,-0.09115558535297758,1.0649025063379673,-0.06628501526994002,-0.8724116388559634,1.9589664035623904
BFA,Ziro,2011,False,0.4030254974276974,-0.5556751479609535,0.7977237449627531,-0.3736918710273334,-1.5718756636246343,0.4507515431864141,-1.2334101106658686,-0.2743767009034096,-0.6257950099326303
BFA,Ziro,2012,False,-1.563328601202256,-1.5860709934787556,-1.2666799665047137,0.19443643864419902,1.5873358575253071,0.30710472508596753,1.37805283773918,-0.7845034313929786,0.37902402221021214
BFA,Ziro,2013,False,0.039957818590981145,-1.261363444208381,-0.6739421769510207,-0.639290238219934,-0.3703561402054483,-1.9209589770367521,-1.03527578892403,-0.5163792191598345,0.016383836967201467
BFA,Ziro,2014,False,2.3024754970018733,1.079579089004303,-0.28676810017275794,-0.31933814457630666,0.4946135714231861,0.07799769617247702,0.44876554799527096,-0.2454352571342195,-0.5171887504490486
BFA,Ziro,2015,False,2.3402860783570736,0.6701720533709824,0.6867235848120122,-0.6664447900131746,1.2950691489257897,-0.9499185098045004,0.7685715065231471,-0.1728136971792442,0.1457654773473313
BFA,Ziro,2016,False,-0.44282244408750304,-0.3502899620060438,-0.02822757418747213,1.6778466343678762,1.3085325208592373,0.3157198686919512,1.5649431819469326,-0.7224169247634434,0.9796521073169429
BFA,Ziro,2017,False,-0.5899606084291957,-0.7052089305074758,1.202354347883241,1.0432448743637783,-2.5436085009636926,0.7703650078192199,-2.45007191266631,0.1453740766690811,-0.7504472953119209
BFA,Ziro,2018,False,-0.41082917289688897,-0.01956793234404181,0.34746799654585914,-0.9021166022927997,0.29002369573268416,0.32442623664394127,0.02880395336758269,0.5131294482362919,-0.08749306751554196
BFA,Ziro,2019,False,0.4289959083490461,0.20675043276821786,0.6673863994872512,-0.24114119062494507,-0.360709081142103,0.5556793485587753,-0.1253673370148758,-0.6192220697924488,1.0882583668005312
BFA,Ziro,2020,False,0.414711674364385,-0.5047263714056766,-0.6647982823050583,-1.1100991577644117,0.36339832386266085,-0.1506792908300163,-0.11790318207716341,1.0973136191746282,-0.9837058401748017
BFA,Ziro,2021,False,-0.7392823606578452,-0.913878568507389,-0.2412844462762871,0.6477178047404986,-0.5668097393538345,0.3848702888604981,0.1515714545093847,0.029816346372780116,-0.3207516123784228
BFA,Ziro,2022,False,-0.6532071426242482,0.4120584022509349,-2.2612126314968055,0.04348113469746384,0.6164039121686158,0.19706846637832995,0.7152686187872592,0.25094472873136436,0.1712702132447253
BFA,Ziro,2023,False,-0.37474415993823507,1.7864476735637613,1.6324770207257369,-0.6253786755191121,-0.8124097241890569,-0.09274088198945551,-0.6764779762439469,0.6431379318333437,-0.3623023741715171
BFA,Zondoma,2001,False,-0.4109915067342601,-0.9659699623903281,-0.5882024250107867,1.042841231332082,0.4315687365765324,-0.2918371918722785,0.9451611541346907,-0.5220123691023344,0.7576719487903115
BFA,Zondoma,2002,False,-0.8024283306970528,-0.7845706855430572,2.2012265812114005,-1.8030709794955924,-1.2172509573622583,-1.5815244381315652,-1.8354014164672898,3.9839507936574097,-2.2525200641642105
BFA,Zondoma,2003,False,0.08772862112539392,-0.04641777930070297,-1.6000511016469217,0.6671273705514554,1.1159982009563472,1.3967101484976117,1.3042014843201557,-0.9431167426702892,1.0278130782037924
BFA,Zondoma,2004,False,-0.5356386827479666,0.06905855426051112,0.25447844655432317,-0.6740764675794558,-0.6552959832752271,-2.015246264054885,-0.5165000178825186,0.9390411352451463,-1.4723363545894423
BFA,Zondoma,2005,False,0.1693150510401757,0.2389569998282392,-0.3419672391079015,0.8098359484938314,-1.0352501087047041,-0.6188621700740119,-0.6735445564857067,-0.8282534628809901,0.2778690472947045
BFA,Zondoma,2006,False,0.06092148352397301,0.5541450102293525,-0.11347704343054495,-1.7616355141282576,-0.7495231983577556,1.1209129561188118,-0.8357001763902934,-0.7708218229863544,-0.6921526450146743
BFA,Zondoma,2007,False,0.37054097985022744,0.20002818062612954,-0.5589841314427192,0.04526660504444628,0.5090970354878444,0.15123324176949204,0.353258545725167,-0.6768469339991656,-0.1320465968401642
BFA,Zondoma,2008,False,0.03981532669285191,0.12016917000825132,-0.5437312897862315,1.2872073191787248,0.1970340117477023,-0.09572310213633749,0.5511786035028614,-0.6559585431970552,1.1081162248826955
BFA,Zondoma,2009,False,-0.2721763803292907,-0.6080090823852813,0.8592368028414166,0.760358084314752,0.6824232575643422,1.139141628647755,0.29549019578300495,-0.5985269033024194,0.8181513061216983
BFA,Zondoma,2010,False,0.9349975636059985,2.1491103511224567,-0.17706318954623146,0.5033111624754251,0.6287257522521983,1.0809853982909583,0.3853108840365123,-0.5410952634077698,0.868214774134892
BFA,Zondoma,2011,False,-1.5388536719155859,-1.6489679777430226,1.9596922683885243,-1.4507845775636197,-1.013471177931233,-0.47284879582360895,-0.6669395445035503,0.2374564919129709,-1.291906271884153
BFA,Zondoma,2012,False,1.0452493666036242,1.323938999487755,-1.2461932730468188,0.6914764051910076,2.099087608388977,1.3717190539445718,2.0177771204610173,-0.4213595504061459,1.1383559035483748
BFA,Zondoma,2013,False,0.8693225348803629,0.9587408514766176,-0.6267679283311874,-0.44656397201475523,-0.19170487079355472,0.7385019272732782,-0.5046758444212485,-0.3468743942683114,0.6783767914002822
BFA,Zondoma,2014,False,1.3997359763000388,0.828244570772745,0.7657473528248403,1.1700076902334007,-0.8428969287107423,-0.6442862924104047,-0.9282632728914662,-0.2845703211613371,-0.6316732876832875
BFA,Zondoma,2015,False,0.9903836434229362,-0.05584597895198273,-0.3098552106960573,-0.3309129326278595,1.00116940255116,0.7313124679687257,0.6542487094303201,-0.25393706393454957,1.1185321142008604
BFA,Zondoma,2016,False,-1.0137138995790513,-0.939164671007095,0.17117491013543232,0.10672312113151408,1.1819581548026152,-0.9862062282594793,1.3397659233597483,-0.19163299082757526,0.31852461527860715
BFA,Zondoma,2017,False,-0.5268307196111126,-0.7775790932645072,0.6141567972102409,1.3429430985426336,-1.331225487573398,0.24129703020736645,-1.2021091504677466,0.28482790532818936,-0.6514970770307716
BFA,Zondoma,2018,False,0.7990675552007463,0.24304864049857028,-0.2519714244195586,-0.10571782128004178,0.5359116920757196,0.8491375306726672,0.15142638955215912,0.020678953208494857,1.4387367116275651
BFA,Zondoma,2019,False,0.514075623949777,0.2702833709418224,0.36076412095425053,-1.8960767994319248,-0.49560734356711705,-0.4111038263175101,-0.531803969028206,0.10490897577099262,-0.3813559476172889
BFA,Zondoma,2020,False,0.9380505867249149,0.4503046659805496,-0.9280757965875227,-0.47895784996416596,0.3078300264447195,-0.39954258355180167,0.08599141765794392,0.15990439905947293,-0.33129247960409525
BFA,Zondoma,2021,False,-2.986888206358817,-2.575104015569393,0.37538153083035947,-0.09590071683384664,-1.857876168287984,-1.3376112697151545,-1.7344545304796615,0.568151230242484,-1.301314171913474
BFA,Zondoma,2022,False,0.4811986665204815,0.5645691239283009,-1.6489182018540103,-0.13988884936202092,1.1206260643644574,0.96380089150767,1.134516615399686,0.2772038954549275,0.10886284319648293
BFA,Zondoma,2023,False,-0.6128815814683651,0.4310307569940693,1.3733994439557042,0.7564884437922671,-0.4213277186486416,-0.9299601125518704,0.21106543565442087,0.4588825822642101,-0.5211304623387051
BFA,Zoundweogo,2001,False,-0.4890076988413321,-1.46281605544573,0.08745172636628448,-0.6401466828046664,-0.7530318269169769,0.472218324820429,-0.683029484195788,-0.8346269473239915,-0.11607131329806088
BFA,Zoundweogo,2002,False,1.3977300154429193,0.30632727381796443,0.9982696561247543,-2.1683948994915903,-1.0209952183962354,-1.0689520492343572,-1.6932273084573248,3.331941668206936,-1.7744553380199106
BFA,Zoundweogo,2003,False,-0.00943903301667432,-0.026027637854346142,-0.6824611960766671,-0.6053157361722508,1.1873179310735467,1.170721309004116,1.2390119207251007,-0.9181987162351083,0.41844486865569464
BFA,Zoundweogo,2004,False,-0.38937996772846406,-0.01774677397302645,-0.4640955647386031,1.8571154960614953,-0.5283152215648982,0.9626457817756694,-0.17381777282433017,1.257271331177145,-1.0648807819117243
BFA,Zoundweogo,2005,False,1.0148345178352849,0.9893723128539882,0.44834783989878957,1.0368406378896562,-0.3749217750536414,0.630046564816863,0.010891885962076731,-1.0785269237519723,0.42778592814613026
BFA,Zoundweogo,2006,False,0.8811062299315039,0.8072200976774024,-0.6342082568596831,-1.2836330347635752,-0.6924946758315647,0.41249387592459663,-0.8591424246629485,-0.9974111297256759,0.3449272708141487
BFA,Zoundweogo,2007,False,-0.16319830819804626,0.39596626923342715,-1.0134755560049544,0.4739505491472055,1.0363765205284052,-2.8160773642080192,0.9082243601079286,1.5307730284226069,-1.3134567539077
BFA,Zoundweogo,2008,False,-1.7080599309018507,1.3231022143008346,-0.3215549099412067,0.1938552432680314,0.10752322931168064,-1.592946116893706,0.587479494815178,-0.8781265966072629,1.4046185752311948
BFA,Zoundweogo,2009,False,-0.16763578240804727,-0.20470937453983734,1.3857457104886077,1.475052178352588,1.118015554343556,0.5480715420574763,1.0481868059360284,-0.7778216929295245,0.7965847954359235
BFA,Zoundweogo,2010,False,-0.6233335628414309,-0.07650448460448565,0.16231512422363828,1.3465538167912134,0.5851959607909126,1.0883810596588668,1.2180142383710681,-0.7497043922262584,2.6393682538026693
BFA,Zoundweogo,2011,False,-0.0013373589824406732,0.10896753785181744,1.4740835241159704,-0.24378237053008514,-0.26948929967443375,0.5715986434794367,-0.08495756611190779,-0.37435558354449705,-0.0693660158457904
BFA,Zoundweogo,2012,False,0.5670280782162258,0.8346613069066888,-1.5422458535989525,0.027810172499846544,1.1102750624411306,0.46901480100071996,0.7158762636210948,-0.562801091764648,0.3729504492855178
BFA,Zoundweogo,2013,False,1.2595339339292067,1.0593760951452222,-0.785848037338003,-0.0715622531804136,-0.852641017816946,-1.7148158881752302,-1.4773232626072919,-0.3025869409915594,-0.5852000788186135
BFA,Zoundweogo,2014,False,-2.7013303273800604,-1.760125586699235,0.19757443701226654,-0.09023452480958565,-0.3147609145990502,0.020159770638346314,-0.6001841995818252,0.21439577226034842,-0.8431171103050239
BFA,Zoundweogo,2015,False,-0.4015078787033561,-2.002757409599655,0.7930502402600377,-1.402524582768248,1.592953340361143,-0.8201667302116609,1.2175115688500386,0.08991396287833758,-0.5758590193281466
BFA,Zoundweogo,2016,False,0.6019478979916453,-1.6424304636132168,-0.1540496165883354,1.1190109876437593,0.8268342728286922,0.6384952889444739,0.9966129130782779,-0.3415936009267455,1.266924439038599
BFA,Zoundweogo,2017,False,-0.4671601217938969,-0.7650975626730829,1.096492562864641,0.4462128194455619,-2.791922296870842,0.3757318780166083,-2.591727687107354,-0.18372136829466026,-0.21640121152885122
BFA,Zoundweogo,2018,False,-1.380326223916736,-0.6889383713805978,-0.3144094594358935,0.04591974890578965,0.5329676817930068,0.42618089191268466,0.32157052671878583,0.33143381070472927,-0.6493766171696926
BFA,Zoundweogo,2019,False,1.329701296683109,-0.17684316618012483,0.5167602012554134,0.03477759728490552,-0.509295435931729,0.5822769538644658,-0.0424680879597597,-0.10464258873164954,1.1934068411970529
BFA,Zoundweogo,2020,False,0.7713261672813784,0.17539860424399945,-1.0523547092600887,-1.5339627741635677,1.0300798761635683,-0.3482379460977858,0.35762797402097735,0.29537793235908794,-0.11486043521593617
BFA,Zoundweogo,2021,False,0.2765697786256709,0.818522409568567,0.06489853012137137,0.22788314182737607,-0.7844223847401695,0.01480203939838811,-0.21151477837277222,0.34359810984005523,-0.5478358408567776
BFA,Zoundweogo,2022,False,0.4417904356028397,1.6108409480141297,-2.137609758213757,-0.41323169124160863,-0.18328626927389804,0.47168146169697184,-0.27060304581512384,0.29313143768503497,-0.2805777498799304
BFA,Zoundweogo,2023,False,-0.03985215682744818,0.39424181694929694,1.877323365324369,0.16780616080816138,-0.05196309296525638,-0.4933240921893536,0.06698766548987178,0.4162805195192727,-0.7135531555207719
ETH,Agnewak,2007,False,-0.46169457336935354,0.3937193371604115,-1.081899408851862,0.07979673261054354,0.8291741673046333,1.0924669283818382,0.890923510447024,-0.5546940988561421,0.422861618398516
ETH,Agnewak,2008,False,0.23500555705599982,0.2914783858771451,-0.5519685194165155,1.244495577745574,-0.28219317447193104,1.0050024990693838,-0.318486801547907,-0.5258170490826444,1.856280650895574
ETH,Agnewak,2009,False,-0.5709879638565014,0.2733264648687634,1.7737894689805718,-1.9113742079618716,-1.3819042299733604,-2.7228595429488363,-1.4291136184910807,0.0838498950060728,-1.7732252522188099
ETH,Agnewak,2011,False,-0.3741221841861929,0.3282670815740291,-1.0366755216140018,-0.2823657320070543,2.2281015791885053,0.5485052781560344,2.27052728198625,-0.4391858997621277,-0.17211842112757442
ETH,Agnewak,2013,False,1.2445177661955438,0.16926060443422564,-0.4610991903465598,0.4177054702242618,0.07609497224171176,0.1446182413608408,0.14680274956368589,3.124050061901657,-1.6087665514032068
ETH,Agnewak,2014,False,0.46312353103538273,0.035961364532949534,0.1171613235650901,2.044142389982024,-0.6453840734902021,0.38286994083467035,-0.765316282085019,-0.3525547504416228,0.837237468216141
ETH,Agnewak,2015,False,,-3.14638239115759,1.6183480873444798,-0.3690144667049113,-0.4402848927401207,-0.24563715045805226,-0.6112007639688063,-0.3236777006681251,0.2454865264686025
ETH,Agnewak,2016,False,0.24112008022422463,0.09786037022999954,1.008293360843043,-0.6711736563853885,-1.3084811070221474,-0.597929694329345,-0.9873801351621532,-0.29480065089461566,-0.34626441527891627
ETH,Agnewak,2017,False,0.7492273042288852,0.26123467050290183,0.11122849600423802,-0.8441772521589904,-0.06760143189152398,-0.22806579904530278,-0.23523247398661729,-0.2659236011211179,-0.17857661668471767
ETH,Agnewak,2020,False,-1.9734137538893417,0.39106153165458396,-1.1673844427660314,-0.0022758195392188177,0.5251256305681941,0.5944594808357593,0.561253172354519,-0.179292451800613,0.8307792726589976
ETH,Agnewak,2021,False,-0.9781492808158407,0.3875123444333135,-0.086750200745404,0.05709143122999315,-0.33241582100063705,-0.19949836026717754,-0.24471280191318662,-0.1504154020271153,-0.014117915869116019
ETH,Agnewak,2022,False,1.425373517377194,0.5167002358892671,-0.24304345299704844,0.2371495329650382,0.7997683812868788,0.22606817841018703,0.7219361628032913,-0.12153835225360582,-0.09957636405548988
ETH,Arsi,2001,True,-0.377362578642426,0.7589074696265912,-1.4350537854534577,1.0377048901864405,0.5591533906953299,0.9813118715435422,0.9010865121338975,-1.0147436045000187,1.482645835565117
ETH,Arsi,2002,True,1.5465098431062636,1.457416166648255,0.605356572341483,-1.1688341406895766,-1.4496407052298212,-1.4395355893680295,-1.5444081724931356,2.785144292139439,-1.9422838560950093
ETH,Arsi,2004,True,1.4412029264637363,0.4326624608483259,-0.9224236293555267,-0.3275330881929145,-0.31139932744576126,-0.6682028964765712,-0.5362264124421461,0.6680068408730714,-0.7551268338511905
ETH,Arsi,2005,True,0.9860080388677571,0.9472715811348956,0.48591029798383306,0.7199333604370263,-0.8812582777874266,0.5363970749431698,-0.7620084942045613,-1.314489912349772,1.2643739427740224
ETH,Arsi,2006,True,-0.9995234287603235,-0.28712712357240217,0.6139303193151315,0.48061049455475324,0.41567332922097633,0.5331004963528245,0.27373806166974746,-0.6116519888938977,0.4320301883926297
ETH,Arsi,2007,True,-1.9222539012902264,-2.0847157339932108,0.12926716430710455,1.0276659342140417,1.4669470925679973,0.9054548573233672,1.12266281929861,-0.8673218554637869,0.37746221519485607
ETH,Arsi,2008,True,-2.330072413797506,-2.5213566325444585,-0.9221099720980581,-0.34472770826359456,0.5364032521309138,0.6150395453115161,0.7413564054916673,-0.36547880116776826,0.5821528357249544
ETH,Arsi,2009,True,-0.3584797178143807,-1.1255270587039818,1.543156304576977,-1.9353762665603627,-0.8910875628796685,-1.9468592270763685,-0.8088702459626369,0.7674449175871644,-1.287225293567931
ETH,Arsi,2011,True,0.21348505004500914,0.2927049747350133,-1.133853770675646,0.025021149993767262,1.3484565640208093,0.5127590568865403,1.5621155423546909,0.47222869967303727,-0.8778440525077327
ETH,Arsi,2012,True,0.21102480871233104,0.12015885869033124,0.16458505000496151,-0.3197450104926391,1.0775360982511921,0.12986724674266667,0.6646416859727226,0.12362572155611803,-0.41389483824975937
ETH,Arsi,2013,True,-0.023309967882677644,0.02394066172047954,-0.8515969215225481,0.9585533252405393,0.6950163261132098,1.0501780855182379,0.9641755369055917,-0.7901402488758796,0.8278301571918331
ETH,Arsi,2014,True,0.6816269834185343,0.5185551533176268,0.9122799979480712,-0.7997881835109748,-1.2360509387627017,-1.493885627424616,-1.524814600749374,-0.8210416596110915,1.032520777721933
ETH,Arsi,2015,True,0.5605550167592559,0.638552763362667,2.073170368137491,-0.9207096631630914,-1.231603341345818,-0.6223639656885692,-1.1607598194946185,0.7614189708131837,-1.0961159452988274
ETH,Arsi,2016,True,0.13748336183914514,0.2869061527112056,0.4629802057159151,1.065329147557504,-1.0367749172603735,-0.09961203612871702,-0.5309173252721338,-0.6483504670616836,0.40486764387063856
ETH,Arsi,2017,True,0.28303111582023827,0.3567790295550316,0.6840160199381319,-0.19323655279327462,0.8526472102175274,0.6438916268023932,0.4552347841607313,0.13013068672316874,-0.6867347042386508
ETH,Arsi,2020,True,0.34023886269205494,0.15985969658409935,-0.6769576521950759,1.7703575754680594,1.1804663197554337,1.539859994430343,1.3175633761316319,-0.5623163002336493,1.2236301259910147
ETH,Arsi,2021,True,-0.1481669303258472,-0.26147805562728493,-0.7048019324647569,0.2949344005519265,-0.5007337613235106,-0.1052481261006577,-0.42109007183483194,0.14808594625512286,0.13202777788174713
ETH,Arsi,2022,True,-0.241997069210938,0.28648963550681583,-1.0278546365040304,-1.3701596645376304,-0.5937507509383089,-1.072152387591072,-0.7134795816658527,1.1394487625372418,-0.7003159764996457
ETH,Asosa,2001,False,-0.18013657065999863,0.06628458503090158,-0.40201686965819616,-0.9692678451823389,-0.8318070844156765,0.15816007573779312,-1.1261987334756003,-1.0550435691207944,2.2114795560982716
ETH,Asosa,2002,False,-0.21539749710163306,-0.2695582525719879,1.1408017656376954,-0.4462476485419943,0.7212528158325506,-2.5868070419665847,-0.13996305722419947,3.0488096294675553,-1.5458654117251516
ETH,Asosa,2004,False,-0.9677773726403678,-1.1096700670565351,-0.7018801062516034,0.17822937545444517,1.084662829041206,1.3854436742293472,1.3006778669488326,-0.1894216772911735,-0.007213470380043232
ETH,Asosa,2005,False,-0.5808961076096028,-0.3622324552764293,0.2793838821213133,-0.6291478206347817,0.6850248924757626,-0.7631916133729303,1.1248974357784662,-0.8932736688104723,0.7621125002924999
ETH,Asosa,2006,False,-0.33762618691361096,-0.340600450649074,-0.3600963451909364,0.41532763040104415,-0.2847933481427134,-0.07513549460800044,0.16828312468797701,-0.897823087223204,0.4663394266130624
ETH,Asosa,2007,False,-0.2638912989627279,-0.3433880206607319,-0.5138588875440343,0.5264514143808059,-0.7005092712736128,1.4602804705693049,-1.3742347503323364,-0.1362248336294762,-0.09570840815437325
ETH,Asosa,2008,False,0.18907834366407944,-0.005558844710646192,-0.7990721639678932,2.3620761995303567,0.3335521408595248,1.5838041353668468,0.9219949558677192,-0.8297929637795607,0.6736175625181698
ETH,Asosa,2009,False,0.21803574275470286,0.05670040674914584,1.5198113820916777,-1.5848202861204883,-0.22773108704608278,0.6239043497404057,-0.3864285214107926,1.171010584804481,-1.4860788387772528
ETH,Asosa,2011,False,0.43474034941168377,0.3970094686922306,-0.6818321097599678,-0.44435193973324877,0.24411406011413056,-0.6550442648217412,0.3439183746331233,0.19522877927288063,-1.0125259417841472
ETH,Asosa,2012,False,0.6411905616158664,0.618530553684273,-0.8959030932938791,0.6306654902005392,0.4606051225970635,-0.8844936751192006,1.2300186145881258,-0.07155910405481379,-0.5094747321995919
ETH,Asosa,2013,False,0.8484817537948142,1.0735344711336845,-0.9648004639255305,-0.9451647070598901,-2.0708872899794626,-0.5372520464564944,-1.6164851642030587,-0.6571466898281489,0.2598512384729511
ETH,Asosa,2014,False,0.6887143706111868,0.6705847348343018,-0.287245451798423,1.115181794384758,-0.30157914653966905,0.908564500082453,-0.7025695252768343,-0.3994576433259181,-0.035921835206486376
ETH,Asosa,2015,False,0.6406677581811256,0.6989843117092527,2.6061933632350742,0.06500987613879539,-0.2698970347633204,-0.4061789121762554,-0.252837264382368,-0.460568299269328,-0.597969669973922
ETH,Asosa,2016,False,0.6819808515356273,0.5870633099408156,1.1328676827104982,1.301283350620998,0.2610951307805087,0.2702797870572272,0.30837911558876574,-0.5216789552127306,-0.09491846038937699
ETH,Asosa,2017,False,1.1278832716744462,1.0404184777714025,0.3756596001590898,0.2708656480842682,0.6118353527435405,0.15194113807741938,0.21693497409915466,1.2580215739332052,-1.4557905784208054
ETH,Asosa,2020,False,1.4169095722114342,1.480712481753566,-0.5366773863901777,-0.9934727584735238,-1.807288106832651,-0.08335951047259038,-1.4695296253406818,0.21598718177358797,0.3196378114208498
ETH,Asosa,2021,False,-2.1250236572744847,-2.0853374342956235,0.0043710942019456024,0.29463801964284175,-0.13393403628477193,-0.2892399713996203,-0.1897858591449503,-0.11250386976939178,1.0889637820933928
ETH,Asosa,2022,False,-2.2169338842925406,-2.173477276078546,-0.9157058923766532,-1.1472557930925866,2.226284060833673,-0.261675600467379,1.6429280385986569,0.3354366120633023,1.0594654695019534
ETH,Awi,2001,False,0.3359749329935312,0.8316839240997171,-0.7008869415290652,0.1887992140730264,-0.9102089442174047,1.342717588238043,-0.294483151655898,-1.4568626460849645,1.6625273417379418
ETH,Awi,2002,False,2.493730338836277,0.6842508847603903,1.2779385448857665,0.3516682171436678,-0.6457190980042062,-3.3120506559455163,-1.029990500567513,0.6046568301115876,0.25583336156751135
ETH,Awi,2004,False,-0.6444995613505545,-1.6269468240031633,-1.1355770325594445,-0.38505104728513123,0.05837345316268222,-0.5574568161912858,-0.3469976027132205,-1.3059915076531956,1.4877538470155371
ETH,Awi,2005,False,-0.7174426245687001,-1.3640209936877343,0.00013416199006874172,-1.1914214721970093,0.08474881782216875,-0.0023984898030302727,-0.3990391120343321,-1.0445271493179822,0.620434326283608
ETH,Awi,2006,False,-0.9404532355578743,0.35508890983539004,-0.1102335518698572,0.9535201757576551,2.1508676641442497,1.0067373524203789,2.14163040122162,1.3276617380830644,-0.7862596538868479
ETH,Awi,2007,False,-0.4085817672175624,-0.0002486975388553716,-0.23350220448919762,0.1367224180495925,-0.45362225107379817,0.94392852763205,-0.39623325386845376,0.8383416860074155,-0.5748302557417042
ETH,Awi,2008,False,-0.3912438026712215,-0.0828258037498803,-0.6185840260496148,0.9882979077307564,0.6941292451941111,0.8972061848862497,1.0998106105818646,0.4860816682866906,-0.9027753170351098
ETH,Awi,2009,False,-1.0572651670721267,-1.097171396358459,1.5966321911627361,-2.075150360750012,-0.7270380049465226,-0.42473546158972264,-0.849836342073399,1.3810679631957756,-1.5004076080477764
ETH,Awi,2011,False,-0.5021585280031,0.09832631772699167,-1.1985993978110605,0.8766423133262858,-0.48186935302120776,0.3720603932233142,-0.44127899602397613,-0.12601471785728588,-0.5381743523190131
ETH,Awi,2012,False,-0.29974549102356257,0.3931488387434364,-0.163060198334682,-1.4067660836906493,1.2718391370898343,0.16045160954213278,0.8111500357011193,-0.10973553209032573,-0.596432183893132
ETH,Awi,2013,False,-0.006714272911580001,0.397285530107451,-0.8524523988671859,-0.6860975912820435,1.0468314723816092,-0.004360135469953994,1.6276626204434494,-0.22290193432523842,-0.11531555602874975
ETH,Awi,2014,False,0.5576923490619625,1.0916296439484385,0.4369317426694797,0.8279276072457612,-1.4605982162668945,0.3795965182848156,-1.1356185279152688,-0.6589208619295284,0.09611384211636996
ETH,Awi,2015,False,0.7838161966325242,1.1569639394478812,2.530347920417946,0.8195622175308969,-1.1944537981274914,0.22977444972137992,-1.1881518572216938,2.28739728049159,-1.8499545974926095
ETH,Awi,2016,False,0.6012970375822235,0.8148564699160499,0.6350973852553583,0.5473727450210496,-0.5771404765781927,0.138083077629517,0.06099837460131242,-0.3842230963685752,-0.020401821031891833
ETH,Awi,2017,False,0.5003474769336115,0.5006316405058054,0.2086566717897666,1.3333691055503196,1.6885421247271541,0.10708161506159516,1.4134308033401217,-0.07554917064444337,-0.3483468823252973
ETH,Awi,2020,False,0.9029011033690323,0.3621651176636053,-0.21465023798233088,0.05058584456735705,-0.021387633384317054,-0.2352632443006534,-0.4314396141942877,-1.0379100890287818,1.0950030012678482
ETH,Awi,2021,False,-2.01667177244413,-2.46894270415703,-0.3770011462551905,0.20742458288839888,-0.06898841933844545,-0.3836229054056343,0.06686544005028087,-0.3028271675337745,0.7670579399744667
ETH,Awi,2022,False,0.8090167874112503,-0.04587479726003417,-1.0811914824234923,-1.5374057936799206,-0.45430571956332894,-0.6577496079336796,-0.7084793276717267,-0.1997432933420289,1.248174567838849
ETH,Bale,2001,True,2.0990287259067744,0.33679815227720034,-1.1860633421620794,0.7987132483742463,0.593372636139127,1.0986047918482942,0.644602795254797,-1.0147436045000187,1.482645835565117
ETH,Bale,2002,True,-0.2784861607113659,-1.227431959556153,-0.2506108111586318,-0.744237123510581,-1.1017677003482074,-0.9264876132445868,-1.277564541973472,2.785144292139439,-1.9422838560950093
ETH,Bale,2004,True,0.03557233764112898,-1.1609505170719914,-0.468800877907363,-0.9398247102038173,-0.43935708204326407,-1.4474893605985741,-0.6809206759891167,0.6680068408730714,-0.7551268338511905
ETH,Bale,2005,True,-0.6433115033355928,2.863984302263816,0.1667611970740362,0.34833951732287377,-1.3025629281373667,0.11563532982432467,-1.0504497825297543,-1.314489912349772,1.2643739427740224
ETH,Bale,2006,True,-1.4315049394289336,0.0899233834729335,1.1604258340446905,0.48707955042328316,0.5270140478884856,0.626083853278021,0.3883820652397221,-0.6116519888938977,0.4320301883926297
ETH,Bale,2007,True,0.05991092290364554,-0.36674831237596706,-0.20938643811379698,1.4348086706746501,1.8581193110391816,1.4947793324997358,1.6310982589113134,-0.8673218554637869,0.37746221519485607
ETH,Bale,2008,True,0.43600924117999645,-0.2890520731739015,-0.0754949842205573,-0.4836445757826027,0.1360393832342304,0.5267955176221305,0.24102895921404405,-0.36547880116776826,0.5821528357249544
ETH,Bale,2009,True,1.0883635520281054,0.1793215956576406,1.22329265762315,-1.6622026528327092,-0.7648923934691632,-1.5486609054536378,-0.7527792585731234,0.7674449175871644,-1.287225293567931
ETH,Bale,2011,True,-1.1219574506475116,-0.9749517544681573,-0.3157889596960366,-0.26047079942382434,0.917998346158326,0.10899514250818443,1.7385298821034718,0.47222869967303727,-0.8778440525077327
ETH,Bale,2012,True,-1.7518696019023001,-0.6412153575541967,-0.08117094042134329,0.41626433691281484,0.6202928569116765,-0.04015936259155435,0.35937455288254017,0.12362572155611803,-0.41389483824975937
ETH,Bale,2013,True,-0.7761379780294585,-0.0973990997881195,-1.7116295522195195,1.5145070920482748,0.718867180532274,1.0917538663202266,1.0552168720705597,-0.7901402488758796,0.8278301571918331
ETH,Bale,2014,True,0.6213976094649853,0.4358347386938197,0.753362414787414,0.13977784150448383,-0.3963209949543968,-1.371222989126774,-0.7727545045850097,-0.8210416596110915,1.032520777721933
ETH,Bale,2015,True,-0.13257550112333322,0.5066958476102885,2.41908254480642,-1.4740024762081523,-1.0659398830890199,-0.18120117853841647,-0.6865833669290203,0.7614189708131837,-1.0961159452988274
ETH,Bale,2016,True,-0.4653040086429712,0.1535486937690783,-0.09142537686674027,0.24243987964500918,-1.3767843309081147,-0.563082258031034,-0.9120480631820076,-0.6483504670616836,0.40486764387063856
ETH,Bale,2017,True,1.3687151612931174,0.952121285548742,0.9954440365120889,-0.5241587330683495,1.1235727147790908,0.374096595739951,-0.03234731827722073,0.13013068672316874,-0.6867347042386508
ETH,Bale,2020,True,1.0344600178766237,1.0027752842044562,-0.9784587801552612,1.7961369687804518,1.384972650776991,1.8071008195754665,1.6066994063284112,-0.5623163002336493,1.2236301259910147
ETH,Bale,2021,True,0.22031870395223674,-1.2445302357388481,-0.49104324451736275,0.016739571852784456,-0.9041095292198261,-0.6246542413579653,-0.945791702717889,0.14808594625512286,0.13202777788174713
ETH,Bale,2022,True,-0.36262912842514655,-0.5187239737706402,-0.8584953774091063,-1.106265606508836,-0.5285142852900251,-0.5408873402737923,-0.5536935772482467,1.1394487625372418,-0.7003159764996457
ETH,Borena,2001,True,-0.47289993382349116,0.9985111320617804,-1.512611389170385,-0.6368741539200804,-0.5215090402278175,0.4077747513487213,-0.38071326658369953,-1.0147436045000187,1.482645835565117
ETH,Borena,2002,True,-0.5442331142058338,0.9838703201851708,-0.7634435573860151,-0.04155390401868432,-0.40592358234614556,0.1598132421517317,-0.5106175386271822,2.785144292139439,-1.9422838560950093
ETH,Borena,2004,True,0.38553402811423343,-1.7640813013638599,-0.1675551417518979,-0.32354570665190374,-0.4854718727503804,-1.6030293972095768,-1.0899529963993912,0.6680068408730714,-0.7551268338511905
ETH,Borena,2005,True,-1.0348638882700378,-1.8174850193510463,-0.2682178731029476,0.9341951667466942,-0.7767409579594917,-0.5213826951154795,0.17541025464935017,-1.314489912349772,1.2643739427740224
ETH,Borena,2006,True,-0.9887845274743031,-0.9668614263981964,1.5241823902679883,0.3875278989628295,-0.450661975105076,-0.07468557385225144,-0.14601997101379952,-0.6116519888938977,0.4320301883926297
ETH,Borena,2007,True,0.7624545756109087,-0.1984259737886618,0.4818232082672337,1.5736353526320772,2.4513296826223496,1.8693726292250994,1.8814530080925553,-0.8673218554637869,0.37746221519485607
ETH,Borena,2008,True,0.525650022251309,0.2561154731515104,1.1852003035506613,-0.6355556162036853,0.016499761360205985,0.5233084912603724,-0.25062972845364584,-0.36547880116776826,0.5821528357249544
ETH,Borena,2009,True,0.22783670309098109,0.2788505700127776,1.3922740746469124,-0.6047569828360461,-0.7299242196562717,-1.2467017226469788,-1.014642768489155,0.7674449175871644,-1.287225293567931
ETH,Borena,2011,True,-0.7632796973276017,-0.5309440738893577,-0.3935246367925834,-1.140230553178212,1.0319661907192093,-0.7497519225110878,1.2964089804497416,0.47222869967303727,-0.8778440525077327
ETH,Borena,2012,True,1.6479470351751686,1.3110094977531748,-0.06813442852622152,0.25059767371754765,0.369259555334191,1.2151157711301506,0.6039091068104538,0.12362572155611803,-0.41389483824975937
ETH,Borena,2013,True,1.5609152998905684,0.9878575263857992,-1.728810760545844,0.4572123670875743,-0.07869175925014091,0.8294805641343105,-0.32424186567170143,-0.7901402488758796,0.8278301571918331
ETH,Borena,2014,True,0.7351403631018341,0.5087840640388507,-0.2597897978057449,-0.08053214139666971,1.1854231811800546,0.9287774287223244,1.1826685165557758,-0.8210416596110915,1.032520777721933
ETH,Borena,2015,True,-0.4863633949099,1.0361376508947284,1.7777757752782752,-0.1384584103604714,-0.5987480839381557,-0.8688763016272937,-0.15440082760690996,0.7614189708131837,-1.0961159452988274
ETH,Borena,2016,True,-0.03910329889941449,0.7220179982477437,-0.6292042373528789,-0.21485856125447406,-1.0980858792523942,-1.515032142194094,-1.2651386079092048,-0.6483504670616836,0.40486764387063856
ETH,Borena,2017,True,-0.15816693825673683,0.663118474895157,0.5770177159035729,-1.1129066037107431,1.3667777891582236,0.4593653522394843,1.2148073043264331,0.13013068672316874,-0.6867347042386508
ETH,Borena,2020,True,1.5551831724693748,-0.6100815382202681,-0.3813991728338131,2.63706657323956,0.7937455494332895,1.0254146084973748,1.0485731331841779,-0.5623163002336493,1.2236301259910147
ETH,Borena,2021,True,-1.161731538198515,-0.671134286884332,0.15900840682826356,0.21724821586626944,-0.7490954036583369,0.018923521098040175,-0.684100961255468,0.14808594625512286,0.13202777788174713
ETH,Borena,2022,True,-1.7512348683385437,-1.18725908773097,-0.9245908794745764,-1.5282106147215822,-1.3201489356633132,-0.8578866046508475,-1.5827717720583303,1.1394487625372418,-0.7003159764996457
ETH,Dawro,2002,True,0.2519169339061724,0.2081107630340297,0.48089902218374514,1.0822282006373436,-0.6819732004506448,0.15470161498730517,-0.7720582863107393,0.3131823427844691,-0.326362511095281
ETH,Dawro,2004,True,-0.10797209986923673,0.5877516905083194,-0.844372576921153,-0.5512663065441542,-0.6115686473730134,-1.448834446100063,-0.8021454440434796,1.8696979909897855,-1.675105541642158
ETH,Dawro,2005,True,-0.5545615298527524,0.2804535213053083,0.015483371351462829,-0.01073859339269634,-0.40594192760671255,-0.04477993886762449,-0.20385661799043941,-1.0036275680308755,1.605511309510422
ETH,Dawro,2006,True,-0.4300840508780887,-1.5656302011743024,0.24079902492950353,0.3130458518689458,-0.7906199636993788,0.6915760373548191,-0.5155877655188251,-1.0258828279178709,1.0276029251254233
ETH,Dawro,2007,True,-0.3066008025094283,-0.29634662788747307,-0.2902249560129884,0.10023121226721807,1.0686784316261606,0.3559466067372038,0.867477394166686,-0.8352300654666066,0.25676827896354526
ETH,Dawro,2008,True,-1.1779409156045588,-1.571279332174154,-0.528120602489347,0.24796563643452466,0.7919674842171802,-0.3489592898447148,0.8428480411009606,-0.06171524186158146,0.25763867990918266
ETH,Dawro,2009,True,0.6737019646001714,0.1721947184078982,1.9092081255246587,-1.9591629541727407,-1.052579378034604,-0.48369565432824885,-1.0681359593264355,1.6192936769575226,-1.4778272751370898
ETH,Dawro,2011,True,0.40799747607456427,0.7413228478624911,-1.805635687915991,-0.05113798705859188,0.5068825274929023,0.25463127212434644,0.5266441816512347,-0.3297950426443927,-0.12560264080766126
ETH,Dawro,2012,True,1.0701602910274803,1.1679262502393257,-0.5747745894316925,-1.60579519684235,1.5538157897444962,0.5286831218821799,1.3949061236795623,0.417369778195993,-0.7035110251926601
ETH,Dawro,2013,True,1.4248202645366264,1.3282148352945975,-0.975588534447677,0.38520536395386545,1.598080934162919,1.2510349341583458,1.5387349663795573,-0.9877336267791227,0.8407694699680102
ETH,Dawro,2014,True,0.26144029954609765,0.3972410866984841,0.5013633017924749,0.6874361827347804,0.19745368469505564,-0.5400272494473375,0.23165474051154983,-0.9077508759393316,1.0345661326905267
ETH,Dawro,2015,True,0.7204497612283338,0.7365568904235744,2.0287793146357442,0.31167612693901275,0.062059110881217475,1.027409170491636,0.46411270859574877,0.7585020413315764,-0.7008998223557459
ETH,Dawro,2016,True,0.08853011810084523,-0.14791311284687628,1.081581630349132,1.197234292793406,-1.4779075771465409,-1.468862697551572,-1.4800286419310569,-0.8236733822218963,0.4575281492511651
ETH,Dawro,2017,True,-2.1548055074090913,-1.9712143746995479,0.042177796219842356,-0.24293005312487628,0.03142159480269606,0.7259269239331587,-0.27862176051529663,0.6623455161388954,-0.69915902046447
ETH,Dawro,2020,True,1.2222587380828058,0.7883164113175035,-0.8490682831089998,1.83679697080311,1.1960794190860666,1.7201336302608787,1.341029336786754,-1.0412824352613093,1.4256410619181121
ETH,Dawro,2021,True,-1.8031896432476748,-1.2094501489275646,-0.43248717005993054,-0.22376695973544247,-0.42801619911896915,-1.9601569561925931,-0.4330823795809863,-0.09174959318851568,0.07602763042559699
ETH,Dawro,2022,True,0.41387870226773404,0.353744782618386,-1.9186598784186736e-05,-1.5170217875613548,-1.5578320832788304,-0.4147270795977207,-1.6538906376547953,1.4680493129132608,-1.2735858010669183
ETH,East Gojam,2001,False,0.8794570799386205,2.1016984981688847,-1.3289311223099627,0.3189089272401759,0.4072291080944935,1.122382974996205,0.8608201660092375,-1.4568626460849645,1.6625273417379418
ETH,East Gojam,2002,False,2.154861858467364,1.1279955322721802,0.6918437944507281,-0.07222735325119228,-0.742628385453915,-0.48097396914156354,-0.9078508155512233,0.6046568301115876,0.25583336156751135
ETH,East Gojam,2004,False,-1.1320350208990808,-1.4520892443164535,-1.0189165834220604,-0.5029488403851139,-0.36858923266272847,-0.960598329150254,-0.5581531166031038,-1.3059915076531956,1.4877538470155371
ETH,East Gojam,2005,False,0.2546394256083376,-1.0294471735725794,0.44961628728163594,-0.8067355977154488,-0.5951596282232394,-1.1828214642572863,-0.7483005320183709,-1.0445271493179822,0.620434326283608
ETH,East Gojam,2006,False,-1.4730045639350478,-1.5935560139054996,-0.0029818588884219194,-0.5398285514355737,1.4503728966512521,1.1871080770031417,1.1283860422527445,1.3276617380830644,-0.7862596538868479
ETH,East Gojam,2007,False,-0.7714718085322045,-0.8258334480768698,0.08241267627802402,1.2664600561857449,1.2163854676172718,0.9864118326660064,1.12755911937353,0.8383416860074155,-0.5748302557417042
ETH,East Gojam,2008,False,0.6521962918966051,0.8779113049026216,-0.5908922967852149,0.9537538052931918,0.5204834221583783,0.694882610202254,0.5359158125800041,0.4860816682866906,-0.9027753170351098
ETH,East Gojam,2009,False,0.44889331894094975,0.30567013064222887,1.7351356775436597,-1.6468025443083212,-0.5898375116034981,-1.8422688518450971,-0.7437625094301301,1.3810679631957756,-1.5004076080477764
ETH,East Gojam,2011,False,-0.831980979477148,0.054126646934244536,-1.1611718450753257,1.069519352303149,-0.15098574321630542,0.7921553041549317,0.01800573903790165,-0.12601471785728588,-0.5381743523190131
ETH,East Gojam,2012,False,-0.6749634958915249,-0.06750689527645659,0.24973026164764894,-1.4347679805751121,0.3684450023304508,-1.7848996627340996,0.21485669980669153,-0.10973553209032573,-0.596432183893132
ETH,East Gojam,2013,False,-1.9999459220685967,-1.5956385812104352,-0.7278778113357619,-0.2982103119789705,0.8187417674396776,0.26265156309396526,1.1360717432787386,-0.22290193432523842,-0.11531555602874975
ETH,East Gojam,2014,False,-0.03831583229431914,0.04629366904376611,1.0677571428409054,0.27149816230102825,-1.4896893541776017,0.9390448561017594,-1.2447354974816256,-0.6589208619295284,0.09611384211636996
ETH,East Gojam,2015,False,0.42311538503677054,0.8775082109380418,2.1404743268638295,0.534253030543319,-2.4526988890051196,-0.20857205905338194,-2.6591554312966985,2.28739728049159,-1.8499545974926095
ETH,East Gojam,2016,False,0.2603413595528572,0.48704249638963704,0.3126541588901441,1.2768151386842361,-0.48857302071812025,0.14465534934753985,0.23389223758913452,-0.3842230963685752,-0.020401821031891833
ETH,East Gojam,2017,False,0.43751602365676695,0.635419442685798,0.4911445435639019,1.3753282978842944,0.3480537612241231,0.576639675199369,0.5156815814957209,-0.07554917064444337,-0.3483468823252973
ETH,East Gojam,2020,False,0.6098764049654579,0.11491230894748392,-0.5389145063745725,-0.021221667017019368,1.4372893439104824,0.9023074297597041,0.9199840333071643,-1.0379100890287818,1.0950030012678482
ETH,East Gojam,2021,False,0.9319901202763156,0.1608966468855009,-0.6577608655354107,0.07129390168430616,-0.006837381292327007,-0.9572720191515874,0.22515253013137548,-0.3028271675337745,0.7670579399744667
ETH,East Gojam,2022,False,-0.13116964524212388,-0.22540353145209294,-1.1933219796337473,-1.8150878254526939,0.31799837692672556,-0.19083331719160657,-0.054367802481090605,-0.1997432933420289,1.248174567838849
ETH,East Hararge,2001,True,0.5962392271417889,0.7578339026555627,-0.834614017255537,-0.1603411812541456,0.3808444390633585,0.3066400731696258,0.875051344851824,-1.0147436045000187,1.482645835565117
ETH,East Hararge,2002,True,0.128649385697625,-0.8937196476602487,0.09111842975108915,-0.7520805244573494,-0.6686552725648496,-1.055812387250586,-0.9070909857469068,2.785144292139439,-1.9422838560950093
ETH,East Hararge,2004,True,0.27010120208864874,-0.502209743180188,0.6555690973460483,-0.39807052003286914,-0.8427954316858897,-1.4279760822554515,-1.1802102073357084,0.6680068408730714,-0.7551268338511905
ETH,East Hararge,2005,True,-1.5615183878093997,-2.297588085098671,0.09121122328971129,0.6485941279966766,-0.397895930495226,0.5720777248539312,-0.26328973487729573,-1.314489912349772,1.2643739427740224
ETH,East Hararge,2006,True,-1.8219132996365457,-0.48196643045207965,-1.0818555584995682,0.9338626320963253,0.30914999747162186,0.2607418760657942,-0.18721946834459477,-0.6116519888938977,0.4320301883926297
ETH,East Hararge,2007,True,-0.1364357857460947,0.367583504293398,-0.5685078151959918,1.455008403882806,1.415175872414517,1.261891425047241,1.0148506568110605,-0.8673218554637869,0.37746221519485607
ETH,East Hararge,2008,True,2.6991024535991177,2.5446829756897706,-0.5345443055421453,-0.6244968000989598,-0.6791319337975718,0.020327544956397242,-0.25159549337776393,-0.36547880116776826,0.5821528357249544
ETH,East Hararge,2009,True,-0.5648927767118818,0.03175557656635247,2.044362589684585,-1.1187500035935922,-0.44469626001151397,-0.9593494550812423,-0.07921138138615862,0.7674449175871644,-1.287225293567931
ETH,East Hararge,2011,True,0.39226102229350374,0.7350018787995315,0.007517553883271882,-0.5848315327973769,1.1161370647513063,0.762449759190434,1.35231070513735,0.47222869967303727,-0.8778440525077327
ETH,East Hararge,2012,True,0.7969493450997828,1.2097296183486976,0.3551842890240676,-0.06295094086235145,1.7955025921998418,1.0835530721603464,1.9101397931485702,0.12362572155611803,-0.41389483824975937
ETH,East Hararge,2013,True,-0.596372892493994,-0.3145751548341004,-1.526051943015976,0.6595355516287665,-0.3182345134981702,0.8744352340729294,-0.12852346836729447,-0.7901402488758796,0.8278301571918331
ETH,East Hararge,2014,True,0.38556838267173427,0.17312453441400774,0.38078214793906984,0.38291158213177456,0.6967420631716,-0.0004524743490465777,-0.04183592753204134,-0.8210416596110915,1.032520777721933
ETH,East Hararge,2015,True,-0.03521472650640432,0.043540586628400636,2.0692185463158514,-0.9084990125225202,-1.8029521673910875,-1.5825000003707312,-1.6685110272719035,0.7614189708131837,-1.0961159452988274
ETH,East Hararge,2016,True,-0.26532141307147294,-0.21633985895492963,-0.1973948269680793,0.684749356008715,-1.2645622791345819,0.20005030546349337,-1.1679393828209006,-0.6483504670616836,0.40486764387063856
ETH,East Hararge,2017,True,-0.5126883269940528,-0.3332369119081403,1.1277379187131422,-0.6409528455782431,0.1740481367526036,-0.1310306781117724,0.2220185786532167,0.13013068672316874,-0.6867347042386508
ETH,East Hararge,2020,True,1.084992765963709,0.4192632888154515,-1.0948397405153973,2.327460593822294,1.1732460476098172,1.5147432684160733,1.2063309839405456,-0.5623163002336493,1.2236301259910147
ETH,East Hararge,2021,True,-0.42636725966595374,-0.6972437136803397,-0.5975926594470478,-0.0678948040142526,0.47372777669299443,0.15585989941510778,0.4893287789090409,0.14808594625512286,0.13202777788174713
ETH,East Hararge,2022,True,-0.43313891592011033,-0.5456363204424752,-0.3873009295070948,-1.7732540823556977,-1.1156502015487704,-1.855649105392544,-1.1946037643910388,1.1394487625372418,-0.7003159764996457
ETH,East Shewa,2001,True,0.42293144513210446,-0.30112450081408937,-1.5918180931949402,1.7365110321084158,0.22560866612943803,0.7755923973754169,0.8023813361086739,-1.0147436045000187,1.482645835565117
ETH,East Shewa,2002,True,0.3940903819618703,0.5028126613742576,0.7416403519044987,-1.83736121931283,-1.343046545746035,-1.718429594823044,-1.5482751990736956,2.785144292139439,-1.9422838560950093
ETH,East Shewa,2004,True,-0.03367766513771137,-0.21775236463190206,-0.7109400719350984,-0.40144341040931264,-0.6328439038242536,-0.45204662720857464,-0.6843837165112532,0.6680068408730714,-0.7551268338511905
ETH,East Shewa,2005,True,-2.4352678232930707,-1.5209551197274205,0.4412221865014231,0.9709516187793797,-0.4781907766680851,0.3083704229454827,-0.28586128892874596,-1.314489912349772,1.2643739427740224
ETH,East Shewa,2006,True,2.0011294706822005,3.023852751699697,0.20813089738754625,0.08716441239721436,-0.037154089003353735,0.6429144303157945,0.0008044488087360304,-0.6116519888938977,0.4320301883926297
ETH,East Shewa,2007,True,1.5133609956700176,1.2255303765919687,-0.3329670661629911,1.403934477989464,1.0025545374914797,0.9354562386676719,0.894734659436624,-0.8673218554637869,0.37746221519485607
ETH,East Shewa,2008,True,-0.37052207772057216,-0.4104113987060293,-0.5331870547277479,0.05815104618129028,1.8476870510850936,0.8158471156895598,1.4306640433360658,-0.36547880116776826,0.5821528357249544
ETH,East Shewa,2009,True,-0.6239137367081118,-1.064921853560052,1.7267639151279948,-1.507322898416874,-0.78824665468512,-1.0473060265755434,-0.6927139586950491,0.7674449175871644,-1.287225293567931
ETH,East Shewa,2011,True,-1.7510769814209475,-1.192178218770549,-0.8830415855236052,-0.44603079131060897,1.065673025633283,0.7876738740196279,0.9829926765939316,0.47222869967303727,-0.8778440525077327
ETH,East Shewa,2012,True,0.23873030291084665,-0.43635411798067836,0.060763216676358686,-0.33882274978141963,1.2502133530423363,0.6187487362736189,0.9811780800962923,0.12362572155611803,-0.41389483824975937
ETH,East Shewa,2013,True,0.04553911035538577,-0.3520606205326888,-0.7546936333471683,0.522412576055115,0.5675995701387084,0.7117278577469307,0.5711534122916908,-0.7901402488758796,0.8278301571918331
ETH,East Shewa,2014,True,0.31534195192970327,0.14438182412007955,0.947221714588051,-1.1794549030181642,-0.9232058646226842,-0.9054721091714867,-1.5736155105066012,-0.8210416596110915,1.032520777721933
ETH,East Shewa,2015,True,0.08697730871922976,0.07740631406779376,2.0087937746608455,-1.036708690302345,-1.4066231977166694,-2.109128036998112,-1.4424795925138048,0.7614189708131837,-1.0961159452988274
ETH,East Shewa,2016,True,-0.23099646064791957,-0.3069091593039606,0.7129500441714202,0.9661025929793623,-0.8280976561072317,-1.101016426795131,-0.1654439328682142,-0.6483504670616836,0.40486764387063856
ETH,East Shewa,2017,True,-0.3716041487992146,-0.16075592856482945,0.6377445293485893,-0.11335525554887466,0.49318087445181114,0.724779784199278,0.4178722824529634,0.13013068672316874,-0.6867347042386508
ETH,East Shewa,2020,True,-0.11446072926763123,0.06258840257502528,-1.0549155703358006,0.9312529287126986,1.334915627033999,1.0946870854651027,1.4925214436415826,-0.5623163002336493,1.2236301259910147
ETH,East Shewa,2021,True,0.6281201440394906,0.3374910635734165,-0.5252373892271338,0.5208397812194505,-0.6887557765310924,0.39338581654533106,-0.3244019087875472,0.14808594625512286,0.13202777788174713
ETH,East Shewa,2022,True,0.28529851159432945,0.5893598885899611,-1.0984301659122422,-0.3368205483219613,-0.661268240101624,-0.47578493767192415,-0.8571272748816494,1.1394487625372418,-0.7003159764996457
ETH,East Wellega,2001,True,0.7301510858109046,2.020937417578645,-0.9993773129413169,0.29183642298377865,-1.195164623757927,0.9801111676071403,-0.7960775590626576,-1.0147436045000187,1.482645835565117
ETH,East Wellega,2002,True,2.0834789125706425,0.6715984776873626,0.41344322641479236,-0.2210014343275743,-1.0390175939655557,-2.6563174302063355,-1.3248922085228199,2.785144292139439,-1.9422838560950093
ETH,East Wellega,2004,True,-1.110438149695112,-0.4035959177195137,-1.2011492964343067,-0.9752360625285911,0.7796616029576191,-0.042324203351916855,0.8045193750386691,0.6680068408730714,-0.7551268338511905
ETH,East Wellega,2005,True,-1.2553340099675685,-0.7021030056469559,0.4136788107519291,0.07788412607548045,0.9928503235493636,0.5375183925997964,0.7269545426983299,-1.314489912349772,1.2643739427740224
ETH,East Wellega,2006,True,0.06803658294975139,1.2245446828856001,0.3570283699633359,-0.1048989229194308,0.966221692666257,0.6095542130905605,0.8883465372856724,-0.6116519888938977,0.4320301883926297
ETH,East Wellega,2007,True,-0.8022808093726688,-1.9830753904160916,0.36401925142917724,0.4103541706504398,0.013078745921658955,1.1923467239204846,0.007609951064043358,-0.8673218554637869,0.37746221519485607
ETH,East Wellega,2008,True,-0.7305525534748939,-0.9950078459090292,-0.8664202958837592,2.287514331774858,0.9816669748122673,1.3613083189805133,1.6587166102882736,-0.36547880116776826,0.5821528357249544
ETH,East Wellega,2009,True,-1.8220932097186475,-1.9609518327061415,1.4252225474129405,-1.7054740827420476,-0.46668243031529993,-1.0403701941021097,-1.172143790919832,0.7674449175871644,-1.287225293567931
ETH,East Wellega,2011,True,-0.4705224344819915,-0.21435470867985507,-1.137911705442007,0.26629952070754564,-0.070945523059495,-0.6957043414033032,-0.039878284972239955,0.47222869967303727,-0.8778440525077327
ETH,East Wellega,2012,True,1.0364755572816318,0.38657933327797606,0.18302220571528544,-1.5532795482574109,1.2235922918745268,-0.18792395176173995,0.9198004857738502,0.12362572155611803,-0.41389483824975937
ETH,East Wellega,2013,True,0.6806185894513451,0.13059820917468215,-0.6948873205702366,-0.9200154049903513,-0.6309674479666701,-1.3708662037380346,-0.08163575834225553,-0.7901402488758796,0.8278301571918331
ETH,East Wellega,2014,True,0.740402598985196,0.436438346950663,0.7236537870784266,0.9325395306327939,-1.3955043074793605,0.8634572224708063,-1.8858366748627722,-0.8210416596110915,1.032520777721933
ETH,East Wellega,2015,True,0.8507912842864995,0.5827050845154161,2.504378374748143,1.041257879296278,-0.7469223248854125,0.2797691071795308,-0.15331372026284115,0.7614189708131837,-1.0961159452988274
ETH,East Wellega,2016,True,0.696740612823518,0.31976799365644243,0.6210789710497474,0.3144956091872316,-1.3248444752506108,0.35306917690384965,-1.0035191957185827,-0.6483504670616836,0.40486764387063856
ETH,East Wellega,2017,True,0.6341408777348693,0.26797681871425977,0.26731651456767536,1.145385162372161,1.8141816282814867,0.5452086745783788,1.503883350119582,0.13013068672316874,-0.6867347042386508
ETH,East Wellega,2020,True,-0.6835753311413417,-0.5515797218661761,-0.5011492654044978,-0.6680173619773917,0.9122877098603646,-0.1502075613120703,0.6573099859657787,-0.5623163002336493,1.2236301259910147
ETH,East Wellega,2021,True,0.009054815098448387,0.4956714911536796,-0.7043892686892673,0.0473686804149364,-0.6964908090882223,-0.5438368751653132,-0.6136141958438971,0.14808594625512286,0.13202777788174713
ETH,East Wellega,2022,True,-0.6550944191405819,0.2738505673490363,-1.1675575937660614,-0.6670126163527049,-0.11700143415498991,-0.03479223629023713,-0.09622944972630215,1.1394487625372418,-0.7003159764996457
ETH,Fafan,2011,True,-2.113156481973712,-1.0007780944738625,0.0833472609945028,-0.2452044502161597,0.9642687646901894,-0.25580888771040966,1.1447403978319899,1.2111335994458567,-1.165391118143708
ETH,Fafan,2012,True,0.11584504032857881,-0.24032505300823537,-0.1954767911958885,-0.05670237136789838,1.3596332850288038,0.43207499998154625,1.0496083771463585,0.2663384342785973,-0.1927518254571718
ETH,Fafan,2013,True,0.9172930536102636,0.1863740085341051,-1.7870870441442017,0.6309754972570848,-0.8381146302321839,0.44158047771728254,-0.6749867161235168,-1.2584025050602783,1.3198363477558661
ETH,Fafan,2014,True,0.5470856655603196,0.10707341412770842,0.11405942757374979,-0.20631799922079982,0.17384237237939246,0.2362753421659723,-0.10048447448129044,-0.31520117283525867,0.1326801183364301
ETH,Fafan,2015,True,0.9871810964805279,0.5028516838850988,1.8962130806741142,-0.7007648373975425,-1.208260333890615,-1.3226470461214335,-1.3022171575663268,1.0004640611732618,-1.0544761110830125
ETH,Fafan,2016,True,0.507794251151473,0.40400526089396355,-0.3847824810633636,0.6307288431691546,-1.4795492175091036,0.31773871061848036,-1.3142112969038098,-1.2872080874448133,1.2294676057393037
ETH,Fafan,2017,True,-0.20595347774361422,0.4469497225358214,1.2844522327920056,-0.8114506490247242,-0.6684855161894586,-0.838855279389868,-0.5239839839909145,0.1692378764771225,-0.11195973240198819
ETH,Fafan,2020,True,-0.03731985773259498,0.7844876642263808,-0.41506296553932914,1.968684401947914,1.0446078529850513,1.6217732470052382,1.3793921382600367,-1.1357435468835222,1.1861115040781505
ETH,Fafan,2021,True,0.6013220133644849,1.1301388857774401,-0.34767589349202216,0.4769024285056052,0.5373329484404371,0.9315476902950601,0.65245162116798,0.006675799369915235,-0.001044725341285627
ETH,Fafan,2022,True,-1.3200913030457266,-2.3207774924984204,-0.24798682659956706,-1.6868508636526338,0.1147244742974875,-1.5636792545618685,-0.3103089053405072,1.3427055414791187,-1.342472063482584
ETH,Gedeo,2001,True,-0.08423492011482499,0.18613642833441332,-1.1311571991708573,0.4853204765719008,0.4767434705275187,0.6239697179879906,0.2125229981067453,-0.8104474269219637,1.102976003077014
ETH,Gedeo,2002,True,0.273912579198708,-0.022967282500573314,-0.3337942026187008,0.501016909406766,-0.8945099761800803,0.17826731847975547,-0.6767886367262347,0.5078828541225651,-0.5835834627801972
ETH,Gedeo,2004,True,0.15744604518674926,-0.33937775052470476,-1.1881556636364243,-0.7042761427142341,-0.7611547702857658,-0.7453730376983598,-1.0930792439709618,2.0434699737194824,-1.8698457292932074
ETH,Gedeo,2005,True,0.2818403720167008,1.703559900134504,0.41409868200657324,-0.15322251635542328,-1.0496470786595444,0.17271352996590122,-0.9061653420648382,-0.8602176421452215,1.3761651044165555
ETH,Gedeo,2006,True,0.129143683828787,0.2924656827249217,1.3696677572695954,0.04554663531396477,0.01927529580451074,0.6357539767672976,0.36508938620443543,-0.897299231117485,0.8278910923055686
ETH,Gedeo,2007,True,0.4696064066164585,0.6524758254694475,1.0089240205395955,-0.056665123430926764,2.1208973527441857,0.6332530050253268,1.6308188108998887,-0.7203126435898329,0.0899028379035442
ETH,Gedeo,2008,True,-0.12030179502551015,-0.912134567930056,0.15922312815644044,-0.952011984619189,-0.03927665230037564,0.5448405251270084,-0.12631081649697481,0.04271207069253848,0.11077155266567859
ETH,Gedeo,2009,True,-0.2373311888483076,-1.0914665365369756,0.7888207663173347,-0.10501779802048207,-1.0007945255681474,-3.090982570789455,-0.9605420813283828,1.7181758937195997,-1.5757879131915316
ETH,Gedeo,2011,True,-3.1896941454547325,-2.772757700359246,-1.489395403098062,-0.17911226100075073,0.3279048957348017,-0.534082350456751,1.2608091049815917,-0.27094369479596064,-0.2060507876300187
ETH,Gedeo,2012,True,0.2493236688610378,0.5662720049673041,-0.3349933104824509,-0.10347166359174971,1.4667160653810765,0.7987184084123377,1.2579633622741628,0.46558743328592617,-0.7543247997410044
ETH,Gedeo,2013,True,0.37939072624216147,0.1478636498226841,-1.0274440521227932,-1.2475958083879874,0.7974196129968322,0.7797248260295131,0.9137574581463547,-0.9618775594877694,0.7842578533494212
ETH,Gedeo,2014,True,0.43834597530967007,0.6126723685133963,0.7521349315919116,0.005326579756276024,0.0766265409948648,0.6260915676879318,-0.3081083855362127,-0.8961640340021528,0.9948408104025848
ETH,Gedeo,2015,True,0.2970784921741053,0.4789563955740686,2.009299280771981,2.6945687550988455,0.029219664780311388,-1.1313731090621748,0.1053429628967352,0.7644633807526312,-0.6917186554546265
ETH,Gedeo,2016,True,1.6457688008760547,0.08496259498422369,0.18885353684276704,1.6701529269446507,-1.4531228167293555,-0.8340084327890949,-1.4356091621742257,-0.8410385112883212,0.4674355130537239
ETH,Gedeo,2017,True,0.22778627658358142,0.6627982249270189,0.7935970478345862,-1.2028113276714083,0.21668422431612705,0.7281895468114631,0.318418965858007,0.6383727738551541,-0.6499812259303662
ETH,Gedeo,2020,True,-1.663208647274676,-1.065796860322112,-0.1332958675486557,0.72756881099716,1.431856199067846,0.8896609242420379,1.5045559698386939,-1.1186535678357463,1.499481583557424
ETH,Gedeo,2021,True,0.2299403795594354,-0.24828240263956738,-0.6914387296791958,-0.248963690500217,-0.6351278391909856,0.06088015939454026,-0.8277232264460195,-0.17865169773413775,0.19235060228228693
ETH,Gedeo,2022,True,0.5151872902646009,1.0646200253612534,-1.1549447229736445,-1.1763527777971947,-1.1297096634338197,-0.3362440051352684,-1.2349521244627646,1.3749416287706941,-1.1147803789928492
ETH,Gujii,2004,True,0.3158573877560709,-0.12675466766242474,-1.2995309605188248,-0.17843120172915555,-0.47637249093329825,-1.75462413986803,-1.0762296702424232,1.53795132818545,-0.9825431299370876
ETH,Gujii,2005,True,-0.30923859314279434,-0.013935391752045096,-0.30864305757276994,0.3827107508483248,-0.9827314060764698,0.4635154447056902,-0.7228433100419399,-1.3360849280974358,1.3842913850240244
ETH,Gujii,2006,True,-1.1234214595821042,-1.2026574886568695,0.964153988347522,-0.2531263149122822,0.1258041697983399,0.45840302787392334,0.2486096572129373,-0.38553236716887906,0.41991240491797804
ETH,Gujii,2007,True,-0.3035671723582389,-0.2978769207600449,0.7303032812611524,0.04792995388215867,2.0404336983037235,1.5564404103087233,1.5354380293733612,-0.8001348488425553,0.36404619619388323
ETH,Gujii,2008,True,0.7347988794083169,-0.8250513383799699,0.12952321347820178,-0.9695367026999425,-0.43536628328227805,0.5872009884219526,-0.5726796847895322,-0.13584929797489081,0.6110175779304378
ETH,Gujii,2009,True,-1.12079425835949,-0.7075863184149598,0.42637765491154805,-0.5889742691510237,-1.4302760465754198,-0.8275135452370339,-1.1836771038797553,1.4272531016861223,-1.5647117640182109
ETH,Gujii,2011,True,-1.0254710666540534,0.1443801643988822,-0.661076398974339,-0.7554213241887433,0.641681711805347,-1.35822296438581,1.5660209999130517,0.9058621276515618,-1.0707690005450867
ETH,Gujii,2012,True,1.681979603091483,2.3207766606309947,-0.3006805316642732,0.877317511045068,1.293814214833054,0.5372318859773825,0.9880793819463843,0.35889963057338925,-0.5209600283478795
ETH,Gujii,2013,True,1.6064272554006358,1.8458072074644296,-2.0604204094523215,-0.1980881207719055,0.7316673156571405,0.7670967908121159,0.6540203897110618,-0.9929964485577394,0.9373617152312793
ETH,Gujii,2014,True,0.8220096118413658,0.6868645357555605,0.7306587350576604,0.6288054721573236,0.2510734810469737,0.6262996977088235,0.025149775827288362,-1.0874723813461118,1.1843330969678354
ETH,Gujii,2015,True,1.0455538116528968,0.8511010718771346,2.1806558137046,1.8554231623694297,-1.218175535332615,-0.9705058969184296,-0.543182597626722,1.115883116085509,-1.294233835441466
ETH,Gujii,2016,True,-0.006098929008027224,0.040277100466811176,-0.17735791195099207,0.8772526561832014,-0.9292264440702287,-0.9819018298727809,-0.8097846933831606,-0.9424460685184732,0.4669254985983438
ETH,Gujii,2017,True,-0.8044743069967923,-0.7903897795136469,0.9186865760727558,-0.6437530438439265,0.19010315739006522,0.7833009675332377,0.20913794176426467,0.11584138866956097,-0.8002910719683535
ETH,Gujii,2020,True,-1.3215435186426652,-1.0119140231321357,-0.29298685152062476,1.6141277008387027,1.2978527222567486,1.303829826364776,1.5427761211960656,-1.0217702300385503,1.454811025544582
ETH,Gujii,2021,True,-0.8073459368460809,-0.1482225456962173,-0.32950115852503536,-0.7052295569989072,-0.6833853669909742,-0.6260675760509921,-0.6081988234932981,-0.06044417948404583,0.18759445497788318
ETH,Gujii,2022,True,0.6153286924394767,-0.764818266625499,-0.6501619826542597,-1.9910066730283227,-0.416896897830109,-0.5644830873735487,-1.2526364134875831,1.3010400571770886,-0.7767845251281631
ETH,Gurage,2001,True,0.9909037908109488,2.556085299543726,-1.4396478873937166,0.863102976752661,0.09865140166926192,0.7177627153118035,0.3452133282214777,-0.8104474269219637,1.102976003077014
ETH,Gurage,2002,True,-0.24667237750288118,0.697070147308188,0.541488621553276,0.08043317786651491,-1.2971023454817459,-0.8300088515859309,-1.3190324091403798,0.5078828541225651,-0.5835834627801972
ETH,Gurage,2004,True,-0.042272798989443666,-1.0477266087150925,-0.9879249654087006,-0.34494944266221217,-1.2073605723419334,-0.9587856138326267,-1.646106641051955,2.0434699737194824,-1.8698457292932074
ETH,Gurage,2005,True,0.49463419443358564,-0.6928986568383022,0.47977425545238545,0.9617741255383366,-0.0639765035038987,0.5248105040887336,-0.07663532022692801,-0.8602176421452215,1.3761651044165555
ETH,Gurage,2006,True,-0.8640243962941443,-1.1438105959872382,0.4554472504338093,0.3548476939772392,-0.013810256675578036,0.6991533397323715,0.14446078972030096,-0.897299231117485,0.8278910923055686
ETH,Gurage,2007,True,-0.46509173434720474,-0.9079224645959264,0.1056750427476313,-0.25933540815658235,0.9969433929265914,0.5795601999962313,1.1006260552325238,-0.7203126435898329,0.0899028379035442
ETH,Gurage,2008,True,-0.15885133626706358,-0.19302240319920025,-0.5383176547883993,-0.020925687726999747,1.1684352443080461,0.4668187146978518,1.0647243025198112,0.04271207069253848,0.11077155266567859
ETH,Gurage,2009,True,-0.22715718435669377,-0.2965221385133178,1.8107554185988168,-2.5238222307452647,-0.6867626661184197,-2.9376533240543474,-0.759281530917613,1.7181758937195997,-1.5757879131915316
ETH,Gurage,2011,True,-0.4353754679401258,0.09446645620288442,-1.1978082240087056,0.0640286494538297,1.6467836682563717,0.48918704378413036,1.6181667717084607,-0.27094369479596064,-0.2060507876300187
ETH,Gurage,2012,True,0.7176429546301515,0.7656296837190889,-0.03913708876669691,-1.229510757752571,1.456239835189949,0.17569208345947523,0.9363160899983145,0.46558743328592617,-0.7543247997410044
ETH,Gurage,2013,True,0.7060849261567009,0.5400899152314833,-0.8582457014868672,0.3359461012320706,1.1154445550192196,0.6628618845755874,1.5078481296075201,-0.9618775594877694,0.7842578533494212
ETH,Gurage,2014,True,-1.1709662518002373,-0.15631772371056443,1.0900565733630774,-0.19920526139146288,-0.8674052308104163,0.36424480245863056,-0.7978559826999155,-0.8961640340021528,0.9948408104025848
ETH,Gurage,2015,True,-1.9001294668127215,-1.8514030709418172,2.045284218905856,-0.09669318986938756,-0.8967850509978275,0.008856869285976942,-0.6589715546250872,0.7644633807526312,-0.6917186554546265
ETH,Gurage,2016,True,2.1968362201600486,0.4998777306343637,0.4645501368369561,1.4216612801249886,-1.3869467038137273,0.29527319537577457,-0.9893500249689826,-0.8410385112883212,0.4674355130537239
ETH,Gurage,2017,True,1.1117526121723025,-0.23028463210757677,0.3397890039921757,0.011883204289926933,0.6263046357357164,0.34442651636386395,0.310860766362194,0.6383727738551541,-0.6499812259303662
ETH,Gurage,2020,True,-1.4474894395250342,-0.30537233168448585,-0.726910448882467,1.7377686671626695,0.5114821917630955,0.9477172609942329,0.6292400022980341,-1.1186535678357463,1.499481583557424
ETH,Gurage,2021,True,0.5360965246991202,0.913097470601919,-0.6247290813507208,0.21307131734854776,-0.8049970453085131,0.16879920279052263,-0.40701902227380543,-0.17865169773413775,0.19235060228228693
ETH,Gurage,2022,True,0.20407923077269174,0.758963923051868,-0.9200994697977103,-1.3700752154423053,-0.3951385498161922,-1.718716543442281,-1.003203749763971,1.3749416287706941,-1.1147803789928492
ETH,Hadiya,2001,True,2.419223240762667,2.994088604210805,-1.3737702360856532,0.7945701132486183,0.07118811164630764,0.7321729277322956,0.31264421507231005,-0.8104474269219637,1.102976003077014
ETH,Hadiya,2002,True,0.4629771427357988,-0.27307708679511905,0.5707733171116531,0.13958047102460355,-0.3048181643324382,-0.03583593628284345,-0.5364049521195161,0.5078828541225651,-0.5835834627801972
ETH,Hadiya,2004,True,-0.5320858142150228,-0.014613940713816385,-0.9634563490911601,-0.30926386975107856,-0.8969342250646565,-2.2125882336615517,-1.503505006220938,2.0434699737194824,-1.8698457292932074
ETH,Hadiya,2005,True,-0.5724465538884252,-0.9054543538622575,0.3970597682258494,0.4263142163111585,-1.1744840715464822,0.27236302363051085,-1.1619159760544742,-0.8602176421452215,1.3761651044165555
ETH,Hadiya,2006,True,-0.4300369400692535,-0.6185061660004268,0.7616101293271058,0.007388095066868431,0.2338737592609358,1.0446283408011874,0.4770688335614021,-0.897299231117485,0.8278910923055686
ETH,Hadiya,2007,True,-0.42089006324695066,-0.8520526858884978,0.34853279956013156,0.37589966736948954,1.4355060931166683,0.3142876980317436,1.0634238837586463,-0.7203126435898329,0.0899028379035442
ETH,Hadiya,2008,True,-1.8541878405781218,-1.4941244924161978,-0.5370725599737034,-0.21959009340474203,0.7119191704057292,0.40608877966458157,0.9816705747600578,0.04271207069253848,0.11077155266567859
ETH,Hadiya,2009,True,0.03646335821570622,-0.10384686449970079,1.6261675775618254,-2.199065166079241,-1.4862292337855212,-2.222842656339306,-1.2435808779339526,1.7181758937195997,-1.5757879131915316
ETH,Hadiya,2011,True,-2.0309292308149565,-1.4207259380229058,-1.6432940037180819,0.06133563742359085,-0.09615434434841812,0.19611544234243947,0.41497327332258316,-0.27094369479596064,-0.2060507876300187
ETH,Hadiya,2012,True,-0.15046615295251045,0.05645496842952867,-0.23688745558912816,-1.2302123894215296,1.9505073343694217,0.18784274215833718,1.5813131513167713,0.46558743328592617,-0.7543247997410044
ETH,Hadiya,2013,True,0.7080292590109538,0.7298065517253008,-0.8001842424671126,0.49763270008090604,1.67253857837581,0.7134842824168688,1.8547714336396162,-0.9618775594877694,0.7842578533494212
ETH,Hadiya,2014,True,0.2745554323201911,0.2846142947050146,0.9328331062063103,1.0927859032421368,-0.11501503312879455,0.2636875560892445,0.18135962800944952,-0.8961640340021528,0.9948408104025848
ETH,Hadiya,2015,True,1.119031312863664,0.8357801001044045,2.0115532968186414,-0.8785579491908514,-0.15464966537246608,0.6422168889952662,-0.23794174509185576,0.7644633807526312,-0.6917186554546265
ETH,Hadiya,2016,True,0.45630314327188554,0.31004746631710406,0.6795917938403864,1.4193760261330406,-1.5397200956458923,0.7289580603115369,-1.3899883407278117,-0.8410385112883212,0.4674355130537239
ETH,Hadiya,2017,True,0.4902126424299663,0.3741575682948499,0.1603928428207708,-0.577135888952216,0.6339600247359621,-0.048608412079375614,0.2596722270971784,0.6383727738551541,-0.6499812259303662
ETH,Hadiya,2020,True,0.20349472051152664,0.06753985350211163,-0.5335317615974438,1.8799883258778327,-0.017657134480610667,1.1461992777512378,0.2079346807284265,-1.1186535678357463,1.499481583557424
ETH,Hadiya,2021,True,-0.22846116168947608,-0.31225366369854457,-0.7182324942767983,-0.08696724896449888,-0.6017218013121582,-1.1643326164793482,-0.4134296795672024,-0.17865169773413775,0.19235060228228693
ETH,Hadiya,2022,True,0.04921350533235801,0.3421657846083473,-0.6820855286735942,-1.1940785500140876,-0.3221093028933963,-0.963837165082825,-0.8480653235506899,1.3749416287706941,-1.1147803789928492
ETH,Harari,2001,False,-0.32700940174136295,-0.07098359455586614,-0.6322686605340072,-0.8333199781791831,0.43565234286925597,0.4118779025385068,1.1501690904974227,,
ETH,Harari,2002,False,-0.023447100096607904,-0.461733978201905,0.10193018310908958,-0.23747025053438245,-0.7953510854136147,-1.0345110859003603,-1.009398506093651,,
ETH,Harari,2004,False,-0.3322535655276169,-0.45770813072742983,0.7278048935737103,-0.6012480948679216,-0.7764638748146705,-1.6367116636573078,-1.2182120299770944,,
ETH,Harari,2005,False,-1.369738819331923,-1.5718218399508646,-0.07423506018796697,0.2169499594123278,0.07106020425281238,0.36147575775660457,0.02568301118447197,,
ETH,Harari,2006,False,-0.29518050797775197,-0.3625011880499853,-1.042303974888273,0.4483454336741192,0.4033585022417915,0.3267162260080519,-0.17593958157399403,,
ETH,Harari,2007,False,0.34667047753006497,0.3550529904476253,-0.5481340342553612,0.9122997195870275,1.207560710749008,0.8758721506282349,0.6071342503328636,,
ETH,Harari,2008,False,0.3117160343549993,0.30374110314871583,-0.18958580563714467,-1.0206873827678822,-1.032542876585934,-0.1815644747678799,-0.5250346407668364,,
ETH,Harari,2009,False,0.8594991443438136,1.0933739650314196,2.0531354934711974,-0.16368948542806988,-0.30932439228148917,-0.7402591420635667,-0.03796938530947423,,
ETH,Harari,2010,False,-0.18831225856829076,-0.039016945324726424,-1.0356372156496736,1.0589638988260077,0.2629813641599165,0.5775501843542008,-0.01336074560654174,,
ETH,Harari,2011,False,0.496069879776828,0.5096987644091809,0.22893939462238827,-1.3555977262093584,1.1597905458974476,0.6132666278824984,1.4574923753496347,,
ETH,Harari,2012,False,1.1814504142640223,1.7337360428848243,0.17846976160893463,0.6108594605983111,1.8931793731009965,1.0739308404547074,2.0688485247857913,,
ETH,Harari,2013,False,-0.009068702345942592,0.04968539210585615,-1.4241150200173756,1.4326612154723284,-0.931207255295658,0.8162558710405753,-0.5041134925680836,,
ETH,Harari,2014,False,0.26359080479661406,0.2025653243339186,0.8473989838242415,0.06317276262950859,0.40230760675279426,0.11136142596356717,-0.01014318744523275,,
ETH,Harari,2015,False,0.6008991962333532,0.6326657596201932,2.150455563973498,0.4951742366110186,-2.0559845791752624,-1.6039110812515867,-1.9131336754134165,,
ETH,Harari,2016,False,0.12716825716682176,0.15555615415758067,-0.08772144737253873,1.169945007259326,-0.9280117154193054,0.23269375610896217,-0.8037053908955744,,
ETH,Harari,2017,False,0.7301348738463754,0.5965525501540999,1.477429473059113,-1.133983009547375,0.021089452975838346,-0.29772395897738924,0.16289739264663688,,
ETH,Harari,2018,False,0.44355607143820647,0.3041113811704383,-1.2752489537078293,0.37084013119868414,-0.6380627571182598,1.2180059991352237,-0.22861406591276406,,
ETH,Harari,2019,False,0.09495239166599403,0.043179850966689,-0.0448468621378977,-0.5790574491764785,1.0693543385933824,0.16709759867517882,0.9351460567624749,,
ETH,Harari,2020,False,-3.6955555152667925,-3.3631296788522183,-0.9843921628033688,1.7159371084296522,1.2475435152367393,1.270106684171133,1.1494618504330398,,
ETH,Harari,2021,False,0.2609986031856354,0.18501951455424442,-0.2843678378623908,-0.3549516033134232,0.45707385906407966,-0.09049565780099825,0.34510110661074306,,
ETH,Harari,2022,False,0.5238597222535607,0.16195656267820896,-0.14270671218834555,-2.215143953674237,-1.164003279789868,-2.471033960298356,-1.4623089570404153,,
ETH,Ilubabor,2001,True,2.6000161941328925,-0.3014610071013,-0.9079365902664357,-0.09083954991461299,-0.44792567390546756,0.22094792769679378,-0.20911372227237993,-1.0147436045000187,1.482645835565117
ETH,Ilubabor,2002,True,1.543990238004396,-0.4297220393070864,0.49591029522645397,-0.25734113595576663,-0.47476592778759974,0.13793755051884787,-1.057805237032008,2.785144292139439,-1.9422838560950093
ETH,Ilubabor,2004,True,-0.7891172074021352,-1.1562072995582793,-0.729389378854049,1.377270155052884,0.4509995707593738,0.8694196033888287,0.034627812651929116,0.6680068408730714,-0.7551268338511905
ETH,Ilubabor,2005,True,-1.06858884819685,-0.8448459809642919,0.5215513375545922,-1.629643425583125,0.022066791312956278,-0.02564424995555542,-0.17628800438681783,-1.314489912349772,1.2643739427740224
ETH,Ilubabor,2006,True,-0.9629861025304998,-0.16569021388437197,0.12147836972902908,-0.8003429260481486,1.306017043749467,-2.6971996960220452,1.698369263092325,-0.6116519888938977,0.4320301883926297
ETH,Ilubabor,2007,True,-0.24066149318796792,0.02309738436535357,0.08539667269919213,0.13377884565273565,0.6794804390060538,0.920600454976691,-0.00689691138001017,-0.8673218554637869,0.37746221519485607
ETH,Ilubabor,2008,True,-0.7973749264160372,0.06930416519640065,-1.0303517548158752,1.4560143656064006,-0.29645697577224384,0.7982833855115685,0.40677296095508547,-0.36547880116776826,0.5821528357249544
ETH,Ilubabor,2009,True,-0.47991624737193334,0.31526622039134794,1.510594910037787,0.8757285156799993,-1.0599129043981887,0.8092672724988134,-1.3390977490169163,0.7674449175871644,-1.287225293567931
ETH,Ilubabor,2011,True,-0.3478925160907644,0.6022547021631319,-1.137478020277976,0.25393204273243425,2.0716900360220425,0.4683602205751117,2.298231028798978,0.47222869967303727,-0.8778440525077327
ETH,Ilubabor,2012,True,-0.49148674531804587,0.6489462785205478,-0.3299651942136859,-1.2966381778259175,0.042353561372228274,-1.728951438112433,0.42770180856686,0.12362572155611803,-0.41389483824975937
ETH,Ilubabor,2013,True,-0.3233534857789942,0.8594643469777239,-0.6744698225427733,-1.4938527022130588,-1.73357467035734,-1.5251368940348191,-0.5808215720449579,-0.7901402488758796,0.8278301571918331
ETH,Ilubabor,2014,True,-0.4812272784442108,1.0266685454752547,0.3329398489585057,1.033369045583687,-2.079506457106255,0.7103779115286454,-2.113583127547373,-0.8210416596110915,1.032520777721933
ETH,Ilubabor,2015,True,-0.421560538466896,1.1584515677684497,2.6344578295387437,0.19989245516324744,0.49734945402490127,-0.04397937667149294,0.4366094693911878,0.7614189708131837,-1.0961159452988274
ETH,Ilubabor,2016,True,-0.6472376268512112,1.1091373692674855,0.9570589370459106,-0.16188841051060415,-0.23687872951639857,0.3899786990591105,0.30741997858106235,-0.6483504670616836,0.40486764387063856
ETH,Ilubabor,2017,True,0.3925497233937697,1.6029123918444754,0.3865515319727801,1.3299558734432915,0.6814872998803277,0.6111679404522024,0.10917691466003926,0.13013068672316874,-0.6867347042386508
ETH,Ilubabor,2020,True,1.4221193934437257,-1.4414429810040454,-0.697309506249522,-1.1281481071621133,0.030062681740787908,0.22940551467310633,-0.3627041601454406,-0.5623163002336493,1.2236301259910147
ETH,Ilubabor,2021,True,0.838882395919784,-1.6233547002594153,-0.5293919972084242,-0.47288759158773436,0.7477781308249286,-0.3284183120907241,0.42132045636496246,0.14808594625512286,0.13202777788174713
ETH,Ilubabor,2022,True,0.2538450711609781,-1.4527787498913813,-1.009647468334253,0.6716407278864017,-0.20026366984957342,0.18358348600735028,-0.2939192092365262,1.1394487625372418,-0.7003159764996457
ETH,Jimma,2001,True,1.528232787755575,2.0031554073500764,-1.1344564099037202,0.7640472461375936,0.10181322357353559,1.0369708165816516,0.5245037177796092,-1.0147436045000187,1.482645835565117
ETH,Jimma,2002,True,2.4723941430386285,0.3611098805573459,0.4152013848096864,0.2854727335281657,-1.6152752816570701,-1.4497103335399713,-1.5914516386919988,2.785144292139439,-1.9422838560950093
ETH,Jimma,2004,True,-1.0464396171793415,-1.6300214342476975,-1.050463563667291,-0.42404845004767877,0.21695244768404157,-1.2190516412006822,-0.2904420421389471,0.6680068408730714,-0.7551268338511905
ETH,Jimma,2005,True,0.619598957351876,0.879236273500561,0.48293746026056095,0.7383242012972979,0.12968025913769643,-0.5035049061418573,-0.00668346535561697,-1.314489912349772,1.2643739427740224
ETH,Jimma,2006,True,-1.1245102082125984,-1.2889626698971892,0.57424396352864,-0.09839836859371677,0.6842091785140637,1.3964494401022982,0.6280687728930714,-0.6116519888938977,0.4320301883926297
ETH,Jimma,2007,True,-1.0242689192633812,-0.10037316348218585,0.39949453515999456,-0.3562799977739276,0.3553113162169208,0.950026597205236,0.2537697011895165,-0.8673218554637869,0.37746221519485607
ETH,Jimma,2008,True,-0.8304386287802075,-1.4165847490884982,-0.728060263883789,0.3563657383625354,0.9699365697502159,0.42827607132300843,1.6062618223967595,-0.36547880116776826,0.5821528357249544
ETH,Jimma,2009,True,-0.6470273330300507,-1.2455398383402885,1.5206386746083713,-1.6609768709128176,-1.1766420040235832,-1.1945407994635078,-1.4945613363787207,0.7674449175871644,-1.287225293567931
ETH,Jimma,2011,True,-0.5626624065598509,1.1941292527969039,-1.5373967976436413,-0.05513429164543814,1.1967194718961534,0.672491601970351,1.2192975877415897,0.47222869967303727,-0.8778440525077327
ETH,Jimma,2012,True,-0.911600164270956,-0.41546958397715855,-0.14594513813596782,-2.232001363116075,0.483930601526869,-0.6666444201289519,-0.2749863152370137,0.12362572155611803,-0.41389483824975937
ETH,Jimma,2013,True,-0.24384158246559823,0.32203028645184134,-0.7528867654375652,-0.9862172282702915,0.542578073879531,-1.087423796478124,0.7622327383708144,-0.7901402488758796,0.8278301571918331
ETH,Jimma,2014,True,-0.528840414833527,0.1860613032403775,0.8637806454406824,1.5060472631406667,-2.4496970265012177,1.3558514972517115,-1.8484861232005083,-0.8210416596110915,1.032520777721933
ETH,Jimma,2015,True,-0.07027021155423155,0.7941346634765263,2.190205221806158,0.7125944003156865,1.1100353725127063,0.8132656547995022,1.3297498919374746,0.7614189708131837,-1.0961159452988274
ETH,Jimma,2016,True,-0.371766533375145,-0.14687736819770456,0.8255394732560575,1.5039597240060354,-0.8778734082151555,0.46140309479796526,-0.47625720595821375,-0.6483504670616836,0.40486764387063856
ETH,Jimma,2017,True,0.414972599922219,0.8028659969100685,0.25309392054818336,0.22845799611598736,0.5063476877929481,-0.21260551371278005,-0.20226077905129172,0.13013068672316874,-0.6867347042386508
ETH,Jimma,2020,True,0.8170493801989176,0.603269807741087,-0.5510880273528497,0.7217987881678113,0.41231005772740253,0.9515693793436776,0.26718177090560047,-0.5623163002336493,1.2236301259910147
ETH,Jimma,2021,True,0.8997672801088806,-0.007924422488864807,-0.7492313453884906,0.005327773657116897,0.3497245790178263,-0.432442709214832,0.533634718362573,0.14808594625512286,0.13202777788174713
ETH,Jimma,2022,True,0.6096508711487904,-0.8942396423052004,-0.8756069680050194,-1.0093392943689514,-0.9400611188328837,-1.300380033494696,-0.9395718155646976,1.1394487625372418,-0.7003159764996457
ETH,Keffa,2002,True,0.37885154486581213,-0.35130901521163366,0.3690741897596992,1.014396960959718,-1.4296883253274346,-0.5235295927175608,-1.7200088161647722,0.3131823427844691,-0.326362511095281
ETH,Keffa,2004,True,-0.7922245223486052,-1.2920543372914919,-0.6308931040702204,-0.6391484469781822,-0.2719925549255136,-1.5522068917078613,-0.5286669365920731,1.8696979909897855,-1.675105541642158
ETH,Keffa,2005,True,-0.5964940098283936,-0.52203203294602,0.12019755816248914,0.7253207232395954,0.0023910032643859112,0.32850803098939596,0.38690417004855143,-1.0036275680308755,1.605511309510422
ETH,Keffa,2006,True,-0.26838224249391024,-0.24828635050063974,0.21228747863280414,0.11529783238084491,0.4319843420299237,1.120471099605172,0.8111321246812341,-1.0258828279178709,1.0276029251254233
ETH,Keffa,2007,True,0.30283583337115066,0.6805867722118266,-0.7406142245864006,-0.721818680456716,0.7394755036375259,0.7635302780021581,0.3710593043607918,-0.8352300654666066,0.25676827896354526
ETH,Keffa,2008,True,-0.5122867897316329,-0.7842087891841679,-0.513675987425633,-0.013476113699412932,0.4600381886141646,-0.3052096378896516,0.8326175864059646,-0.06171524186158146,0.25763867990918266
ETH,Keffa,2009,True,-0.7554415024221048,-0.14669562769930203,2.1378813689996043,-1.5168279523008528,-1.369199118191584,-1.6305982413001272,-1.372695808873725,1.6192936769575226,-1.4778272751370898
ETH,Keffa,2011,True,0.21728185830371602,0.3369660391002881,-1.5120044429878963,0.5397628116757426,1.9349331858909806,0.7473347729412693,1.7677730732827206,-0.3297950426443927,-0.12560264080766126
ETH,Keffa,2012,True,-0.11377416587351842,0.6572395275188729,-0.8666057046476987,-1.7765183693715447,1.2773186256804054,0.7071946749934322,1.0656966587153411,0.417369778195993,-0.7035110251926601
ETH,Keffa,2013,True,0.6476510644982725,1.1659298488259713,-0.7837928182494223,-0.884808281761806,0.9309028161347759,0.8836019071393888,0.7611191008550563,-0.9877336267791227,0.8407694699680102
ETH,Keffa,2014,True,0.7467315592507985,0.7467482594242427,0.1796756597045818,0.9227990638493961,-0.8342660304548717,0.2579819907906859,-0.551031645962776,-0.9077508759393316,1.0345661326905267
ETH,Keffa,2015,True,1.136589465026701,1.1904087486397477,2.2113283465283162,1.932522607187248,-0.7675364776588515,0.25593818239661753,-0.5078841169992888,0.7585020413315764,-0.7008998223557459
ETH,Keffa,2016,True,1.1223702300555465,1.1109343992935596,0.814122975786048,1.1381918492152692,-0.7165099788373677,-0.8168118692374001,-0.4533300991042067,-0.8236733822218963,0.4575281492511651
ETH,Keffa,2017,True,1.4379556955489385,1.2778547976992394,0.27537457935565307,-0.1547575135362474,-0.2627538142345582,1.0318219675201983,-0.6848024324483604,0.6623455161388954,-0.69915902046447
ETH,Keffa,2020,True,-1.0144551204637353,-0.4456484380371086,-0.7620499483674871,0.2933977171965444,0.71125749127834,1.2442429403024917,0.8186035939296689,-1.0412824352613093,1.4256410619181121
ETH,Keffa,2021,True,0.6614549296726018,-1.4353719997179357,-0.2591199475626408,0.015081969828554684,0.605778210639199,-0.9312944405123308,0.5008912912390628,-0.09174959318851568,0.07602763042559699
ETH,Keffa,2022,True,-2.598663827431637,-1.9410618021254493,-0.25118597903179657,-0.9894161774281517,-1.4421330675395194,-1.5809751713158775,-1.4973770473731898,1.4680493129132608,-1.2735858010669183
ETH,Kelem Wellega,2007,True,0.8182298725231034,-0.2391083694726631,-0.29289896951675415,0.2170242142333397,0.7962419000659776,0.6445601164205284,-0.5953928170763841,-0.7804706633332639,0.5039212401295664
ETH,Kelem Wellega,2008,True,-0.6730980390350635,-1.0255445111325097,-0.8532255215826422,1.6742332245240295,0.38432973175178187,0.7108172771144771,1.3758681611552894,-0.08923613425548307,0.7861258851337386
ETH,Kelem Wellega,2009,True,-0.9598263515235652,-1.0367527029748203,1.2331364921388988,0.14913997470513998,-1.1562605418092586,0.3059230087344567,-1.315597208489816,1.5765722791723478,-1.5594541177614467
ETH,Kelem Wellega,2011,True,-1.682914027496133,-0.4450059908677753,-0.8706179190196998,-0.7995278338709785,-0.1440945784970023,0.2618896989546301,-0.20138787011995254,0.9531546781005901,-0.9950448277531003
ETH,Kelem Wellega,2012,True,0.24317343941020053,0.09968292706447747,-0.5100244014477586,-1.5967624295341132,0.22394110881350993,-1.4400125467278286,0.9469515902662449,0.3310507705628179,-0.3843671017615058
ETH,Kelem Wellega,2013,True,0.16276651868847689,0.8085442296912185,-0.821626003957707,-1.6666712104662391,-0.7253332704878503,-2.5473410072009557,0.2633552537744341,-1.1638307765555649,1.2117298671923482
ETH,Kelem Wellega,2014,True,1.4802607221388437,1.4230583673698731,-0.0018479641286581157,0.8995542557903731,-1.5290397885996043,0.6291595281084573,-1.9882770251823711,-1.2953101601225951,1.4939345121965368
ETH,Kelem Wellega,2015,True,1.455347694364274,1.2999187179165959,2.2117464276349565,0.09201809791613388,1.5009800221377598,-0.06121601620227001,0.8267201072992061,1.0647152668148525,-1.1801185716860707
ETH,Kelem Wellega,2016,True,0.704006006371881,1.0660379090412244,0.9141736148340646,-0.32192733823795205,-0.5396249815008378,0.5271713728390054,0.48185719896002416,-1.1961413024211125,0.7444514782552034
ETH,Kelem Wellega,2017,True,-0.3747625708530731,0.42775775679435873,0.3646889195436907,1.054822918921303,1.6460485162340717,0.6481636653843144,0.9024277650636813,-0.07769630349125696,-0.6157092816777227
ETH,Kelem Wellega,2021,True,-0.13665455301513887,-0.9755418042970263,-0.39638496072165363,-0.05408796279965383,0.31373646939542194,-0.1600455712792503,-0.13705147368784795,-0.38500223013977064,0.5131092983389721
ETH,Kelem Wellega,2022,True,-1.0365287115738062,-1.403046529132954,-0.9771197137767371,0.35218408881861785,-0.7709245875039693,0.48093047385443527,-0.5594736819625084,1.0621945756684392,-0.5185783806065191
ETH,Kemashi,2001,False,0.40059544123200874,-1.0091544413238676,-0.759741739665932,-0.3852268547154241,-1.282356326765698,0.24602413494954442,-1.066712562637452,-1.0550435691207944,2.2114795560982716
ETH,Kemashi,2002,False,1.186206066234565,-0.40101513759715446,0.569425457263696,-0.42884488147555155,-1.0896914489787013,-2.311007449888822,-1.255260157157782,3.0488096294675553,-1.5458654117251516
ETH,Kemashi,2004,False,-1.0726117956108332,-0.3882615668185974,-1.1984543039094013,0.03235434732998506,0.5072913614476471,0.03437906512195175,0.47829249280397274,-0.1894216772911735,-0.007213470380043232
ETH,Kemashi,2005,False,-1.275482974429036,-0.5424409926273775,0.2922434782163588,-0.010549570989614052,0.7834854201538971,0.6722193471454916,0.5185373058136963,-0.8932736688104723,0.7621125002924999
ETH,Kemashi,2006,False,-0.3168687289776708,0.3670523762474842,0.11931429315121324,0.3691558857954763,0.7815407022898933,0.01116090296942827,0.7618164407375073,-0.897823087223204,0.4663394266130624
ETH,Kemashi,2007,False,-0.5732430588205127,0.5407917150051367,0.16866223814230086,1.0013700871514015,0.04516363071381806,1.2987298811521422,-0.13072236138978338,-0.1362248336294762,-0.09570840815437325
ETH,Kemashi,2008,False,-0.18222113858315056,-0.01347248407505546,-0.8919948638553912,2.751021176246117,1.1663852523679408,1.5795825132653079,1.8622126185362273,-0.8297929637795607,0.6736175625181698
ETH,Kemashi,2009,False,-1.2730478306801254,-0.47231641918593714,1.5437258718323301,-1.4379963477811988,-0.5940602101549454,0.6690796470470893,-0.9419170521347973,1.171010584804481,-1.4860788387772528
ETH,Kemashi,2011,False,0.9108531430016972,0.6936150313011877,-1.0221425922754883,-0.7966989702744071,-0.20175826256332363,-1.0974561388068387,-0.5405877420458873,0.19522877927288063,-1.0125259417841472
ETH,Kemashi,2012,False,0.18092842984237928,0.15018769888066213,0.028833041260812924,-0.4425585956602325,1.7518544832533436,-0.7262392619784721,1.6264037134762295,-0.07155910405481379,-0.5094747321995919
ETH,Kemashi,2013,False,-0.015071441379124655,0.5231082520289175,-0.6473260438384113,-1.4919269500605163,-0.7199971678159772,-1.5962388345840608,-0.03717307793487587,-0.6571466898281489,0.2598512384729511
ETH,Kemashi,2014,False,1.4790965484814718,0.974214465498923,0.3974368748826539,0.6490555644437458,-0.8527891503981734,1.09791176419604,-1.1336931904180172,-0.3994576433259181,-0.035921835206486376
ETH,Kemashi,2015,False,1.0277748989516102,0.6589606939803518,2.6864685107662005,0.01944015138604117,-0.4216035795783296,-0.08871183123691284,0.29748824585388606,-0.460568299269328,-0.597969669973922
ETH,Kemashi,2016,False,1.0974065353692162,0.972833202338663,0.7339416819591177,-1.0886279168256747,-0.6277143317740922,0.4217525757012592,-0.49429098606977195,-0.5216789552127306,-0.09491846038937699
ETH,Kemashi,2017,False,1.0068456440705018,1.1201560640226926,0.235190119917181,0.6691640084910642,1.9827295322422158,0.5995313088966766,1.4397413127785323,1.2580215739332052,-1.4557905784208054
ETH,Kemashi,2020,False,0.2910253009413963,1.1028461307181054,-0.5131227326188584,-0.38731743240218813,0.3459825835303201,-0.4927112306823446,0.13847790765570087,0.21598718177358797,0.3196378114208498
ETH,Kemashi,2021,False,-1.2980800333179532,-2.122763400238439,-0.6063220775551337,0.7649105353464929,-1.400919316888728,-0.46912434627445293,-1.4783176547322892,-0.11250386976939178,1.0889637820933928
ETH,Kemashi,2022,False,-1.5741050063264395,-2.1543411881556955,-1.1361372136732495,0.21327576399448275,-0.1735431710811075,0.15111795300697212,-0.04429525313509557,0.3354366120633023,1.0594654695019534
ETH,Kembata Tembaro,2004,True,0.5620909674689402,0.4476766791162307,-1.0382227485356943,-0.3803303848322656,-0.8294331690515151,-1.3172170583942326,-1.2484491096782007,1.8913066854404297,-1.7058351507716667
ETH,Kembata Tembaro,2005,True,0.3443485786754862,0.007242254808777739,0.11663035907051733,0.32306000804260354,-1.1745041143913335,0.3653866885291186,-1.157584241408359,-0.9082445163242441,1.490998262603538
ETH,Kembata Tembaro,2006,True,0.36677777773870235,-0.14061114008232606,0.5728953809792053,0.4290056518337272,-0.1257705716030201,0.8659220526309562,0.22942418815243867,-0.9363232130042409,0.9357508121971478
ETH,Kembata Tembaro,2007,True,-1.1989945447109471,-1.3467350370473523,0.08955765545811158,0.5790827013913068,1.687306725107818,0.4892428196353384,1.265629491319512,-0.7574379739995353,0.19289931860167783
ETH,Kembata Tembaro,2008,True,-1.9908449753509874,-1.9439505809755655,-0.6627949645553189,-0.5099763785875837,0.8495112372151359,0.7134121591863007,0.8845205255181943,-0.011963346709502248,0.20046399776252719
ETH,Kembata Tembaro,2009,True,1.0007762757891348,1.2937260950340304,1.642548719496409,-1.5120401286613196,-1.6146817433330314,-2.4330070244468245,-1.4342751880559028,1.6156694420880804,-1.48040771177834
ETH,Kembata Tembaro,2011,True,-1.6418034825967296,-0.6133697745718477,-1.7484506819115695,0.1843025962296822,-0.05948664136792426,-0.5271024672766139,0.24972758950186724,-0.2918930591048133,-0.15205005113308445
ETH,Kembata Tembaro,2012,True,1.015697505138487,1.6226605764017255,-0.36108931239893294,-0.701383295295436,1.1406390926302121,0.6062433477611053,1.0277487554769515,0.4279672197093908,-0.7072975015394736
ETH,Kembata Tembaro,2013,True,0.01802851632514724,0.3809418432629433,-0.884832437092786,0.6570646479248707,1.5468301014723143,0.8550789195472563,1.8243981767989808,-0.9443524849821018,0.8010995231340136
ETH,Kembata Tembaro,2014,True,1.1384367614855602,0.8525337243927239,0.8647597916704166,1.3503151877776822,0.09370182456229312,0.27759571145366607,0.32106739822647357,-0.8730475095758771,0.9962682454839428
ETH,Kembata Tembaro,2015,True,1.0076488230805232,0.39054609134271234,2.095461631057066,-0.8273953848421398,0.2194561104045333,0.5627358081494263,0.13842769500026503,0.740241244075236,-0.6846034640569255
ETH,Kembata Tembaro,2016,True,0.5260408240085624,0.7996552286147751,0.690242824410041,1.3315248191081148,-1.4650895028154958,0.4763190685696064,-1.408078852974547,-0.8042068823738204,0.4485854742384019
ETH,Kembata Tembaro,2017,True,-0.058900941184112286,-0.36346094598645523,0.17606939952024844,-0.8819056902939563,0.5849247928529345,0.11909489198485268,0.2050800784152573,0.6338797277026235,-0.6694741057352268
ETH,Kembata Tembaro,2020,True,0.44847762829129423,0.4028230107127264,-0.547355458585427,1.9108619576792008,0.10254502782126812,0.9832004751126626,0.4036839493700433,-1.0415196896558467,1.4168644068271985
ETH,Kembata Tembaro,2021,True,-1.1724761933317653,-1.5820057914119807,-0.5844616265757422,-0.739388810889019,-0.6016925579215056,-1.5934634850591156,-0.6078260688737932,-0.1249412145472715,0.11120078366448896
ETH,Kembata Tembaro,2022,True,-0.3653035208272967,-0.2076722336111177,-0.42095853200654504,-1.212797496585469,-0.35425661158268323,-0.44344190738350286,-0.693494386789181,1.3848655712614928,-1.1944628394982195
ETH,Metekel,2001,False,1.007899977232526,1.6439800143715526,-0.4966975621491443,-0.00762760555003162,-1.2831601329922677,1.282842860051778,-0.7093033529675272,-1.0354961091144463,2.1449315898252226
ETH,Metekel,2002,False,1.1929409193656957,-0.11070347870692895,1.3719546566169176,-0.2448930367819027,-1.1032771871624854,-2.3452746676231206,-1.5058324592291126,2.9643876716402184,-1.500519308610496
ETH,Metekel,2004,False,0.9116735305876035,-1.5609155264461476,-0.951431997218331,-0.02019048057860645,0.771016536142834,-0.831514956074285,0.5716153653125466,-0.1962535556021629,-0.008032481189238947
ETH,Metekel,2005,False,-1.5738373610624279,-2.1350234410682045,-0.16136701431414885,-0.8607430345914849,0.7864475543986923,-1.5397450700140107,0.40970563011391076,-0.8841425589817491,0.7382109325213904
ETH,Metekel,2006,False,-0.5971950970666043,-0.46924488712965895,-0.17071834100748665,1.630283184760993,1.0792708804282385,1.1739886313199197,1.1993690236515375,-0.8901737028508989,0.45111450807993747
ETH,Metekel,2007,False,0.7276224637323605,-0.051521266592476495,-0.4607644527329886,0.64970090161715,0.21629709099406408,1.200633048821435,-0.13585689590435227,-0.14916939769759252,-0.09431687589953593
ETH,Metekel,2008,False,-1.4082991804709142,-0.06899092019220955,-0.6008628617051525,1.3156119694968706,0.804630521916125,1.3569612071655937,1.199087976303171,-0.82703107961379,0.6519265378110933
ETH,Metekel,2009,False,0.893384323692832,0.2535053225358662,1.4424235718529006,-2.1981660780020156,-0.9986852730862317,0.012120989805107311,-1.0485590075936326,1.1222654618778707,-1.4435146033965018
ETH,Metekel,2011,False,-1.8886454501431509,1.0257007890007879,-0.7130338457687594,0.498259496543493,-0.9520055829721612,0.034412247728733754,-1.1242967608675984,0.16763495658101937,-0.9843676141273254
ETH,Metekel,2012,False,0.2688499687584725,1.260762315247341,-0.5050829121711969,-1.3296704394571137,1.5222621866781882,0.04355463191322694,1.4195570815111493,-0.09409288460454415,-0.4964591599547181
ETH,Metekel,2013,False,-0.553817859384944,0.8907077752275211,-0.8100628398213217,-0.8021111845640864,0.5741914209881266,-0.1588034588047971,1.1834363878903944,-0.6666676911551667,0.24978425375592264
ETH,Metekel,2015,False,-0.20794968723548587,0.690382853634809,2.707805935144951,0.5082031169824291,-1.0374156903226261,0.4303006371429443,-1.131443520939915,-0.47818354962569093,-0.5827435546650036
ETH,Metekel,2016,False,-0.4283288291293753,0.08142183957989964,0.5915674760658598,-0.010342075161750305,-1.2286975698290814,0.32114614553453336,-0.4412619637523028,-0.539364961543486,-0.09483510049239485
ETH,Metekel,2017,False,-0.6228580225307164,0.20106487131978756,0.1317634976054043,1.0457607651765841,1.5854664074989047,0.38827719432344643,1.3060253321099686,1.194344168485316,-1.4152713630859284
ETH,Metekel,2020,False,0.5359491519155736,0.289233647084748,-0.41897403983635145,-0.06431180603640263,-0.13450907663239353,-0.2995594725342724,-0.5509159469688297,0.17351859053898222,0.3067889589699169
ETH,Metekel,2021,False,1.202344186658236,-0.7782963430071248,0.023955915758806207,0.8209486632489033,0.02678937629262094,-0.505713184935494,0.1100795258513246,-0.14837317942691397,1.0530323726805462
ETH,Metekel,2022,False,0.5402669650803199,-1.1620635648595627,-0.9804751863199582,-0.9307123571030292,-0.6286214623405478,-0.563626783820739,-0.7514064145207323,0.28679782109303503,1.024270907777114
ETH,North Gondar,2001,False,-1.299685494581033,-0.8981990601045183,-0.6561453051429632,0.6949897757128278,1.3411873439622688,0.4446392401704536,1.4496528862144216,-1.4568626460849645,1.6625273417379418
ETH,North Gondar,2002,False,0.01704687620464839,-0.7768678623228923,1.3754166157809549,-0.3854982455794627,-1.227782065031275,0.4131945297427493,-1.3798058836292584,0.6046568301115876,0.25583336156751135
ETH,North Gondar,2004,False,-2.0766106522317997,-0.8741744497056491,-0.3383597616321643,-0.5702141413862587,-1.3348714025469635,-2.985462245638647,-1.1584017560656075,-1.3059915076531956,1.4877538470155371
ETH,North Gondar,2005,False,0.6265081318454427,-0.2584526800347736,-0.4950617692187852,-0.47442851095970157,0.2183254733112535,0.7021286211675085,0.14443109380918975,-1.0445271493179822,0.620434326283608
ETH,North Gondar,2006,False,0.0988689671435069,-0.12704584269107574,-0.14359702696220167,0.5464214653995421,0.8035720408693844,0.20439238694829953,0.3471135989708245,1.3276617380830644,-0.7862596538868479
ETH,North Gondar,2007,False,0.6892498811016312,0.013831577177972086,-1.1721080457476856,0.3801607199281332,1.7051386726312634,0.8164463118056219,1.4053347073595648,0.8383416860074155,-0.5748302557417042
ETH,North Gondar,2008,False,-0.6904069801672732,0.07829631282786151,-0.49692010447976115,0.7951883740649454,0.04566204713657593,0.4316762085691652,-0.13479123790243633,0.4860816682866906,-0.9027753170351098
ETH,North Gondar,2009,False,0.7361659042782029,0.39184526852161444,1.8376770342405602,-1.9076993518821497,-1.0590620838533462,-0.8713860461620784,-0.992293776505082,1.3810679631957756,-1.5004076080477764
ETH,North Gondar,2011,False,1.4972286562792416,0.7383749248930939,-0.7059496319073216,1.5247579318512958,-0.3237576332953754,0.589270159754952,0.36239775434741833,-0.12601471785728588,-0.5381743523190131
ETH,North Gondar,2012,False,0.6553045957643867,0.8929194331331531,-0.6895719093294667,-1.5950559636749484,0.7786923909341803,0.11821026490033992,0.9904395932261965,-0.10973553209032573,-0.596432183893132
ETH,North Gondar,2013,False,0.5956101892043698,0.9807070633877523,-0.03682022937915392,-0.5599070753626434,0.11597684239821537,-0.7404731733746336,0.6767864765810563,-0.22290193432523842,-0.11531555602874975
ETH,North Gondar,2014,False,0.5880121840522671,1.0413050268543982,-0.3310536050425964,0.6576658264983936,-0.3048567274817678,0.7092994697946202,-0.40986384283897725,-0.6589208619295284,0.09611384211636996
ETH,North Gondar,2015,False,0.5759692639889099,1.0924325679537754,2.3960324167274947,-0.03208561131824653,-2.057875952500348,0.6485924483292284,-2.3620942983878326,2.28739728049159,-1.8499545974926095
ETH,North Gondar,2016,False,0.4148986133780072,1.091200243363707,0.3401154576053724,0.213010762870942,0.6360478449272231,0.27144415633983804,0.6532215725473864,-0.3842230963685752,-0.020401821031891833
ETH,North Gondar,2017,False,0.7897217298470909,1.2637945066284768,0.6706008386298966,1.2930130802571214,-0.2475971959555734,0.35024350144953614,-0.04261228633745332,-0.07554917064444337,-0.3483468823252973
ETH,North Gondar,2020,False,-0.2990618820297802,-1.4898965969625144,-0.5113465659343837,1.0534174373502454,0.5051775226420885,0.5806529707989069,0.1348542983214405,-1.0379100890287818,1.0950030012678482
ETH,North Gondar,2021,False,-1.1031111285326343,-1.578034946592836,0.22124323870458756,-0.002687176190469005,-0.6128872086185978,-1.787149094388024,-0.44188698034893287,-0.3028271675337745,0.7670579399744667
ETH,North Gondar,2022,False,-1.8157088555451848,-1.5820354863275452,-1.264151646912383,-1.6310492975795674,1.0189100904707935,0.10428028979216354,0.7575180806380815,-0.1997432933420289,1.248174567838849
ETH,North Shewa (AM),2001,False,-1.087872047270673,0.22696614640045348,-1.4652182368983142,0.6301439211046685,0.3408063243058803,0.35808193245543163,0.720553265794312,-1.4568626460849645,1.6625273417379418
ETH,North Shewa (AM),2002,False,-0.7412048139811921,-1.6363833668954932,0.7966980143541552,-1.8246350562747147,-1.2452138246138298,-1.6474842711988287,-1.2890635808510331,0.6046568301115876,0.25583336156751135
ETH,North Shewa (AM),2004,False,0.08352775907793994,-0.84690287141505,-0.9044925396619743,0.6486030134609851,-0.17653363757738377,0.6391375780893497,-0.20205944414898744,-1.3059915076531956,1.4877538470155371
ETH,North Shewa (AM),2005,False,-0.14928278690825186,-1.4078501897871936,0.5247877245511201,1.5259244958937948,-0.24574721959160292,0.35547160717545956,-0.19743451079408952,-1.0445271493179822,0.620434326283608
ETH,North Shewa (AM),2006,False,1.9612742711532571,1.5286981968106268,0.14362264828311905,-0.40187417189295344,0.7042678087341503,0.7776221652472523,0.4787630759241675,1.3276617380830644,-0.7862596538868479
ETH,North Shewa (AM),2007,False,2.7236381610236546,2.2438397192610937,0.10455466057298969,1.8009018456145038,1.933911417348689,0.9660074016732265,1.291306895031724,0.8383416860074155,-0.5748302557417042
ETH,North Shewa (AM),2008,False,-1.1320054691023496,-0.3271720497180918,-0.7279279919214573,-0.40790015718209144,0.05735955325773596,0.3431252592970622,0.3369051274597841,0.4860816682866906,-0.9027753170351098
ETH,North Shewa (AM),2009,False,-1.0796960806530513,-0.3451538712237564,1.3335237233607806,-0.5850147648905752,-0.8524072126709604,-0.749287006622794,-0.7781280570830101,1.3810679631957756,-1.5004076080477764
ETH,North Shewa (AM),2011,False,0.02829214695204087,1.118551301198427,-0.7767670113989272,-0.7926404355336474,-0.0787187462402236,0.29087624030097786,0.07094476139836052,-0.12601471785728588,-0.5381743523190131
ETH,North Shewa (AM),2012,False,-0.21975412023119897,-0.3066301424512684,0.28018306168469387,0.28390337747298294,0.7725205174452091,0.08927589364657136,0.8912661886398815,-0.10973553209032573,-0.596432183893132
ETH,North Shewa (AM),2013,False,-0.8904699195760809,-0.3523542601300403,-1.1577787531220007,-0.873315360918464,0.703695465849964,0.36416038445615523,0.7617670633580413,-0.22290193432523842,-0.11531555602874975
ETH,North Shewa (AM),2014,False,0.17147128499077188,0.5519202138672247,1.1520746697755115,-1.2079693453893734,-1.5474078165152703,-0.42537409023499295,-1.6064133909327367,-0.6589208619295284,0.09611384211636996
ETH,North Shewa (AM),2015,False,0.3642248848945581,0.8225049069844993,2.115601732209953,-1.2433936082028747,-2.2642368518886573,-2.964975389043679,-2.5581168046622724,2.28739728049159,-1.8499545974926095
ETH,North Shewa (AM),2016,False,0.05330791653385397,0.19128154714551246,0.13671251463577844,1.233253679974082,0.8455054541391571,-0.69304479602216,1.0324616585401813,-0.3842230963685752,-0.020401821031891833
ETH,North Shewa (AM),2017,False,0.35469447682552224,0.37868297486762614,0.8907868214165552,0.436441926248399,0.9157661981527334,1.0394607985566748,0.6539203462748518,-0.07554917064444337,-0.3483468823252973
ETH,North Shewa (AM),2020,False,0.06486290528003939,-0.3141260462372848,-0.6411084458297684,0.13269020073950083,0.297602592545818,0.6991127554125011,0.2762163857989151,-1.0379100890287818,1.0950030012678482
ETH,North Shewa (AM),2021,False,0.10904854239894064,-0.5625974126434649,-0.6711882138564299,0.6366084923752472,-0.1067508533680486,0.23810157953115998,0.20465250478028124,-0.3028271675337745,0.7670579399744667
ETH,North Shewa (AM),2022,False,-0.6140571114077813,-0.9632747960338202,-1.1340643781557853,0.008271947400528874,-0.054419169313359994,0.3197319572806323,-0.08754148452837121,-0.1997432933420289,1.248174567838849
ETH,North Shewa (OR),2001,True,1.374609824814787,0.585685841216049,-1.5120452356772742,1.0550989640419708,0.4122905541516494,0.9783792107532568,0.8671465257334828,-1.0147436045000187,1.482645835565117
ETH,North Shewa (OR),2002,True,0.4917200522034051,-0.9083014610793475,0.6883806351274862,-0.793184489937617,-1.0827104817449407,-1.7083692324031887,-1.184313336819243,2.785144292139439,-1.9422838560950093
ETH,North Shewa (OR),2004,True,-0.6716453734745607,-0.6465596710504323,-0.962481609634075,0.1233657248145074,-0.35347264057915345,-0.33843828206130205,-0.4806033332812124,0.6680068408730714,-0.7551268338511905
ETH,North Shewa (OR),2005,True,-0.5555446893327523,-0.2900645811510876,0.7034128250258102,1.28932234332813,-0.6917031002490608,0.736853694741636,-0.6980185659210715,-1.314489912349772,1.2643739427740224
ETH,North Shewa (OR),2006,True,-0.09379935269880338,0.2594951572062975,0.2159179104190737,-0.43499309982685946,1.1192050112524858,0.9308444916140951,0.9151545197313892,-0.6116519888938977,0.4320301883926297
ETH,North Shewa (OR),2007,True,-1.5468911002274741,-0.7654466715113023,0.2760811319881821,0.7451481778514368,1.441872928335859,0.7108625284810695,1.302908030831836,-0.8673218554637869,0.37746221519485607
ETH,North Shewa (OR),2008,True,-1.482701008970123,-1.0587163237122397,-1.0206901031325668,-0.11700595045071528,0.594334609963646,0.3572115781719264,0.6017662763912417,-0.36547880116776826,0.5821528357249544
ETH,North Shewa (OR),2009,True,0.3446462121816278,0.08147725063061997,1.7347204340978655,-2.0792099483465907,-0.8322814310391291,-2.547530181823781,-0.8063483095216649,0.7674449175871644,-1.287225293567931
ETH,North Shewa (OR),2011,True,-0.1730626209079404,2.2309407934647587,-1.164704674074594,-0.010894960796202871,0.35817448914167266,0.9130658135839088,0.28164070418998666,0.47222869967303727,-0.8778440525077327
ETH,North Shewa (OR),2012,True,-0.23259317298044693,0.4393052317688591,0.41540830224337105,-1.4547678717162997,1.1349741670813542,-0.6873539312797432,0.957996235604793,0.12362572155611803,-0.41389483824975937
ETH,North Shewa (OR),2013,True,-0.15617834371700165,-0.01849247625080143,-0.7812336861294997,-0.7704986373363962,0.35105883780030983,0.1170554643930142,0.48449973289829334,-0.7901402488758796,0.8278301571918331
ETH,North Shewa (OR),2014,True,0.9802428440720702,0.8555277367941178,1.2876199122718057,-0.5495949356691742,-1.8016982989117571,-0.1964854618507302,-1.8926389473526812,-0.8210416596110915,1.032520777721933
ETH,North Shewa (OR),2015,True,2.4242067497188033,1.9650650217337118,1.8008069209562512,0.6046888904068519,-1.9141384154220755,0.03602961394966981,-2.1067549734456694,0.7614189708131837,-1.0961159452988274
ETH,North Shewa (OR),2016,True,0.12567432493153075,0.33078910443874493,0.09710798487543384,1.6215588308250999,-0.3865939451260827,0.626549974315401,0.27450481733305193,-0.6483504670616836,0.40486764387063856
ETH,North Shewa (OR),2017,True,0.8982871294380584,-1.4764067818273106,0.25892681366110465,0.8564809636811849,0.8010988049278361,0.19127978898939255,0.7183448397303029,0.13013068672316874,-0.6867347042386508
ETH,North Shewa (OR),2020,True,-0.007683755770961523,0.0743721869062529,-0.5514967379229733,0.8297585305331777,1.0987449570139565,0.9214727103973572,0.8297869048744764,-0.5623163002336493,1.2236301259910147
ETH,North Shewa (OR),2021,True,-0.5920398427858561,-0.5896905516837434,-0.49774423032248266,0.11270164493633622,-0.4388873689253892,0.2846263343611781,-0.18336552585589408,0.14808594625512286,0.13202777788174713
ETH,North Shewa (OR),2022,True,-1.1272478764943625,-1.0689798058931472,-0.9879865937729174,-1.0279741763388408,0.18973132232881915,-1.3260541143331603,0.11829440487858245,1.1394487625372418,-0.7003159764996457
ETH,North Wollo,2001,False,-0.6678673552058736,-0.32224147345106974,-1.0885776187098424,0.8614816370308005,1.8835456072111438,0.9427603439508074,1.6477616719530777,-1.4568626460849645,1.6625273417379418
ETH,North Wollo,2002,False,0.7717890989823659,0.038516034505333,0.9762349359196473,-0.3771718803279848,-0.26739340823324664,-0.4217429762442223,-0.32930012191181035,0.6046568301115876,0.25583336156751135
ETH,North Wollo,2004,False,1.1780084787717673,0.6668961992102654,-0.4118062430066117,-0.4328425435227655,-0.5732574131539621,-0.07410861372531863,-0.480137306673909,-1.3059915076531956,1.4877538470155371
ETH,North Wollo,2005,False,-1.087653067324594,-1.4014214739120847,0.1053905455177105,0.5068959162894645,0.3906317230941618,0.0882526411273777,0.404827646718845,-1.0445271493179822,0.620434326283608
ETH,North Wollo,2006,False,-0.1686654263292154,-0.18870670577678397,-0.15619259830984483,-0.9584205151000971,0.026346648422958297,0.31570226152382275,-0.08439550018488241,1.3276617380830644,-0.7862596538868479
ETH,North Wollo,2007,False,-0.2903146155767101,-0.13925385584282074,-0.6365459113061396,2.21034265643478,0.7855104079755334,1.096215953509191,0.871236780300653,0.8383416860074155,-0.5748302557417042
ETH,North Wollo,2008,False,-0.6743476822142406,-0.5755039449680429,0.06958875059120118,-1.0623551299434952,-0.14652063192364562,0.4618058370501484,-0.3130031712063048,0.4860816682866906,-0.9027753170351098
ETH,North Wollo,2009,False,1.335655883719116,1.3987452546589936,1.4534922380232598,0.009146878848088735,-1.6523082962913969,-1.1368659706759277,-1.5679104498060437,1.3810679631957756,-1.5004076080477764
ETH,North Wollo,2011,False,1.0983062962956402,2.0052962277655713,-1.124177157459337,-0.4690554346692501,-1.1576439569154144,-0.49839135407491225,-0.7257624095427727,-0.12601471785728588,-0.5381743523190131
ETH,North Wollo,2012,False,0.2580410868057565,0.7707137292911463,-0.2649557145049396,0.7849909065847573,0.47329768853609433,0.10434506363069011,0.5888526072826388,-0.10973553209032573,-0.596432183893132
ETH,North Wollo,2013,False,-0.3176941916073725,-0.5514175165751273,-0.9850141410880383,0.03475081403819292,0.25103984580049177,0.2341621357114888,0.4924888019746054,-0.22290193432523842,-0.11531555602874975
ETH,North Wollo,2014,False,-0.44744016627730626,-0.5661921433555686,0.25993365276914476,-1.3732706808850654,-0.27783421070954345,-1.4645736822614914,-0.2209391893910134,-0.6589208619295284,0.09611384211636996
ETH,North Wollo,2015,False,-0.009644762852652823,0.34737726697214777,2.5566007168286617,-2.0296477509002697,-2.454935564201264,-2.913055956850622,-2.796305543822362,2.28739728049159,-1.8499545974926095
ETH,North Wollo,2016,False,-2.6151905485760594,-2.280103945103215,0.1638402312424801,0.7381989143019353,0.2246991559814504,0.6399789611064087,0.4760494186739419,-0.3842230963685752,-0.020401821031891833
ETH,North Wollo,2017,False,-0.1822208157226049,0.34020407387625046,1.1667277302658279,0.27413740622402766,0.6400575625208427,0.7690478910545141,0.2767808715942037,-0.07554917064444337,-0.3483468823252973
ETH,North Wollo,2020,False,1.582430709546251,1.084672355030673,-0.7804344900296855,0.47170230776589817,0.26896055790052936,0.7035351728565594,0.34302954628352905,-1.0379100890287818,1.0950030012678482
ETH,North Wollo,2021,False,0.2879773421869838,-0.09621750780690574,-0.21691913698040194,1.007267184753832,0.8609655610114407,0.637245488406774,0.8679189696184776,-0.3028271675337745,0.7670579399744667
ETH,North Wollo,2022,False,-0.051170264621251016,-0.5313625745187627,-1.0871857897630923,-0.1961506869228485,0.7248387229738263,0.5156868039047111,0.5488073781391256,-0.1997432933420289,1.248174567838849
ETH,Nuer,2008,False,-0.9482690397580572,-1.4862938437085964,-0.6578594836780333,1.5243556719386857,0.03242469028772168,1.0909658606977541,0.003372571470253489,-0.6392538476383844,2.023728313511522
ETH,Nuer,2009,False,0.47851706424688323,-0.6919052233253818,2.0330268088500465,-1.8306629732493362,-0.8060824083183341,-2.7255830021683947,-1.4648557445525785,-0.03654376545711734,-1.4885999641347551
ETH,Nuer,2011,False,-0.4642600580058951,-0.1717784219638125,-0.7311961702557972,-0.7721258284648449,0.6749874294693847,0.41390534313094385,0.8734215107128781,-0.5160437075181816,0.012729670592430064
ETH,Nuer,2012,False,0.4634769694290999,1.248741090317501,-1.239163499252302,0.962147333086195,1.2653006855583082,0.7315611950987013,1.6218317847168826,-0.4749736608114587,-0.33280373647508715
ETH,Nuer,2013,False,-0.2004732308009437,1.0138556535815684,-0.8170801587602525,-0.44034380164246517,0.37548873459831683,0.47386861472948044,-0.08844206005018487,2.9559951714379915,-1.4091359598300115
ETH,Nuer,2014,False,0.40858554828800847,0.9114440365588379,0.3166012536318766,-0.4123344825548344,-1.349598745323666,0.24015337921302235,-1.5750455601923434,-0.3928335673979902,0.9249262928229611
ETH,Nuer,2016,False,-0.0220400004552909,0.024725425425063584,1.2934415901414371,0.888690365982237,-1.2900074367440584,0.24019126270123475,0.5484321289885689,-0.31069347398452163,-0.253339732170342
ETH,Nuer,2017,False,0.6261287158252042,0.32608363921059974,0.3837818223401755,1.00307486713648,1.007522041675916,0.25811232998758094,0.730168621473564,-0.2696234272777873,-0.11167392837958788
ETH,Nuer,2020,False,1.0113770114912206,0.31120217491213353,-0.8534115606332757,-0.7692555967371428,0.6828762082674018,-0.07129466123548667,0.32071336077506135,-0.14641328715758445,0.8005226938509432
ETH,Nuer,2021,False,1.0415527567059804,0.38760518044497577,0.0636529902845803,-0.217685235532628,-1.2986695888838908,-0.4846782169531517,-1.0165653672709587,-0.10534324045085017,-0.03220992407484542
ETH,Nuer,2022,False,-2.3945957369662096,-1.8736797114528891,0.20820640733154486,0.0641396800376539,0.7057583894128999,-0.16720210520168438,0.04696875392885686,-0.06427319374411589,-0.13414372571322697
ETH,Sheka,2002,True,-0.3529335140413991,-0.5851580387841224,0.45431920914733076,0.889618090552713,-1.0959097241907667,0.35419931090501333,-1.172566308288397,0.3131823427844691,-0.326362511095281
ETH,Sheka,2004,True,-1.094906042347256,-0.8336879313061581,-0.9621947936900679,0.43090284604753104,-0.3306319846805412,-0.8632867336658566,-0.44181596799889866,1.8696979909897855,-1.675105541642158
ETH,Sheka,2005,True,0.6726164672483808,-0.05802941633514,0.14062269360581595,0.38466556638098903,0.46974141491252197,0.4993477367878799,0.729777405639862,-1.0036275680308755,1.605511309510422
ETH,Sheka,2006,True,-0.3692544068463058,-0.33432199922071254,0.26959966879514174,0.3354446558780392,0.7426832591164095,0.5170237308858697,1.0364242701130222,-1.0258828279178709,1.0276029251254233
ETH,Sheka,2007,True,-0.1070268680626738,0.06026510048568406,-0.3119354957862999,-0.997732057903171,0.64669863370306,0.44257928140229325,0.46193350850024134,-0.8352300654666066,0.25676827896354526
ETH,Sheka,2008,True,-0.5201090439875365,0.0024230791507186852,-0.8187423384886922,0.34938626304441545,-0.2994687813953949,0.8655852272749363,-0.034016133314743936,-0.06171524186158146,0.25763867990918266
ETH,Sheka,2009,True,-0.12511487062929508,0.14819276005775153,1.805527966747041,-1.017853569452736,-1.5819216552440507,-0.9959958277764319,-1.828379730267977,1.6192936769575226,-1.4778272751370898
ETH,Sheka,2011,True,0.4011149220098245,0.49526607234717934,-1.3680900701144678,0.012760245228107188,2.362972076655615,0.8264927659855066,2.0389024176427233,-0.3297950426443927,-0.12560264080766126
ETH,Sheka,2012,True,0.5537583331887699,0.4822853126723049,-0.776509197578541,-2.1548385591421346,0.7219073889098739,0.34671836472361134,0.49763154307587926,0.417369778195993,-0.7035110251926601
ETH,Sheka,2013,True,0.7962858273493603,0.7031389258989178,-0.773265589360332,-1.4285640880756005,0.7420137923748552,-3.2098788523121495,0.9444593935172577,-0.9877336267791227,0.8407694699680102
ETH,Sheka,2014,True,0.3130445858481975,0.6740429136341188,0.1397656836394878,0.17340603348392755,-0.5424009121416937,-0.04168368757650727,-0.3637446138015153,-0.9077508759393316,1.0345661326905267
ETH,Sheka,2015,True,0.14059950337761262,0.11326854651309667,2.456819554483515,1.3837746077616786,-0.8827357597610388,-0.7056989760125315,-0.9278673794916218,0.7585020413315764,-0.7008998223557459
ETH,Sheka,2016,True,0.027865280295412576,0.5242257563143515,0.8895822394020395,1.0508601318945547,-1.1452292586404922,0.5095427847008023,-0.9015824869548973,-0.8236733822218963,0.4575281492511651
ETH,Sheka,2017,True,2.188592123598402,1.0653044628198116,0.311210178392185,0.09461544711604233,-0.2391396647440946,0.6009151336680771,-0.6666594298920206,0.6623455161388954,-0.69915902046447
ETH,Sheka,2020,True,1.0687078379134372,1.096967848137356,-0.3721740670801559,0.5998705969798477,0.42339536395387195,0.4881263175111951,0.5461415415076688,-1.0412824352613093,1.4256410619181121
ETH,Sheka,2021,True,-2.0985485418166006,-3.269275830280263,-0.49308227404726124,1.065077369858514,0.9068488602853312,0.4505300454576793,0.8823300929933817,-0.09174959318851568,0.07602763042559699
ETH,Sheka,2022,True,-1.4946915930983302,-0.28490756210489476,-0.5914533680667394,-1.1713935796527177,-0.8988230491134657,-0.08451662195938706,-0.8009681229799644,1.4680493129132608,-1.2735858010669183
ETH,Sidama,2001,True,0.7387554575020457,1.031106927743879,-1.36319588132284,0.7805517051912247,0.5156690061104275,0.9463861941126473,0.20132026562385405,-0.8885156465773097,1.071600077602502
ETH,Sidama,2002,True,0.5775834207836268,-1.7922926074158316,0.6232900280145433,-0.1667875299618138,-0.9389746988556543,-1.0367989304411767,-1.000930415276008,0.4488682825967052,-0.6406711852311009
ETH,Sidama,2004,True,0.36138922321103123,0.3225847542304816,-0.849412650844342,-0.5832549049218274,-0.8257780769482242,-0.7158562407873403,-0.8251971383743709,2.0143932976342667,-1.9324429238348486
ETH,Sidama,2005,True,-0.3783164184023957,-0.7023127818972937,0.4233264872667633,0.4011810692834052,-0.7880953612391788,0.3985113246983701,-0.3816840291738013,-0.9015658797835214,1.3963804009360856
ETH,Sidama,2006,True,-0.5688570445605197,0.7291020095524725,1.0115707710051083,0.709155789935091,0.4308289182157471,0.8067291893925069,0.4650394758536482,-0.9296502822688728,0.8474386583189141
ETH,Sidama,2007,True,-1.11833604533361,-0.4565041916166128,0.2342667479807049,1.2719163476514437,1.5960738057601302,0.6467853650537424,1.2907967333971904,-0.7420782320605697,0.10460866233233701
ETH,Sidama,2008,True,0.25749011611398215,0.8322120482763335,-0.14934088821489358,-0.8761861272384366,0.5902724008461127,0.4362894368551775,0.6840914459038631,0.03588004755167214,0.13733167982338157
ETH,Sidama,2009,True,-0.07348708455035947,0.9719189864090059,1.4761419531300048,-2.1532577322140662,-1.5218848666814384,-2.787208040280445,-1.6219195364215366,1.733047266615606,-1.5749395830102204
ETH,Sidama,2011,True,-2.3223895708786166,-0.8208296158925584,-1.7823042145876886,-0.349980390739525,1.1444058809525108,-0.32528759327101825,1.506242590713967,-0.2522859443820575,-0.15227577444229548
ETH,Sidama,2012,True,1.5369657941371542,1.6606377618111439,-0.47102137426958185,-0.545264353336964,0.682201717342177,0.727538280559254,0.47432101127427756,0.4989821801938401,-0.7012175170594573
ETH,Sidama,2013,True,1.05446006198873,0.3773136614950316,-0.8935168528704991,0.6573744851396737,0.8032152985885512,0.8082664289443103,0.9751880702035527,-0.9298015585988582,0.8826115273868292
ETH,Sidama,2014,True,-0.0989558782463187,-0.7039987418261303,0.6989285294398352,0.8361757000876643,-0.17193183087179287,0.4521584624539452,-0.16606989074312442,-0.8543281595431943,1.1092227982472793
ETH,Sidama,2015,True,0.8097775332398574,-2.025400331104939,1.9059368896800428,-0.11342973691982511,-0.18799732680651532,0.2692738735918461,0.0008966813969894734,0.8278925727003873,-0.6030484645863237
ETH,Sidama,2016,True,-1.393073320560809,-0.10279713011048144,0.21631720102359459,0.18952696533984673,-1.8960549522645933,-0.7121416384686129,-1.7544470736238014,-0.7802490079365378,0.5930040731211522
ETH,Sidama,2017,True,-0.39851041113624336,0.021396143886724096,0.3706006947347729,-1.260585338379188,0.7452847303057683,0.3225514154989194,0.676874226778301,0.7194110638584438,-0.5376024296042345
ETH,Sidama,2020,True,1.2332428244039266,-0.08992998560673007,-0.8191100562573711,1.9099542191417378,0.7775483420246576,0.9122815746901494,0.7386956694447225,,
ETH,Sidama,2021,True,-0.21773865771148165,0.7477930920655051,-0.632477383908154,-0.7070901680584412,-0.9547829864786848,-1.149479102602276,-1.2632180869777232,,
ETH,Siltie,2004,True,1.515022827183137,1.0309302663454873,-1.1519875695229234,-1.1712617063030604,-1.3492408333270025,-1.6966851481124725,-1.7398438001608918,1.8913066854404297,-1.7058351507716667
ETH,Siltie,2005,True,-1.9367358754356212,-1.5088179729277684,0.2053640853560304,0.4726375015997586,-0.6522300266998063,0.4184120615122526,-0.5839820990682769,-0.9082445163242441,1.490998262603538
ETH,Siltie,2006,True,-0.9327793836379258,-0.8111160063718438,0.27856269202629125,0.7150701113670849,-0.039554987658767055,0.6485072383642185,0.16945936974750822,-0.9363232130042409,0.9357508121971478
ETH,Siltie,2007,True,-0.06034859111063999,-0.11060712439923356,-0.23974738511260898,0.523393560511531,0.6093124374963844,0.449030600910919,0.6133080062934883,-0.7574379739995353,0.19289931860167783
ETH,Siltie,2008,True,-0.328644704903304,-0.5317063430362763,-0.5137712782734929,-0.2168742257036094,1.223951882831198,0.06933835945622675,1.012088267473739,-0.011963346709502248,0.20046399776252719
ETH,Siltie,2009,True,-0.6515905363908059,-1.1307841265807472,1.857037923649355,-1.4277309339385218,-0.885022001178997,-1.7956495694605292,-0.8516311809375143,1.6156694420880804,-1.48040771177834
ETH,Siltie,2011,True,-0.2738051649312785,0.10154014145176708,-1.2755216764544808,-0.0675660277104573,0.3800995907147519,0.4949258291973496,0.6969568204653115,-0.2918930591048133,-0.15205005113308445
ETH,Siltie,2012,True,1.1396403433955742,1.2991233768246888,-0.29360247385621124,-0.0666508970736619,1.9476509309754255,0.5137125850124602,1.6520288193688186,0.4279672197093908,-0.7072975015394736
ETH,Siltie,2013,True,0.3624203804523864,0.5024484791132972,-1.0516971468162766,1.0143870511584487,1.2339814671289695,0.6734398075210739,1.4260739518786045,-0.9443524849821018,0.8010995231340136
ETH,Siltie,2014,True,1.6536969346783157,1.742753220195882,1.1090379411205702,0.4379563109816668,-0.3061579493623555,0.5600820909356666,-0.2915096077534741,-0.8730475095758771,0.9962682454839428
ETH,Siltie,2015,True,1.1292484075857356,1.22075842862807,1.9985245335650024,-0.6644267538054598,-0.8889012764561651,0.09324813857902874,-0.6489699585869735,0.740241244075236,-0.6846034640569255
ETH,Siltie,2016,True,0.3277381740463468,0.47508555743864544,0.49646739121738276,1.3154081391962897,-1.3791015258987427,0.49251278706453777,-1.1036300145002922,-0.8042068823738204,0.4485854742384019
ETH,Siltie,2017,True,0.3178303121796798,0.38293004821591525,0.42231401222030535,-0.48481130243000764,0.5494583238791823,0.3914285508878727,0.2624386612458947,0.6338797277026235,-0.6694741057352268
ETH,Siltie,2020,True,-0.5367598452473326,-0.5784730924672868,-0.8967329997778165,1.797168122874367,0.7895057725394679,0.9765712659423392,1.0203717784491224,-1.0415196896558467,1.4168644068271985
ETH,Siltie,2021,True,-0.7072044492867494,-0.8515576374257764,-0.2917467788458685,-0.28255066710156723,-0.9061611412003636,0.04743621819056502,-0.6418853054541314,-0.1249412145472715,0.11120078366448896
ETH,Siltie,2022,True,-1.017728828577518,-1.2325072150048204,-0.6525012704952589,-1.8941482836228012,-0.32759066378318014,-2.336310816001509,-0.9912737084609329,1.3848655712614928,-1.1944628394982195
ETH,South Gondar,2001,False,-0.13692064140695137,0.15303132881792117,-1.198752444848353,0.4791128634566513,1.6483265909853113,1.422725079831764,1.8132768952955616,-1.4568626460849645,1.6625273417379418
ETH,South Gondar,2002,False,2.158946006739088,0.3722614083692455,0.930157045950175,-0.11839909979412033,-0.6645456664133944,0.19846325744450014,-0.8793751200092241,0.6046568301115876,0.25583336156751135
ETH,South Gondar,2004,False,-0.8943709908603018,-1.8965398733849486,-0.9753671456538876,-0.4717398778591839,-1.4168035125516467,-2.279115607189131,-1.2638459882021258,-1.3059915076531956,1.4877538470155371
ETH,South Gondar,2005,False,-2.5030554068526474,-2.1642632396546464,0.17374011359653121,-1.2279606385362971,0.21025961216062555,-1.8299408411518863,-0.04589307720930725,-1.0445271493179822,0.620434326283608
ETH,South Gondar,2006,False,0.13519242279345306,0.8367782687143654,-0.09319189465543574,-0.6404218418570654,0.9716651863171434,0.830792395166517,0.7881412330280659,1.3276617380830644,-0.7862596538868479
ETH,South Gondar,2007,False,-0.31989605553676836,0.7162908186715791,-0.31196786647089,1.914429085953187,0.8401054229714675,1.3133446451743547,0.6744498445446833,0.8383416860074155,-0.5748302557417042
ETH,South Gondar,2008,False,-0.6056043267288858,0.035356161837181,-0.38753471032156406,1.2084159661680625,0.073035629956027,0.667305710565346,0.16812205301795882,0.4860816682866906,-0.9027753170351098
ETH,South Gondar,2009,False,0.05955357082548995,0.4374587804531307,2.2430788463580096,-1.5912745831728825,-1.8947174773777424,-0.9865411393281125,-1.8425295833029178,1.3810679631957756,-1.5004076080477764
ETH,South Gondar,2011,False,1.2401364791576486,1.8891036906587555,-1.1694460149063033,0.566706901355706,-0.2151101863732597,0.6007292669305937,0.07684645312484692,-0.12601471785728588,-0.5381743523190131
ETH,South Gondar,2012,False,0.9154827213388731,0.6400323080974468,0.13671916710111237,-0.5680456237992074,1.0034490127437632,-0.38196601679180536,0.7268010150524044,-0.10973553209032573,-0.596432183893132
ETH,South Gondar,2013,False,0.10531309063240511,-0.31090711367833235,-0.778273488358561,-0.8550976053545751,0.529967864428241,-0.12032948802809533,0.8691112437539843,-0.22290193432523842,-0.11531555602874975
ETH,South Gondar,2014,False,-0.07718997845680281,0.16703869471273997,0.5807689101281457,0.31819700173118765,-1.227282142394472,0.4306586104086158,-1.0518476190279566,-0.6589208619295284,0.09611384211636996
ETH,South Gondar,2015,False,0.32842547321827625,0.7672301039370759,1.9357196192444552,-0.0027028276165314757,-1.712969737647877,-0.04585152072388862,-1.8423422351313097,2.28739728049159,-1.8499545974926095
ETH,South Gondar,2016,False,0.24967220974484003,-0.2912181132817166,0.2968126905561827,0.5459109441015141,0.24335753882743777,0.5291491561089348,0.6261123540426725,-0.3842230963685752,-0.020401821031891833
ETH,South Gondar,2017,False,0.10546679193167714,0.02485173136104091,0.7537949555328137,1.3491357486575648,0.571818119371135,0.033909213827421236,0.6170345930140486,-0.07554917064444337,-0.3483468823252973
ETH,South Gondar,2020,False,0.7227671987725398,0.47657730030513634,-0.5521673338021912,0.8621865656958133,0.3261377782804597,0.7803986746847764,-0.03704220458038595,-1.0379100890287818,1.0950030012678482
ETH,South Gondar,2021,False,-0.20984709179889996,-0.4627827867375988,-0.5307926141074786,-0.15729523336627646,0.4642538567760058,-0.9584527027309392,0.5183577325322932,-0.3028271675337745,0.7670579399744667
ETH,South Gondar,2022,False,-1.274071473513034,-1.3902994691983754,-1.0532978353427598,-1.611157745763547,0.24905210994077584,-0.20527869419896605,0.08462241005670737,-0.1997432933420289,1.248174567838849
ETH,South Omo,2001,True,0.37424455811389434,2.6608511628734757,-0.90371454839314,0.17582914582290515,0.22568020904563185,-0.026637217301934576,-0.12909674665316812,-0.8104474269219637,1.102976003077014
ETH,South Omo,2002,True,2.1363006472424844,-0.6585252085643359,0.6767120343657584,-0.33854181552179574,-1.1255446015051715,-1.2870839620886656,-1.0701893641374842,0.5078828541225651,-0.5835834627801972
ETH,South Omo,2004,True,-1.234579903425516,-1.5296656949888545,-0.18980305565624206,-1.2963867137576561,-0.496445147095682,-0.9289503615295875,-1.0064457667566649,2.0434699737194824,-1.8698457292932074
ETH,South Omo,2005,True,0.6849654023860091,-0.0030227308817540495,0.29505833252944796,0.578984708241699,-1.0497444677413794,-0.15931662128307306,-0.39344696986503036,-0.8602176421452215,1.3761651044165555
ETH,South Omo,2006,True,-1.7667890465900336,-1.542284277255592,0.663513292292905,0.8897450773536468,0.04963209736146334,0.8577016539900154,0.44957460806281335,-0.897299231117485,0.8278910923055686
ETH,South Omo,2007,True,-1.3514748899075886,-1.1054750417126324,-1.6712243502037527,1.4803423789647578,2.219882447293261,1.7662063622602064,2.0173276842971357,-0.7203126435898329,0.0899028379035442
ETH,South Omo,2008,True,-1.0002086262267176,-0.22069965374895673,0.42756804287583666,-0.20489231603596014,0.6245805534471329,0.34482768100611483,0.21508728030848148,0.04271207069253848,0.11077155266567859
ETH,South Omo,2009,True,0.8627601548320656,0.258674271888055,1.6806278106855497,-2.3500198786559463,-1.2002841735384604,-1.7677239699177876,-1.234451526091298,1.7181758937195997,-1.5757879131915316
ETH,South Omo,2011,True,0.5345065067887259,0.6909619232495501,-1.1956841888287304,0.553084642996108,0.8350634913363306,1.1970686103730082,1.3282340063802027,-0.27094369479596064,-0.2060507876300187
ETH,South Omo,2012,True,-0.5554242997767067,-0.11209579488953661,-0.8144119147444174,0.7999501629091851,1.3823917314260887,1.2164408682485317,1.4732003390800896,0.46558743328592617,-0.7543247997410044
ETH,South Omo,2013,True,0.4975137490931601,0.9275427455186884,-0.3421577209726766,0.327717291936342,-0.1151814605879145,0.38363751175469024,-0.3823925710655757,-0.9618775594877694,0.7842578533494212
ETH,South Omo,2014,True,0.6383239495446885,1.00267735841343,-0.048295328158492024,0.28461773299974996,-0.033689870593876466,0.21749493777101164,0.24226710292025577,-0.8961640340021528,0.9948408104025848
ETH,South Omo,2015,True,0.8454107174513413,0.7364369815124362,1.9817878553650228,-0.3741730929725354,-0.5753935199832064,-0.06519837227463043,-0.12424777610067599,0.7644633807526312,-0.6917186554546265
ETH,South Omo,2016,True,-0.07213014926457004,0.019100909651977593,0.5425812560733735,-0.51830403772652,-0.8137484672890024,-1.4568088877761949,-1.019016361292968,-0.8410385112883212,0.4674355130537239
ETH,South Omo,2017,True,-1.0821777868734097,-0.43407011137611357,0.2884509316940612,-0.7183273456740435,0.4309977941370911,0.20869815433389316,0.3749417248250933,0.6383727738551541,-0.6499812259303662
ETH,South Omo,2020,True,0.6582724975127064,0.0840145135176679,-1.6604871557044854,1.6293934738559592,1.2379368952646013,0.9834900000405956,1.1684526280819045,-1.1186535678357463,1.499481583557424
ETH,South Omo,2021,True,0.020370501921038675,-0.2525672170388145,-0.02458891752416276,0.30039444493661605,-0.1035884464884853,-0.6710372921588877,-0.5639822513839531,-0.17865169773413775,0.19235060228228693
ETH,South Omo,2022,True,-0.18988398282157298,-0.5218541361686908,0.29406762430414374,-1.219413859672512,-1.4925450644884222,-0.8128090954473057,-1.3458160406091582,1.3749416287706941,-1.1147803789928492
ETH,South Wollo,2001,False,-1.5878473454348643,-1.6867121656325288,-1.4803640926959114,0.4253016247345776,1.327310713555004,0.7587234102073331,1.16241730452718,-1.4568626460849645,1.6625273417379418
ETH,South Wollo,2002,False,0.736307446230963,-0.2941195140651185,0.981791124896442,-0.9017716876274753,-0.5664191341173603,-0.6334688851763044,-0.5536007876247948,0.6046568301115876,0.25583336156751135
ETH,South Wollo,2004,False,1.2317028617207375,0.8296772412118637,-0.39084957499830053,-0.04687867362138111,-0.603180526405135,0.40738978870092235,-0.6190413459319929,-1.3059915076531956,1.4877538470155371
ETH,South Wollo,2005,False,1.7103403956071945,1.9378917068031567,0.18663854939069385,1.0337153599423672,-0.06250107722612414,0.1287964141629067,0.011083809816411952,-1.0445271493179822,0.620434326283608
ETH,South Wollo,2006,False,0.10799540705456809,0.029989849209193047,-0.2005691675421713,-0.8582612281261698,0.6826771328772614,0.2951608284547029,0.4705537320486193,1.3276617380830644,-0.7862596538868479
ETH,South Wollo,2007,False,-0.5741647704703987,-0.30643514111227327,-0.522993994316013,1.8058268624328186,0.9080407280231814,0.912763371596594,0.8620911525270487,0.8383416860074155,-0.5748302557417042
ETH,South Wollo,2008,False,-0.7753267488840339,-0.8848799397629284,0.013022238046485373,-1.033584825283277,-0.4594318250679498,-0.04204195580349351,-0.3428767714449558,0.4860816682866906,-0.9027753170351098
ETH,South Wollo,2009,False,-1.6963448129066039,-1.3431315144019706,1.380915833998971,1.0475309286800292,-0.5927032200266809,-0.6486755563291867,-0.5524779042215757,1.3810679631957756,-1.5004076080477764
ETH,South Wollo,2011,False,0.6953298994135135,1.4819502601090933,-1.0306906315003346,-0.39542833550999057,-1.1076420961371172,-0.6979290522630247,-0.7590935537744767,-0.12601471785728588,-0.5381743523190131
ETH,South Wollo,2012,False,0.5691195293714816,0.9135619693848686,0.053134056976664845,0.7585625035261736,0.5028450554601542,0.24263782561730188,0.6398956851655064,-0.10973553209032573,-0.596432183893132
ETH,South Wollo,2013,False,-0.5435336239914846,-0.3134357322717128,-0.9778366897790033,-0.9621081816936085,0.8435686588340798,0.2668772849309878,0.9834592095267282,-0.22290193432523842,-0.11531555602874975
ETH,South Wollo,2014,False,-0.4263082268932321,-0.11897178415845099,0.9516893262967979,-1.3656984053542354,-0.4863741591061132,-0.7055646137587798,-0.5423112564199479,-0.6589208619295284,0.09611384211636996
ETH,South Wollo,2015,False,0.14524038047901977,0.7215427492478108,2.240433951845801,-1.8047263995960034,-2.9509494500844315,-3.35287856058068,-3.1315641217895083,2.28739728049159,-1.8499545974926095
ETH,South Wollo,2016,False,-0.8125049119589094,-0.4487433447385207,0.18323717102311649,1.0055950209499986,0.8861442991712324,0.6211785791210804,0.9526815543985103,-0.3842230963685752,-0.020401821031891833
ETH,South Wollo,2017,False,0.575230917706016,0.4131401341403152,1.0786764676151206,0.4074472346917254,0.4302883859884978,0.7678416528015402,0.2743278488735123,-0.07554917064444337,-0.3483468823252973
ETH,South Wollo,2020,False,1.6311778115357989,0.9497720991691236,-0.7109883421726982,-0.05856997312838242,0.6265572274198891,0.9449169135443368,0.41127572368183285,-1.0379100890287818,1.0950030012678482
ETH,South Wollo,2021,False,-0.1539099698429898,-0.5972459613281506,-0.5265344886229055,0.8998828116339637,0.3580796677697734,0.32847565874047413,0.5869306116327866,-0.3028271675337745,0.7670579399744667
ETH,South Wollo,2022,False,-0.8325042387367758,-1.2838509118037702,-1.228711738462755,0.043165363348869445,0.26368961907183897,0.405796896033289,0.1462491090091145,-0.1997432933420289,1.248174567838849
ETH,Southwest Shewa,2004,True,-0.3878820343056512,-1.4804712015386106,-1.3290526733279302,0.3779513824732819,-1.027178580454603,-0.45832675569985426,-1.2835266340171279,1.53795132818545,-0.9825431299370876
ETH,Southwest Shewa,2005,True,0.4248140321991847,-0.26193989769247605,0.46930000325246063,1.3088452354912596,-0.7858641966016023,0.43767250272679176,-0.6902329934973623,-1.3360849280974358,1.3842913850240244
ETH,Southwest Shewa,2006,True,1.443379732680572,1.2246911605687938,0.3229092230996682,0.12405236685870148,0.607917611629626,0.5583685190204127,0.715559937622874,-0.38553236716887906,0.41991240491797804
ETH,Southwest Shewa,2007,True,0.5468088359768354,0.5935589956855019,0.2067600800192497,-0.46752682834960413,1.0710993214819837,0.5213398712513294,1.1380510643575998,-0.8001348488425553,0.36404619619388323
ETH,Southwest Shewa,2008,True,-1.5821365478596114,-0.6904767435914567,-1.048261622809147,-0.29340016409215214,0.5357444438191241,0.453438518914307,0.5884982248965777,-0.13584929797489081,0.6110175779304378
ETH,Southwest Shewa,2009,True,-2.4042165959296478,-1.5070599278887153,1.4672989693397394,-2.093149418675203,-0.41494118142129455,-3.2283120818365574,-0.5858646340952678,1.4272531016861223,-1.5647117640182109
ETH,Southwest Shewa,2011,True,0.18573954311662486,0.7117632698321895,-1.4929324427352337,0.041388536717704504,1.6830355740423013,0.4177915230593094,1.7938775913354637,0.9058621276515618,-1.0707690005450867
ETH,Southwest Shewa,2012,True,0.05138730820514776,-0.20603846105990117,0.048709973696780595,-0.8107408302633791,0.14510686035275602,0.14087698132900422,-0.38700636330823185,0.35889963057338925,-0.5209600283478795
ETH,Southwest Shewa,2013,True,-0.12751563602285523,0.20851109919989647,-0.825542025993183,0.27368073175932756,0.5735090582055582,0.5990564737662785,0.8903768509602306,-0.9929964485577394,0.9373617152312793
ETH,Southwest Shewa,2014,True,0.8368592410943607,0.8436915292602963,1.2683539219762432,-0.3865088007540027,-1.6092913645295264,0.2744635213524581,-1.679430232394805,-1.0874723813461118,1.1843330969678354
ETH,Southwest Shewa,2015,True,1.4264446170396963,2.116248003897549,1.8752548288987438,0.1530162267916523,-1.0656319254839073,0.25075495176389623,-0.818938838590321,1.115883116085509,-1.294233835441466
ETH,Southwest Shewa,2016,True,0.4191625883572137,0.45964556874855805,0.6057996174676308,1.6170897080919857,-1.2516932244838355,0.24447452185074336,-0.8205515849098697,-0.9424460685184732,0.4669254985983438
ETH,Southwest Shewa,2017,True,0.28871830247277375,0.2794918521285219,0.24703006787481638,0.39545502101219326,1.0329079450203003,0.23906549892137885,0.8320342677761733,0.11584138866956097,-0.8002910719683535
ETH,Southwest Shewa,2020,True,-0.026996830058810536,-0.3997591229687512,-0.4519454274325268,1.3575209782040727,1.119443047902495,0.6958879356094516,1.043557606526672,-1.0217702300385503,1.454811025544582
ETH,Southwest Shewa,2021,True,-0.12536973785486616,-0.7032240819940269,-0.5969615877183915,0.10822472907700215,-0.7360061941079089,0.27444432128496726,-0.3369644143148708,-0.06044417948404583,0.18759445497788318
ETH,Southwest Shewa,2022,True,-0.9691968191109663,-1.188632042587369,-0.7667209056089208,-1.7058988743428405,0.1218428046285332,-1.420996303313917,-0.3994398483477347,1.3010400571770886,-0.7767845251281631
ETH,Wag Himra,2001,False,-0.8989663083690629,-0.4569543117741062,-1.1603718988075078,0.3634169957913558,2.042920121929428,0.6062018225138457,1.9515312733096832,-1.4568626460849645,1.6625273417379418
ETH,Wag Himra,2002,False,-0.27694996697585145,-1.069341946917087,1.3334726687081595,-1.0160558448081152,-0.8086214787324081,0.503328335847133,-0.8581560566654365,0.6046568301115876,0.25583336156751135
ETH,Wag Himra,2004,False,-0.8044109518979355,-0.9836972545797681,-0.567929137267933,-0.5145475565177222,-0.8477590392085874,-1.0569362359227763,-0.63743964918053,-1.3059915076531956,1.4877538470155371
ETH,Wag Himra,2005,False,-2.2870084163782955,-1.8300864675958084,-0.1707207109373921,0.5115711839882179,0.3827718210225438,-0.6483789819442983,0.14138162585019487,-1.0445271493179822,0.620434326283608
ETH,Wag Himra,2006,False,1.3596139137247263,1.462502032004058,0.10257958573548807,-0.2690569750933218,0.6176497806631918,0.617892014991824,0.594910369125505,1.3276617380830644,-0.7862596538868479
ETH,Wag Himra,2007,False,1.3282175581001994,1.3255229036595333,-0.674700202721543,2.141019677641585,1.1315972644824492,2.060876194345805,1.0302994752412642,0.8383416860074155,-0.5748302557417042
ETH,Wag Himra,2008,False,0.2846333202601193,0.06322690565153966,-0.3825497849039881,-0.08008526186644822,-0.46928863172982965,0.4504130551752337,-0.5546135072879997,0.4860816682866906,-0.9027753170351098
ETH,Wag Himra,2009,False,0.8275897207444286,0.7535007852845834,1.4595832609030952,0.4946949192551351,-1.8042131949096443,-2.1791698039640823,-1.6436516009268378,1.3810679631957756,-1.5004076080477764
ETH,Wag Himra,2011,False,1.3997647627953347,1.5950136481574895,-0.9922420824975272,-0.5555704817134552,-0.5763521949289175,-0.6262889561231505,-0.16711415931915122,-0.12601471785728588,-0.5381743523190131
ETH,Wag Himra,2012,False,0.9640071866819772,1.0569809517668152,0.07577932163487076,0.7273783518543353,0.47216264949587927,-0.3274333408929817,0.7053704345065644,-0.10973553209032573,-0.596432183893132
ETH,Wag Himra,2013,False,0.5633318987439012,0.5210278867680421,-0.9297126001470268,0.847222263295621,0.2528380562252192,0.44118340026405034,0.15633538554052157,-0.22290193432523842,-0.11531555602874975
ETH,Wag Himra,2014,False,-0.06107168974038904,-0.06475289364405376,0.13378477491064888,-1.549474149688507,-0.680079374246012,-1.0998870743959963,-0.7879344499980517,-0.6589208619295284,0.09611384211636996
ETH,Wag Himra,2015,False,0.1252342566162354,0.23255468418823202,2.297626554920203,-2.37687254261727,-1.9253081048908829,-0.8867518094435592,-2.2490095249957722,2.28739728049159,-1.8499545974926095
ETH,Wag Himra,2016,False,-1.4477075093939635,-1.3849266220978487,0.6024715341917621,0.047014675447206285,0.14194985784432865,1.153893701013569,0.5464510273304507,-0.3842230963685752,-0.020401821031891833
ETH,Wag Himra,2017,False,0.14362174579300288,0.3360178164323216,1.0280808097136143,-0.19163583582641613,0.2976904193083112,0.5921442122647583,0.0375324836211078,-0.07554917064444337,-0.3483468823252973
ETH,Wag Himra,2020,False,-0.4404541266322765,-0.5319695380515113,-0.7963132944428214,0.3453442547069011,0.22302097359764514,0.15749442774910366,0.36346171700032565,-1.0379100890287818,1.0950030012678482
ETH,Wag Himra,2021,False,-0.2912798605496131,-0.3833234795724745,-0.10831033258707563,0.3660770502535392,0.6664093633270805,-0.5253520637729895,0.6411755154984468,-0.3028271675337745,0.7670579399744667
ETH,Wag Himra,2022,False,-0.48816553352253717,-0.6412950996799565,-1.2505284664050265,0.7095592758973589,0.8826117107502058,0.7667711022945116,0.729469641349715,-0.1997432933420289,1.248174567838849
ETH,West Arsi,2007,True,-0.7168631020856441,-0.3097482263592106,0.011588517561228345,1.0769254845014244,0.9200606277064388,0.8373341807710122,0.7194726540791314,-0.8562824238409232,0.5893894014993674
ETH,West Arsi,2008,True,-1.186430271352093,-1.482142292260893,-0.5845631538005064,-1.0316228811923172,0.3819324320281467,0.7232376496114832,0.4359555174058773,-0.15358319700621845,0.817089351590472
ETH,West Arsi,2009,True,-0.9012011591620577,-1.3697044969124694,1.1987944050067827,-1.5253702773698044,-1.6281182376379237,-2.834430808611964,-1.7723947938008913,1.5010505165180426,-1.4028618585756978
ETH,West Arsi,2011,True,-0.3859686885400851,0.3085512796419263,-1.7265712917032754,0.2669300919424786,0.2857043392826096,-0.04837737221952766,0.8687411563092534,0.9471591534051942,-0.9474619583935139
ETH,West Arsi,2012,True,1.0407812968106314,1.1394439040420223,-0.646102892865701,-0.11315933426905687,0.504573134464588,0.4426507380918674,0.17560434899632765,0.36702885793736917,-0.4138056132702476
ETH,West Arsi,2013,True,0.7636638248319128,0.745700299109197,-0.8357889090398687,0.8461192747431732,0.8544662193787292,0.7703358856238839,1.1133606747856952,-1.0656044110555172,1.0377199169494968
ETH,West Arsi,2014,True,1.6189792373852667,1.5548943986755146,0.8919384851713241,-0.09529040880020796,-0.9352949111243747,-0.028937455852132688,-1.04982113738586,-1.1665074135666111,1.265419867040576
ETH,West Arsi,2015,True,1.3247837145213064,1.0590057362736136,2.0406248960683464,-0.19512179822070044,-0.44437857867212344,0.13208306214343152,-0.5170297132515882,1.1662166192433538,-1.2604877381577553
ETH,West Arsi,2016,True,0.5515663404662842,0.13069173047776922,0.32943357521101974,1.5144602493167614,-1.8428746872606563,-0.12135738947553425,-1.516519279287845,-1.014598035692172,0.496994187094149
ETH,West Arsi,2017,True,0.4213599432009994,0.5273093790232747,0.6680310929020339,-0.08101888403068025,1.4385878393940361,0.33803184497466426,0.9607587884257479,0.10538754147219923,-0.8050878379755426
ETH,West Arsi,2020,True,-0.43968785680059247,-0.36314091633393586,-0.469916449044808,1.371267215933062,0.5551650104500804,0.8898519008329142,0.9266883380647564,-1.1019852333773612,1.4077939874585472
ETH,West Arsi,2021,True,-0.7186883642622405,-0.8440426501954799,-0.3956637280841922,-0.5970851160526781,-0.5141131804663728,-0.09991902916158742,-0.7270548685764422,-0.08469121898942658,0.1057119623888539
ETH,West Arsi,2022,True,-1.3722949150136878,-1.096818145181329,-0.48180454738238343,-1.437033616501454,0.42428999245682186,-1.0005032067285107,0.3822383142358374,1.356409244952071,-0.890413667648705
ETH,West Gojam,2001,False,0.7665406142271386,0.978263180389979,-1.1073480620012779,0.6135675476096082,0.29867456736525155,1.1544386873811792,0.7529534057970622,-1.4568626460849645,1.6625273417379418
ETH,West Gojam,2002,False,2.0859085908880735,0.592073564025847,0.9562816175663782,0.36334247115678375,-0.5914077031049099,-0.8446903360026972,-0.72615875860149,0.6046568301115876,0.25583336156751135
ETH,West Gojam,2004,False,-1.3411579210939566,-1.9376669228059595,-1.0823844540517873,-0.5789400373870552,-0.46623686355358707,-2.599057378865826,-0.7416113970608301,-1.3059915076531956,1.4877538470155371
ETH,West Gojam,2005,False,-1.7249717990271694,-1.8592416842784627,0.19754726796835825,-1.1309120605939864,-0.29883045908330697,-0.0899784302295208,-0.6178656620901285,-1.0445271493179822,0.620434326283608
ETH,West Gojam,2006,False,-0.7588446102523277,-0.1220011353115355,-0.08852553947401087,0.5247896854944507,2.1831721456472457,1.0601149962946534,1.9242651307922347,1.3276617380830644,-0.7862596538868479
ETH,West Gojam,2007,False,-0.2282902761900608,0.1311879402704809,-0.17736943349895426,0.06698736810792505,-0.1970717069221617,0.7537053941501599,-0.19702461814595068,0.8383416860074155,-0.5748302557417042
ETH,West Gojam,2008,False,1.1794113746505561,1.161410863107157,-0.5931889511788971,0.8542233509248564,0.4379231232379327,0.8979848087934965,0.6241236378368755,0.4860816682866906,-0.9027753170351098
ETH,West Gojam,2009,False,0.019179103001731816,0.18627234804975487,2.045082994641995,-1.8038126912791252,-0.9342695176260831,-0.8883188455517022,-1.2263803954068893,1.3810679631957756,-1.5004076080477764
ETH,West Gojam,2011,False,-0.8323785098655825,0.36590034997051846,-1.2475693783338575,0.6734555285743153,-0.24256916671343928,0.750989229955469,0.025337336250298333,-0.12601471785728588,-0.5381743523190131
ETH,West Gojam,2012,False,-0.9040725656417253,-0.7315494447247078,0.26646297636693256,-1.7206715073632177,0.9865683714861129,-1.200039942221504,0.6723018046884695,-0.10973553209032573,-0.596432183893132
ETH,West Gojam,2013,False,-0.9358670999438121,-0.7069698868983141,-0.6846921634460191,-0.4447308886972612,0.9104923750586494,0.16847952094758475,1.3449600502165613,-0.22290193432523842,-0.11531555602874975
ETH,West Gojam,2014,False,0.8086205021725734,0.9490314098494774,0.6804619285693095,0.8057010060444286,-1.5247711233626957,0.6672482499649126,-1.177085884241032,-0.6589208619295284,0.09611384211636996
ETH,West Gojam,2015,False,1.0790099128875354,1.5045969997744892,2.138143165150805,0.9850853550160843,-2.109404630937732,0.5522496995409425,-2.0951060203707383,2.28739728049159,-1.8499545974926095
ETH,West Gojam,2016,False,0.6617621786031185,0.7952147162691767,0.45859764668515757,0.7961875023311781,-0.3535240711098616,0.3034940286375519,0.16739639327327083,-0.3842230963685752,-0.020401821031891833
ETH,West Gojam,2017,False,0.5654621148566221,0.6397531191813401,0.3175767914386804,1.298257208944774,1.1746861369513093,0.5910846437945091,1.1130093097046725,-0.07554917064444337,-0.3483468823252973
ETH,West Gojam,2020,False,0.19799732410242107,-0.14393481514050782,-0.4404618653430769,0.3671077578221324,0.4187888972211938,0.43618224010062134,0.10445731634637787,-1.0379100890287818,1.0950030012678482
ETH,West Gojam,2021,False,-0.1415997678998691,-0.7502733335018267,-0.5995707338130137,0.04110051404430681,0.0505538674768508,-0.9570863286979483,0.13393692108457944,-0.3028271675337745,0.7670579399744667
ETH,West Gojam,2022,False,-0.49670916547526733,-1.0520672682269065,-1.0390438072467212,-1.7107381107501969,0.25722575796923114,-0.7568002379918811,-0.08150857007334322,-0.1997432933420289,1.248174567838849
ETH,West Hararge,2001,True,0.741545949076729,1.2684348433768269,-1.4565576803174072,0.16729556342531737,0.4456887260453853,0.4710129332699384,0.8622051508937684,-1.0147436045000187,1.482645835565117
ETH,West Hararge,2002,True,0.23386818231891998,-0.28909190436630255,0.8599634964295718,-1.5046760320182322,-0.7027252510314209,-1.8711270277313283,-1.0875169765703225,2.785144292139439,-1.9422838560950093
ETH,West Hararge,2004,True,-0.16122287409977826,-0.3543992541575833,0.2792629335605364,0.1843179461696582,-0.47861207218593765,-0.7322049874078099,-0.9194726880608618,0.6680068408730714,-0.7551268338511905
ETH,West Hararge,2005,True,-1.6203575233941179,-1.6652507894720456,0.06176829199966528,1.0702017264675208,-0.6230224701658084,0.6495346786268474,-0.29053060358334704,-1.314489912349772,1.2643739427740224
ETH,West Hararge,2006,True,-1.118599838584842,-1.350034268322448,-0.13012842203802932,0.7091729937657681,-0.09776329347916038,0.5810795584320045,-0.18233293089256677,-0.6116519888938977,0.4320301883926297
ETH,West Hararge,2007,True,-0.7493615256513966,-0.7987079164829279,-0.5899978458812443,1.1772885361518648,1.2425058845117223,1.030152732228009,0.6454837561209219,-0.8673218554637869,0.37746221519485607
ETH,West Hararge,2008,True,1.4086363211437691,1.312865436516935,-0.6189986574987663,-0.11028427606789201,-0.3369120947155749,0.6848892326210714,0.18970340777800848,-0.36547880116776826,0.5821528357249544
ETH,West Hararge,2009,True,-0.9172452438925192,-0.4186928915336695,2.202678823236959,-1.3882146159914484,-1.2024876677504626,-1.5182887571465848,-1.0040481808536754,0.7674449175871644,-1.287225293567931
ETH,West Hararge,2011,True,-0.32456674578964595,0.1604073214675324,-0.6213310243900453,-0.009296544676865765,1.2966255463856162,0.35971239991593906,1.4987874707023368,0.47222869967303727,-0.8778440525077327
ETH,West Hararge,2012,True,1.6063787801922826,1.584234913955303,-0.22429639890861883,-0.40607826454430374,2.148877061172056,0.6511379213049605,1.689746623951557,0.12362572155611803,-0.41389483824975937
ETH,West Hararge,2013,True,1.0174170630074468,0.9855559578482328,-1.3167747448979135,0.7756885701459428,0.5761393368942359,0.9063820142727063,0.6908109724979704,-0.7901402488758796,0.8278301571918331
ETH,West Hararge,2014,True,0.5190855666198508,0.34023529450662393,0.348878848113026,0.03882010266309151,-0.3743142138084764,-0.06493547187132209,-0.5505858181609651,-0.8210416596110915,1.032520777721933
ETH,West Hararge,2015,True,0.7603303800050107,0.4405478046447948,2.136614864696017,-1.513758184124139,-1.3608335822511521,-1.5128214951654635,-1.4623483962758104,0.7614189708131837,-1.0961159452988274
ETH,West Hararge,2016,True,0.012525642560262798,0.1377575458271859,0.184547372089433,0.5175212940998567,-1.007824826680427,0.40498340429273105,-0.5226537163538767,-0.6483504670616836,0.40486764387063856
ETH,West Hararge,2017,True,-0.20035276794815776,0.03935453033159143,0.5620702905776809,-0.867668007320756,0.5048081572345859,0.6040031192820923,0.9970771823220385,0.13013068672316874,-0.6867347042386508
ETH,West Hararge,2020,True,1.2280623197297726,1.0326100506543743,-0.9788228249965705,2.0904167681499395,1.1815008507138616,1.0751337880439655,0.9348617454175691,-0.5623163002336493,1.2236301259910147
ETH,West Hararge,2021,True,-1.1152579821574329,-0.8938734214553571,-0.5039203780285646,0.17380806658482126,-0.07947589469833471,-0.047993237185218585,0.08592024849422049,0.14808594625512286,0.13202777788174713
ETH,West Hararge,2022,True,-1.3208857031361534,-1.531953253339066,-0.19495694374572953,-1.1045556428801435,-1.1321741961907088,-1.6706508057825382,-1.5751072474269654,1.1394487625372418,-0.7003159764996457
ETH,West Shewa,2001,True,-0.5504235294576731,0.87998186287852,-1.3942894394153882,0.6627464854964634,-0.2716226569604329,1.019406193675403,0.13267238172895512,-1.0147436045000187,1.482645835565117
ETH,West Shewa,2002,True,1.3907584161083246,1.6554484507994804,0.4295811597751041,0.00401183311904634,-1.0350939184526031,-1.624024088163949,-1.1289382671005577,2.785144292139439,-1.9422838560950093
ETH,West Shewa,2004,True,-0.40960862508353574,-2.082622935298428,-1.050846667986174,-0.765388257127186,-0.40581356829434545,-1.548601234036525,-0.921159493720248,0.6680068408730714,-0.7551268338511905
ETH,West Shewa,2005,True,-0.22827636031075804,-1.4015335080107179,0.6830738513524237,0.3972067137560962,-0.5823134360005415,0.04825003486470046,-0.6958808145452264,-1.314489912349772,1.2643739427740224
ETH,West Shewa,2006,True,1.4234401028963677,1.0102231440716287,0.41002548377019693,0.43451660072905574,1.2875527786935945,1.007104476949455,1.1307695552480803,-0.6116519888938977,0.4320301883926297
ETH,West Shewa,2007,True,0.9232464659387054,0.3392232720395244,0.39397734433621845,0.1378730841386822,1.045584215404609,0.6918010721135313,1.1942534021922053,-0.8673218554637869,0.37746221519485607
ETH,West Shewa,2008,True,-2.7725214752866068,-1.4966174940771022,-0.9185693144666559,0.8853524278332889,1.416880376510115,0.7035952279457163,1.57010315255756,-0.36547880116776826,0.5821528357249544
ETH,West Shewa,2009,True,-1.6009052990692239,-1.2780814176578232,1.4456780802250027,-2.4409737623733916,-0.5365213756699343,-1.5041009313133265,-0.6139279805595182,0.7674449175871644,-1.287225293567931
ETH,West Shewa,2011,True,-0.04823079895871643,0.546793032877046,-1.2899929671234869,0.4786958366930771,1.457505661770519,0.7167320376351033,1.7025364824725597,0.47222869967303727,-0.8778440525077327
ETH,West Shewa,2012,True,0.5891362796665705,0.7206619502029542,0.29818137019946045,-1.8902748427949079,0.3830381241137899,-0.9677592086371717,-0.19054022982374955,0.12362572155611803,-0.41389483824975937
ETH,West Shewa,2013,True,0.3376592972261854,0.16891135459724127,-0.59741623425238,-0.30639860618787673,-0.31021107097536293,0.718182680122505,0.07531666234407931,-0.7901402488758796,0.8278301571918331
ETH,West Shewa,2014,True,0.3265777122116436,0.3353758975179633,1.1784359012577743,0.5175346553416412,-1.7515269919343186,0.716262279927984,-1.921191324772194,-0.8210416596110915,1.032520777721933
ETH,West Shewa,2015,True,0.72812064554141,0.8037881400992422,2.041937226841672,0.46079052902502515,-1.221741863837582,0.5241739020720039,-0.8726066049601247,0.7614189708131837,-1.0961159452988274
ETH,West Shewa,2016,True,0.1304853766159224,0.24021978260137014,0.5508430411147449,1.1975080309129693,-1.0703290474601779,0.6645825163907112,-0.49606616160765904,-0.6483504670616836,0.40486764387063856
ETH,West Shewa,2017,True,0.263315532253453,0.4651041752527919,0.18513932812117956,0.7161195633080187,0.8907599454750782,0.6100716533221695,0.7773391255092423,0.13013068672316874,-0.6867347042386508
ETH,West Shewa,2020,True,-0.14949653546708822,-0.19181216864235442,-0.5000951294324556,0.6743566709253382,1.1416120427258551,0.4912463569909777,0.6856425811065223,-0.5623163002336493,1.2236301259910147
ETH,West Shewa,2021,True,0.09098933004492472,-0.39380615447962103,-0.7792303445234426,0.25843607431099747,-0.35791269863457714,-0.7499515625918056,-0.1071602027209803,0.14808594625512286,0.13202777788174713
ETH,West Shewa,2022,True,-0.4442665348699052,-0.321257384771716,-1.086432689793793,-1.422113037106338,-0.07984651647368571,-1.5169714072674834,-0.3211622633489471,1.1394487625372418,-0.7003159764996457
ETH,West Wellega,2001,True,-0.19328013064544255,0.6325846038313109,-0.6346505714856702,-0.16388221730043048,-1.7493117248634642,-0.1594831564219717,-1.5358638734923578,-1.0147436045000187,1.482645835565117
ETH,West Wellega,2002,True,1.4486858193615009,0.4548519128868134,0.72199208691163,-0.4286640423902017,0.9324528493758378,-0.5608731010598159,0.08431881666544372,2.785144292139439,-1.9422838560950093
ETH,West Wellega,2004,True,-0.48349731406828345,0.08136976260544643,-1.0490892217141432,0.24658838015030268,1.0712528585406933,1.0749907860925292,1.2294659627667037,0.6680068408730714,-0.7551268338511905
ETH,West Wellega,2005,True,1.0825242819165344,1.5631523111587646,0.44409931981889017,-0.7546270564208009,0.5715754299791508,0.10932643747268235,0.25526007859075667,-1.314489912349772,1.2643739427740224
ETH,West Wellega,2006,True,0.7085673960095578,1.6700575582057637,-0.04637412993368376,-0.47167950885771825,0.2607904432839423,-1.4657404878531335,0.6413619728611485,-0.6116519888938977,0.4320301883926297
ETH,West Wellega,2007,True,-0.8680079359439984,-1.6896271744694153,0.02765308352115981,0.2903348365305445,-0.24903108622724682,1.0537991593062674,-0.9859313428153522,-0.8673218554637869,0.37746221519485607
ETH,West Wellega,2008,True,-1.2955820480703926,-1.6227086608706014,-0.8420682306723443,2.5558553112691023,0.1799209409038535,1.1336615604333748,1.388619717417954,-0.36547880116776826,0.5821528357249544
ETH,West Wellega,2009,True,-1.6761462153533753,-1.8548122580219337,1.307622925815015,-0.7655895131289343,-0.4537381817691364,1.0175092265996546,-0.7089065273565387,0.7674449175871644,-1.287225293567931
ETH,West Wellega,2011,True,-0.9830602010243481,-0.6271346753633902,-0.9372059895438438,-0.8734361133370884,-0.2783398476094726,-0.5462487813550606,-0.5915363933951864,0.47222869967303727,-0.8778440525077327
ETH,West Wellega,2012,True,-0.44840036198853356,-0.6492261477374038,-0.3219908246364619,-0.1557303402632562,0.984656181522971,-1.5460176269188102,1.6091407402697908,0.12362572155611803,-0.41389483824975937
ETH,West Wellega,2013,True,-0.4180387823944291,-0.3045592164559191,-0.9365212047989047,-1.3264810588459572,-1.6869992328538888,-2.348049288181276,-0.6537777761184782,-0.7901402488758796,0.8278301571918331
ETH,West Wellega,2014,True,1.0885879018447735,0.2392488795033708,0.13745482357052094,1.3849533457803804,-1.1510634064263623,0.9145550045149208,-1.8125843857758654,-0.8210416596110915,1.032520777721933
ETH,West Wellega,2015,True,1.037285331674044,0.41215919392168315,2.6971999278891943,1.010028580291972,0.4616322700840475,0.25858704733570326,0.5966416755951707,0.7614189708131837,-1.0961159452988274
ETH,West Wellega,2016,True,1.082590551689392,0.6136431203670908,1.0793903454186295,-0.2152436794010394,-0.6463994896774934,0.5186176494900646,0.06647537433403772,-0.6483504670616836,0.40486764387063856
ETH,West Wellega,2017,True,1.122528717377154,0.547566312380584,0.42531161495773384,1.2630925850705088,2.256400403162721,0.5061567659607876,1.2483560716933393,0.13013068672316874,-0.6867347042386508
ETH,West Wellega,2020,True,-1.1890569352613278,-0.27216688671934414,-0.4366478412795548,-1.176640724513393,-0.29946155779779926,0.060209131781496804,-0.5217543487747035,-0.5623163002336493,1.2236301259910147
ETH,West Wellega,2021,True,0.35653670227204637,0.4917212877558683,-0.41299273715222345,0.05029938498266283,-0.3997531347221154,-0.383897556503319,-0.574203907742651,0.14808594625512286,0.13202777788174713
ETH,West Wellega,2022,True,-0.372236777394872,0.313880077021312,-1.223183376685944,-0.4691781696166538,0.195416285093762,0.3628972293059059,0.26491814527678803,1.1394487625372418,-0.7003159764996457
ETH,Wolayita,2001,True,-0.2895358796975572,2.6491914251258395,-1.372305416411903,0.369444413215166,0.21441528665799026,0.6462465548656853,0.2480585515836923,-0.9469790356391175,1.3789063068414449
ETH,Wolayita,2002,True,0.8910942944241513,-0.5335164597588449,0.7428649396874418,-0.45346264955432597,-1.2726048265869616,-1.1670552782141006,-1.3927988438126637,0.3729878877806356,-0.3847355099381893
ETH,Wolayita,2004,True,0.9850354379376953,0.10033254771846219,-0.34971475312765765,-0.05956810285704286,-0.8545185786214685,-0.829318022100213,-0.8668544840511693,1.917573341434799,-1.7473116399519473
ETH,Wolayita,2006,True,0.19439043100876455,-0.4075398303213781,0.7737510578674454,0.620285600830252,-0.11269814607025731,0.6313338930929484,0.19765282515548482,-0.9909226416914869,1.0227356458939039
ETH,Wolayita,2007,True,0.5467812953291534,-0.0703370772550552,-0.24952836293277114,0.7050266781571694,1.7214673361173585,0.7779943529063206,1.362447390683682,-0.8063649766553855,0.24305178527131907
ETH,Wolayita,2008,True,-2.2103072556731647,-2.0377892777640847,-0.17047315281725187,-0.5643721685838721,0.6308991296587272,0.3391952433058443,0.5335723144567114,-0.038816299654413286,0.2505342895743749
ETH,Wolayita,2009,True,0.3449038627156274,-0.16527048160125116,2.0229378879111217,-1.8198841098766814,-1.4269526119593463,-2.4259399716074923,-1.515663487640673,1.6364272440766587,-1.513107527205258
ETH,Wolayita,2011,True,-2.358458875452692,-1.3458862656149024,-1.5754332268655917,0.03058017547476237,0.6178252622512042,0.37263650760497924,0.7623611057029023,-0.3253672404159048,-0.12060137997927795
ETH,Wolayita,2012,True,0.6053513966974515,0.4834043128315335,-0.46996238842685933,0.15164939745425426,0.44752067078506513,0.9024967331896556,0.4722081287288471,0.4158256042177529,-0.7034936493704513
ETH,Wolayita,2013,True,0.6235314697087336,0.15648103225832924,-0.9334842702342778,1.0105021320874281,1.5038855064111112,0.9231889790913107,1.4541395651457965,-0.9957259389103503,0.8783215847838843
ETH,Wolayita,2014,True,-0.4118755923959379,-0.121392571708082,0.4543031038391536,0.8994933902160922,0.030266444048977853,0.473904130445633,0.2794319566657733,-0.9218627698169447,1.0825956803183503
ETH,Wolayita,2015,True,-0.1832573565746125,-0.14755954267549387,1.9384402824260745,-0.7545171898191779,0.12591542186893623,0.32487371645294305,0.2666770946098368,0.7386215077884347,-0.6810461364612839
ETH,Wolayita,2016,True,0.16821812510740863,-0.07173765770290608,0.3735124425174995,0.325081793819089,-1.274072587687186,-0.13507105294963878,-1.118904009146438,-0.850041228847976,0.5071859152302315
ETH,Wolayita,2017,True,0.6409766284021692,0.33155395919869673,0.16978678059102975,-1.1672852067987847,0.4374076851791033,0.29397279789484076,0.32360697091539625,0.6301691553650131,-0.6660811278551723
ETH,Wolayita,2020,True,0.6269261602466922,0.7295014222589469,-0.9117629857771014,2.1651650344588917,1.2154940001884633,1.1735888177016869,1.265227751099196,-1.0922475327674472,1.5210738885995054
ETH,Wolayita,2021,True,-0.936172802000503,-0.635329816693728,-0.3319209603950895,0.1367634835392917,-0.8737181932167407,-0.7897531418487242,-0.8479862737159646,-0.14864189555286017,0.1510152542826903
ETH,Wolayita,2022,True,0.7623986602166195,1.0858942817039186,-0.11101097785126225,-1.5949026717625117,-1.1305317990249761,-1.5122942598316789,-1.4231765563804097,1.4053648192885926,-1.2190433800341236
KEN,Baringo,2001,True,0.4271195751498993,0.8893827772627303,-0.4778559514865884,-0.01251597212000409,0.040423340915379115,0.04616110910594727,0.12031678940699107,-0.023855030150726902,0.4353995533539071
KEN,Baringo,2002,True,-1.245067894532223,-1.196459264852612,-0.25537786444844707,-0.06524412274759371,0.11503360688181609,0.0331585694693488,0.047290625537600765,0.05541094202003687,-0.8911897193992708
KEN,Baringo,2003,True,-1.0856074922828365,-1.473071455542178,0.16601567044850293,-0.5013357817821917,0.7001718509558905,0.060781195659849976,0.09622646369761458,-0.2888715803230899,1.5556838035812466
KEN,Baringo,2004,True,-1.3377127711374468,-0.907478714028167,-0.25469125869958664,0.847509124911673,0.3917044076730753,0.30947959208015485,0.6257289964212497,-0.18477690330147864,-0.4569896138507678
KEN,Baringo,2005,True,2.395658916405978,0.9118827783676922,0.7818736801614992,-0.37643015421881426,-0.17783070791865058,-0.36739461510564964,-0.3821369242970689,-0.3611005398890971,0.2746735474326224
KEN,Baringo,2006,True,0.5222669692718107,0.18527272604496578,0.2808861307528279,-0.2542993567453213,-0.052752627722032916,0.3302057269721187,0.048258840608310906,0.34326458970216717,-0.7088736529811164
KEN,Baringo,2007,True,1.1812656648636872,1.8672196573786066,-0.2708643401321086,0.1539419386744611,-0.2661169711437897,-0.00482182426222995,0.15382711752161335,-0.5457889273088257,0.5373526168114107
KEN,Baringo,2008,True,0.6147713593811448,0.029417995356842665,-0.07696389777690446,-0.025632625849489582,-1.0873104077630595,-0.46924236967549143,-1.0255541891352387,-0.009382683473036503,-0.6177156197720391
KEN,Baringo,2009,True,-1.4164488709087986,-1.3535031697069393,1.2092794104192495,-1.294514584056523,-0.7083817603789224,-0.3245308969621691,-1.1301327117386042,2.897434617590459,-1.9443048925252182
KEN,Baringo,2010,True,0.8657963183695737,0.956173336626445,-0.9134894747457204,1.7363653444692484,0.9017469448606965,0.7585789492331907,1.5188388413268612,-0.87174866211499,1.017131738964437
KEN,Baringo,2011,True,-0.07851387186327141,0.2831192328320438,0.8869634269228986,-0.6743799272152861,-0.9768418126098655,-1.677788372773933,-1.0506665780133937,0.07214044368412968,-0.30945753378872565
KEN,Baringo,2012,True,0.15906604530337679,1.1772497987588664,-0.7537457150378937,0.24517643835401037,1.1671565232722905,0.7621529181906026,0.7283902640595904,-1.0827262664355475,1.1082897721735143
KEN,Baringo,2013,True,0.3023587376095773,0.05591553607827432,-0.6754719271563899,1.5990559074580932,0.7987311475141384,0.8643368381574295,1.0182162256309142,,
KEN,Baringo,2014,True,-1.841237249934233,-1.7262259049247748,-0.19786315699499932,-0.5276663677673094,-1.242551120370843,-0.9998415923513789,-0.8114268331395919,,
KEN,Baringo,2015,True,0.34088981325869105,1.2566329525861395,-0.34501434263212427,-0.12691551886028374,-0.44622457319614817,0.8753055691724925,-0.07177750089928922,,
KEN,Baringo,2016,True,0.882270217836875,0.646333963664822,0.7748393896140637,0.015599116664318475,0.17173390352029977,0.9357903952125599,0.1759786490267345,,
KEN,Baringo,2017,True,-0.3476513882432759,-0.8042305756156942,1.2838459667626314,-1.543568342463333,-1.2425544244739053,-1.1257146526935917,-1.240247606844764,,
KEN,Baringo,2018,True,-0.17727627951777097,-0.3486289254996838,-2.329284690781187,1.7508279502653346,2.5843274451825464,1.2134308152029472,2.044625329936202,,
KEN,Baringo,2019,True,-0.09961400166206105,0.21971977936166956,2.4547119179493753,-1.8522490532039695,-1.4073789240264116,-2.767674685353668,-1.8943738136844759,,
KEN,Baringo,2020,True,-0.33640918355759525,-0.019379813626276318,-0.8010101702375343,1.30412655296176,1.2451339849375087,1.2042710652644177,1.4010165760078133,,
KEN,Baringo,2021,True,0.2740753861888991,-0.6493427105227729,-0.48678280290156495,-0.39785056672877944,-0.5082198261100124,0.3433562654570521,-0.3723985614290703,,
KEN,Bomet,2001,False,-1.7044359647902463,-1.1022686045724097,-0.8208998593573118,1.1287641682084673,0.0831395041243448,0.5655689023338241,-0.006052570169135488,-0.023855030150726902,0.4353995533539071
KEN,Bomet,2002,False,-0.7867252137656241,-0.6898916174574241,0.16555886779808612,0.4266299259887472,0.6287561295977034,0.48718055428635687,0.4947414888636576,0.05541094202003687,-0.8911897193992708
KEN,Bomet,2003,False,-0.5984045376506919,-0.8697930183959057,0.7586875318844608,-0.7592323428642264,-0.12055248030781825,-0.9242889511381764,-0.4988894705370105,-0.2888715803230899,1.5556838035812466
KEN,Bomet,2004,False,-0.6449077992738512,-0.7004206116307787,-0.4421900816524144,0.10311333095059944,0.13768253312723758,0.3431397823667373,0.5867646415214495,-0.18477690330147864,-0.4569896138507678
KEN,Bomet,2005,False,0.2793128014359824,0.2625129405438895,0.6774261180533996,0.034002041109833805,0.07641486860789869,0.33164224975291806,0.08410315807209376,-0.3611005398890971,0.2746735474326224
KEN,Bomet,2006,False,1.4891002024101716,0.9601398997659405,-0.7169356648236322,-0.5222657600890341,1.4195563960694548,-0.8550980637061633,1.2080089867164174,0.34326458970216717,-0.7088736529811164
KEN,Bomet,2007,False,1.129159807449422,0.4184611435013429,-0.37257236131743887,0.8451580497819688,-0.9853054811050356,0.7843938222026903,-0.5978189322371896,-0.5457889273088257,0.5373526168114107
KEN,Bomet,2008,False,0.5458820314332898,0.051993082587291704,-0.32874569272734794,-0.6559689735423551,-0.7661021672234961,-0.1706506399129805,-0.433248768422035,-0.009382683473036503,-0.6177156197720391
KEN,Bomet,2009,False,0.31177001082117983,1.2889579758986922,1.0244993509095837,-0.95930810617622,-0.9007264439305257,-1.2965959648941185,-1.3169060426383894,2.897434617590459,-1.9443048925252182
KEN,Bomet,2010,False,1.2062489189486651,1.7645202988783213,-0.01536082465034275,1.5512036790024226,0.7999970844214822,0.9088281414208359,1.081260094771985,-0.87174866211499,1.017131738964437
KEN,Bomet,2011,False,1.247015949810376,1.9407300333016866,0.8072286570435072,-0.553336655895341,-0.7954706020116952,-0.2997374096207443,-0.8460604922014312,0.07214044368412968,-0.30945753378872565
KEN,Bomet,2012,False,0.6074813840714423,0.48693020186294494,-0.753196069360154,-0.7684702269717245,0.612172796359532,-0.30976541252202366,0.440849810530298,-1.0827262664355475,1.1082897721735143
KEN,Bomet,2013,False,0.8678879761381713,0.423914231243813,-0.80391778737506,1.0018005380690465,0.7391687377326176,0.8979568730327615,1.0740035025220924,,
KEN,Bomet,2014,False,-0.3874896375820721,-0.7340230200360734,0.07153981768724103,-0.38571896869095984,-1.9800718737767204,0.7170824342923953,-1.4646925319285442,,
KEN,Bomet,2015,False,-2.234986799479506,-1.930945791417862,0.3356137720114487,-1.8773397389145658,0.17720998575116964,-1.686428481147728,-0.2631965736186238,,
KEN,Bomet,2016,False,-1.1018836154744054,-1.3343974444788456,0.6674729965466721,0.5228371742098421,-0.33975808390022527,0.9459756471989617,-0.37203924767277013,,
KEN,Bomet,2017,False,-0.10347492362501026,-0.30769717240110045,1.452330871521134,-0.5539369443070238,-1.176645988206223,-1.1990068928873505,-1.130291746491202,,
KEN,Bomet,2018,False,-0.10964096758545892,-0.4234467002390098,-1.95957502181089,-0.6604498856915976,2.056128811509491,0.46807949540138083,1.4328349186956428,,
KEN,Bomet,2019,False,0.8148010962032246,0.4948845997572902,2.3711764055604934,-1.1303822079101749,-1.1740028236576805,-2.145900731089944,-1.8226461231420803,,
KEN,Bomet,2020,False,-0.0845862093013869,0.42904362792504214,-0.9738216967865532,1.908739585754291,1.3805932447352793,1.2095120158251809,1.632006345653566,,
KEN,Bomet,2021,False,-0.7421245101936716,-0.4292040546368449,-1.1443193291548817,1.3041613179780038,0.12781585208320853,1.2281126288051865,0.7172695517112098,,
KEN,Bungoma,2001,False,0.3894702247810252,0.5807534792550463,-1.2129155270739145,0.09903426120204994,0.6813292805041709,0.5191939834496325,0.4122710469909929,-0.6822162187913847,1.4045529674667687
KEN,Bungoma,2002,False,-0.6448979095228795,-1.1950560653285665,-0.07033122063740603,0.45825142997031676,0.36087525892256844,0.5112395601228189,0.3180468594058711,-0.510094758235501,-0.8591858597700691
KEN,Bungoma,2003,False,1.0241836416532764,0.10813874885187778,0.7899628310672359,-0.9444702635387588,0.5342950541816763,0.5089458631929644,-0.033294317830657054,-0.5546947844927147,0.3905051849649761
KEN,Bungoma,2004,False,0.03765622626373643,-0.7736653703377345,0.1444312859966601,-0.07920705711208201,-1.752757232736815,0.1783300352272181,-0.906229693539426,3.0927105181735475,-2.1926363579056676
KEN,Bungoma,2005,False,0.8033774676911147,1.2348429578638047,0.8631638530275004,0.366824257880953,0.14059453262746258,0.5298317381209788,-0.41580713843437445,-0.4271733501940666,0.9734709806322213
KEN,Bungoma,2006,False,1.3311771233591876,1.7396398917983416,-0.9090305671233513,1.6385607272226166,1.0042013964755554,0.5218773147939642,1.8290463260191572,-0.36341263304474253,0.9455511628320292
KEN,Bungoma,2007,False,0.12383740859491048,-0.5511724135214918,0.58051816253325,-0.07341902711908273,-1.0532094880955805,-1.6994211298276956,-0.5770227026777991,-0.10615058838368278,-0.998784948771001
KEN,Bungoma,2008,False,0.5344992723617336,-0.21218347716928865,-0.5027436988717905,-0.17642478066253084,-0.9990778854223455,0.1493427051180412,-1.3542752291842317,-0.23589119874607248,-0.06849661966976332
KEN,Bungoma,2009,False,-2.8955609406380236,-2.3120021679685494,0.9265720069138027,-1.1610240286961084,-0.2491095703976021,-0.10202295328726196,-0.20094226755427547,-0.07924984439112584,-0.41581915310375583
KEN,Bungoma,2010,False,-0.4882977934266038,0.604520059507063,-0.24745574760560946,1.2410991912494636,0.616282390975458,0.560818701450709,1.7171174657774306,-0.1083697644474244,0.5144691759974819
KEN,Bungoma,2011,False,-0.36390483049138767,0.4498839798450119,0.3780127824636713,0.022545526792282274,0.10670298374346798,-3.420965652691778,-0.19630755984698373,-0.044609047298078346,0.16714664256348225
KEN,Bungoma,2012,False,0.22928617463217507,1.069221835740453,-0.6369664804516426,-2.0834262234352847,0.0042587449981387766,-0.8985753764823754,-0.6249310383623394,0.019151669851245695,0.1392268247632973
KEN,Bungoma,2013,False,-1.5733296687008216,-1.5068792352821658,-0.7515036722261853,0.3008071804352166,0.35638769194546555,0.058624050908928825,0.7401308947076585,,
KEN,Bungoma,2014,False,-0.5204557404670092,0.10393132409960117,0.014138484824021297,0.2100053324313518,-0.14852007708289047,0.38465248501536836,-0.44929390528574387,,
KEN,Bungoma,2015,False,-0.7520644265263517,-0.3756201162201745,0.043938493109041916,-1.431663284312975,0.9170306918768031,0.3455640665038724,-0.13723399471940673,,
KEN,Bungoma,2016,False,0.1382924903785086,0.826010713491219,1.1046391956655905,-0.29569526409917646,-1.024519767164377,0.5668690622625475,-1.0597281795022062,,
KEN,Bungoma,2017,False,0.22835093517288146,0.24647330492055572,1.1930067985901782,1.4216224381820477,-0.48039788428717567,0.5589146389355328,-0.3860361670788336,,
KEN,Bungoma,2018,False,0.48515264930311636,0.20470617044957712,-2.391174625385279,0.6247969185643321,2.542873138382582,0.5679423948001997,1.590659978969176,,
KEN,Bungoma,2019,False,0.8806826183450255,0.6315443818679408,2.0681119954967233,-1.6134762621718997,-1.6961832920862416,-0.9938814245509957,-1.788184683284884,,
KEN,Bungoma,2020,False,1.4982882580186658,0.4800730518461792,-0.8995830413012685,1.196923070370643,0.715900722673856,0.5859979065293324,1.4230655581122444,,
KEN,Bungoma,2021,False,-0.4657431807822798,-1.3531610537087004,-0.4847913090112278,0.2783358568466248,-0.5769566900341769,0.5667220304079974,0.09894874731863025,,
KEN,Busia,2001,False,-0.311225476860818,-0.4536012167649217,-0.7695892409583207,-0.3010608232543103,0.17338005747242408,0.17567141563842334,0.4816587851847545,-0.6822162187913847,1.4045529674667687
KEN,Busia,2002,False,0.25665651243966503,0.36299485166356277,-0.016486262895810212,0.5783239205853086,0.6853698826861437,0.18519596924357917,1.210734225318775,-0.510094758235501,-0.8591858597700691
KEN,Busia,2003,False,0.9267853646184231,0.6776668940794665,0.41400982221435406,-0.6698101763515288,0.36506151363101325,0.1947205228487854,-0.39513795677233315,-0.5546947844927147,0.3905051849649761
KEN,Busia,2004,False,0.1552139785302793,-1.1123503473880993,0.5263229485582234,-0.2394519849559528,-1.765378147673909,0.17871363598056675,-1.1435600881749934,3.0927105181735475,-2.1926363579056676
KEN,Busia,2005,False,1.4793859118785013,0.7350472330188742,1.0116077570495448,0.1696002290471873,0.2658341879282725,0.2137696300591475,-0.3979952239892718,-0.4271733501940666,0.9734709806322213
KEN,Busia,2006,False,0.12185844784335823,0.851927478668829,-0.9454594077913744,1.4696856594334085,1.6139116756567948,0.22329418366435377,1.9362014121911884,-0.36341263304474253,0.9455511628320292
KEN,Busia,2007,False,-0.0715888050905634,0.3903255822315517,0.30380480436872215,-0.05271671295404187,-0.8295080046586947,0.23281873726956,-0.264645330888717,-0.10615058838368278,-0.998784948771001
KEN,Busia,2008,False,-3.608910512264553,-3.094042899407452,-1.1965762314194066,0.5121277634851173,-0.529245324529709,0.24234329087476625,-0.8610485254859677,-0.23589119874607248,-0.06849661966976332
KEN,Busia,2009,False,-0.04405797380397223,-0.721803063037045,0.24563957177863088,-0.7679037215710314,-0.10709702835387015,-0.1006078753894409,-0.1448483890635333,-0.07924984439112584,-0.41581915310375583
KEN,Busia,2010,False,-0.2577438286533005,0.6703404655445522,0.5791494074252768,1.4005542324803042,0.42680300844622815,0.2613923980851283,1.4211217923246386,-0.1083697644474244,0.5144691759974819
KEN,Busia,2011,False,-0.17509718654549083,0.13268934441561886,0.08198052398260734,0.06177736467160125,-0.36795107901710217,0.2709169516903346,-1.0530428014752462,-0.044609047298078346,0.16714664256348225
KEN,Busia,2012,False,0.07129481003217324,0.4416893202749878,-0.21645162371725196,-2.402891094591715,-0.2526316253506117,-4.322309846720765,-0.94537017731698,0.019151669851245695,0.1392268247632973
KEN,Busia,2013,False,0.2272670893628572,0.710086115074845,-1.0716188736007046,0.4453876409986041,0.44343188828616487,0.28996605890069665,0.4220492678870246,,
KEN,Busia,2014,False,0.3701476611194721,0.9801880489907332,-0.4454487764150205,0.07166070872242682,-0.9012137613036283,0.2994906125059029,-1.5427502404801716,,
KEN,Busia,2015,False,0.9182673081576281,1.3436017501381392,0.3124184384632422,-1.4193368993004416,1.5270661422341671,-0.20374126339701332,0.30625074004199543,,
KEN,Busia,2016,False,-1.026670518666063,-1.0046370016965407,1.5218672429488354,-0.9314648845391577,-1.2436540971488397,0.3178305130364742,-1.3513485394167783,,
KEN,Busia,2017,False,0.7136952466192839,-0.20668493731233417,1.3183795289343057,0.5951043170880429,-0.2812543025430199,0.3280642733214712,0.35805704296906865,,
KEN,Busia,2018,False,0.7223517203999711,-0.19407904963337044,-1.9764172732437923,1.155392023795863,1.0512037055881658,0.33758882692667747,0.74401693331495,,
KEN,Busia,2019,False,-0.6033283664164989,0.3124756457640673,2.0439312525354048,-1.33944964044518,-2.028653409371839,0.15208154358201628,-0.7434928076379352,,
KEN,Busia,2020,False,0.31988558851799687,0.2947947581436975,-0.8111945520747321,1.2397333691192969,1.371125920007792,0.35663793413708994,1.448849605193643,,
KEN,Busia,2021,False,-0.1841869712183496,-1.1166289727691625,-0.9098690561427331,0.4247387085361975,0.3833987980140564,0.3661624877422458,0.5143002762758893,,
KEN,Elgeyo-Marakwet,2001,False,1.2350409864478509,2.437252242216342,-0.5698567879018782,0.3087203965149834,-0.32618031018757043,-0.04711984255936726,-0.1872026460984551,-0.05906830556279569,0.4227885000565927
KEN,Elgeyo-Marakwet,2002,False,-0.5529232718374035,-1.234666207054735,-0.2774076227220757,-0.25930468286736186,-0.28532122469661697,-0.11411013329987633,-0.3001309381941466,0.01112144318693019,-0.8202028322265651
KEN,Elgeyo-Marakwet,2003,False,-0.4500029487888068,-1.4416296712674628,0.21713041846962666,-0.6563716506968936,1.0071207564142055,0.2375033193927802,0.536899141275747,-0.3076808149862517,1.4597004418012118
KEN,Elgeyo-Marakwet,2004,False,-1.104829565865757,-1.0901815182704606,-0.2292372636834901,0.1766784158224647,0.12769860075952683,0.1958407272465368,0.5472129898728079,-0.21468808652035537,-0.4238171825384803
KEN,Elgeyo-Marakwet,2005,False,0.9785432732866143,0.7709618093297177,0.435507309105816,0.06993038447544958,0.1340440185468148,-0.047951653681018724,-0.22048886906469983,-0.37923489367238417,0.2547703613479629
KEN,Elgeyo-Marakwet,2006,False,1.06847415868168,1.1603032671480797,0.07374080858748958,0.7584272171916803,-0.2957832178952636,0.40267752684934527,0.03273126328485026,0.26505340322563314,-0.6679578249069154
KEN,Elgeyo-Marakwet,2009,False,-2.37213960740941,-1.69132099367021,1.3999515467471273,-1.376343909556101,-0.7550820411133004,-0.0512424646661957,-1.1411185050187604,2.603006521818683,-1.8348266535302564
KEN,Elgeyo-Marakwet,2010,False,0.5297756741434366,0.11927141415726368,-0.5190289884318044,1.7822214616320282,0.8214441657190347,0.699630599199914,1.2630745377118753,-0.861265585438012,0.9254713395399206
KEN,Elgeyo-Marakwet,2011,False,-0.8240143472765522,0.01686082463316744,0.6056246785858115,-0.2877831179097495,-1.1256442614951552,-2.3830771241610273,-1.1914544275461103,0.0030043981336498123,-0.3175199927432232
KEN,Elgeyo-Marakwet,2012,False,0.5420592637966548,0.3994729161817391,-0.5778025563262247,-0.8810006061655197,1.059510831088059,0.6402396802456815,0.6430418809499634,-1.060248080185097,1.0015938431997524
KEN,Elgeyo-Marakwet,2013,False,0.721103670466899,0.6556225720749713,-0.6978155318762688,1.1713889935804083,0.5908843822001353,0.6323473528917709,0.9399930954808126,,
KEN,Elgeyo-Marakwet,2014,False,1.4823594770553863,0.7270959775994469,-0.17993057705835097,-0.4429967260152579,-1.311218564652622,-1.3684004305205562,-1.1573324394144697,,
KEN,Elgeyo-Marakwet,2015,False,-0.9198039910126292,-0.47556780941375865,-0.13852349388089466,-0.31183142008704123,-0.3942585863093776,0.7395946580220375,-0.08534718204323119,,
KEN,Elgeyo-Marakwet,2016,False,-1.133759182552761,-0.6567999906579715,0.684879674733888,0.48726951789700657,0.30230413205286333,0.8697341896736985,0.2853505392569909,,
KEN,Elgeyo-Marakwet,2017,False,-0.04467430066264197,-0.35774378461295575,1.0034372164419543,-1.2013462406786437,-1.1710557969963307,-0.7143770501962798,-1.1655500899401776,,
KEN,Elgeyo-Marakwet,2018,False,0.18391409537653683,0.19943956261768914,-2.381880119712745,1.1297764818433056,2.4886833909775974,1.0416531912145284,1.9152820607229235,,
KEN,Elgeyo-Marakwet,2019,False,0.5324040828889861,0.6922985392884662,2.4135108703433175,-2.036973555658642,-1.3950483105775637,-2.1753978913566994,-1.7048790223129644,,
KEN,Elgeyo-Marakwet,2020,False,0.607247259448554,-0.07308933503023922,-0.8101353650018656,1.441279442570327,0.9974028106761401,1.0379176358379516,1.4361827551725626,,
KEN,Elgeyo-Marakwet,2021,False,-0.47877472618663647,-0.1575798152690891,-0.4521642164194322,0.12825959810755663,-0.46950077451057615,0.4045377098667759,-0.4462641440955178,,
KEN,Embu,2001,True,0.5393950895897,0.040897951983662376,-0.15858656634887497,-0.08287535329123426,0.6899784871141226,0.5210731118590083,0.8456883990317844,0.019738134333957644,-0.07412364800211539
KEN,Embu,2002,True,1.0282747401447916,0.6984948310653752,-1.0496993874483154,0.8643983188469544,1.058928520012187,0.4099568717170472,0.9216195638450014,-0.15584589127191856,0.9655327135846434
KEN,Embu,2003,True,0.7795843929827223,0.502163799876879,0.30213673638603206,-0.40537472832352733,0.6226568977235615,-0.868400485809901,0.32325642423922984,-0.32239876063118095,0.35329063398359434
KEN,Embu,2004,True,-1.156232770884326,-1.8540790750259801,-0.12292364280503247,0.22047903344948658,-1.1105347535648449,-0.6097413085363383,-1.0309160844600633,0.32575372825672266,-0.7751697084887395
KEN,Embu,2005,True,-0.9589939008128311,-0.2368064358568474,1.0270900169350818,-0.30504655248052925,-0.31661861570913896,-0.20025213348272283,-0.7332470494182354,-0.124092252838427,-0.2517316097731207
KEN,Embu,2006,True,0.407431893301801,0.7233580180778901,-0.4580392764984607,0.5479166491428672,0.5543048468063789,0.8153428110142459,0.4834726629901916,0.2051178233400703,-0.5542427316515148
KEN,Embu,2007,True,0.750780896431683,1.0498878361209818,0.2714393481289907,0.45108742773812227,-0.36870094346751414,0.49294727805080824,-0.3397960307046144,-0.23236973341760786,0.2789263247868316
KEN,Embu,2008,True,-3.21716248680912,-2.5521150232416216,-0.6800770756993693,0.5798663217616719,-0.19441449166763078,0.15373234664029692,0.20284055620883631,-0.7573169085635464,0.286146160631238
KEN,Embu,2009,True,0.5507731662682257,1.274806212350083,1.547754424203571,-1.675184998413554,-1.362373426425906,-0.42589734862515943,-1.5371558466882396,2.444276178051181,-2.081238012732006
KEN,Embu,2010,True,-0.01452065695919377,0.22275373821304686,-0.1973107520633961,1.655236467731552,0.31908254125283997,0.7479214263440365,0.8535075043876459,-1.4459650089908693,1.849240620933615
KEN,Embu,2011,True,-0.6184742397368301,-0.05436782194792833,0.6535476240193008,-1.9684767892343196,-0.9881488558212322,-1.1738041039106184,-1.0792952561463076,1.0250550696740945,-0.7246308575781139
KEN,Embu,2012,True,0.4443656320360114,0.8969913671955309,0.35816891324623545,-0.9678378580928356,0.09588881314199313,-0.5321527714630081,-0.036798156060360174,-0.9819523779424761,0.7280001143056876
KEN,Embu,2013,True,1.1392505691536865,0.13621232227509678,-0.9428868420134131,0.5365636586783221,0.6843692394668102,0.19987926372324877,1.0006306498489181,,
KEN,Embu,2014,True,0.30918105870061247,-0.5538352939486382,-0.70121740719671,-0.08504669026531704,-0.8672397419956783,0.20599611587055236,-0.29483411797079995,,
KEN,Embu,2015,True,1.080353344439731,1.1247067474377614,0.042861140365208224,-0.25585026046747245,-0.23529144751313216,0.5004933887144012,-0.1937726611983403,,
KEN,Embu,2016,True,-0.9681727615816614,-1.7962319507984505,0.6532501975271323,0.18656895373406915,-0.05824492343480146,0.1574663395985827,-0.10136954031098298,,
KEN,Embu,2017,True,-0.3880167490986986,-0.24302190660671416,0.6441444854692926,-0.8636012756964598,-1.0394542284146284,-0.4397367993743479,-1.0724634808248479,,
KEN,Embu,2018,True,0.05216454093093219,0.13241743024425548,-2.727810142496315,1.2744956312341384,2.5787091385902907,1.1787382765076238,1.994183606062259,,
KEN,Embu,2019,True,-0.16336788648510012,-0.15076752494846685,2.028670755058234,-1.5693478304762734,-1.37533346668037,-3.2814596771547,-1.7693292468639095,,
KEN,Embu,2020,True,0.3816018328374745,0.4278617273023219,-0.43866119696725503,1.5556651579195384,1.5206981935392612,1.2256790084819333,1.638160623403191,,
KEN,Embu,2021,True,0.02178429555038877,0.21067305023176255,-0.05185135180193704,0.3063647165048004,-0.2082617829525678,0.9222183898350114,-0.07438251937035717,,
KEN,Garissa,2001,True,1.4574042979500796,1.5983772032211132,-0.5883961929804717,0.5316654656257133,0.1387920270708468,0.47316811791557806,0.23157831789478298,0.44075809027278634,-0.6821970720291213
KEN,Garissa,2002,True,0.22466158158072883,-2.1273801202771327,-0.4605897326316052,0.5868277747803271,0.06931538293500479,0.6662281690906483,0.47282924542230637,-1.1986637245332132,1.2837378654741718
KEN,Garissa,2003,True,1.0204548540894447,1.2886479339544208,0.18364643330923658,-0.16591838086784721,-0.6109381865716302,-0.2741970661087846,-0.22882437575972375,-0.46212167072117877,0.13624148488773086
KEN,Garissa,2004,True,0.6147260071525308,-0.7406230134438466,0.9219665947291233,-1.252094598920465,-1.4520981992278146,-1.0957122311374439,-1.3046037176449985,0.9204490204447485,-0.8697352903310421
KEN,Garissa,2005,True,0.5013201164984468,0.3903491404065083,0.9191172243656871,-0.4405151562486255,0.3666035453544323,-0.9732421123290284,0.2950565675144822,1.031692890884701,-0.7435552226080256
KEN,Garissa,2006,True,-1.4614167407879055,-0.7894156406883855,-0.14579003853722172,-0.28568711077132086,-0.2724403647452664,1.175218136475435,0.3769123090617616,0.14237505383153626,0.23174247732124514
KEN,Garissa,2007,True,-0.605349299389433,0.7857225361966634,0.4320859425045813,0.594126243297347,0.6995658495431001,-0.47035326620837675,0.017799187397951565,0.3369638106884659,-0.3496754817943264
KEN,Garissa,2008,True,-0.9809387047191613,0.6914710255937965,-1.4005349261412638,1.0552171457155402,1.7739724173775973,0.8240869431058162,1.11625832708651,-1.635837549785443,1.6162594557089667
KEN,Garissa,2009,True,-1.8058389322307076,-1.7015801373057666,0.5959743409641152,-1.053993896682668,-0.9960726882959287,-0.7818182339845163,-1.1049137644386746,0.9554455296713698,-0.8049133731869812
KEN,Garissa,2010,True,-2.0833249917440293,-0.958180763925826,-0.5928052670836381,1.5266128784996877,1.4687826681919047,1.2221098666876544,1.648219210663862,-1.5804626522288814,1.585580380419515
KEN,Garissa,2011,True,-0.8492186179589614,-0.019658934966200744,0.40977589731191755,-0.8556917583548312,-1.014466984068989,-0.10859794855068919,-0.8924777928493695,1.0108204272279315,-1.260151264579586
KEN,Garissa,2012,True,0.7740387863660185,1.2421374614901226,-0.19267461038357817,-0.8646566900037235,-0.921280108120677,-2.6525369988622476,-1.821593975898752,0.03858077424717735,-0.1433339592825471
KEN,Garissa,2013,True,0.7536213883108821,0.05503823845932856,-0.811641430765058,0.8094815261359666,1.108519080226573,1.0648804872849083,1.468977452700903,,
KEN,Garissa,2014,True,0.3602529352755118,0.15229000764253517,-0.24998682825411106,-0.10105554961739238,0.46526863649902345,0.6753963832157566,-0.21891857881662818,,
KEN,Garissa,2015,True,0.4575961286168368,0.39497076976329515,0.0656926888977692,0.37962101255359004,-0.28451684367283236,0.8024888134950431,-0.28250176272597677,,
KEN,Garissa,2016,True,0.5014852675893549,-0.12066370123834658,1.8716744918041752,-0.43077648027015014,-0.43598823412904625,-0.4300133426976426,-0.22047860192278296,,
KEN,Garissa,2017,True,0.8656371647157255,0.15010889731494825,0.3785228356862185,-1.4144438823585423,-0.3572237591904846,-0.23651025847424711,-0.5384574820433042,,
KEN,Garissa,2018,True,0.3097562093656455,-0.35305007913478,-2.647991492831837,1.4533139366188241,1.9565295128052493,0.9980909537793443,1.402519069255115,,
KEN,Garissa,2019,True,-0.06785965524754928,-0.4072916539434026,1.7554754140999198,-1.2827961667377985,-1.033607441610821,-1.2593829274844437,-1.4043262709102111,,
KEN,Garissa,2020,True,0.9446735551264359,1.4307742921324318,-0.4062919716450855,1.9521927726044686,0.5760935941358365,0.7126467937082348,1.3272601967172521,,
KEN,Garissa,2021,True,-0.931681350559895,-0.9620434612514763,-0.03722937241887352,-0.7414290849981008,-1.244809904506078,-0.33195027892099865,-0.34031356070450497,,
KEN,Homa Bay,2001,False,1.3405658278884989,1.0883255526445643,-0.7291589783130894,-0.5720260068103684,0.6112479972230425,0.3802805040929882,0.19837718314752065,-0.680123644621198,0.6270150817077343
KEN,Homa Bay,2002,False,0.7171580427801921,0.7831386926819692,-0.04739366982059715,0.4307982153064667,0.8992207180873021,0.22613605175080143,1.2698504264155117,-0.5573892831326244,-0.05489886147580347
KEN,Homa Bay,2003,False,-0.37496207702782614,-0.2986128007546455,0.5335471916413237,-0.5901636283768976,0.3443143241749671,0.36030529756346574,-0.02943811508798602,-0.43628201170295294,0.4658226799274309
KEN,Homa Bay,2004,False,-2.5315362565945536,-2.233034942676283,0.290256517477008,0.2203551304738648,-1.5548381820153205,-2.8869437208552835,-0.6866075503871174,3.0618506769781977,-2.621362232429756
KEN,Homa Bay,2005,False,-2.2597756496281214,-2.0075257037105065,0.897817694986601,0.43006862210201263,0.5283951055455682,0.36853469194068655,-0.22709739597703052,-0.4706727788570011,0.7055087730093967
KEN,Homa Bay,2006,False,0.6634420704078172,0.19431260133217657,-1.0109065019105792,1.277084277017767,1.2118298756435377,0.46823164775673976,1.1568193954370118,-0.4146491097834173,1.2262303144126312
KEN,Homa Bay,2007,False,1.1506212338547677,1.153881240837293,0.47545785912299726,-0.20612734482692593,-0.8804588084631506,0.4645117335822917,-0.36648527492591887,-0.2626271272346227,-0.05700137106434616
KEN,Homa Bay,2008,False,-1.0135548242062404,-1.2417279658759524,-0.4539714611702273,0.4647741970770325,-0.6237615684614632,0.4639256639528889,-0.7236816955681373,0.14972926473854087,-0.538476066816785
KEN,Homa Bay,2009,False,0.5004739633683118,0.1705901624180615,0.42944274138343425,-0.43130190407121544,-0.6026932998241844,-0.11328780198643869,-0.5410173846169247,-0.2612219130928041,-0.017754525413514948
KEN,Homa Bay,2010,False,0.586909001762839,0.45152310409107144,0.37182877165168093,1.6120156458621036,0.349030372159026,0.5254304155976603,1.243770374229771,-0.2222826896376934,0.703406263420854
KEN,Homa Bay,2011,False,0.46815121170188434,0.21226834116856222,0.010743198976385145,-0.9035936286719196,-1.5191954908778578,0.5154428123331218,-1.7809865282254318,0.2120394181306313,-0.7802646694872579
KEN,Homa Bay,2012,False,0.658276491740599,0.9962337020318042,-0.4371911548044596,-2.212416445318799,0.35901933429809285,-0.0147629854289684,0.423264629801392,-0.1183708017850553,0.341774614209416
KEN,Homa Bay,2013,False,0.47794932195458145,0.9496941308923597,-1.1044103620280414,0.8727215922879228,1.4174328393945788,-0.1407028368644119,1.1271972405985926,,
KEN,Homa Bay,2014,False,0.5330675319619349,1.0568025484415555,-0.5457640152560623,-0.04750881825606503,-1.2058958498495618,0.519952292535672,-1.4944213246986426,,
KEN,Homa Bay,2015,False,0.5882074039849399,1.1255206797214714,-0.14018448575822748,-1.4286618471044725,0.32800525519940105,-1.386011260552942,-0.4973178084204229,,
KEN,Homa Bay,2016,False,-0.3339757663849586,-0.5069704758135108,1.1768081144220013,-0.45092094628320367,-0.7541911384768123,0.3464187032933655,-0.974004613585841,,
KEN,Homa Bay,2017,False,0.07705356072586128,-0.07787030674661688,1.3101949123323333,-0.2581951008234881,-0.7370581952460822,0.587138663641799,0.17206509364445122,,
KEN,Homa Bay,2018,False,0.09565087114264949,-0.06153875777091744,-2.1112287439741664,1.1091999339861984,1.3366801659183976,0.6147571949189169,0.48646358563545583,,
KEN,Homa Bay,2019,False,-0.05206229319357631,-0.17896722648264973,2.4960349196990776,-1.2121131374963894,-1.4358311498870173,-2.4946026635127203,-1.393271605544305,,
KEN,Homa Bay,2020,False,-0.3527531271326979,-0.5777068069338637,-0.7134244700777749,1.6365250136091782,0.7963449383100919,0.6605927238380167,1.6748474178210204,,
KEN,Homa Bay,2021,False,-0.9389065391069025,-0.9983357694959434,-0.6984980785796181,0.2594861803171977,1.1324027571474453,0.5346528724023505,0.9616739503070311,,
KEN,Isiolo,2001,True,0.6239845776353469,0.7054534893492279,-0.2504768107423976,-0.2642348044862106,0.20927713031546125,0.1276737402682274,0.15734201585846672,0.019738134333957644,-0.07412364800211539
KEN,Isiolo,2002,True,0.3526152601583989,0.07509549094558664,-1.007957663654972,0.7618535544620815,1.0418743156944088,0.593009069397066,0.6267517202814941,-0.15584589127191856,0.9655327135846434
KEN,Isiolo,2003,True,1.1241486285767155,1.5410829155104642,-0.06136491820084203,0.3468717597976093,0.7478694693853066,0.3549487523159669,0.6266653641276723,-0.32239876063118095,0.35329063398359434
KEN,Isiolo,2004,True,-1.8674963069172472,-1.7071680327874532,-0.355299988953833,-0.01638491049720319,0.12274921333525812,0.5371897433374194,0.1698294467791781,0.32575372825672266,-0.7751697084887395
KEN,Isiolo,2005,True,-1.1295897949601201,-1.1681098222965383,1.2021158136433658,-0.3116755862376869,-0.0626123969192718,-0.9382209147688274,-0.39726369022514646,-0.124092252838427,-0.2517316097731207
KEN,Isiolo,2006,True,0.20953434670614884,-0.31229153949627075,0.4953795346433803,0.07405846257223124,-0.235238370181981,0.2617259057937651,0.12291957007021888,0.2051178233400703,-0.5542427316515148
KEN,Isiolo,2007,True,0.41645790672130034,-0.06535305224190889,0.539426928275582,0.08980092255326372,-0.670695773062238,-0.714220732482294,-0.7500895521063513,-0.23236973341760786,0.2789263247868316
KEN,Isiolo,2008,True,0.1566199579030406,0.3292043146965405,-0.5768062611352406,0.1242408549317723,-0.07212428144280532,0.027963666459322505,0.07537236839215107,-0.7573169085635464,0.286146160631238
KEN,Isiolo,2009,True,-0.45540922267402084,-0.8755380424938788,0.39999720739242295,-1.198455457364909,-1.1605228491515491,-1.0879084703636788,-1.0774224152232024,2.444276178051181,-2.081238012732006
KEN,Isiolo,2010,True,-0.6486207689608304,-1.0106365732385367,-0.05041996803052536,0.942930306197789,-0.22366518195426913,0.5404637552090803,0.6715233855140166,-1.4459650089908693,1.849240620933615
KEN,Isiolo,2011,True,-0.7000052062524936,-0.5397520750691308,1.0358973716387032,-1.378511283505674,-1.3612777304378898,-1.6645516834459986,-2.0794699789699504,1.0250550696740945,-0.7246308575781139
KEN,Isiolo,2012,True,0.7112642626723428,0.9281487668726316,0.1441204138132987,-0.4745706456941776,-0.5835820694991657,-0.08028469715717708,-0.21368126722944325,-0.9819523779424761,0.7280001143056876
KEN,Isiolo,2013,True,0.7535778608464018,1.0671476430904718,-1.0308820728265196,1.0926525895752255,1.0688355030774572,1.303094575029926,1.056421040050663,,
KEN,Isiolo,2014,True,-0.31230105078518255,0.5852879463494326,-0.6214737470237223,0.2176037916122801,0.21229913212611293,0.2742153518635942,0.3021668037847077,,
KEN,Isiolo,2015,True,0.922519585900912,1.3560394044270065,0.14503476635923754,-0.641204136166001,0.05428233965086964,0.9368696703543687,0.30059335603629855,,
KEN,Isiolo,2016,True,0.1363197718607643,0.3573103877354251,0.6927515587330746,-0.1217217446588095,-0.5079849828738692,-0.37245883611222214,-0.23399620754347475,,
KEN,Isiolo,2017,True,0.5200853184319405,0.5071805051735041,0.7500161437099448,-1.398288526515002,-1.3893792652567103,-1.438704706553867,-1.3863661078460885,,
KEN,Isiolo,2018,True,0.36380037041773317,-0.0699546267126788,-3.1113804837345436,2.867921673225091,2.758119105122992,2.179861336398364,2.3208668813062414,,
KEN,Isiolo,2019,True,1.106514783232729,1.0695346471662475,1.7281471552736474,-0.9944918934119563,-0.7192373868212565,-1.1541831511804184,-0.48451154720834694,,
KEN,Isiolo,2020,True,-2.848259248871833,-2.091375052141865,-0.17285677022710605,1.0831586905184696,1.478883272376017,1.2775509983129703,1.4235530541497134,,
KEN,Isiolo,2021,True,0.5642389683579535,-0.6813066948382773,0.10603179104704465,-0.801553616908183,-0.7078691934828778,-0.9640333726755883,-1.2312042399988181,,
KEN,Kajiado,2001,True,-0.21513010414192804,-0.373721923132979,-0.830994108505494,1.0924953382975142,0.3120278121825712,0.45000816851650266,0.33108559466045195,-0.023855030150726902,0.4353995533539071
KEN,Kajiado,2002,True,0.1229594650668305,0.10662041222885722,-0.4573894717005874,0.099816447342844,0.21208636860600605,0.14489414865832337,0.178762615431751,0.05541094202003687,-0.8911897193992708
KEN,Kajiado,2003,True,0.22944842700886864,0.15362847126934945,0.4792534368393557,-0.2227450657271506,-0.21259698901485627,-0.9036054478910597,-0.6427149015653907,-0.2888715803230899,1.5556838035812466
KEN,Kajiado,2004,True,0.09757684504695348,0.2006365303095371,-0.15171872024106936,0.06509601643344164,0.03742454131416866,0.21688640740542126,0.5176190492642624,-0.18477690330147864,-0.4569896138507678
KEN,Kajiado,2005,True,0.10799019462256282,0.24764458935007796,0.9091068976536464,-0.6402140234422143,0.07106499581725968,0.005101436631838241,-0.10450465144261861,-0.3611005398890971,0.2746735474326224
KEN,Kajiado,2006,True,-0.6474141564771503,-0.35357540257469033,-0.9520023139765493,0.37868904315618157,1.017789229153072,0.6887781683725758,0.8342436236820415,0.34326458970216717,-0.7088736529811164
KEN,Kajiado,2007,True,0.7335903903170808,0.8668858856132933,0.3516311631041094,0.28200518621248377,-0.9406519081166755,-0.33345942179370186,-0.8591625334376137,-0.5457889273088257,0.5373526168114107
KEN,Kajiado,2008,True,0.34164515819180286,0.578453854330401,-0.5524279705666614,0.07477382545379362,0.5681796356459042,0.39332217425517435,0.7269970323355839,-0.009382683473036503,-0.6177156197720391
KEN,Kajiado,2009,True,-0.29121388330672454,-1.7860778087357982,1.650188669451063,-2.2107232776066765,-1.2617304613820255,-1.5696465267239292,-1.6995718731751233,2.897434617590459,-1.9443048925252182
KEN,Kajiado,2010,True,0.2874580429333481,-0.42940915245328753,-0.31574761319311473,1.0904596514366147,0.1850536198956649,1.0221264640239147,0.5650258639682766,-0.87174866211499,1.017131738964437
KEN,Kajiado,2011,True,0.7031457872427319,0.528519862210682,0.8240336779333354,-0.12454407104707989,-1.194989528953902,-0.7507343968013552,-0.8911590240118549,0.07214044368412968,-0.30945753378872565
KEN,Kajiado,2012,True,-3.489937894305701,-2.662842880294856,0.0037212170836043957,-0.43999993492254386,0.5613340488627507,-0.2108476459206137,0.3366034235042041,-1.0827262664355475,1.1082897721735143
KEN,Kajiado,2013,True,1.061871816459016,1.412633738378512,-0.6157525409824856,0.7118607598736106,0.8539555775345936,0.6514885175249158,0.8392652254939004,,
KEN,Kajiado,2014,True,1.4837307743959183,1.6870359178027234,-0.4144322494089663,0.4751136255376185,-0.8724202411496256,0.15865103800229025,-0.11780220331831426,,
KEN,Kajiado,2015,True,-0.5716404036699694,0.24047643247554795,0.3020163180065633,-1.1513345147296696,0.01879439996178889,0.4340068385604528,0.010582580832288956,,
KEN,Kajiado,2016,True,-1.1372232027048799,-0.3686377733965623,0.5690691239453302,0.10232826948819262,-0.09446369676289226,0.7333079070120385,-0.04865975623146996,,
KEN,Kajiado,2017,True,0.4564167027391316,0.11508711113467117,1.0913863880022487,-1.5774122397381127,-1.2315173854862036,-1.2846875607221429,-1.420070411058754,,
KEN,Kajiado,2018,True,0.6711882944060389,0.46372409597291053,-2.3340800095276006,1.052013546221769,2.8429921005906786,1.085202760513294,2.3052337814762143,,
KEN,Kajiado,2019,True,0.4578978909457122,0.3933770608982095,1.9175513348437905,-1.4500692101721446,-1.3363145509092613,-2.7011067738501606,-1.8305009313466631,,
KEN,Kajiado,2020,True,-0.3604367823541881,0.4460880049286019,-1.3756834740212545,1.967810342181406,1.006880493937103,1.656274603539,1.2644934008587778,,
KEN,Kajiado,2021,True,-0.041923362415455266,-1.4665470263152016,-0.09772975473926333,0.42458028575012186,-0.5428980617261192,0.1140391406872211,-0.2957659059199503,,
KEN,Kakamega,2001,False,0.6451319235079228,1.1083538844385654,-1.036671297375447,0.34312765601109907,0.11396121608237952,0.4300724000126082,0.14086428116213054,-0.6822162187913847,1.4045529674667687
KEN,Kakamega,2002,False,-0.23675333524380016,-0.026408721862454188,0.18994271127861057,0.2707816872113897,1.0515020674168256,0.3349273560031832,1.0229043393823514,-0.510094758235501,-0.8591858597700691
KEN,Kakamega,2003,False,0.4697736661940322,0.41910628484896917,0.2667187875323427,-0.8317309300387078,0.7545719179019328,0.45843311262736985,0.030781788041647416,-0.5546947844927147,0.3905051849649761
KEN,Kakamega,2004,False,0.8084216841176991,0.9572456556360073,0.19495393574722827,0.23037887294294518,-1.3436939047819285,0.15830294302381245,-0.5091595138365479,3.0927105181735475,-2.1926363579056676
KEN,Kakamega,2005,False,0.21375380038525293,0.32601762051944927,1.1019626078724674,0.4836248589953799,0.48779562962812556,0.4867938252419374,-0.046949526255500515,-0.4271733501940666,0.9734709806322213
KEN,Kakamega,2006,False,0.325489730355587,0.45570208604148527,-0.5538586665301193,1.6956748732566458,0.939548985697826,0.5009741815493182,1.41986259766531,-0.36341263304474253,0.9455511628320292
KEN,Kakamega,2007,False,1.7725566364872518,0.6161404200239441,0.4748908429705086,-0.08438909242670006,-1.2410538553238677,-2.7372761215700723,-0.8854237122771372,-0.10615058838368278,-0.998784948771001
KEN,Kakamega,2008,False,-3.642107667325016,-3.7294710631303745,-0.871588959412644,-0.6184931922012471,-0.7887983885979487,0.3380154436096211,-0.9984274875625299,-0.23589119874607248,-0.06849661966976332
KEN,Kakamega,2009,False,-0.7412566803208807,-0.2431125150065862,0.46764245149733874,-1.0152504842682213,-0.5773004168942233,0.13354499928319596,-0.6815527199984354,-0.07924984439112584,-0.41581915310375583
KEN,Kakamega,2010,False,-0.3008309943636173,-0.4184434681973854,0.22395786917977967,1.0212739201001055,0.5261834416834629,0.5576956067786474,1.6803086847013167,-0.1083697644474244,0.5144691759974819
KEN,Kakamega,2011,False,-0.7675421897880982,-1.0930521764425511,0.33722768591137636,-0.5353883134667305,-0.3507484207751074,-1.7622213336790689,-0.79874266907253,-0.044609047298078346,0.16714664256348225
KEN,Kakamega,2012,False,-0.06352155552980124,-0.046915204002912624,-0.278236877524468,-1.954047832889941,-0.1634430534172346,-0.6711857842505384,-0.6171546493151276,0.019151669851245695,0.1392268247632973
KEN,Kakamega,2013,False,-0.11026084663523447,-0.27976154646694984,-1.2888602245722385,0.4207931111897794,0.349987749807388,-0.03658378114492963,0.7974544360498642,,
KEN,Kakamega,2014,False,0.1943786037235622,-0.16922090721060642,-0.36360468220806724,0.031906696355330846,-0.9582023906488385,0.4394963915012037,-1.5347911895787134,,
KEN,Kakamega,2015,False,0.5688157918153891,0.4430110568909453,0.24233063097474752,-1.2298600035662117,0.9642513361016255,0.43727793776089857,-0.10719261574677648,,
KEN,Kakamega,2016,False,-0.36241137019090597,-0.4974109526532972,1.1202583536566761,-0.5793970798456402,-0.7558886452988691,0.6427777446227383,-0.5914996934363573,,
KEN,Kakamega,2017,False,0.18571061141305667,0.43570184192209693,1.136876779591408,0.8594653799995733,-0.2518336174188299,0.4492398403281685,-0.04203955690752718,,
KEN,Kakamega,2018,False,0.06924036057920326,0.43290081526665264,-2.3299463660253856,1.4104928880158947,1.5814087396456986,0.6711384572375,1.2436549825402174,,
KEN,Kakamega,2019,False,0.35424021690156926,0.6380627536583618,2.25380665924509,-1.6538358794412278,-2.233345184588142,-2.2446019149471095,-1.6579223734414315,,
KEN,Kakamega,2020,False,0.33867196627186175,0.12992222897566588,-0.8398109685160109,1.3101402254930463,1.4832138218815272,0.6994991698520675,1.6325649143008922,,
KEN,Kakamega,2021,False,0.2784996476449657,0.5416319067509743,-0.4479912732931931,0.4247326385734384,0.4118829718981977,0.7136795261594483,0.5024596835848845,,
KEN,Kericho,2001,False,0.4381277742466256,-0.1745830056571726,-0.7048538337285566,0.40238721877054323,-0.21700422529396876,-0.25802010715548346,-0.18714572905482257,-0.023855030150726902,0.4353995533539071
KEN,Kericho,2002,False,-0.757948843808338,-1.0257210445517917,0.09619596703171701,0.0009268511768640946,0.29539491671961055,-0.21385724305831014,0.08067461199707135,0.05541094202003687,-0.8911897193992708
KEN,Kericho,2003,False,-0.5563218003393128,-1.0951384509140945,0.6697942110899298,-1.734030313540309,0.5575994143366747,-0.16351924614086108,0.08079364461625861,-0.2888715803230899,1.5556838035812466
KEN,Kericho,2004,False,-0.01449666835274324,0.11052258550979072,0.06637582971731738,0.5646626913718644,-0.02241494374955593,-0.11607173692650392,0.772278546419994,-0.18477690330147864,-0.4569896138507678
KEN,Kericho,2005,False,0.44667376600884906,0.6884306483152571,0.7840353321634449,0.36793434758168225,0.4773948998938303,-0.06310602391532649,0.0750495577108779,-0.3611005398890971,0.2746735474326224
KEN,Kericho,2006,False,1.360541180807889,0.3982187533936675,-0.5864188891203649,1.5390468569687963,0.9853844412378691,-0.019468703036908182,0.8455843271284215,0.34326458970216717,-0.7088736529811164
KEN,Kericho,2007,False,1.382754335145539,2.5187071947051325,0.03958873746966254,0.21281356623674705,-1.239671229693069,0.04229985888828269,-0.547283496582198,-0.5457889273088257,0.5373526168114107
KEN,Kericho,2008,False,0.9339074668554094,1.2953865312035937,-0.6190789437148024,0.0846252998297896,-0.5721255305645718,0.07910511792299785,-0.43307627665010934,-0.009382683473036503,-0.6177156197720391
KEN,Kericho,2009,False,-1.2359090533190893,-0.8534726280313929,0.796425686728599,-1.2352424977543564,-0.9612034360511121,0.07045088853612784,-1.2089278363913298,2.897434617590459,-1.9443048925252182
KEN,Kericho,2010,False,-0.14156737134258682,0.45496622342633447,-0.3566457754824404,1.2262887039646497,1.1931361697697462,0.19331384964063913,1.495764910074333,-0.87174866211499,1.017131738964437
KEN,Kericho,2011,False,-0.45687259727929785,0.05637872652911293,0.22779578909962211,-0.46692266848023944,-1.1278301747457604,0.19280554014432713,-1.1843338659962683,0.07214044368412968,-0.30945753378872565
KEN,Kericho,2012,False,0.7491475215533075,0.6144539552671214,-0.3544522998217404,-1.207678624329578,0.5889030401790056,0.2633769509835315,0.320082782484601,-1.0827262664355475,1.1082897721735143
KEN,Kericho,2013,False,-1.595576622160746,-1.4213768035642056,-0.784635727111426,0.630774422516768,0.6543263193848222,0.3336855902133536,0.9188443260602482,,
KEN,Kericho,2014,False,-2.341215477741013,-1.9726842894068337,-0.4131879585329851,-0.19066045811413224,-1.3601021357543166,0.3867826890292408,-1.2621720425891223,,
KEN,Kericho,2015,False,-0.9830864305782189,-0.8202812094474669,-0.3812393920693955,-1.1996553345216283,0.018348526626722886,0.4255587351342569,-0.31965039903883413,,
KEN,Kericho,2016,False,-0.39029467178073585,-0.3580789882671213,1.0595663195962615,-0.018772533326094253,0.11451259700935594,0.4858820532078925,-0.22766260135495092,,
KEN,Kericho,2017,False,1.0286871056811704,0.3267349889828296,1.712940421794023,0.04119133494102344,-1.0430627796311327,0.5236070128754172,-0.6973561603108088,,
KEN,Kericho,2018,False,1.063310963086814,0.5642832279453,-2.222217277671422,1.1866938370121556,2.173351083908924,0.5809084574412605,1.4845392184494801,,
KEN,Kericho,2019,False,0.2325245409667679,-0.24730121823313223,2.4078155394882717,-2.018100105973143,-1.8634332668283995,-4.168933919870825,-2.2377359203782987,,
KEN,Kericho,2020,False,0.2923834594507952,0.2537404820192171,-0.7334561930546254,1.2593984964724019,0.8164221719041175,0.6920953156511003,1.4027363400021728,,
KEN,Kericho,2021,False,0.5452314228989144,0.6868143207758542,-0.7043475438710902,0.5543189091961945,0.5320741413412072,0.7331049204357902,0.8289960634032835,,
KEN,Kiambu,2001,False,-0.2726382834875668,-0.7619229227657737,-0.6920219673285306,0.10591228761159326,-0.16505076845797298,0.3867453777760255,0.057001297110896,-0.07015631607505625,-0.1227156303333632
KEN,Kiambu,2002,False,0.9173992698205106,0.5644326533452706,-0.20217390434549082,0.2594156453521401,0.527842944535275,-0.34855045793733486,0.15493366668649133,-0.27381688106054347,-0.359381488833286
KEN,Kiambu,2003,False,0.898255749375869,0.7293894995028313,0.7348444490457295,-1.481316787798532,0.6716429920044891,-1.1591641149024268,-0.043245169722399515,-0.37728066901752905,1.796907444166127
KEN,Kiambu,2004,False,-0.21735066571419534,-1.1553950989458006,-0.07781924534375537,0.4261308036031249,0.11700532012238878,0.23279722782658716,0.4537214318841478,-0.00028280327157859575,-0.1490118368333209
KEN,Kiambu,2005,False,0.8551983616106673,0.6407914425168502,0.6785716333645462,-0.13411412447876922,0.1050621487095442,0.35187453853078887,0.0389062261355201,-0.5431637820523274,0.4689490159165179
KEN,Kiambu,2006,False,0.7303874335610812,0.5662810763206055,-0.49182829335145706,0.6223731378950577,0.15503797792415286,0.21678633468669106,0.39684374013898066,0.8889182177045931,-0.9641942383330719
KEN,Kiambu,2007,False,-0.6523863290966986,-0.5788684294377819,0.0015384866708644913,0.4429838154987626,-0.595489651006729,0.20907007770345556,-0.32113787902473945,-0.37344805154590643,-0.1753080433332786
KEN,Kiambu,2008,False,-0.32697501847020505,-0.026588305858599254,-1.1542001190481757,0.23766453647767607,-0.6075725092083805,0.2282591630103772,-0.35310432861262525,0.324662376725122,-0.9247499285830595
KEN,Kiambu,2009,False,-1.4078809535749726,-0.47654256586568133,1.3932177326523354,-1.5236020241735628,-0.8629029211828466,-0.590773124145821,-1.361386982935628,2.7430186756662103,-1.8451171560827921
KEN,Kiambu,2010,False,-0.40337475589380867,0.287861058281628,0.08030976584558192,1.3864205953394562,0.5093178483255343,0.6515808057213878,0.8267543410069879,-0.9035480108287585,1.1657984881663834
KEN,Kiambu,2011,False,0.03152367429217676,0.9349072519501859,1.0334555723334882,0.4928333346937006,-1.3919684233867025,-0.6011287542565837,-1.2873283250128134,-0.47705535161087,0.2454312606666517
KEN,Kiambu,2012,False,0.6627873500967355,1.4239065031099494,-0.34102994266062,-1.127991784585084,0.9777406037147193,0.030156868151316508,0.6323001043650338,-0.9378474046333557,0.8633921134164924
KEN,Kiambu,2013,False,-1.3475456930705967,-0.6330210477258232,-0.884511783545382,0.5264513745468843,0.805633315320012,0.5187113634260193,1.3324151787528098,,
KEN,Kiambu,2014,False,-2.4431548277888684,-2.909885568567922,-0.7509338207891846,1.2069473767543997,-1.1666780255224254,0.2411276684082778,-0.6164926309504872,,
KEN,Kiambu,2015,False,0.6587043720737216,0.6106817921697327,-0.20390660591787327,-0.5181971055929316,0.07241745893471474,0.4548877919488455,0.050213961192368296,,
KEN,Kiambu,2016,False,-0.402495211472607,-0.11295684331581744,0.6246179720956284,0.12123064161346012,0.36650161456668345,0.7208091483528797,0.37080037703380425,,
KEN,Kiambu,2017,False,-0.16031140901059604,0.13290534761345923,1.2490569618310345,-1.0030283140933491,-1.3998925229818406,-0.2958788659619507,-1.6189861345468184,,
KEN,Kiambu,2018,False,0.2816507306642315,-0.2090095389437187,-2.0574974341463204,0.4766499350703359,2.5030035967856943,0.6793067286801098,1.8976092473584374,,
KEN,Kiambu,2019,False,2.1693200166748157,1.6552260815467812,2.3234652214376714,-2.397206614169727,-1.285326606188551,-3.700656179158168,-1.749528492111533,,
KEN,Kiambu,2020,False,0.7453593684639074,0.23669448642118507,-0.6241800365333798,1.3667059642535078,1.4103056770660756,1.0565294091232844,1.7004574314047807,,
KEN,Kiambu,2021,False,-0.31647317905360084,-0.9188868713515606,-0.6389746422667106,0.5137373061818555,-0.7466300700738348,0.7175089930162387,-0.5607470601532143,,
KEN,Kilifi,2001,True,0.3585848975342324,0.20639211476738012,-0.36622397432602016,-0.19767395624593748,-0.4122455924863682,-0.46364253008356154,-0.7359229183204383,-0.8486411014924651,0.7396573589793266
KEN,Kilifi,2002,True,-0.10064430690296455,-0.10475462565745684,-0.5472476768448782,-0.1450164263889693,-0.1678937741511182,0.6067329770611339,0.8318449231366044,0.7869063482191377,-0.6511815983357445
KEN,Kilifi,2003,True,-0.31118176233392003,0.05231388288951906,1.081080889713838,0.34671723506360336,0.30818877770743036,-0.6207595901041956,-0.26602165783612974,-0.23134957035104603,-0.05662448681176481
KEN,Kilifi,2004,True,0.5076365724210502,0.13839287462361696,0.5033221381613744,0.025381221148409443,-0.9335923561601679,-0.26310997664635694,-0.33115158212871576,2.0025048713391294,-1.447463444126836
KEN,Kilifi,2005,True,-0.8086091986365466,0.07516393727368546,0.8502766448362539,-0.39265332965138156,-0.001701751268155722,0.472392392415524,0.16541734264123686,-0.6595937325281724,0.314973707890707
KEN,Kilifi,2006,True,0.04534463980141451,0.1885519290425089,-1.1421030391290168,0.1954704204022651,1.1615875702989755,0.7703265035307304,1.1420152526927438,-0.6655789025075822,0.5591668072666214
KEN,Kilifi,2007,True,-0.6220296344868183,-0.06476647986536438,0.18616960019342,0.5081498532694853,2.0429009419852013,-0.7692151854207285,0.38431489333992513,-0.39204613414951756,0.3362078904451083
KEN,Kilifi,2008,True,2.142808055256231,0.6845004574704509,-1.6834827011793778,0.9104335125002639,-0.1584259096222173,0.6068104287254423,0.20155039461049615,-1.0138947947138262,1.2811290141171598
KEN,Kilifi,2009,True,-0.26512983163521153,0.19256990975532035,0.6391322011881541,-1.214091166892917,-1.6323464131339473,-1.3219312566222832,-1.467255968023858,1.3507093602813192,-1.5111659917901847
KEN,Kilifi,2010,True,1.5450696563184059,0.7448449716753917,0.2061416682855923,0.9938487440840336,1.1482906216865316,0.8674428156787678,1.2109223149325556,-1.1667791366444382,1.6527272088196312
KEN,Kilifi,2011,True,-0.9031631515739724,0.3272303912061005,0.23951518923440226,-0.11480151352472116,-1.0869870809602304,0.3558108822365004,-0.9633880363645799,0.43596538146061725,-0.672415780890291
KEN,Kilifi,2012,True,-1.8857275700637173,-0.017295565156480428,0.29292583387176774,-1.6899797999626696,-0.856018095582314,-2.1351632681176613,-1.387415802410336,0.40179741108684486,-0.5450106855637329
KEN,Kilifi,2013,True,-0.8847963330768611,-2.8712089344423064,-0.2748143558363927,0.29803648486207546,-0.0478080232629132,0.8444761766170977,0.9301163542471362,,
KEN,Kilifi,2014,True,-0.9423172842091412,-2.887374855362322,-0.8645953816020107,0.47129729357670436,0.043799018405364154,0.8447654259472626,-0.06435168359002887,,
KEN,Kilifi,2015,True,1.4819008313761959,0.9899138500170873,0.4200965136977845,0.26192800658051657,0.5422714243846423,0.7235511151963174,0.26513118959128673,,
KEN,Kilifi,2016,True,-1.050334523788389,0.13047118513788128,1.962265448395666,-0.4937031905356712,-1.1874638040220757,0.10624476350866917,-0.7560606263026469,,
KEN,Kilifi,2017,True,0.9503832224799896,0.5919352442684025,-0.5375543929825487,-1.3525103384904458,0.17492495416920575,0.48596709193220344,-0.13836055800431044,,
KEN,Kilifi,2018,True,0.9668195402399338,0.5823590181674984,-2.12869067508428,1.7846300266008446,1.1849587039183216,1.0126595048632259,1.5313072969776407,,
KEN,Kilifi,2019,True,0.11164449383846352,0.4703340722076872,1.4086748509026217,-1.2387129509796164,0.3319863257723599,-2.2025950355096002,-1.3937663892603651,,
KEN,Kilifi,2020,True,0.12003180985225308,0.45868250065973337,-0.818640108311089,2.1788069038344737,1.192910457679427,1.020077436329824,1.9075504567956818,,
KEN,Kilifi,2021,True,-0.4562901224106284,0.11174412132166665,0.5737513268147393,-1.135557029250346,-1.6473359953579516,-0.9408406715383112,-1.066475196723898,,
KEN,Kirinyaga,2001,False,-1.1956174094182357,-0.7818424843682731,-0.5967596563187337,-0.15250137893264992,0.6323141968453532,0.19163651940385473,0.8614511764301446,-0.07015631607505625,-0.1227156303333632
KEN,Kirinyaga,2002,False,-0.40470468921649116,-0.09647619330344796,-0.5467575550122192,0.5211053447776334,0.8170074166722622,0.011573337942877822,0.7513775054643513,-0.27381688106054347,-0.359381488833286
KEN,Kirinyaga,2003,False,-0.6281593140536885,-0.3177699165160036,1.0143518478590128,-1.1932378321530497,0.8455363351343677,-0.6241378009889673,0.44181989792153775,-0.37728066901752905,1.796907444166127
KEN,Kirinyaga,2004,False,-1.076112537751629,-0.957649279521174,-0.1692735529121997,0.23693598047187936,-1.037958345716768,-0.18598819400330702,-1.1531389001118237,-0.00028280327157859575,-0.1490118368333209
KEN,Kirinyaga,2005,False,-0.9985725313766648,-0.9630010712722831,0.9702600649352616,-0.8910210008778015,-0.1630686708204083,0.03280178029858073,-0.6368579977752405,-0.5431637820523274,0.4689490159165179
KEN,Kirinyaga,2006,False,0.2673495000387126,0.1265348912308673,-0.3826867576897865,1.2684461241231215,0.015590653414982347,0.20541511147265695,0.2696451354019849,0.8889182177045931,-0.9641942383330719
KEN,Kirinyaga,2007,False,1.7108207243449498,0.8489005522204293,-0.13986556782320492,0.39043649214820847,-0.27226042245223137,0.20885127002281845,-0.4667831088661846,-0.37344805154590643,-0.1753080433332786
KEN,Kirinyaga,2008,False,2.8088753374222613,2.4014437831821005,-1.2889355763793713,0.2654446220041438,-0.27885076315588353,0.07260514089404699,0.1307073292376611,0.324662376725122,-0.9247499285830595
KEN,Kirinyaga,2009,False,0.9420916514992799,1.33047442125113,1.4156117548882954,-0.6839251650239564,-1.09592242530548,-0.010632506640599938,-1.2095866938127193,2.7430186756662103,-1.8451171560827921
KEN,Kirinyaga,2010,False,0.02535149941005656,-1.0912393203260968,0.3131915258224661,1.1663768903093767,0.4095633286637564,0.5448930238749172,0.7628436537045541,-0.9035480108287585,1.1657984881663834
KEN,Kirinyaga,2011,False,-0.1864010633849715,-1.4552346783435361,0.3863457399130862,-0.2485151647620032,-0.8460563570247929,-0.8647364589107518,-0.8704293868446442,-0.47705535161087,0.2454312606666517
KEN,Kirinyaga,2012,False,0.8945201748532942,1.1517230982887328,-0.010107826199012177,-1.4775345646555909,0.44673133795812614,-0.12705600639553347,0.2924043579466854,-0.9378474046333557,0.8633921134164924
KEN,Kirinyaga,2013,False,-0.04733604794695179,0.774270787679945,-0.8232994224247515,0.6128140855555989,0.25022661704067783,0.29421978269137394,0.8746940367915308,,
KEN,Kirinyaga,2014,False,-0.2330272856353722,0.0641457747206377,-0.8489736300692297,1.6286506628193713,-0.7863976440406372,0.4716894809680251,-0.2873554667286525,,
KEN,Kirinyaga,2015,False,0.5699448513008686,1.1540813033826083,-0.10682702269499032,-0.03637554831539393,-0.41239041013251676,0.41613586962824056,-0.3555749923374718,,
KEN,Kirinyaga,2016,False,-0.9475933418607639,-0.5775631050780466,0.9314592959623308,0.1534018518667548,-0.13517601817553387,0.517330423582069,0.008698317409106255,,
KEN,Kirinyaga,2017,False,-0.35076136315199513,0.09085291087781139,0.5201469111977622,-1.6220271122429624,-1.0929406760286513,0.14959746256423598,-1.2662116178696832,,
KEN,Kirinyaga,2018,False,-0.40766884205739795,-0.4463221337919807,-2.17907799212615,0.003733303368048825,2.806567659740945,0.723588162910421,2.23170862459879,,
KEN,Kirinyaga,2019,False,0.4005416046114518,0.2451220445829801,2.315093101959656,-1.874626146171784,-0.9905746324079941,-3.907760743139147,-1.5065572289536404,,
KEN,Kirinyaga,2020,False,0.08507505509616055,-0.0933595145616024,0.007726346354574763,1.4464049686738922,1.7404138886743046,1.101766785090127,1.8093703615646073,,
KEN,Kirinyaga,2021,False,-1.2286159727228736,-1.4070918703347983,-0.781622029242797,0.48601358701716213,-0.8523550688838779,0.7782075587340606,-0.6822250031708922,,
KEN,Kisii,2001,False,0.5526997410897462,0.7259377400814588,-0.6964348179277752,-0.30923121988384855,0.5714480800812035,0.5932962550313706,0.2070803603540288,-0.6304885947647504,0.5544962626044652
KEN,Kisii,2002,False,-2.368594899226223,-2.3832090733229694,0.1079655270047665,0.8421717649188665,0.3107927834026163,0.13195626522159895,0.9728576283420948,-0.5185420080302872,-0.07819987585914359
KEN,Kisii,2003,False,1.0700843613735198,1.181124948854466,0.4772540109575626,-1.5013096085237512,-0.20835745007009931,-0.4708578506965722,-0.5553033697865695,-0.4080734207022501,0.3938908032769582
KEN,Kisii,2004,False,1.0453766349185059,1.0141528064805134,0.07004012864672685,0.5693267172397328,-1.1167094728064522,-0.880752703739487,-0.40008867536019926,2.7699829346983575,-2.4483789703859715
KEN,Kisii,2005,False,0.031661510231452555,-0.27686371949286565,0.8190450330992376,0.44595864795517287,0.07663552471975557,0.5420854405412154,-0.374504616887806,-0.4383961451415131,0.6015476164827098
KEN,Kisii,2006,False,-0.11714071671874406,-0.33343665082872215,-0.9910905860197269,0.4233167526141634,1.409627635125495,0.6080581025930976,1.0852180238872071,-0.38704753407119846,1.0736382956188115
KEN,Kisii,2009,False,-0.22847756958095958,-0.40257150855451523,0.36186748331132806,0.6805397215732091,-0.916685460556509,0.3751230683251752,-0.9556339504180278,-0.2463036955182589,-0.08792557470546468
KEN,Kisii,2010,False,0.13575679704372987,-0.008444945716595856,0.6429097423133835,1.2134611709010177,0.30375012029723414,0.6082924248702561,1.2299291229568416,-0.21047407821561323,0.56829624069725
KEN,Kisii,2011,False,0.19800765335777615,0.02733890832698509,0.002519703563350205,-0.5342234569491543,-1.3244338983622468,0.15981371925219867,-1.6139030924550055,0.1845093948527128,-0.800924442832778
KEN,Kisii,2012,False,0.9718696744787658,0.9584979479954778,-0.5331987180005715,-0.9034147524443905,0.44246130335732975,0.2450783075918806,0.5463717549253303,-0.11516685310719928,0.2235596451031628
KEN,Kisii,2013,False,0.09901422290900912,0.24999234689481217,-1.021895428459345,0.33758601881237116,1.1983099361812781,-1.2451644175573133,1.1857078929407445,,
KEN,Kisii,2014,False,-0.11540324269344737,-0.19970466889570782,-0.6039749008293217,-0.10408246699919761,-1.5092051094850938,0.1712430846273035,-1.4252903858367485,,
KEN,Kisii,2015,False,-1.761629913117015,-1.0659714983494604,0.11314541869573067,-2.401052887601025,0.4675961240291644,-3.4861260268305343,-0.5105176241511441,,
KEN,Kisii,2016,False,-1.6886772879648038,-1.287286614340586,1.0238277133864582,-0.39461879735396915,-0.060040611780680375,0.644012439812637,-0.7740395006973376,,
KEN,Kisii,2017,False,0.907678078497164,1.43107078880866,1.3393310894313117,0.4406238454389716,-1.1452111181823366,-0.11956772850310429,-0.1613585198112968,,
KEN,Kisii,2018,False,0.5967431252079399,0.9381863320470587,-1.9188155785143943,-0.3617185323404276,1.7401977333288938,0.6666368482866019,0.8511498180153267,,
KEN,Kisii,2019,False,0.8791221518592038,0.609708220021443,2.341036399617034,-1.0205332458319918,-1.5084667373767697,0.29532584781928667,-1.4693755946087235,,
KEN,Kisii,2020,False,0.5381048566238548,0.18861934407400902,-0.461064083911708,1.7727349085775028,0.800816526283879,0.6313854778976244,1.5003503064524781,,
KEN,Kisii,2021,False,-0.7461951782894752,-1.3671407040834613,-1.0724681363640476,0.8044654198967481,0.4674740918133377,0.5301614454567648,0.6613504221388062,,
KEN,Kisumu,2001,False,-0.41548379614112474,0.38940613694945564,-0.7940271966902593,0.1736965485491116,-0.36842585980537845,-0.18859534516617968,-0.3467634122447638,-0.680123644621198,0.6270150817077343
KEN,Kisumu,2002,False,-0.46224606451183603,0.08967922698845521,-0.27496487416356924,0.8572779947811405,1.3361052504519328,-0.1404943470466599,1.142059217636854,-0.5573892831326244,-0.05489886147580347
KEN,Kisumu,2003,False,0.42542913549913275,0.5458487911724089,0.833270347900478,-0.878967994546553,0.48905214409044867,-0.10315861378095119,0.0898017922769682,-0.43628201170295294,0.4658226799274309
KEN,Kisumu,2004,False,-0.19967630482726612,-0.45820113597033146,0.039501752979785344,-0.2804196856800575,-0.5822059838183251,-0.29890338235002933,0.272918515355422,3.0618506769781977,-2.621362232429756
KEN,Kisumu,2005,False,0.5405070774383964,0.15966605083009963,0.9120678152289018,0.34993074358156695,0.4837372604776492,0.0020561623357286635,0.020658281063707398,-0.4706727788570011,0.7055087730093967
KEN,Kisumu,2006,False,0.674662532879287,0.33888312482926053,-1.1018010059946035,1.5386608918840305,1.3321947571805517,0.04414864053683937,1.0915275311761106,-0.4146491097834173,1.2262303144126312
KEN,Kisumu,2007,False,0.6850529592537813,0.664016074218813,0.44831389072246597,0.17039136858764384,-1.1181549952658345,0.09300070364614917,-0.6587354114902675,-0.2626271272346227,-0.05700137106434616
KEN,Kisumu,2008,False,-2.2362564241191745,-3.0617833266781727,-0.4077021018450022,-0.09845291958925101,-0.5680133777186336,0.14110170176566894,-0.546800377391319,0.14972926473854087,-0.538476066816785
KEN,Kisumu,2009,False,0.1373032166582458,0.1419108785004194,0.6257337781908329,-0.8791339094046381,-0.8262559275107533,-0.24666534919576658,-0.8560059628666378,-0.2612219130928041,-0.017754525413514948
KEN,Kisumu,2010,False,-0.11662100890699507,-0.13432123449901726,-0.05711661433869931,1.2078355278266104,0.609421372864825,0.2448143479027332,1.1616859920000209,-0.2222826896376934,0.703406263420854
KEN,Kisumu,2011,False,0.24488344385221483,-0.0014526178852848047,0.39585587858771354,-1.070957365237895,-1.5412951581833287,0.2733876562874457,-1.7247216998407295,0.2120394181306313,-0.7802646694872579
KEN,Kisumu,2012,False,0.3717011530651202,0.5548877664245941,-0.6417790643154091,-2.112470338208262,0.16690628297622848,0.06612655787473092,-0.11584637063546843,-0.1183708017850553,0.341774614209416
KEN,Kisumu,2013,False,1.0683506315146631,1.0164527307962579,-0.9980227407970512,0.784156516121544,0.7548614225049649,0.2581816790393889,0.8685424394331774,,
KEN,Kisumu,2014,False,1.249634144257655,0.5946234053494426,0.020811897815467398,-0.49129995194439424,-1.29509085474406,0.434464435418243,-1.4052777618764871,,
KEN,Kisumu,2015,False,0.012901120656020396,-0.23737700252003036,0.32188024751333405,-1.5075623143005956,0.003914259258353752,0.3839255648772745,-0.2009694052592203,,
KEN,Kisumu,2016,False,-2.7472907754063978,-2.2325989651048648,1.3079261334559433,-0.07533438580531843,-0.49027339986543883,0.49736921710945076,-0.5509716602392107,,
KEN,Kisumu,2017,False,0.016453374979304807,0.47683177697415124,1.2160417753754094,0.38672413595757643,-0.39391890161045223,0.5740106848413825,0.022050732323995806,,
KEN,Kisumu,2018,False,0.5688019134561771,0.8609807489849995,-2.3634899858360834,1.318989974292375,1.5492665690056835,0.6158528080459025,1.1845000061682402,,
KEN,Kisumu,2019,False,0.6035227095837147,0.7168237933799071,2.0028713706695904,-1.0853735229074524,-1.7150432710897776,-4.14060893358941,-1.9456252894321895,,
KEN,Kisumu,2020,False,0.7682508571104234,0.5056610743874508,-1.0827798034514433,1.281945937034601,1.3275264397309163,0.7265753940877744,1.4895384480681402,,
KEN,Kisumu,2021,False,-1.1898798962913422,-0.9299372971280143,-0.40259150100780117,0.41036274900821623,0.8456919710704282,0.7634104173602838,1.0084343957736577,,
KEN,Kitui,2001,True,-0.9987426626605206,-0.8795664731220979,-0.21102653412003577,0.29614585519917863,0.282169714294863,0.2595621952198967,0.4750280487810458,0.019738134333957644,-0.07412364800211539
KEN,Kitui,2002,True,0.5801530007463708,0.7999009104064156,-1.1414921766806838,0.8477955566911376,1.0760267121487386,0.2669783707889765,0.8168099544427547,-0.15584589127191856,0.9655327135846434
KEN,Kitui,2003,True,-0.19992668033682143,0.06876496047815171,0.5583843301246701,-0.24524226384425324,-0.2927716714279012,-0.7807692714865853,-0.22974289580638732,-0.32239876063118095,0.35329063398359434
KEN,Kitui,2004,True,-0.4462045163651326,-0.16565155764666084,0.048032203989487376,0.11495700487327905,-0.6855591595651739,-0.15744186495892537,-0.610845706132489,0.32575372825672266,-0.7751697084887395
KEN,Kitui,2005,True,-1.272128893224832,-1.8547154186561159,1.2031572870793863,-0.11051600958771865,-0.3943206884687434,-0.36389696917853026,-0.632816748881093,-0.124092252838427,-0.2517316097731207
KEN,Kitui,2006,True,-0.7387199486659197,-0.32660748840735976,-0.48173576987188305,-0.2733462411829756,0.9332104178534024,1.2161507695942513,0.8728425579555521,0.2051178233400703,-0.5542427316515148
KEN,Kitui,2007,True,1.593040828115886,0.835314733131509,0.25886038734322536,0.10056399808147667,-0.7018449588047463,-0.25453578942524474,-0.6965638950902643,-0.23236973341760786,0.2789263247868316
KEN,Kitui,2008,True,0.7475644458486141,-0.06575674225207967,-0.9663193292778299,0.45837328110734404,-0.08408560287594395,0.4902551573193113,0.14694621527533946,-0.7573169085635464,0.286146160631238
KEN,Kitui,2009,True,1.1914657586432464,1.6169878246484015,1.1656014101294154,-1.9670186681709674,-1.3451532443799465,-1.3872438032175873,-1.7556253701922793,2.444276178051181,-2.081238012732006
KEN,Kitui,2010,True,0.33012184227494906,0.20254155639129132,-0.49314560924370804,1.8616787827555241,1.4504769432141384,0.6703764914079913,1.6376762787276455,-1.4459650089908693,1.849240620933615
KEN,Kitui,2011,True,0.06757433748960363,-0.04478016889399103,0.8244402898657084,-1.313539730102522,-0.6839396937289327,-0.4813980914488091,-0.6044420698356091,1.0250550696740945,-0.7246308575781139
KEN,Kitui,2012,True,0.9095997249472458,0.9690273064319355,0.7654246182347555,-0.7927082651609758,-0.21486339724949519,-0.4452536363369058,-0.2686016823874988,-0.9819523779424761,0.7280001143056876
KEN,Kitui,2013,True,0.08056417725536212,0.4009402459278737,-0.6597849781103252,0.4521630756344417,0.29388015805310097,0.46537216186197067,0.5724878094466391,,
KEN,Kitui,2014,True,-0.03079983378731234,0.12932718498031054,-1.0922066815611429,0.298012265761547,-0.38553785565007814,0.2456914436074493,0.012479284022180246,,
KEN,Kitui,2015,True,0.6007718518760481,0.8008031672412089,0.21192543122167876,-0.16494985321858596,0.038472151277777804,1.0504031558262363,-0.04470075554773275,,
KEN,Kitui,2016,True,-2.031485406293081,-1.8434993389655392,0.5527156740137402,-0.4448893837054272,-0.031346211084853075,0.273359502706382,0.0004453518943140366,,
KEN,Kitui,2017,True,-1.1172686596951595,-1.2831366923198915,0.4830385113315018,-1.0006835784986527,-0.7809694722934648,-0.9172497251350195,-0.6687110636762519,,
KEN,Kitui,2018,True,-0.20821751280759287,-0.20632393360056864,-2.5865791571611174,1.4279854119946147,2.7083246136859342,1.4839090132960997,2.0822464494846273,,
KEN,Kitui,2019,True,1.972689575720417,1.8720621145363592,1.8157314861188847,-1.2191720517260798,-1.4141668457771874,-2.9064722101178413,-1.7535191177038605,,
KEN,Kitui,2020,True,0.031214491505574794,0.1085144512210732,-0.6560811484269274,1.9941669779569855,1.1270306722316188,1.249029918310387,1.4225870320745166,,
KEN,Kitui,2021,True,-1.0612659205869455,-1.1341466415302257,0.4010597550011995,-0.3197761648573693,-0.895032581453108,0.023173181366496858,-0.7739796768511492,,
KEN,Kwale,2001,True,0.2309621394501168,0.4551799747385053,-0.42589905721960714,-0.25851444738234913,-0.5686289344750151,0.36300356560940295,-0.6548371815653868,-0.8486411014924651,0.7396573589793266
KEN,Kwale,2002,True,-0.204433021577282,0.027117067408719765,-1.0689311700811464,-0.14403560072003113,0.9178237521799706,0.7323330056467917,1.589186855316019,0.7869063482191377,-0.6511815983357445
KEN,Kwale,2003,True,-0.4581134976077514,-0.4110220527413356,1.3893890001991327,0.0036389167228508667,-0.3507442800004696,-1.242767785572967,-0.7152913934661047,-0.23134957035104603,-0.05662448681176481
KEN,Kwale,2004,True,0.34139576624322865,-0.15610649504767507,0.5520552985142883,0.5302369425517491,-0.6910283055949399,-0.06838737931122485,0.35930135414881526,2.0025048713391294,-1.447463444126836
KEN,Kwale,2005,True,-1.1339583546078982,-0.8308980417288765,0.7975399653125482,0.1092362788935074,0.05156476634792801,-0.9339280995168109,-0.397120212362548,-0.6595937325281724,0.314973707890707
KEN,Kwale,2006,True,-0.2647939724654902,-0.5170444685482857,-1.2838745571176997,0.7883314473475352,1.9019103774998063,0.711692282766157,1.4171128378653737,-0.6655789025075822,0.5591668072666214
KEN,Kwale,2007,True,-0.7265110826086956,-1.8359183440353213,0.2304702828467336,0.9358610055293668,1.5299595475565844,-1.3302894507259404,0.33489732853637877,-0.39204613414951756,0.3362078904451083
KEN,Kwale,2008,True,1.4538073099052455,0.06651015097653706,-1.281019133905343,-0.012066572047455194,-0.23369620163388413,1.003977625930885,-0.40843536518097945,-1.0138947947138262,1.2811290141171598
KEN,Kwale,2009,True,1.3975816603460476,1.5520795313756812,0.5845631935474549,-1.7278433554087953,-2.067118562006229,-0.823705694097472,-1.9273432668184702,1.3507093602813192,-1.5111659917901847
KEN,Kwale,2010,True,0.8576390466459034,1.4854617613757763,0.3891327164773504,0.4998515988477613,0.8025258041952849,0.7107840572139141,0.6579433807280078,-1.1667791366444382,1.6527272088196312
KEN,Kwale,2011,True,0.7323766841862052,1.5534982235955157,0.15161667259735184,0.26410887081206286,-0.612489179921017,0.4289061606403383,-0.07515619425950505,0.43596538146061725,-0.672415780890291
KEN,Kwale,2012,True,-1.2374016149129088,-0.5211628425000555,0.6012360045764065,-1.0839062672641495,-1.0328623383467799,-0.7539610564250148,-1.2492317926517453,0.40179741108684486,-0.5450106855637329
KEN,Kwale,2013,True,-1.898676296854032,-1.1692486635450468,-0.14327345629404387,-0.8447624560984,-0.1136938368003144,0.6931469102569265,0.43934807875387366,,
KEN,Kwale,2014,True,0.5074488424514122,0.12331459581130674,-1.218567605829354,0.41721390103970357,-0.11726786959113181,0.11157952771002237,0.14865240420315945,,
KEN,Kwale,2015,True,1.2755914124213132,1.4801995840731963,0.38309495218929884,-0.1441073273154267,-0.7354383734247276,0.49868567772997957,-0.31862406331373877,,
KEN,Kwale,2016,True,-1.7570422133373271,-0.9582478319992913,1.6618392826290844,0.1285220731529893,-0.6685902580957281,0.6297233845432647,-0.08433694907285648,,
KEN,Kwale,2017,True,1.212242310106507,1.2111529500583038,-0.23668001955247486,-1.7830946718875793,-0.07997844262880077,0.8950468475117129,-0.5451879699454163,,
KEN,Kwale,2018,True,0.6368464864371374,0.6050601251284797,-1.9310646565532399,2.033788661265646,1.324881746483883,1.0187503517781618,1.4184962096392986,,
KEN,Kwale,2019,True,-0.524530434931897,-0.5039729003190075,1.481850566508913,-1.1065027804389915,-0.040050215573779475,-1.7584677246472182,-1.4335728809422197,,
KEN,Kwale,2020,True,-0.23947556471308173,-0.7389238475337465,-1.0200263009661812,1.9629706027378404,1.569398681623798,1.173781332994963,1.843520188642884,,
KEN,Kwale,2021,True,-0.20095560457675277,-0.9170284765433804,0.38654802212052725,-0.5689268203378346,-0.786477877794438,-2.059903540035872,-0.3993213682548396,,
KEN,Laikipia,2001,True,0.7089453401962567,0.6828049343042016,-0.5516903939940234,0.12938836504826892,0.2563041021880526,0.22931071585737772,0.4648083425731588,-0.023855030150726902,0.4353995533539071
KEN,Laikipia,2002,True,-0.2440539118096328,-0.08767873107897729,-0.27314181618045186,0.4971822485171297,0.37008556614844756,0.1680629656383152,0.2342766140007178,0.05541094202003687,-0.8911897193992708
KEN,Laikipia,2003,True,-0.22302322758371634,-0.20208768015094225,0.4231208432894605,-0.1987324269898295,0.5685687438257049,-0.38844859133116727,0.2013786146230376,-0.2888715803230899,1.5556838035812466
KEN,Laikipia,2004,True,0.06191103853672197,0.04876172144835018,-0.059019907280963395,0.5444663358127974,0.16294546547007818,0.24219690753512527,0.2300749837612132,-0.18477690330147864,-0.4569896138507678
KEN,Laikipia,2005,True,0.27441150280552523,0.4265898217748134,0.825039909446113,-0.5312740811986932,0.29662060735663,0.019642059159285206,-0.14846047923062208,-0.3611005398890971,0.2746735474326224
KEN,Laikipia,2006,True,-0.09397297468104314,0.32990709924510975,0.35936703775827,0.09710506689111997,-0.44214403695646115,0.4328894059905733,0.1859921077200755,0.34326458970216717,-0.7088736529811164
KEN,Laikipia,2007,True,0.33518511447782906,0.6569874510863855,-0.10282224416592145,-0.24035136760332262,-0.4692261948498637,-0.04443173419235899,-0.5357436316424821,-0.5457889273088257,0.5373526168114107
KEN,Laikipia,2008,True,0.03342965217421339,0.12273098208598442,-0.723356515345747,-0.376290168147255,-0.9759181548844712,-0.5632385014819137,-1.0598456418102795,-0.009382683473036503,-0.6177156197720391
KEN,Laikipia,2009,True,-0.9072422119425398,-1.8622588776420068,0.9210759397867967,-2.037303615876677,-0.8296985435774563,-0.7899626294858377,-1.2281183144368373,2.897434617590459,-1.9443048925252182
KEN,Laikipia,2010,True,0.7717160778957507,0.9613544858156733,-0.1599255601483679,1.974140308387788,1.0873921133476583,0.7705358110268646,1.4573337125201435,-0.87174866211499,1.017131738964437
KEN,Laikipia,2011,True,0.3050960782755441,0.468140659681947,0.4536810149300912,-0.6368672991473306,-1.050960652756975,-1.3582344002194784,-0.9804034086960244,0.07214044368412968,-0.30945753378872565
KEN,Laikipia,2012,True,1.1398948763531893,0.9907706437263946,-0.9512943330220612,0.023317496226566925,0.5856086677385729,0.3020936860460538,0.3557331353056962,-1.0827262664355475,1.1082897721735143
KEN,Laikipia,2013,True,-0.9486098900907,-2.484550833338359,-0.524218155286723,1.2604248048847408,0.6084085989493773,0.8130471945959994,1.0936509922829174,,
KEN,Laikipia,2014,True,-0.7095741186545402,-2.2706831778878738,-0.6057460830404034,-0.15179234401242397,-0.7413414819070916,-0.2260649533591611,-0.276598116309533,,
KEN,Laikipia,2015,True,-0.3073877746503463,-0.327239837639653,-0.12293246908708663,-0.13975506356284148,-0.3426473587877116,0.9374714534972186,-0.08261613957125499,,
KEN,Laikipia,2016,True,-3.551854395812437,-0.2949269477769695,1.036964318923278,-0.007740495867886656,-0.2104890814018196,0.8379750945163047,-0.14697601063689023,,
KEN,Laikipia,2017,True,0.5877737979204083,0.48340176265448226,0.9050826845862895,-1.3681353159855782,-1.1922478343981548,-1.4176344435516628,-1.3982460692544678,,
KEN,Laikipia,2018,True,0.7172337121984764,0.6468992151449415,-2.6150650298424325,1.7735039761817155,2.8344448797874677,1.202612010746513,2.1575033660848217,,
KEN,Laikipia,2019,True,0.7004510111641361,0.5969631233299378,2.528791687839294,-1.3935498510535318,-1.2632038402072632,-2.9134802950169902,-1.6022970534554906,,
KEN,Laikipia,2020,True,0.655694700402916,0.5659519944181746,-0.25220161674420616,1.2739519732996682,1.4370287897636402,1.2520410286360215,1.6321867907039753,,
KEN,Laikipia,2021,True,0.6939756028239892,0.5481621907983858,-0.5117093124212043,-0.49168854580442467,-0.689530354848361,0.4936172153929176,-0.5536337945318759,,
KEN,Lamu,2001,True,-0.28953332948410315,-0.12274260951447492,-0.7578668661922987,0.47187791509544064,0.38739905370199357,0.18220172508709903,-0.025852118847522074,-0.8486411014924651,0.7396573589793266
KEN,Lamu,2002,True,-0.7294671722744357,-0.6349330011334552,-1.0816436546851438,0.49953455591091017,-0.20669466553147858,0.49294808726389955,0.2410691187545462,0.7869063482191377,-0.6511815983357445
KEN,Lamu,2003,True,-1.456725732362526,-1.2914593429202983,0.9822987012403773,-1.0263936072312014,-0.42957120626142614,-0.8940274048003952,-0.47298531769408697,-0.23134957035104603,-0.05662448681176481
KEN,Lamu,2004,True,-0.27114853196418237,-0.7902369053267047,1.0826033432797217,-1.0078400023764211,-1.5046031980083518,-0.9148635415217521,-1.084031852440392,2.0025048713391294,-1.447463444126836
KEN,Lamu,2005,True,0.25834226230033314,0.06081199540589122,0.6703925124009865,0.4809261564467643,0.364599897359428,0.20369034553305582,0.4388437798584032,-0.6595937325281724,0.314973707890707
KEN,Lamu,2006,True,-0.06611026104388362,0.1661157262150121,-0.6688683650795578,0.37637203688079995,0.025326160320946995,0.8976017953068468,0.4545741385211261,-0.6655789025075822,0.5591668072666214
KEN,Lamu,2007,True,0.31737661103653714,-0.15199259524402178,0.7016707039567713,0.4863894792453494,1.4837116328950846,-0.007241206429163085,0.46441209602714856,-0.39204613414951756,0.3362078904451083
KEN,Lamu,2008,True,0.7488744327520697,-0.11441356438226401,-1.8585829178286517,0.6293512422295449,0.571772566830547,0.04806639732167667,0.6433837904384719,-1.0138947947138262,1.2811290141171598
KEN,Lamu,2009,True,0.7259984131034236,1.092628378576247,0.8027916903514004,-0.9516286145795799,-1.1713443176358982,-0.7716674180486499,-0.9492931295981755,1.3507093602813192,-1.5111659917901847
KEN,Lamu,2010,True,1.2483287737539848,0.9362044591782526,0.273506246541376,1.5984359431524933,1.994132225150106,1.3315843263502258,1.9273071091826,-1.1667791366444382,1.6527272088196312
KEN,Lamu,2011,True,-0.7014875801214613,0.21477083756124338,0.17533675936245333,-0.7237911275984519,-1.2657482517172776,-0.09018265574727163,-1.3137144751710472,0.43596538146061725,-0.672415780890291
KEN,Lamu,2012,True,-0.0478246017973569,0.4421866213750045,0.14600513472253673,-1.4437393766338449,-0.9854390100578223,-2.43083139238931,-1.368692930388731,0.40179741108684486,-0.5450106855637329
KEN,Lamu,2013,True,0.8144286605721582,0.9848907167438394,-0.9229289541012472,0.9194962049526609,0.9374194818076521,1.054336112141831,1.4439638439878495,,
KEN,Lamu,2014,True,-0.17130976310517354,0.9242012232615338,-0.19856135386162807,0.10259339830421646,0.4143895735605569,0.7778249184205759,0.15245409418256317,,
KEN,Lamu,2015,True,1.5027413163544014,1.1817968121417173,0.3313518463590866,-0.1434190102381776,-0.2728182040481082,0.7845801151853982,-0.21394867402073015,,
KEN,Lamu,2016,True,-0.056342326724904516,-0.4408932970791501,1.640087578955291,-0.618596736775047,-0.7602237400111704,-0.6878242613151919,-0.6202888278416684,,
KEN,Lamu,2017,True,0.3546727096043486,0.31582948879738354,-0.31469433217689385,-1.5311536673278732,-0.3357895936968373,0.3314147251054737,-0.6383852165600041,,
KEN,Lamu,2018,True,0.3805741590291456,0.009099162401809658,-1.7876112055361026,1.292001969224867,1.212522915194897,1.1605584587518327,1.359374301552887,,
KEN,Lamu,2019,True,1.1641223928862772,0.8074598801174108,1.7264484590576616,-0.7383499802468472,0.2952639264307329,-1.1518456483466621,-0.7444138595575631,,
KEN,Lamu,2020,True,-0.7772869323872854,-0.32814182311784157,-0.6880899792510519,2.021228897215367,0.8713744319851652,1.1289914243239634,1.5501480871891253,,
KEN,Lamu,2021,True,-2.9482235001273667,-3.2611821630571347,-0.25364534751508644,-0.6932956756509702,-1.6256796782687395,-1.4453149021934835,-1.2439239575747998,,
KEN,Machakos,2001,False,-0.26012063187098944,-0.05981320593573853,-0.4143171593824715,0.4033890022801775,0.15170221962657743,-0.08000414726417478,0.30186374848577946,0.019738134333957644,-0.07412364800211539
KEN,Machakos,2002,False,0.956428144138206,0.9144758647555019,-0.9618776252894632,0.664921771318491,0.9252099259031743,-0.05117379116090848,0.5936981769045708,-0.15584589127191856,0.9655327135846434
KEN,Machakos,2003,False,-0.6410522424190866,-0.7001660014177883,0.7226989810943641,-0.6182883096826564,0.4613365784680047,-1.098852048191892,-0.022897409146089003,-0.32239876063118095,0.35329063398359434
KEN,Machakos,2004,False,-1.7848595040521174,-1.5456499865406812,-5.667054645189791e-05,0.2738530413192614,-0.5163649088601933,-0.23896567784481137,-0.4826367984792831,0.32575372825672266,-0.7751697084887395
KEN,Machakos,2005,False,-1.9370904199027672,-2.6463907431806883,1.1633908539486604,-0.4680917354086561,0.05351116925688783,0.636122059114878,-0.0555973957974354,-0.124092252838427,-0.2517316097731207
KEN,Machakos,2006,False,0.4211886481789829,0.993425924729182,-0.7943655187474798,0.08846754817089544,0.41116167699074435,1.013540439895658,0.7229288735376469,0.2051178233400703,-0.5542427316515148
KEN,Machakos,2007,False,0.6786959319921735,1.2590005176531827,0.198621825033641,0.16005505610325924,-0.5128500727104521,0.3488466725875209,-0.5086535630792884,-0.23236973341760786,0.2789263247868316
KEN,Machakos,2008,False,-0.2965140004714752,-0.0887780189016933,-0.9477775110287268,0.13685152551047639,-0.07516593241930183,0.36186400945708225,0.20791335689162593,-0.7573169085635464,0.286146160631238
KEN,Machakos,2009,False,1.4181305942535565,0.8049159919950896,1.4721175219644973,-2.2323999432417696,-1.3431390189888859,-0.821025456402728,-1.8031130880834656,2.444276178051181,-2.081238012732006
KEN,Machakos,2010,False,0.973787946577092,0.513557966168209,-0.2644862633347283,1.8230745324882933,0.3772826397548969,-0.15010376640929352,0.8867093932362441,-1.4459650089908693,1.849240620933615
KEN,Machakos,2011,False,0.38536531375344135,0.8273342000341342,0.6326868612215275,-0.3302034845029491,-1.2337638787518885,-0.03562405356918995,-0.9704551730203933,1.0250550696740945,-0.7246308575781139
KEN,Machakos,2012,False,0.45836450503353704,0.5794168124848301,0.6731026068950137,-0.9282063138408259,0.3963440004333479,0.09488455590030004,0.31480183460899835,-0.9819523779424761,0.7280001143056876
KEN,Machakos,2013,False,0.5698707969566104,0.4255211660039316,-0.6966775542206486,0.6564059699374027,0.5837692848033591,0.06573384147997559,0.839962734796926,,
KEN,Machakos,2014,False,-0.5286002993620129,-0.5232560454967735,-0.9860409816932005,0.5948259907974012,-0.5934501427004932,0.039893247126776415,-0.1437823043633382,,
KEN,Machakos,2015,False,1.4090847810634974,1.1241183016836271,0.06320936291181792,-0.3678136304149943,0.011673317408995791,0.49094380961809303,-0.12373981739332904,,
KEN,Machakos,2016,False,1.165287784612793,-0.023352352712639864,0.48298256958606206,0.08850685380462957,-0.10628367312585146,0.6161094535444538,-0.11406227734297633,,
KEN,Machakos,2017,False,-0.1957635106793035,-0.3387712791540619,0.6690693520461886,-0.7856369191805835,-1.1992906127541512,-0.28793837622610313,-0.9584563634723051,,
KEN,Machakos,2018,False,0.26955091775828294,0.15309379623315567,-2.3925002496851993,1.2969007048964152,2.6654784761827353,1.0096394138662363,2.144812333864807,,
KEN,Machakos,2019,False,-0.6875981127125705,0.46260664181651495,2.0289092581622326,-1.8604601646204784,-1.5687324620049654,-3.6213337647413755,-2.064734518846277,,
KEN,Machakos,2020,False,-1.5578968157015192,-1.5257269527024788,-0.6198793177225103,1.6279629388850672,1.6162354322445038,0.9848889302711671,1.646611064444006,,
KEN,Machakos,2021,False,-0.8162598271463308,-0.6055625975148149,-0.028810341213124677,-0.22411443461885694,-0.5046640187570443,0.722554648948335,-0.4111728077464239,,
KEN,Makueni,2001,True,1.1690945349072703,1.3555286907023416,-0.47851880487175563,0.7308350597030301,0.1294961639595775,0.0030606088176767013,0.2398461219360546,0.019738134333957644,-0.07412364800211539
KEN,Makueni,2002,True,0.9719771270162265,1.0583385339788132,-0.8172079070308628,0.8368251563715117,0.7108289685494592,-0.08171436834772601,0.4264299794009621,-0.15584589127191856,0.9655327135846434
KEN,Makueni,2003,True,-0.6009295933781827,-0.5167919623808941,0.7092793795883496,-0.30595419544964564,0.10537420975108602,-0.48723182302900825,-0.1003820658351655,-0.32239876063118095,0.35329063398359434
KEN,Makueni,2004,True,0.1596138671868905,0.3832567136425733,0.26221611416688234,0.18527346971995598,-0.3685122581111185,0.30615828324317623,-0.2350234352770777,0.32575372825672266,-0.7751697084887395
KEN,Makueni,2005,True,-2.5810039433602787,-2.4666490192281176,1.141174565654662,-0.8252934390035169,-0.1410569482380556,0.2098266591829562,-0.16514922058063292,-0.124092252838427,-0.2517316097731207
KEN,Makueni,2006,True,-0.5793778892611617,-0.7546029649324522,-0.8502884298663383,-0.35389144477639795,0.7531589139167775,1.1824918769216302,0.8044621838636794,0.2051178233400703,-0.5542427316515148
KEN,Makueni,2007,True,-0.6931757877505941,-0.9227543126710597,0.0840793682518046,0.4287735832477017,-1.0399836709829624,-1.0676065027406925,-1.4033628586210198,-0.23236973341760786,0.2789263247868316
KEN,Makueni,2008,True,-0.08092190384124873,-0.3411230481673489,-1.0982441977991766,0.38334511809297267,0.0017917465890867192,0.22525487829701255,0.370515933981949,-0.7573169085635464,0.286146160631238
KEN,Makueni,2009,True,1.4269697403454005,0.7627999721560039,1.344941838219606,-2.353913819277369,-1.3806825441977568,-1.5889407885496951,-2.0028484892400225,2.444276178051181,-2.081238012732006
KEN,Makueni,2010,True,0.4578453574447,-0.05218031893152331,-0.17228233761202794,1.3976454323835392,0.9211822399379332,0.5589163499085965,1.1875306393276472,-1.4459650089908693,1.849240620933615
KEN,Makueni,2011,True,-0.05556989342208521,0.00421453164679051,0.7324794860810723,-0.10955453344913138,-0.6371124306101361,-0.11981424542297481,0.030092381759112875,1.0250550696740945,-0.7246308575781139
KEN,Makueni,2012,True,0.9180706004390992,0.6111700584023836,0.44132291166860393,-0.6677244133538235,0.2781064678305745,0.25857316884215814,0.4273229115378312,-0.9819523779424761,0.7280001143056876
KEN,Makueni,2013,True,-0.2551720356907695,0.7285817167436647,-0.4338047179169281,0.18222398543132737,0.19749558970667982,0.515510730285409,0.30888513227390435,,
KEN,Makueni,2014,True,-0.46514544016842885,0.44663401963578253,-1.2920922519579288,0.8062836459155642,-0.4946906644922962,-0.03267878333369142,0.05840998980288013,,
KEN,Makueni,2015,True,1.508608318455373,1.4545695029951684,0.0035227570347329956,-0.8042576297047982,0.5424999099842246,0.9125726671647957,0.2844079855385631,,
KEN,Makueni,2016,True,-0.008730415283156602,0.05440082588150985,0.7814406352553491,-0.4233102591527553,-0.0909465224501397,0.6170464748084754,0.008313653191534619,,
KEN,Makueni,2017,True,-1.8036347566900892,-2.0642494440196604,0.6364126318582809,-1.0198923765085102,-0.8917304468130585,-1.2108770877435888,-0.6952051119585694,,
KEN,Makueni,2018,True,-0.3743077517306002,-0.5589498504760935,-2.3945188418707617,1.3520479984423717,2.8817854414631916,1.4088694615579316,2.08066866246143,,
KEN,Makueni,2019,True,0.5813848624785198,0.5010203045314732,1.909497751818074,-1.32065359792151,-1.5232698627103667,-2.7052110018118802,-2.077937256991815,,
KEN,Makueni,2020,True,0.5942348419191199,0.561475716445072,-0.6670227566530547,1.8508808682283866,1.1223653430023826,1.3419285235962484,1.2002478129457486,,
KEN,Makueni,2021,True,-0.2898298396160045,-0.24468966595442715,0.15761280598141722,0.030311391061096093,-1.0760996460850825,-0.2461350816468087,-0.7472249495169947,,
KEN,Mandera,2001,True,0.1195359061971293,0.9356011293045876,0.3796622907733035,-0.8096247002471924,-0.6697108485742366,-0.6165181221853423,-0.7949535755407282,0.4277051331743663,-0.6618973871318137
KEN,Mandera,2002,True,0.5217873029975862,1.2474187572761013,-0.17472190668293838,0.27837149050126375,0.5945252749549181,0.7192080872957514,0.749099315783818,-1.196299362390876,1.2632576541609202
KEN,Mandera,2003,True,0.7850084026591947,1.2452314963317992,0.4948960023803585,0.029723821602602854,1.0096057478773364,0.25112748422380926,0.9231487231504714,-0.4388892867973317,0.11435825769779019
KEN,Mandera,2004,True,1.0000234025175165,-0.7519408412872655,-0.39800157431030647,-0.25462260471857473,-0.8028390698393412,0.2764035520306858,-0.737539227276702,0.9660314814884252,-0.8948113915946166
KEN,Mandera,2005,True,-1.3930529868576076,-1.1578364961723544,0.5002030473711804,-0.32450188067829977,0.1450120961701968,-0.9372387432998419,-0.3323111843896473,1.0967088761395396,-0.7861430635212714
KEN,Mandera,2006,True,-1.8440025879846527,-1.3771011615866917,-0.84075486302292,0.08178534621315448,0.5032881903676191,1.2056093844715106,0.46592053888211554,0.22452917307154216,0.1609037475764318
KEN,Mandera,2007,True,1.0783040429932227,0.8570587214778269,0.6135381982422098,0.6321033290131629,0.06762572344599543,-0.21584570934094596,0.014275246746781451,0.43874265577794447,-0.42907666020380963
KEN,Mandera,2008,True,0.5371193347804067,0.32897688371434636,-0.6248974324061956,-0.24525437926136637,0.11352917458484295,0.15870750277064163,0.2203007644470844,-1.5194061920082953,1.4960783810889242
KEN,Mandera,2010,True,-1.8409621545385613,-0.8465264341772933,-1.212510905278015,2.264658687049283,0.8382529631274502,0.9466371318887691,1.4077724754390695,-1.425547619872684,1.4339555428942206
KEN,Mandera,2011,True,-1.3985894916307728,-0.9210062171970012,1.763478585916402,-1.6913049401782605,-1.6216588921963804,-2.183565776302815,-2.040552886479609,1.190858445742249,-1.3917008196176004
KEN,Mandera,2012,True,1.6474339714962585,-1.2322555460947413,0.38037262718239795,-0.11766834557034535,-0.980419097198792,-1.3215447535654394,-0.8454284964312058,0.2355666956751203,-0.30492426134917494
KEN,Mandera,2013,True,0.5073590964055185,0.5283046392907929,-1.3021363596237903,2.128752523538936,0.8821368860703915,1.2455364905491877,1.1590371727382076,,
KEN,Mandera,2014,True,0.392942366688683,0.7793561135269337,0.3125850838360091,-0.6849881690810704,-1.209905991378399,-0.5086109861844367,-1.0195341322146092,,
KEN,Mandera,2015,True,-0.4102515326808199,-1.249414161064311,-1.2273419916942017,-0.6477711727732302,0.14808307701151846,0.6313623590709436,0.33590291910123865,,
KEN,Mandera,2016,True,0.16977535658354856,-0.8599860054076783,0.8517674077989081,0.152163506158108,-0.13277459790220222,0.5768001569617546,0.32068832206050746,,
KEN,Mandera,2017,True,0.4213133258972121,0.9068526499145168,1.096867136285551,-0.901491142618418,-1.1899636810986,-0.8689253193631892,-0.9949601134824552,,
KEN,Mandera,2018,True,-0.9094516753537997,-0.9082155525560105,-2.1005034618001956,0.884690361566665,2.5461520928839065,1.2756254980340496,1.7216221750096619,,
KEN,Mandera,2019,True,-0.37129322598289294,0.3007803859008675,1.4551166221046516,-1.4211668552613927,-0.7852256451047491,-1.6470750468007869,-1.2665064638637011,,
KEN,Mandera,2020,True,0.43327680618709674,1.0845414005469054,0.34407441684395657,0.7468540504315094,0.9804909975644084,0.4999122159726943,0.9745392108149236,,
KEN,Mandera,2021,True,0.5537243396257339,1.09016023825867,-0.3116929239163661,-0.10070892568653518,-0.43620440076588385,0.5123945937729997,-0.260520784495221,,
KEN,Marsabit,2001,True,0.025713156317507403,0.07049564406787828,-0.24044211332254325,0.47172994485042063,-0.1025346444475194,0.4376866574331612,0.16704425484605928,0.019738134333957644,-0.07412364800211539
KEN,Marsabit,2002,True,0.7604123760175755,0.29409322933158044,-1.0559581135161555,0.46857342721465844,0.40374260561937164,0.6106101197371281,0.4736103489101144,-0.15584589127191856,0.9655327135846434
KEN,Marsabit,2003,True,0.27713040685094276,0.38070936282429674,-0.20598267949896773,0.269525258057624,0.9045232643087312,0.043439010751062504,0.5528915275502339,-0.32239876063118095,0.35329063398359434
KEN,Marsabit,2004,True,-0.5109637302185728,0.1048562574423539,0.1234966342144911,0.052126233502938296,0.18106827649768548,0.4809814374326538,0.32081729862056557,0.32575372825672266,-0.7751697084887395
KEN,Marsabit,2005,True,0.51368499017104,1.1156573051059524,0.7178712948682329,-0.7717461828521827,0.22040015544527708,-1.3170463070362155,-0.5840474725759787,-0.124092252838427,-0.2517316097731207
KEN,Marsabit,2006,True,-0.9487883769052677,0.120744595666388,0.36740447605437365,0.006425996402308141,0.3402414881324628,0.6206590716977639,0.591095970261716,0.2051178233400703,-0.5542427316515148
KEN,Marsabit,2007,True,-0.9153195091471431,0.017938902301846058,0.6505711731521338,-0.1844165057069958,-0.4948860721747253,-0.540915292427255,-0.341867833350147,-0.23236973341760786,0.2789263247868316
KEN,Marsabit,2008,True,0.8012066913996665,1.4314124782636908,-0.5093248031907187,0.02219366518649457,-0.24194397513238633,0.07817236598452804,-0.1057759254245218,-0.7573169085635464,0.286146160631238
KEN,Marsabit,2009,True,-1.6127408988944256,-1.8542897721493157,0.6706079928047292,-1.1985346483861312,-1.2302381695223046,-0.9949854260552583,-1.3559868692093853,2.444276178051181,-2.081238012732006
KEN,Marsabit,2010,True,-0.5987145427570272,-2.115716816220496,-0.5402478869422406,1.011153445831502,-0.3902771423873588,0.6161883627788295,0.30771716949472416,-1.4459650089908693,1.849240620933615
KEN,Marsabit,2011,True,-1.6911935738185089,-2.0209084101898322,1.481645074101169,-1.4605661076541983,-1.9149762154589753,-2.328571031395287,-2.3843820263764046,1.0250550696740945,-0.7246308575781139
KEN,Marsabit,2012,True,0.8686103464841115,-0.8810806074135157,0.16502335710036112,-0.21810236744449132,0.031701253199506535,-0.039932622458693154,-0.19563397068598576,-0.9819523779424761,0.7280001143056876
KEN,Marsabit,2013,True,1.228689770959307,0.5676122797327212,-0.8876645205715537,1.2975354884814754,0.9674410946305332,1.2927085576285025,1.248263120898262,,
KEN,Marsabit,2014,True,1.2909068472466205,1.126180100459364,-0.4399197706560756,0.3059690764600105,-0.41758211768769066,0.04498090756898367,-0.10029443634023058,,
KEN,Marsabit,2015,True,1.363165550147825,0.5145450548993159,-0.39200193581381865,-0.3029148632445749,0.4722928786517316,1.026985881866776,0.6261709082527979,,
KEN,Marsabit,2016,True,0.49495479189820196,-0.04006613050638162,0.8021932230840341,-0.4512370906520034,0.4802062034431311,0.14612083885219634,0.4310333106432752,,
KEN,Marsabit,2017,True,0.6038182595186512,0.19614312506371234,0.9505886033174412,-1.2563110697705053,-0.7279989488994149,-0.9691983875474399,-0.8937307110822423,,
KEN,Marsabit,2018,True,-0.055932559582960235,0.447840067366243,-3.0971954838608604,2.762204429659544,2.9168887411541378,1.901327180437712,2.330376047072763,,
KEN,Marsabit,2019,True,0.27846399691560614,0.7289713551492588,1.4331105840527256,-1.2183135029842858,-1.0847768628341146,-1.198906367839562,-1.0215972003582028,,
KEN,Marsabit,2020,True,-0.14325356462628738,0.6118359698829714,-0.2649091521361645,1.0249432291558804,0.6636543539896694,0.8339436030124351,0.8163661603409355,,
KEN,Marsabit,2021,True,-2.0298504279768634,-0.8169739910780319,0.27113404675940755,-0.6302378561074874,-0.9769461665277481,-0.7442485604220225,-0.8820696714883475,,
KEN,Meru,2001,True,-0.4517303147637051,-0.4662006908251943,-0.12317598162712542,0.10856282336836304,-0.034184885012706945,-0.057564596007781556,0.21400220848863857,-0.022828094825093275,-0.039613929682118354
KEN,Meru,2002,True,0.16162411561226872,-0.09646956439283035,-1.0358793919494886,0.49081597880176947,1.4152877567633286,0.3485951875688145,1.1735455364463159,-0.19697577153943469,0.9136761200872195
KEN,Meru,2003,True,0.6709518101238207,0.37357918850810756,0.058188743445719296,0.25181579042298813,0.5108870540090834,-0.05169022379511922,0.567723328911733,-0.3626647968784832,0.3593501295271117
KEN,Meru,2004,True,-1.6726888815216394,-1.2127878528899758,-0.3516593010679312,0.5224555017565062,-0.5681654909495798,0.22171502032239643,-0.3121186195494489,0.23470557026946587,-0.6661058736359463
KEN,Meru,2005,True,-1.0386557630898894,-0.5440416386434767,0.8636388267448419,-0.7046157682062828,-0.5772895091058194,0.030942963613776884,-1.0067902640830757,-0.1963179929471942,-0.18394583646956084
KEN,Meru,2006,True,-0.7615441258289023,-1.1653731576942596,0.14523554125610105,-0.13049817994001056,0.08484456003663302,0.41923356473619994,0.0516990278053552,0.10232842299957774,-0.4555938194678301
KEN,Meru,2009,True,2.1663298034164793,1.8103561943042799,0.7480910465308087,-1.3612895579989808,-1.044343539281823,-0.3648998483488137,-1.3726088360776199,2.1704586745844834,-1.8358937835863807
KEN,Meru,2010,True,0.6540609682721076,0.631488563004768,0.05725512918085087,1.6137469786253449,0.28548581216168245,0.6907035711212592,0.7460157836403217,-1.4828658704411586,1.7557243367594837
KEN,Meru,2011,True,1.1812389280610187,1.5952940218064526,1.093531432574276,-1.3428714623067755,-0.6822683418730724,-1.8855200546232103,-0.9791073995435897,0.8218164979830334,-0.5888957016918382
KEN,Meru,2012,True,1.2534473186741353,1.0407881604668694,-0.344944794178251,-0.9475506171371567,-0.365019582960258,0.2583615302242283,-0.42786762070425016,-1.0676566392051967,0.7412983581598599
KEN,Meru,2013,True,-0.3873223816589474,-0.04958006573618636,-0.6010134236526323,1.0194289594830925,0.5607703223763411,0.05685672556357402,0.9696630455509906,,
KEN,Meru,2014,True,-0.2166039848977413,0.5170066242401891,-0.5099989241506856,0.4869438333815913,-0.6656881128790487,-0.5998626924973008,-0.42308247104104,,
KEN,Meru,2015,True,0.301851666147854,0.4551364158020303,0.0038259324678517354,0.06023012538027074,0.2603993817381,0.6577243003423665,0.44539018399261565,,
KEN,Meru,2016,True,0.17405740904961,0.09747321499803575,0.5764390319847774,-0.004739183217417667,-0.48664272255895785,0.5679580784179592,-0.3922482818940192,,
KEN,Meru,2017,True,-1.3122293846596103,-2.382996592613834,0.8066189200427789,-1.386316667120124,-1.0844892676915698,-0.8984656936474148,-1.3035913943821351,,
KEN,Meru,2018,True,-0.10320205982289132,-0.21395684271039506,-2.7053883824983687,1.3178343481488362,2.8010781569187113,1.031603818124127,2.165140806644016,,
KEN,Meru,2019,True,0.7086369426921365,0.5172586145379099,2.196962199635969,-1.5151791216313528,-1.260790277449171,-2.7700636156726763,-1.2380251525900332,,
KEN,Meru,2020,True,0.15459689662726836,-0.05676570139207632,-0.38971151694535766,1.5814637983029165,1.2204533322682687,1.2138942227735234,1.4379277537582786,,
KEN,Meru,2021,True,-1.4828189624333732,-0.8502088907704144,-0.48801508779413416,-0.06023758011357855,-0.37032464651014174,1.1304777417840914,-0.31566763537305387,,
KEN,Migori,2001,False,0.9929288099877993,1.0025128858916226,-0.6645066926839648,-0.10390126803095764,0.3805863102527077,0.2732597665109462,0.2593957207039053,-0.680123644621198,0.6270150817077343
KEN,Migori,2002,False,0.771197753562784,0.8628221120515492,-0.24652948556409338,0.1253376944298004,1.3163408245251855,-0.050821451265240486,1.5034413526007298,-0.5573892831326244,-0.05489886147580347
KEN,Migori,2003,False,0.742699938457868,0.6487395511047074,0.6104795959624691,-0.8274903832507703,-0.5378247353131639,0.1813351267233199,-0.8317454962872867,-0.43628201170295294,0.4658226799274309
KEN,Migori,2004,False,-2.051183407394825,-1.7552133263115541,0.3403648783609937,0.11749838503926924,-0.8694798414847373,-0.5706213185643666,-0.4376794325475715,3.0618506769781977,-2.621362232429756
KEN,Migori,2005,False,-1.8826156932138745,-1.7045288928291749,1.0833273297052126,0.924995052932005,0.5584836503740975,0.2605605779402935,-0.3355026486579391,-0.4706727788570011,0.7055087730093967
KEN,Migori,2006,False,0.7777725109646247,0.6003553707125231,-1.0166163289834669,0.734609341724476,1.0391400096308545,0.45563463621117706,0.74635428934461,-0.4146491097834173,1.2262303144126312
KEN,Migori,2007,False,1.1287831504170056,0.05414997511988251,-0.01569882552766622,0.5264287458416337,-0.7388560197446685,0.4795586034776634,0.1330371611944178,-0.2626271272346227,-0.05700137106434616
KEN,Migori,2008,False,-1.6430569340156524,-1.966494163320654,-0.13968137075063702,-0.342443978498997,-1.0030854362301687,0.21252741603620817,-0.743710671634985,0.14972926473854087,-0.538476066816785
KEN,Migori,2009,False,0.019097176985564596,0.4284298237019685,0.22079600332465832,-0.14347152928941295,-0.28197345561273646,0.4332739879578223,-0.733709449803297,-0.2612219130928041,-0.017754525413514948
KEN,Migori,2010,False,0.035278366275993,0.3562460456855843,0.383041908782156,1.4483689015998271,-0.046981507354274456,0.5056904810089318,1.3751746523310304,-0.2222826896376934,0.703406263420854
KEN,Migori,2011,False,0.5914909131526781,0.9952445400228935,0.15390773517378573,-0.3821880603647898,-0.9131074881998379,0.46685941490701066,-0.8504592744389581,0.2120394181306313,-0.7802646694872579
KEN,Migori,2012,False,0.9249587373056275,1.3631597935800597,-0.5822415408608256,-1.5283263809712004,0.23037817403121263,0.5078983912737137,0.12008182085975633,-0.1183708017850553,0.341774614209416
KEN,Migori,2013,False,-1.4094670470892725,-1.647836551957886,-1.0153253985278827,0.31446755174938185,1.5818258447033902,-2.0297240034951227,1.3140101389600576,,
KEN,Migori,2014,False,-0.23256951093847744,-0.2204635864864644,-0.4524867335719438,0.13685765518053947,-1.173561323907094,-2.1313101029654513,-1.4042341686440951,,
KEN,Migori,2015,False,1.2475620120102067,0.9719168773262354,0.05062834789018005,-2.0964416539655284,0.8646097096837656,-2.5923113935456015,-0.6447398520462987,,
KEN,Migori,2016,False,-0.2903221880954285,-0.06656685609929365,1.0642529967702128,-0.88300868523167,-1.4807836706900825,0.7376618316263794,-1.4464376370799032,,
KEN,Migori,2017,False,0.49044160357501154,0.5313233055634297,1.4707937730082794,0.06030705971282727,-1.0789517374455262,0.028492909089842894,0.19703543040126884,,
KEN,Migori,2018,False,0.40948060655027146,0.41048622109473415,-2.111756078050893,0.3593567235921221,1.678825849047874,0.8796423162115578,0.7603418703784884,,
KEN,Migori,2019,False,-0.027327688239856478,-0.12281996571554649,2.446209108278808,-1.4013895369539577,-1.0726799776996623,0.4100835210815016,-1.3728646485356009,,
KEN,Migori,2020,False,-0.12013197657219146,-0.37369636924460836,-0.7862588863432091,2.2265203054602387,0.8604783938892182,0.9046702386104349,1.8333115953648076,,
KEN,Migori,2021,False,-0.4750171336858566,-0.36776678989000844,-0.7927003363921732,0.7339140592951633,0.6866164275436469,0.6376390511689799,0.5588992475368639,,
KEN,Mombasa,2001,False,0.47305177749092836,0.8190241114974692,-0.7573727975587903,0.8127607018710279,0.0636032945249745,0.3229427182861844,0.1625434209314966,-0.8486411014924651,0.7396573589793266
KEN,Mombasa,2002,False,0.1655206708962984,-0.10737806910363348,-0.8752979614287503,0.5286440023962504,0.5471393044419243,0.13772797667441194,1.1535898104545916,0.7869063482191377,-0.6511815983357445
KEN,Mombasa,2003,False,-0.18410738466826757,0.014790271557814235,1.0690779597431257,0.332497768444782,0.4782480482331514,-0.06969933698569102,-0.3521996515756087,-0.23134957035104603,-0.05662448681176481
KEN,Mombasa,2004,False,0.5564138621681716,-1.6446526445160954,0.6885427463174759,-0.7914619690728848,-0.9467202332816911,-0.0034591367687864995,-0.47992663092374777,2.0025048713391294,-1.447463444126836
KEN,Mombasa,2005,False,-0.3465393443754109,-0.0276663280871669,1.0207095488252078,-0.05745798396768227,-0.30287422314771983,0.2548073624456849,-0.24509002344284636,-0.6595937325281724,0.314973707890707
KEN,Mombasa,2006,False,-0.5979615402165329,-0.08768750592694752,-1.1209373886827179,0.2519510511351447,1.3672612077346877,0.3798600453814011,1.2775692359274757,-0.6655789025075822,0.5591668072666214
KEN,Mombasa,2007,False,0.6726937903115553,-0.734832158244551,0.17300487882152116,-0.22061487995285708,2.4964979486358594,-1.2253880990371804,0.8881467472807204,-0.39204613414951756,0.3362078904451083
KEN,Mombasa,2008,False,1.4356479464744594,1.181709497870535,-1.6924954086381505,0.17703952837804918,-0.9697366020545549,0.5090439892144155,-0.28997186249358814,-1.0138947947138262,1.2811290141171598
KEN,Mombasa,2009,False,-1.372019551359835,-0.18378682690585763,1.0214362505358645,-1.9376875770959465,-1.4595941929290837,-1.5004051888714323,-1.5324615515666367,1.3507093602813192,-1.5111659917901847
KEN,Mombasa,2010,False,-0.5878349142846128,0.3952058151378314,-0.11782542049790445,0.7675421049933915,0.37936078413492647,0.5927553167598654,0.33030160341322784,-1.1667791366444382,1.6527272088196312
KEN,Mombasa,2011,False,0.5862917287800747,1.5915394639527267,0.6414211275501938,-0.13429220707791192,-1.348721141446501,0.1737694285423592,-1.3790288102936739,0.43596538146061725,-0.672415780890291
KEN,Mombasa,2012,False,-0.3441279093636813,0.3111836983001956,0.5417703743452216,-2.166409547271416,-1.0272030689532146,-1.3344026901837251,-1.4070909098552902,0.40179741108684486,-0.5450106855637329
KEN,Mombasa,2013,False,-0.6652257910420228,-0.039570470573746845,-0.405271569694179,1.5060828940172364,-0.12607641202585235,0.6433510264142178,0.95941103390476,,
KEN,Mombasa,2014,False,-0.22522424180222037,-0.3445700059914881,-0.3472209271608068,0.48672553816088066,-1.0907254762972676,0.5981894783277062,-0.7324730125155815,,
KEN,Mombasa,2015,False,0.49106997095983923,0.41397687572439623,0.8133858254917151,0.04989760869172498,-0.11872444864131662,0.13915318281085104,-0.07571506283982327,,
KEN,Mombasa,2016,False,-2.931477114402871,-2.669209947342969,1.1008818463740107,0.13965538769103203,-0.1818840685185469,0.7038977218821796,0.5511634761957098,,
KEN,Mombasa,2017,False,0.9175950984890041,1.1027411121981292,-0.9561613380554228,-1.0917932623879385,0.21614456748509295,0.8651190034097697,0.2319275226098863,,
KEN,Mombasa,2018,False,0.4160469058946079,-0.45371363159298056,-1.5566663094852053,1.22815327147976,0.5293590511475614,0.8855476992773413,0.7803976753344787,,
KEN,Mombasa,2019,False,-0.0028275995164861786,-0.743876241879766,1.6648878681598667,-1.1419630917166022,0.20309672794037026,-2.9756166562910593,-1.6442337971219736,,
KEN,Mombasa,2020,False,1.5430136395670024,1.2067729839261052,-0.9058693049622762,1.260730661283959,1.2915489330172,0.9028061587114866,1.8031407865764222,,
KEN,Murang'a,2001,False,0.20856850029616117,0.5432363424060765,-0.47871600625826016,-0.22161293821834033,0.23484326960268312,0.28939593684008996,0.4114378756137787,-0.07015631607505625,-0.1227156303333632
KEN,Murang'a,2002,False,1.4621677995309053,1.1492100653817015,-0.30400246495009453,0.6265004654052362,0.8123330141184034,-0.08888219517319573,0.6121925877982727,-0.27381688106054347,-0.359381488833286
KEN,Murang'a,2003,False,-0.001005678981510723,0.1277647295334154,0.9867020272797543,-1.4556222603792985,0.6724284217627926,-0.8875645090271798,0.2319926306256013,-0.37728066901752905,1.796907444166127
KEN,Murang'a,2004,False,-0.8096322348683963,-0.8875922724358717,-0.0038102772273929096,0.11433658670910604,-0.5217634005508569,-0.09718323376895574,-0.40816506048818635,-0.00028280327157859575,-0.1490118368333209
KEN,Murang'a,2005,False,0.5750529506199381,-0.17629907993791494,0.977626134485597,-0.14619775321545758,0.029070725292720093,0.20947692270780122,-0.24507283432014026,-0.5431637820523274,0.4689490159165179
KEN,Murang'a,2006,False,0.4158591342580741,0.26028546547556675,-0.3123072715596764,0.8915137082906824,0.02500374598631226,0.11564618667530692,0.3210512824377131,0.8889182177045931,-0.9641942383330719
KEN,Murang'a,2007,False,0.39672380892949716,0.17752477954416832,-0.17333461691501698,0.07498584637586173,-0.4470822889093311,0.13256375849473373,-0.5978953856254073,-0.37344805154590643,-0.1753080433332786
KEN,Murang'a,2008,False,-2.4258294423869433,-2.6631499164504646,-1.5788788502289814,0.04913012017090942,-0.49934146618305053,0.10720431859346803,-0.20146890701063075,0.324662376725122,-0.9247499285830595
KEN,Murang'a,2009,False,-2.7460711219501266,-2.286522401069854,1.0674264147381045,-1.0415914105799455,-1.0847095627570003,-0.14387662159396866,-1.3405463123078267,2.7430186756662103,-1.8451171560827921
KEN,Murang'a,2010,False,0.2365953320578266,0.7457560090539643,0.2421245353183997,1.3672739117970618,0.4997905615462747,0.5147164205922641,0.756319764842678,-0.9035480108287585,1.1657984881663834
KEN,Murang'a,2011,False,0.8505601240806134,0.9377390416882849,0.3668737758826788,0.751475109206051,-1.052471502315779,-0.449525037095283,-0.9453139689415794,-0.47705535161087,0.2454312606666517
KEN,Murang'a,2012,False,0.9619701451213633,1.1630581223003282,0.03939138927608571,-1.3675654380252844,0.463988920470861,-0.12067015361259814,0.3212458072945856,-0.9378474046333557,0.8633921134164924
KEN,Murang'a,2013,False,0.30228356023970027,0.6053050979226109,-0.7673106409616143,0.4270541214856099,0.8483230091428282,0.35594302666334815,1.4347746777052972,,
KEN,Murang'a,2014,False,0.08105059751485655,0.3022358224044006,-1.1695571272214642,1.5695825132301535,-1.187525931139773,0.4278404298477124,-0.7848264643396446,,
KEN,Murang'a,2015,False,0.6083856385077753,0.798014755637716,-0.30044921645092043,0.0816697477174879,0.04207140040638369,0.3582041995234551,0.06852822106089088,,
KEN,Murang'a,2016,False,-0.28050253247096973,-0.132527224565201,0.7783628762738782,0.15562200110237837,0.17655699025599506,0.5961395667940423,0.2413607453366391,,
KEN,Murang'a,2017,False,-0.5243057546966526,-0.6078867848856713,0.752854511681375,-1.6216968018826914,-1.1016326725227679,0.18530165759947173,-1.2312677573820887,,
KEN,Murang'a,2018,False,0.48010961401633845,0.42068944623740634,-1.9160206543099563,0.03397075630331063,2.610795472849884,0.6528454189719898,2.021879930687186,,
KEN,Murang'a,2019,False,0.42760911998760476,0.35281942877233113,2.4790351366929233,-2.0537174702018475,-1.143603412334536,-3.9501201341074177,-1.6410169398501562,,
KEN,Murang'a,2020,False,0.1274315870625909,-0.08797410572162064,0.16829824318692216,1.1372862201134062,1.6653453702856975,1.0673144975830486,1.8655949500884415,,
KEN,Murang'a,2021,False,-0.34702114686864577,-0.7416873212913729,-0.8543079187323409,0.6276029645956108,-1.0424206650077406,0.7252295434918665,-0.8908048432254244,,
KEN,Nairobi,2006,False,-0.7346241011093771,0.3955632903224508,-0.6356793106234216,0.6866488278051072,0.6973597929831534,0.2688911815317038,0.6898433372559947,-0.16570003862867522,-0.2160424774662869
KEN,Nairobi,2007,False,0.9191166807118616,0.9987641861454727,0.2214306621670542,-0.015104963453832755,-0.3018120730653276,0.1486947662289924,-0.17964720234461393,-0.8074660494027533,1.2601923897130174
KEN,Nairobi,2008,False,0.947937265045869,1.1512136161537716,-0.8194975608766133,0.03924955145157568,-0.1236129767857404,0.2622524907078685,-0.006660151605147432,0.29190237717709366,-0.4277641053832587
KEN,Nairobi,2009,False,-1.7034424832568806,-2.012302701745721,1.3066260191750667,-1.4967843705551929,-0.9295203930156257,-1.1401836919375214,-1.4367388193922115,2.199624002370735,-1.8897069317455668
KEN,Nairobi,2010,False,1.2889673395010384,0.09974769847625942,-0.16763555060055288,1.3488299008294493,0.5212725332522435,0.4678015623805415,0.7160232043437325,-1.1782717045605593,1.0556167822045461
KEN,Nairobi,2011,False,-0.7007515244574043,-1.2997676656553907,0.8158037256926395,-0.140233826148625,-0.9038091213214733,-0.7008653673947646,-0.8591444733332395,0.7290208584257497,-0.8583533816256997
KEN,Nairobi,2012,False,0.813561319416471,0.7589868010158012,0.17483884468208505,-0.6806114473446807,1.150918734330731,-0.01958447352975447,0.7363862373550966,-0.9077404111516191,0.8438951542875744
KEN,Nairobi,2013,False,-0.6421038601965576,-0.5575362902789508,-0.7183079289810589,0.7112752879017504,0.7680516958240113,0.5095831846139511,1.0986603639792116,-0.6167251831855756,0.851041174696075
KEN,Nairobi,2014,False,-0.5430592388446335,-0.6135411266774464,-0.6067792040330072,0.5692496540681298,-0.9873163788137703,0.11863578888923572,-0.4397688369004445,-0.32613901742685936,0.06713935453567976
KEN,Nairobi,2015,False,0.6345881988760359,0.6906403056963555,-0.03998827212234525,-0.7953430560838908,0.0076103129402243855,0.4927129328777126,-0.001966369652406244,0.33816033091817255,-0.6037556312577328
KEN,Nairobi,2016,False,0.31048587401941674,0.5907186822246362,0.5070190141454274,-0.1574397848457516,0.14719403452101687,0.6746876089820653,0.12253335130380728,-0.6146757801717302,0.6464655671876037
KEN,Nairobi,2017,False,-1.0285466968039476,-0.8932383441115048,0.9996808641894016,-1.2322711251897795,-1.3427940979664577,-0.5666279371978498,-1.3784114138587968,1.852542963383059,-1.6065250997435996
KEN,Nairobi,2018,False,-1.346446276052949,-1.2386731732336511,-2.064184715132599,1.156613916439617,2.161548941715415,0.8100212714981307,1.5883782810461087,-1.028069645250261,1.3387986142065136
KEN,Nairobi,2019,False,1.2064940048858188,1.1390707873104073,2.089643364725823,-1.9131087070518364,-1.3302131689886094,-3.0606845244613377,-1.6747079422781048,0.941866000006549,-0.9141920527246881
KEN,Nairobi,2020,False,1.0955005712112904,1.0037524994488058,-0.7651829708756627,1.2233852721176717,1.004135220586119,0.9179095653038202,1.3687290316303313,-0.508253209381328,0.5620428144546163
KEN,Nairobi,2021,False,-0.517677072946052,-0.21339856509129573,-0.29778698153223615,0.6956448700602894,-0.5390130561959098,0.8167556415072064,-0.3435085975493169,-0.2000754931219978,-0.10885217133879366
KEN,Nakuru,2001,False,1.0121089353096813,0.9834381367121834,-0.7976133250740021,0.5259163029878898,-0.001468860972987333,-0.09653914491382833,0.010269792540071442,-0.023855030150726902,0.4353995533539071
KEN,Nakuru,2002,False,-0.6821858840811013,-0.7416369314532816,-0.022870713249072878,0.0816717082287016,-0.05162910194811119,-0.41340228776464444,-0.0468668701163739,0.05541094202003687,-0.8911897193992708
KEN,Nakuru,2003,False,-0.6292811860080634,-0.9892772675074932,0.6417194386034131,-0.7197296870080195,0.39337235406222604,-0.28048137369138615,-0.013701842692502587,-0.2888715803230899,1.5556838035812466
KEN,Nakuru,2004,False,-0.4436179887238978,-0.6525334771044258,-0.2397853870452329,0.46501223598203156,0.5197359521695547,0.021790569396228362,0.6918919429832012,-0.18477690330147864,-0.4569896138507678
KEN,Nakuru,2005,False,0.8564404154897806,0.7653137389757948,0.8409087765234257,-0.43368143354998684,0.005785883248173922,0.06191581516740122,-0.15821286377260607,-0.3611005398890971,0.2746735474326224
KEN,Nakuru,2006,False,0.2874980514460942,0.16089235692240328,-0.15025344186184458,0.6240156099731846,0.0747328120543588,0.13946623170991526,0.29786850717092483,0.34326458970216717,-0.7088736529811164
KEN,Nakuru,2007,False,0.5259436302699263,0.46218564218603253,-0.1658856720415637,0.14763318009194892,-0.6064750403163262,0.08048723825170007,-0.2292894808466208,-0.5457889273088257,0.5373526168114107
KEN,Nakuru,2008,False,0.02128569074246962,-0.28057857659633734,-0.916197680194922,0.041086930951245174,-0.5932462068811594,-0.06843151639963889,-0.825767900657029,-0.009382683473036503,-0.6177156197720391
KEN,Nakuru,2009,False,-2.931525450203724,-2.5168334882896417,1.5229609784948088,-2.0630266324947835,-0.6142749917428304,0.06304013137951259,-1.0285391796616838,2.897434617590459,-1.9443048925252182
KEN,Nakuru,2010,False,1.2462064112796,1.2816809894378216,-0.24892227079641166,1.793800527108443,1.1482353784995039,0.3466847400399256,1.5674248379914872,-0.87174866211499,1.017131738964437
KEN,Nakuru,2011,False,0.8912326894173157,1.3508296492953449,0.6646867006792048,-0.37433762974479884,-0.8753816295878221,-0.2524443263278803,-0.7480768711155146,0.07214044368412968,-0.30945753378872565
KEN,Nakuru,2012,False,1.3588014667971955,1.6570976829020534,-0.7279750459652502,-0.3498217700283658,0.8262236023140838,0.39773677830392046,0.8414038445718516,-1.0827262664355475,1.1082897721735143
KEN,Nakuru,2013,False,0.2939726575535878,0.7390584794387492,-0.7436072761449691,0.725325113658735,0.6254808251821834,0.47191978198661266,0.7468300347750474,,
KEN,Nakuru,2014,False,-0.9489925367598189,-0.5074273705326492,-0.590421578906229,-0.02636306787356407,-1.1506679638665576,0.10488645007214577,-0.8614798508783599,,
KEN,Nakuru,2015,False,-1.5856735889854168,-1.6036972792088242,-0.22212916769876645,-0.6441017569244702,-0.4716590306079826,0.5533211614683801,-0.3039890648788016,,
KEN,Nakuru,2016,False,-0.1946973236677794,0.07791659635441488,0.8479210502995249,0.4451054296285301,0.30048532911319925,0.6317240875956762,0.26008407666191863,,
KEN,Nakuru,2017,False,-0.17921116828765554,0.06124183120446031,1.3110188371686473,-1.5235521803147687,-1.6328941779263533,-0.08807771049616968,-1.8416967759679785,,
KEN,Nakuru,2018,False,0.2403787501931352,0.27410043127533634,-1.9505217247389093,1.3333614763697859,2.7001490922212166,0.7266803694752713,1.999566630628782,,
KEN,Nakuru,2019,False,0.21860817106923083,-0.14628717554970994,2.389200052307127,-1.7589905170794715,-1.1882524799218515,-4.062490680552551,-1.6751914977281768,,
KEN,Nakuru,2020,False,0.5981595374357327,-0.38031826227849613,-0.6839674263666293,1.5069273069006297,1.3279072286152462,0.8277320948859757,1.4845924117476537,,
KEN,Nakuru,2021,False,0.044548719713707184,0.004834293816264564,-0.7582651239923485,0.20374885313710325,-0.7361589737077647,0.8344815904134336,-0.16711988075529002,,
KEN,Nandi,2001,False,0.29718992708094844,0.5166063397188766,-0.9816945637279538,0.6222447604831166,-0.3452859543614688,-0.14693957167014088,-0.2718044529226812,-0.05906830556279569,0.4227885000565927
KEN,Nandi,2002,False,-0.5180923210468971,-0.06701808286058801,0.15021087001514333,-0.5017225769761777,1.1175729623633315,-0.10521815231656692,0.41812817567143545,0.01112144318693019,-0.8202028322265651
KEN,Nandi,2003,False,-0.2884030687859456,-0.23036981079658328,0.5085941618261032,-1.4603194791135519,0.34378446317380557,-0.05595960881725981,-0.05816130380478129,-0.3076808149862517,1.4597004418012118
KEN,Nandi,2004,False,-0.8581504879744283,-1.4492450064455469,0.17537188085834138,0.24827833980270025,-1.0023613500277042,-0.1741328945548626,0.17851590189672084,-0.21468808652035537,-0.4238171825384803
KEN,Nandi,2005,False,0.25408425762530906,-0.9169941877237563,0.9252015086607562,0.18006421844641554,0.18473417538126677,0.035020354035621246,0.0015948401084957945,-0.37923489367238417,0.2547703613479629
KEN,Nandi,2006,False,1.953178551463131,-0.7044737615201417,-0.8371777426294529,1.5197482715084918,0.5428574594408144,0.08051033546206178,0.5813926512522378,0.26505340322563314,-0.6679578249069154
KEN,Nandi,2009,False,-1.0349949797661346,0.502337446296872,0.8277109756754845,-0.5730890877859162,-0.8662854182078247,-0.07050716981652513,-1.1597758859740213,2.603006521818683,-1.8348266535302564
KEN,Nandi,2010,False,0.34106722198247796,1.142295203990602,-0.10190020174874284,1.3145123433130905,0.9457977955617376,0.26247026116782385,1.3994312470174222,-0.861265585438012,0.9254713395399206
KEN,Nandi,2011,False,-0.6946623315011133,0.4226589521458276,0.5040464485000562,-0.5472825258545571,-1.175382495759456,-0.209947859418281,-1.009713502311813,0.0030043981336498123,-0.3175199927432232
KEN,Nandi,2012,False,1.401546964866479,1.1514814864948018,-0.8683978426133416,-1.1973606356312507,0.3292809776275809,0.1402572838991232,-0.12451248896225856,-1.060248080185097,1.0015938431997524
KEN,Nandi,2013,False,-0.9798022729509009,0.10527283710752218,-1.0873601119944145,0.8988284014385213,0.20426029504492318,0.030697854328067136,0.943025228033117,,
KEN,Nandi,2014,False,-1.5450563735535703,0.030043028451312858,0.08232971711465487,-0.031820488134142295,-1.4931187298235609,0.444430186873586,-1.206408259011006,,
KEN,Nandi,2015,False,0.13426041403599598,0.3837480367498671,-0.5184060830441728,-1.116933271540059,0.47478291730224537,0.4899201683000265,-0.15481961538417688,,
KEN,Nandi,2016,False,0.4398467644072802,0.5957914739691811,1.0236867467919062,0.10891375473404999,0.3154034171730102,0.5284113915911598,-0.05112319709339186,,
KEN,Nandi,2017,False,1.1561655823016828,0.6171072923456299,1.350633421658384,0.624472266558691,-0.9580069316909146,0.5539818306324922,-0.6821617938482066,,
KEN,Nandi,2018,False,1.5816946771226545,0.9039475852664776,-2.0733524002457306,0.8407825462880184,1.8404613334686069,0.6263901125793481,1.5686247446785098,,
KEN,Nandi,2019,False,-0.13291360638069807,0.2033525858037591,2.0314292608918985,-2.233410741113626,-1.9868534758342744,-3.9085379225457584,-2.3571906707920816,,
KEN,Nandi,2020,False,-0.13725901095242107,-0.14007417225714697,-0.7689628998922409,0.777837126855346,0.8835769809709485,0.7173700754322292,1.3210379342195222,,
KEN,Nandi,2021,False,-1.369699907973849,-3.0664672467369662,-0.3419631460966779,0.5262567767208397,0.6447815781969326,0.7617833248378562,0.663920447226957,,
KEN,Narok,2001,True,-0.32920078433047045,-0.7876778034158182,-0.995857726464366,1.188283526938849,-0.17954318128003857,0.5973863192283619,-0.09025853684785834,-0.023855030150726902,0.4353995533539071
KEN,Narok,2002,True,-0.9838464046972978,-1.352968809966964,-0.07523338486918389,0.07540851370661122,0.4670989895964107,0.03012388795454528,0.38929436550571883,0.05541094202003687,-0.8911897193992708
KEN,Narok,2003,True,-0.8313415966064165,-1.639834976346299,0.6261664979699231,-0.24913339723447595,0.22531748993755785,-0.5798817295479153,-0.4190662704094704,-0.2888715803230899,1.5556838035812466
KEN,Narok,2004,True,0.22166453100730024,0.7585438569526124,-0.3022400139618337,-0.15328861364238036,0.3724335624899465,0.18522397272499222,0.6834033373502084,-0.18477690330147864,-0.4569896138507678
KEN,Narok,2005,True,-0.6886822197463832,-0.00463022785298124,0.7297299597085398,-0.020274615797522395,0.05933980626919959,0.0684432149008651,-0.02531678950982203,-0.3611005398890971,0.2746735474326224
KEN,Narok,2006,True,-0.6228784893520475,0.03189304638155679,-0.6713856642200552,-0.41713802113738535,0.9819142801605466,-0.35531444850599114,0.9925564998397878,0.34326458970216717,-0.7088736529811164
KEN,Narok,2007,True,1.8078958926293953,1.1528109647547733,-0.07419387293850199,1.201636079764606,-0.7323707890595429,0.7783142375971369,-0.25492007751322693,-0.5457889273088257,0.5373526168114107
KEN,Narok,2008,True,0.07914245863842065,-0.16625917378675492,-0.3812265003774117,-0.09809347178481402,-0.5287267082568718,-0.08582154161723382,-0.26310419650843236,-0.009382683473036503,-0.6177156197720391
KEN,Narok,2009,True,0.30970810955895717,0.49743544705425946,1.4154799573258283,-1.602109635002518,-0.6208432164399593,-1.4601013583921076,-1.2613704853493104,2.897434617590459,-1.9443048925252182
KEN,Narok,2010,True,2.5307731967573663,2.763142379595857,-0.1304257742463267,0.9859453709094987,0.14982027019630606,0.9974701216646006,0.7252178624949828,-0.87174866211499,1.017131738964437
KEN,Narok,2011,True,0.6009994959114416,0.268750505655143,0.8713625995208873,-0.9216016803779263,-1.0679257994634428,-0.6186443409118614,-1.090885514892731,0.07214044368412968,-0.30945753378872565
KEN,Narok,2012,True,-1.1934410607041752,-0.33936605283187904,-0.6017402187713473,-0.2696593502134916,0.9091096625743436,-0.17907869080494282,0.7470051804885025,-1.0827262664355475,1.1082897721735143
KEN,Narok,2013,True,1.1327913402442187,1.3532916072416334,-0.8726772841639069,0.5545867793552223,0.566288601947996,0.8039898617556476,0.8870826504593974,,
KEN,Narok,2014,True,0.4199253346445505,0.6648191732281583,0.029185522356342537,-0.06111397656583836,-1.4933050843589686,0.47226019626252363,-1.2102816824669405,,
KEN,Narok,2015,True,-1.4700373835386769,-0.45825946325402506,0.22524753654651747,-1.7642303494630696,0.05742979158050046,-0.7147441859785576,-0.3101455372962929,,
KEN,Narok,2016,True,0.31402673353319444,0.06628759692524402,0.5979126961160195,0.8127315188618829,-0.2734806853676941,1.032632815202394,-0.14194197177153473,,
KEN,Narok,2017,True,0.2863927635462661,-0.11762170626670927,1.5126230755680306,-1.2094926430658484,-1.5698819809553684,-1.140821286395354,-1.6547631870241735,,
KEN,Narok,2018,True,0.149339571741963,-0.7235428684180694,-1.9883569686503113,0.21450324981391433,2.608327654384687,0.569669167054627,1.9402453693538235,,
KEN,Narok,2019,True,-0.7613039178098447,-0.8231688760883976,2.15333744369134,-1.241538695007782,-1.0178064954757913,-2.8113141948499742,-1.4395817081292843,,
KEN,Narok,2020,True,-1.151079771745135,-1.0720460480913139,-1.201628914508981,2.138883281408863,1.5125606540099097,1.4345527385255659,1.8081022729207816,,
KEN,Narok,2021,True,0.17915220031737328,-0.07159857147002627,-0.866078965631203,0.8356961285336046,-0.4257568224897266,0.9756552441326778,-0.011271580694125592,,
KEN,Nyamira,2001,False,0.30513907943520396,-0.2655372379828413,-0.8450162058797769,0.19558020352963174,0.4843499930776429,0.1739017581928793,0.16235712791108337,-0.680123644621198,0.6270150817077343
KEN,Nyamira,2002,False,0.42601871430967153,-0.1090752405823778,-0.06045563864789543,0.9635763303515867,0.9290043119421247,0.1740156143712022,0.992541190012786,-0.5573892831326244,-0.05489886147580347
KEN,Nyamira,2003,False,1.3113329440503483,-0.399504826566451,0.8474341644793018,-1.6072808304244735,0.0731454453395808,-0.693169968381411,-0.26325565564871417,-0.43628201170295294,0.4658226799274309
KEN,Nyamira,2004,False,0.29176969122073176,-0.29545978609837087,-0.011488247609456033,0.8869010598384832,-0.619206373897103,-0.08813823638539157,0.041287567885618055,3.0618506769781977,-2.621362232429756
KEN,Nyamira,2005,False,-0.049596155683790076,0.7758832854355987,0.9517183451472596,0.1046107844980473,0.16015900154221588,0.23572566306183623,-0.10053232343951982,-0.4706727788570011,0.7055087730093967
KEN,Nyamira,2006,False,-0.2664502262357956,0.3246526332817455,-1.1704219022515712,0.37694653952083196,1.229881797719192,0.25086853478847626,1.02063960132629,-0.4146491097834173,1.2262303144126312
KEN,Nyamira,2007,False,0.13683746964542232,0.4371161071550392,0.1709338917429784,0.2568203220935675,-1.2462345216365507,0.24033683828687089,-0.7483044588225282,-0.2626271272346227,-0.05700137106434616
KEN,Nyamira,2008,False,-3.5083128005309305,-2.768396557838117,-0.45704848058103037,-0.617116292967347,-0.7445663033927835,0.2579845459382601,-0.4987331812403405,0.14972926473854087,-0.538476066816785
KEN,Nyamira,2009,False,-0.25257010398214486,0.4591759901288613,0.5799138316817034,-0.25760099461381036,-0.9395030313560521,0.14162353161759217,-1.06465482088237,-0.2612219130928041,-0.017754525413514948
KEN,Nyamira,2010,False,1.0903480984076594,2.038646780916946,0.26297504694662255,1.4886235415606697,1.1305856091594215,0.3089351857703761,1.3828856675804064,-0.2222826896376934,0.703406263420854
KEN,Nyamira,2011,False,0.7515096390275711,1.4564568651608256,0.24105914023562422,-0.12710932912011788,-1.2266079512422985,0.2677192491910715,-1.4053109606979195,0.2120394181306313,-0.7802646694872579
KEN,Nyamira,2012,False,0.5670184889741191,0.8913285126311304,-0.6154450515414546,-1.581421419923491,0.7059775840275558,0.22462468566821614,0.39278823240441374,-0.1183708017850553,0.341774614209416
KEN,Nyamira,2013,False,-1.0846309353688783,-0.5056409322238948,-0.8852285401989162,0.8529978151940107,0.7331763708320451,0.046895191192149716,1.1759508366048719,,
KEN,Nyamira,2014,False,-1.0312092357612446,-1.516041344497828,-0.14359138349922831,-0.7585763140204695,-1.8480491810623465,0.3488417762981892,-1.5436444376339806,,
KEN,Nyamira,2015,False,-0.09696577157159125,-0.4766516625077058,0.45537077481176363,-2.1780781984762325,-0.066447112623466,-4.229258228913106,-0.40021114632556065,,
KEN,Nyamira,2016,False,-0.38874058540205886,-0.703115840557991,1.398627049997174,-0.32187805463716723,-0.27627374568384694,0.3960351622432927,-0.5377150584230657,,
KEN,Nyamira,2017,False,-0.021570131575108505,0.08232851229623499,1.0850133181906407,0.9497878719931208,-0.5073545863641999,0.3980276453652553,-0.2381692845207319,,
KEN,Nyamira,2018,False,0.21755703360689022,0.5972102158460196,-2.40342140530333,0.04319743504860739,1.7339380633602333,0.4256946967154633,0.996126727369772,,
KEN,Nyamira,2019,False,0.7242928607122419,0.32806876858395806,2.055624925515385,-0.7001238924779108,-1.3596522837203389,0.19786848374521396,-1.8554466485145737,,
KEN,Nyamira,2020,False,0.5462015801308452,-0.08324266557980495,-0.7348509605220241,1.5888934187805461,1.1354521676910088,0.45472802220639097,1.435072730148501,,
KEN,Nyamira,2021,False,0.33202034659083796,-0.26820157700097697,-0.7217026727137711,0.4412500042519168,0.5182247462879657,0.46673984902717236,1.0563282949055637,,
KEN,Nyandarua,2001,False,0.22289421613294347,0.4076188169585583,-0.7861442093943151,0.5954994541086018,0.2742350339878659,-0.04465551642634241,0.3302586376932767,-0.07015631607505625,-0.1227156303333632
KEN,Nyandarua,2002,False,-0.30585809829260696,-0.18733306309137154,0.24734009309409058,0.25814298834846683,-0.28317911910066895,-0.5837921554068685,-0.2874192801172926,-0.27381688106054347,-0.359381488833286
KEN,Nyandarua,2003,False,0.378985155189803,0.4031363084354647,0.7842862602152206,-1.1003066316145154,0.3354951238041921,-0.5092200403649112,-0.09304599023761888,-0.37728066901752905,1.796907444166127
KEN,Nyandarua,2004,False,-1.5260637586451506,-1.5187335213096353,0.12471115110479765,0.5464598297182282,0.1001781708669243,0.02240736753844067,0.4639616761337995,-0.00028280327157859575,-0.1490118368333209
KEN,Nyandarua,2005,False,0.5523649891737741,0.7717888462152239,0.637839366362849,-0.7369808727548074,0.1214165449267821,0.10325279052163068,-0.024511594470684964,-0.5431637820523274,0.4689490159165179
KEN,Nyandarua,2006,False,-0.27118839823519647,-0.2434509317044239,0.046410063971745574,1.1090202381899374,0.31597549261147523,0.1569885613302166,0.2374787941135065,0.8889182177045931,-0.9641942383330719
KEN,Nyandarua,2007,False,-0.2568011897080973,0.8059970885242315,-0.12985910525085306,0.16287046536022556,-0.6955273732982069,0.08449641449266115,-0.2716672200439516,-0.37344805154590643,-0.1753080433332786
KEN,Nyandarua,2008,False,-2.2774260211742656,-2.201569114838186,-1.4497207687870814,-0.2742902245019815,-0.498359310976629,0.10426670373368892,-0.7026444226417282,0.324662376725122,-0.9247499285830595
KEN,Nyandarua,2009,False,0.4784802461299567,-0.4558289917827653,1.0184643285634347,-2.1226651992331873,-0.9329852179043757,0.17825629732397258,-1.1769051820535434,2.7430186756662103,-1.8451171560827921
KEN,Nyandarua,2010,False,1.2957287913895619,0.3214565663253557,0.1091315297779179,1.7419729088122684,1.2928180029854799,0.3256884031691285,1.414644995656355,-0.9035480108287585,1.1657984881663834
KEN,Nyandarua,2011,False,2.316178372414791,1.5277993767156832,0.33809834711424214,-0.2099442759424357,-0.9462476080776634,-0.12911705334422824,-0.8897995914296514,-0.47705535161087,0.2454312606666517
KEN,Nyandarua,2012,False,1.3767102028665996,2.2343240522291734,-0.8143760436066034,-0.5111668777954534,0.8601218799601702,0.38386966810515544,0.7960260093655946,-0.9378474046333557,0.8633921134164924
KEN,Nyandarua,2013,False,0.3969191236067706,-0.38818957781122937,-0.632052715335427,0.698006031669029,0.9130806936754648,0.4523029032331902,0.9382867582054808,,
KEN,Nyandarua,2014,False,-0.023260143902175266,-0.8152131922550978,-1.0699885501646245,0.2282002647597021,-1.1058030463021342,0.22727975473877,-0.558198101685142,,
KEN,Nyandarua,2015,False,-0.7026176516551009,-0.5535884304682942,-0.3388599143822159,-0.3466429065417018,-0.037310588931458534,0.5264362940769259,0.045753919837820616,,
KEN,Nyandarua,2016,False,-0.7679077382615385,-0.42168820279920327,1.1200394727713179,0.5922736208036864,0.33397162892856797,0.5770354109148955,0.3079596495006888,,
KEN,Nyandarua,2017,False,0.5000688052723332,1.3139347417015792,1.1184352838778078,-1.5020608275573453,-1.5415706642475753,0.13258091250455967,-1.7798518124364486,,
KEN,Nyandarua,2018,False,-0.8853080330714865,-0.6128140740090997,-1.7608406169145592,1.013911960037639,2.214835117575195,0.6621918999982289,2.0051186233003215,,
KEN,Nyandarua,2019,False,-0.2407591478219056,0.1145309529575946,2.484428333329437,-1.58380459240875,-1.3449449113228467,-4.088037122563372,-1.5993400557575745,,
KEN,Nyandarua,2020,False,-0.46056368894487787,-0.24881279134712705,-0.10539329134938909,1.2243540947110267,1.5853706445274944,0.7456008247264939,1.5960265065620955,,
KEN,Nyandarua,2021,False,0.19942396753586758,-0.25336485864643044,-0.9419490149977923,0.2171505518313668,-0.9615704936880534,0.6721676816977634,-0.7521323194953029,,
KEN,Nyeri,2001,True,-1.0534085670325348,-0.9645982174200705,-1.0189102998858672,0.19403184790369585,0.29925591541872176,0.07040809092436993,0.6308420968663033,-0.07015631607505625,-0.1227156303333632
KEN,Nyeri,2002,True,0.6140640342868294,0.1822128856942447,0.1064435258381259,0.6639102823697797,0.41402044137338706,-0.27978929625664717,0.16045400240136007,-0.27381688106054347,-0.359381488833286
KEN,Nyeri,2003,True,0.5883756842029493,0.3315058412419738,0.7780909855394996,-0.04246033734317415,1.2075854606059395,-0.004828209322229443,0.7287323380427889,-0.37728066901752905,1.796907444166127
KEN,Nyeri,2004,True,-2.3104271632718074,-2.139987553488378,0.3483065435148552,-0.038848655980030976,-0.42146742992337366,-0.14404910959860173,-0.31680154300159713,-0.00028280327157859575,-0.1490118368333209
KEN,Nyeri,2005,True,-0.8569648018906345,-0.7329890972404366,1.1176032116928967,-0.7188452484574133,0.07743086312650876,0.07315150978301942,-0.20386537505949634,-0.5431637820523274,0.4689490159165179
KEN,Nyeri,2006,True,0.2310229411048817,0.24069770110571614,0.3411427587881892,0.9406320564427446,0.0679735704988052,0.2731283752859659,0.4083998981412444,0.8889182177045931,-0.9641942383330719
KEN,Nyeri,2007,True,1.8204151420617136,2.1298540303235245,-0.0796869523280892,0.3902263632216264,-0.3229444652731022,-0.21326425089876583,-0.5347925151144169,-0.37344805154590643,-0.1753080433332786
KEN,Nyeri,2008,True,1.2816697415491454,0.14507036256453587,-1.809613039092397,-0.2536280437847819,-0.9225715551833344,-0.06089917642074863,-0.6592531860602103,0.324662376725122,-0.9247499285830595
KEN,Nyeri,2009,True,0.7248612064266242,-0.1817611363182275,0.43891989199212306,-2.2821188806586927,-1.1118648702330998,-0.2558798051629985,-1.313767506589987,2.7430186756662103,-1.8451171560827921
KEN,Nyeri,2010,True,-0.04550141208227907,0.20526508754747802,0.5413023153775063,1.91968440764074,0.5294532481626578,0.42763800256391526,1.0467022347340482,-0.9035480108287585,1.1657984881663834
KEN,Nyeri,2011,True,-0.12500246195965412,0.3130502326868714,0.013015833361108717,-0.6880582125922018,-1.0433404143424754,-0.3533852013335604,-1.1732165671775856,-0.47705535161087,0.2454312606666517
KEN,Nyeri,2012,True,0.8769564195619826,0.9527929977879831,-0.5493839092584865,-1.0759868738312137,0.7701171667145649,0.25978777994604263,0.37338430935570066,-0.9378474046333557,0.8633921134164924
KEN,Nyeri,2013,True,-0.4770527118629548,1.1653387273827187,-0.5634129876815618,0.45503915027347025,0.10814684948059601,0.566383741428675,0.6963083701688588,,
KEN,Nyeri,2014,True,-0.7338462724111178,0.9352363014432249,-1.2784695715004923,0.6124993238441129,-0.7157792011288813,-0.43718544061515763,-0.2159384588742267,,
KEN,Nyeri,2015,True,0.9262828565047816,0.5785838851543555,-0.05504012154229631,-0.4590376112354246,-0.19620733633516965,0.6432906004438385,-0.10233917127042015,,
KEN,Nyeri,2016,True,-1.5491023566894968,-1.904865297938341,1.3163555962823124,0.5632301714423483,-0.2689972577899505,0.7051584765121052,-0.28272293368609047,,
KEN,Nyeri,2017,True,-0.18477089077197636,0.11438775480963304,0.3671967615738844,-1.377672846587504,-1.090272149675007,-0.0007645210792995848,-1.3322355327006647,,
KEN,Nyeri,2018,True,0.9561415864918171,0.47243650693125805,-1.8108922863650323,0.5974787719532266,2.753164000903944,0.8673722107984881,2.3005397995346892,,
KEN,Nyeri,2019,True,0.16198815522058335,-0.1664842456326218,2.1424508433646814,-1.335446916851052,-1.032270334082339,-3.9397469565707453,-1.514623868535222,,
KEN,Nyeri,2020,True,0.03346887253781342,-0.48476274477984543,0.5476985517405881,1.3885968330701004,1.6874462261945442,0.9400456218906063,1.8447251231933022,,
KEN,Nyeri,2021,True,-0.8791700019766658,-1.1909840218555965,-0.8931176514115479,0.5467744191596444,-0.7888787285129365,0.863427557681728,-0.5405315143683785,,
KEN,Samburu,2001,True,-0.5290451641056684,-0.009322213327094514,-0.05916992250756919,0.05472768290445338,-0.1780012152837514,0.4503536459701047,-0.04575405014596274,-0.023855030150726902,0.4353995533539071
KEN,Samburu,2002,True,-0.023611922211419833,0.8527149953419281,-0.9813188787402622,0.35074135652308924,1.1464479220463972,0.6519492530891446,0.9905215572446016,0.05541094202003687,-0.8911897193992708
KEN,Samburu,2003,True,0.05985741188736618,0.7299104961604609,-0.18197956662431788,-0.02283217996751616,0.7382874230768517,-0.2161148411258581,0.42941793778633924,-0.2888715803230899,1.5556838035812466
KEN,Samburu,2004,True,-1.28782789648155,-0.4880066469310817,-0.12068477561748407,0.6578805623527845,0.16766866311084305,0.7367216914576973,0.2985442169139012,-0.18477690330147864,-0.4569896138507678
KEN,Samburu,2005,True,0.3473605052363706,0.8374165654757677,0.7354449500714427,-0.5947763819097784,-0.13272677046049883,-0.9561227146647243,-0.5560530932771611,-0.3611005398890971,0.2746735474326224
KEN,Samburu,2006,True,-0.3265311404081946,-0.4711970477729015,0.8773082546432196,-0.07071875809650441,-0.24271908309669185,0.009899023862349454,0.10050083207227682,0.34326458970216717,-0.7088736529811164
KEN,Samburu,2007,True,1.110366181744034,1.214700572776311,0.20933102745060064,-0.061194470708347076,-0.4344644481048095,0.29797108433378916,-0.034923178578956084,-0.5457889273088257,0.5373526168114107
KEN,Samburu,2008,True,0.33484493376794383,0.3749915521402502,-0.3843107803497256,0.17410533670867348,-0.686156387498749,-0.2794996429617926,-0.6604133984072824,-0.009382683473036503,-0.6177156197720391
KEN,Samburu,2009,True,-0.32225865911705015,-1.931412612499324,0.5985585268496472,-1.8508853604658642,-1.1947682857107689,-1.6434019223632972,-1.773694682523309,2.897434617590459,-1.9443048925252182
KEN,Samburu,2010,True,1.1276107239293078,-0.018342447579091647,-0.2614903429963218,1.8349636032315222,0.6730798749672224,1.0761281371347107,1.2508300437152684,-0.87174866211499,1.017131738964437
KEN,Samburu,2011,True,1.090587284063811,-0.8885630772923575,0.9623919388786548,-1.3235749914874546,-1.3626864047786722,-1.5813342056066244,-1.433666301021459,0.07214044368412968,-0.30945753378872565
KEN,Samburu,2012,True,-0.1789889628052308,-1.1092202000010358,-0.3766817609020579,0.10251721589267312,0.6577929417513929,-0.05917649662869271,0.33247578688911406,-1.0827262664355475,1.1082897721735143
KEN,Samburu,2013,True,0.42770309105752574,-0.6492772996836017,-0.8357349056412079,1.371954304765776,1.0799353321786636,1.0391259051195934,1.325296126892109,,
KEN,Samburu,2014,True,0.18884461280503892,-0.470163603384328,-0.22592782744161158,-0.1346333809949708,-0.8126161953909712,0.06671934710347587,-0.5549364994411714,,
KEN,Samburu,2015,True,-2.8391325292298264,-1.7126369825356824,-0.22719483350095468,-0.30604975859448413,-0.38336545954225704,0.8991633320043121,-0.03398120950006572,,
KEN,Samburu,2016,True,1.1742779866933546,1.6569638804579014,0.49480793980623894,-0.3249475668127972,-0.5871751876959326,-0.47879263995973254,-0.557999967261083,,
KEN,Samburu,2017,True,1.063151528439195,1.1253248954440145,0.8446719054725742,-1.320070968725652,-1.0390619230428018,-1.6510300736827035,-1.2556122800834388,,
KEN,Samburu,2018,True,-0.47808406656767266,0.07890187105700697,-2.9084560818395344,1.5229894698521733,2.6460021765108257,1.5456713482160598,2.093575621872732,,
KEN,Samburu,2019,True,-1.6230957647516584,-0.958575331718751,2.357472343325793,-1.2469803811764688,-0.8869699776646538,-1.2799503062548976,-0.8609804212359594,,
KEN,Samburu,2020,True,0.30337857934281115,0.8340183231442055,-0.45745954333339006,1.6111584461503266,1.3220716832173172,1.5583593972047785,1.3633758474000932,,
KEN,Samburu,2021,True,0.38059326671151206,1.0017743107274042,-0.05957766700373375,-0.42437377944163424,-0.4905746785889557,-0.1866393222476925,-0.4165228893105868,,
KEN,Siaya,2001,False,0.3323986559057632,-0.03864112478271956,-0.7437773881789088,-0.1362530886060349,-0.5270863242450333,0.7001564570856241,-0.24988938129282756,-0.680123644621198,0.6270150817077343
KEN,Siaya,2002,False,0.03482943982555194,0.26171274261584127,-0.0957113085172498,0.49283570097288065,1.4144278501009138,0.5958233389356904,1.6179679467322285,-0.5573892831326244,-0.05489886147580347
KEN,Siaya,2003,False,0.5480267319877812,0.37534803982272685,0.26515241183904387,-0.4000881312690463,0.7046322045403299,0.6615925625484045,0.0015080041313972924,-0.43628201170295294,0.4658226799274309
KEN,Siaya,2004,False,-0.952136536719278,-1.1666013663117307,0.3553057851189813,-0.6717431490717495,-1.4587511323797686,-3.411795196725141,-0.5846386179773301,3.0618506769781977,-2.621362232429756
KEN,Siaya,2005,False,-0.5146915943687682,-0.7133609757561816,1.011416748794812,-0.11021974240198218,0.19069818067343094,0.6230286680111848,-0.3892039162260844,-0.4706727788570011,0.7055087730093967
KEN,Siaya,2006,False,-0.13450276600922306,0.1176328725380949,-1.0395757582929313,1.6557078005194963,1.2218543257823662,0.6037467207424744,1.1113495066225285,-0.4146491097834173,1.2262303144126312
KEN,Siaya,2007,False,1.0964133124031006,1.0729337853316607,0.8530338783587152,0.3452350204886383,-0.8543990724892252,0.5731246173562943,-0.305628202406435,-0.2626271272346227,-0.05700137106434616
KEN,Siaya,2008,False,-2.909500531875372,-2.793482244902562,-0.9188011534378118,0.3439694990628956,-0.08024079052440196,0.5425025139703156,-0.4267991203284051,0.14972926473854087,-0.538476066816785
KEN,Siaya,2009,False,-0.0347974339993046,-0.16340683867619793,0.1644931513897071,-0.7443564917060658,-0.20747363416040063,-1.5605331198883616,-0.1769413610777766,-0.2612219130928041,-0.017754525413514948
KEN,Siaya,2010,False,-0.2968505748689853,0.2525676095585543,0.7477979147374307,1.5038701576256022,0.5359181034404852,0.5152787755505656,1.5394419057702753,-0.2222826896376934,0.703406263420854
KEN,Siaya,2011,False,0.9252335043466103,1.1111709907766172,0.0012833505451169556,-0.554044670837709,-1.2586098224249807,0.5073369843993246,-1.841318372342868,0.2120394181306313,-0.7802646694872579
KEN,Siaya,2012,False,0.9003841578465316,1.099643498865221,-0.4342964465000618,-1.52937779587034,-0.28401150701108385,-0.7508570187056547,-0.5348669568494835,-0.1183708017850553,0.341774614209416
KEN,Siaya,2013,False,0.9599209185059804,0.9703195228917453,-1.0878926003288634,0.5865333119309128,0.7193060622681767,0.1484136795428849,0.6842592485118265,,
KEN,Siaya,2014,False,0.9265125553105023,1.1375846756445993,-0.2881804570003435,-0.7207403495909892,-1.344251847436883,0.4494911425935959,-1.8009002963034881,,
KEN,Siaya,2015,False,1.0386244767217512,1.247625794359667,-0.1179804877795592,-1.0987340666313863,1.3641956474755204,-0.8824138752753384,0.21925882000879943,,
KEN,Siaya,2016,False,-0.9380187864726661,-0.864140878102508,1.5401207798594334,-0.7567981544163509,-0.9178390393447559,0.2521650624113996,-1.0152050612085308,,
KEN,Siaya,2017,False,0.22733923668336112,-0.08378001024415925,1.312501234580192,-0.329253830901647,-0.17857619487225995,0.3434496372883194,0.4309253041406992,,
KEN,Siaya,2018,False,0.41498913603622956,0.13771203156241435,-1.999526841726534,1.6749440585668665,0.9177501248782036,0.36669327546042185,0.7571408893125002,,
KEN,Siaya,2019,False,0.09581658769672051,-0.2787281865329111,2.0342286752927916,-1.5956926142714418,-1.7884625659663522,-0.8376349860866777,-1.1709583103000059,,
KEN,Siaya,2020,False,0.013002388463342623,-0.4174043979581969,-0.6020291438248206,1.5128409844886428,0.7428199578689589,0.3111191467469979,1.2082274400861719,,
KEN,Siaya,2021,False,-1.73299287741963,-1.2647055406999754,-0.9575623449291402,0.5313655519188079,1.08809947382676,0.24931161403767582,0.9262705309968086,,
KEN,Taita Taveta,2001,True,0.7955598142110452,0.00522191884829089,-0.6353902503423423,0.026027617779548845,0.07544557125954607,-0.04427130753655829,0.0015874015872952203,-0.8486411014924651,0.7396573589793266
KEN,Taita Taveta,2002,True,0.38420022645710006,-0.3306181675218476,-0.7227679928818194,0.16845102349243685,0.607848542875845,0.843259470891841,0.6579257743874635,0.7869063482191377,-0.6511815983357445
KEN,Taita Taveta,2003,True,-1.0073270943923993,-1.0026653939150898,1.1494397341384224,-0.533638744872061,-0.2609532418083315,-0.8620110014045274,-0.8541227718586917,-0.23134957035104603,-0.05662448681176481
KEN,Taita Taveta,2004,True,-0.14729425015054298,0.08575411146242863,-0.09717639796893149,0.9585090531209923,-0.6317571201185503,-0.22255225287827082,0.23325169447744784,2.0025048713391294,-1.447463444126836
KEN,Taita Taveta,2005,True,-2.2342035254996713,-0.9396835339303273,0.8754400991612137,-0.1814410524819688,-0.2603635679792603,-0.2241636672038581,-0.5937473106730762,-0.6595937325281724,0.314973707890707
KEN,Taita Taveta,2006,True,0.0682543803126718,0.7877128679114469,-1.075892895669069,0.7938723256288835,1.2397642934760713,1.2363523847285147,1.3382780664643212,-0.6655789025075822,0.5591668072666214
KEN,Taita Taveta,2007,True,1.364585025508306,1.3567425796554669,0.2077998024026888,0.03892087291414239,-0.97061505440488,-1.50438024724582,-1.2516417019487085,-0.39204613414951756,0.3362078904451083
KEN,Taita Taveta,2008,True,0.5302080102937764,0.6815716737330498,-1.170307878449419,0.7816109954957602,2.1083192948989784,0.6664345400669186,2.1291594889249783,-1.0138947947138262,1.2811290141171598
KEN,Taita Taveta,2009,True,-0.6036935768591205,-0.39752480885554625,1.4602697110986753,-1.9370246532778796,-1.1923760749820838,-1.1655881947345537,-1.0960748867141474,1.3507093602813192,-1.5111659917901847
KEN,Taita Taveta,2010,True,0.6222434025952814,0.8290680430340591,0.31873562006006845,0.671268949821221,0.1480564963957792,1.0031179267138661,0.0002912060842809068,-1.1667791366444382,1.6527272088196312
KEN,Taita Taveta,2011,True,0.49645802715804765,0.7231249708874948,0.41205450898799967,-0.18526610113284384,-0.559575887840983,-0.06824827265939165,-0.29535887281036194,0.43596538146061725,-0.672415780890291
KEN,Taita Taveta,2012,True,-1.0631740207281963,-0.5176561168340049,0.09199510408202838,-1.0128227588587628,-1.034870194234806,-0.7854122169764418,-1.0094005705284024,0.40179741108684486,-0.5450106855637329
KEN,Taita Taveta,2013,True,0.6860915670756343,0.7338941618147443,-0.12659619238456277,-0.03241427864186305,0.26177330010714556,0.4756740803306687,0.47023360022510774,,
KEN,Taita Taveta,2014,True,0.979735089410873,-3.041353559796479,-0.8005430001490296,0.5370423723341317,-0.4944590174891495,0.6701507213368912,0.2015584007173314,,
KEN,Taita Taveta,2015,True,-0.07662885068349623,0.30858887979560123,0.039469968965803626,-0.5951058581689442,-0.243074047560514,1.0388424768450515,-0.41104651097301304,,
KEN,Taita Taveta,2016,True,-0.5812528494956821,-0.03181525333770194,0.7741229021942495,-0.3353358820761481,-0.8179793624412991,0.11812079642259636,-0.8876530724212187,,
KEN,Taita Taveta,2017,True,-0.4286277156134835,0.13251538432400464,0.5916709320211468,-1.3469531033830358,0.005588975269733073,-0.6981325734676691,-0.43756013159980073,,
KEN,Taita Taveta,2018,True,0.5807318056095496,0.8731491245496842,-2.321524131851062,1.5272411408754216,2.549204143252012,1.155935582955039,2.21491931582851,,
KEN,Taita Taveta,2019,True,0.37936675150173155,0.6040724246072054,1.9912000992498533,-1.496304524557002,0.2568231208382584,-2.4506188269179114,-0.3766863825462192,,
KEN,Taita Taveta,2020,True,1.387808117539826,0.5782950794025856,-1.0145672388971985,2.2532919502967554,0.4500435808209681,1.2118983589023258,0.9248011889231935,,
KEN,Taita Taveta,2021,True,-2.13304033425125,-1.4383943858350656,0.052567496231284205,-0.09992934430878492,-1.2368437503344805,-0.39440777816871103,-0.9587139255462893,,
KEN,Tana River,2001,True,-0.14908154007714203,-0.45597577293757563,-0.2712664571275378,0.14120705900517452,-0.252684714054105,0.20946605628537043,-0.21448379185083985,-0.8486411014924651,0.7396573589793266
KEN,Tana River,2002,True,-0.5733182412907493,-0.8253326016226182,-0.8406582038065682,0.06011710824602438,-0.12180021882060929,0.5644713484125126,0.40988562621250363,0.7869063482191377,-0.6511815983357445
KEN,Tana River,2003,True,0.6509202522367997,0.37016520338154363,0.4962004037350875,0.12399279526679134,0.10623882714281391,-0.5107645176894089,-0.013333521784012694,-0.23134957035104603,-0.05662448681176481
KEN,Tana River,2004,True,-1.173525192408419,-0.8025151247150243,0.6501277145910089,0.17318446294347167,-1.6078403380494863,-0.6984981537612147,-1.1943068141365834,2.0025048713391294,-1.447463444126836
KEN,Tana River,2005,True,-0.831599686859868,-0.5228175936051576,0.8702941788799633,-0.1465989086429552,0.21785225172121495,-0.3012808171614007,0.09294887768411175,-0.6595937325281724,0.314973707890707
KEN,Tana River,2006,True,-0.7595841863603553,-0.7857377599349039,-0.26150547430574056,-0.4677881969750925,0.1860185986756671,0.7663355929159075,0.5111768325668156,-0.6655789025075822,0.5591668072666214
KEN,Tana River,2007,True,-0.8045646930298495,-1.296678829278587,0.552313780184697,0.26889675935397367,1.3675056534078989,-0.4876978008820328,0.2876795174096733,-0.39204613414951756,0.3362078904451083
KEN,Tana River,2008,True,1.2264589228318576,-0.025605723524854098,-1.5974441837780842,0.7373640431958447,1.073685969736292,0.5730286528497774,1.019280538580824,-1.0138947947138262,1.2811290141171598
KEN,Tana River,2009,True,0.8823438479871868,1.6618937854254676,0.703319085748619,-1.18938216873757,-1.347118124166605,-0.9399280361996707,-1.082790825700003,1.3507093602813192,-1.5111659917901847
KEN,Tana River,2010,True,0.7408690394449279,1.3219998037106016,-0.34318203495024485,1.3796809461673851,1.263324939415362,1.3985755876388817,1.5414123257109307,-1.1667791366444382,1.6527272088196312
KEN,Tana River,2011,True,0.9244930335842702,1.4646491936835355,0.2847301615560376,-1.0389799137929243,-0.9261448185458009,-0.35401251889469953,-0.6564779655154529,0.43596538146061725,-0.672415780890291
KEN,Tana River,2012,True,-0.04155493065184994,0.569632573769026,0.2571246981451069,-1.335643765561008,-1.018275512570907,-2.2506196762317154,-1.5621204454537436,0.40179741108684486,-0.5450106855637329
KEN,Tana River,2013,True,0.3938925769875168,0.9823047245743839,-0.8403055829763096,0.9728561124722918,1.7126945430775675,1.0061065334526393,1.5261982032220218,,
KEN,Tana River,2014,True,0.4899050930899645,1.0768978229554977,-0.7338704953364887,0.5068573993319774,0.21336173788019186,0.9469812017894843,-0.09392535729045823,,
KEN,Tana River,2015,True,0.48460755582123705,0.15183389374716483,0.08369814519732129,0.5641721415394345,0.3183914657506868,0.8557828072850128,-0.14837240679427302,,
KEN,Tana River,2016,True,0.929657933123752,0.5768406914816999,2.0029613848103436,-0.9556392789966975,-0.9834454680880557,-0.784151352469298,-1.0428399746570272,,
KEN,Tana River,2017,True,0.3017948621255984,-0.07308674037092253,0.16377756477400207,-1.3939882961380297,-0.5277452578030739,-0.021387065906222056,-0.7289904538415676,,
KEN,Tana River,2018,True,-0.5011091183017682,-0.6284633763981082,-2.459652836002175,1.5092143653307588,1.4904030751442399,1.5509534123133324,1.621546233762081,,
KEN,Tana River,2019,True,-0.1800314047266776,-0.473830189093826,1.5830126995104785,-1.275922126344723,-0.5530874627430484,-1.4206512825033966,-0.8224298872128173,,
KEN,Tana River,2020,True,1.0385164855783593,0.09370398631019179,-0.4795720389437817,2.0389017156737212,0.6624812574329824,0.9306461685308303,1.5224004623097065,,
KEN,Tana River,2021,True,-3.049090609104791,-2.3798779675575346,0.17989749009426603,-0.6725022533378483,-1.2738164045432245,-1.033356139774689,-0.9724571732218895,,
KEN,Tharaka Nithi,2001,True,-2.637078052138576,-1.9913808797803803,0.44767809409796855,-0.3085819561858529,0.15138690098213348,0.3473622528834782,0.3712111351677057,,
KEN,Tharaka Nithi,2002,True,0.8417464330663816,0.670217598756453,-1.2518836647481686,0.9629056309120646,1.0483498749364082,0.28178310798327455,1.0037822929131837,,
KEN,Tharaka Nithi,2003,True,0.8669521012795419,0.2976538914836479,0.11543478962691393,-0.7070317298803008,-0.01016887822420742,-0.8743418452392416,0.007905121567902193,,
KEN,Tharaka Nithi,2004,True,-0.1233701182112573,0.09562776702744862,-0.12491892817943571,0.4503873281475619,-0.7825289634893581,0.1986928098295812,-0.572350261271912,,
KEN,Tharaka Nithi,2005,True,0.7552601324134505,-0.18499142923980996,1.068708899233267,-0.23650321315238662,-0.7464494673767709,-0.7423473677974847,-1.3017189055997267,,
KEN,Tharaka Nithi,2006,True,0.688293786294253,0.017236217967080962,0.20761796459236828,-0.07151061493835142,0.37717936719397177,0.8128222348370681,0.16054860984163746,,
KEN,Tharaka Nithi,2013,True,0.14317755365099571,1.2824552702320482,-0.7267477167784592,0.9466763652928248,0.37352419857239616,0.2845676343631295,0.77465110246025,,
KEN,Tharaka Nithi,2014,True,0.10554991827853828,1.0515279773241801,-0.2890876657638645,-1.017811958496114,-0.9323028794145984,-0.20045886827595807,-0.5983607769286176,,
KEN,Tharaka Nithi,2015,True,0.8477226515839408,1.6504465105801782,0.19199504199132994,0.4485300920530655,0.16319537876501838,0.6368953924341921,0.34655528004270275,,
KEN,Tharaka Nithi,2016,True,-0.43901706470931645,0.2044371452379206,0.5002142210077939,-0.6209590036476714,-0.226864317326515,-0.28396488960065036,-0.326533261700148,,
KEN,Tharaka Nithi,2017,True,-0.19328162227333537,-0.12765829586776253,0.6260582417137609,-0.86382947489372,-1.102436723641219,-0.6457814374350027,-1.1754245981156217,,
KEN,Tharaka Nithi,2018,True,-0.4859460073687132,-0.6256423933894837,-2.3768035430178345,1.3996307184540964,2.1848661300863714,1.1430765526971876,1.876223958711476,,
KEN,Tharaka Nithi,2019,True,-1.42217302039536,-1.7299170843163254,1.9649668980877466,-2.1963098831751355,-1.5230887754523326,-2.7707134117475443,-1.633110989933512,,
KEN,Tharaka Nithi,2020,True,1.1317541969134093,0.11355247086981927,-0.4547906389844684,1.4170620938493257,1.4195494506149022,1.1649217116230852,1.3947490699246823,,
KEN,Tharaka Nithi,2021,True,-0.07959088838395283,-0.7235647668850151,0.10155800712108196,0.39734560566059335,-0.3942112962262001,0.6474861234448852,-0.3281277770800016,,
KEN,Trans Nzoia,2001,False,0.21568801524252684,-0.43285192379419607,-1.0694399076337842,0.6882151784108014,0.11380755869869887,0.12575785162409328,-0.125095177686624,-0.023855030150726902,0.4353995533539071
KEN,Trans Nzoia,2002,False,-1.5160509588284607,-1.3441785133987358,0.12966648186272328,0.016847215341972702,-0.21980380128820404,-0.10232201601693389,-0.24085319534174723,0.05541094202003687,-0.8911897193992708
KEN,Trans Nzoia,2003,False,-1.4456285253890284,-1.7569904009574229,0.9227816163523032,-1.400177936677483,1.0770801981307887,0.17648174086070903,0.5092035880955054,-0.2888715803230899,1.5556838035812466
KEN,Trans Nzoia,2004,False,-0.7289445122426261,-0.4050707229789918,-0.2491723588030696,-0.08866392740158884,-0.42708463802855345,0.15437363175424712,0.16614833219600575,-0.18477690330147864,-0.4569896138507678
KEN,Trans Nzoia,2005,False,1.3558462964993598,1.3249323031679596,0.5168568488495366,-0.3272829012931155,0.21850552890146613,0.24812463682351388,-0.34164528903658686,-0.3611005398890971,0.2746735474326224
KEN,Trans Nzoia,2006,False,1.319505201090871,1.2729249354318892,-0.8137432692081176,1.424777376244356,0.055717303685965225,0.30969255462169415,0.5627233809152017,0.34326458970216717,-0.7088736529811164
KEN,Trans Nzoia,2007,False,1.7206798875145313,1.8941032528963082,-0.02271166755215011,-0.37651802977625265,-0.20606296765365023,0.279538673697432,0.3416579271927262,-0.5457889273088257,0.5373526168114107
KEN,Trans Nzoia,2008,False,0.2929555617754075,0.16864269722148925,-0.0841426423916656,5.136547420583174e-07,-1.0849961589844246,0.3234058934966346,-1.1839685563066826,-0.009382683473036503,-0.6177156197720391
KEN,Trans Nzoia,2009,False,-1.9267367540616465,-1.4451128831601165,1.1485979199902998,-1.1039469325243383,-0.2811357095743802,0.42198436165649006,-0.569873056663318,2.897434617590459,-1.9443048925252182
KEN,Trans Nzoia,2010,False,0.002872742475657694,0.22487833896055562,-0.32933773415855655,2.0514540741157106,0.8231948081279384,0.46424242709208696,1.5289530267415186,-0.87174866211499,1.017131738964437
KEN,Trans Nzoia,2011,False,0.9186941410699466,0.7249816056002567,0.4655632856169603,-0.11309283359191591,-0.9239088249277485,-2.2564175496916277,-0.7940905568005722,0.07214044368412968,-0.30945753378872565
KEN,Trans Nzoia,2012,False,0.693428718259512,0.8428757064737579,-0.34742774706161555,-1.3794270920043907,0.9226446561879299,0.534276168691286,0.5208728490256965,-1.0827262664355475,1.1082897721735143
KEN,Trans Nzoia,2013,False,0.29488922160883385,0.47680374413562226,-0.9112877823495797,0.7299519748733672,0.7877367269622086,-0.06712751129404798,1.0363338590455808,,
KEN,Trans Nzoia,2014,False,0.43549721577634076,0.6151020769724665,-0.10299262292938974,0.49404509805463204,-1.393325649854762,-3.225477474964128,-1.6222338128774403,,
KEN,Trans Nzoia,2015,False,-0.21802138402949736,-0.01960677267680775,0.34336311853740337,-0.4195470348278919,-0.3153972270222508,0.6240398146364015,-0.41362049100037834,,
KEN,Trans Nzoia,2016,False,-0.4219757614917805,-0.28281404057814974,1.20434189389325,0.39751777686469225,0.13899118220989415,0.30101983954560607,0.2557353463812996,,
KEN,Trans Nzoia,2017,False,-0.7555544872837769,-1.1408993012968809,1.024149547537768,-0.5172608984871778,-0.929665565698799,0.38028845534276384,-0.6405488756304554,,
KEN,Trans Nzoia,2018,False,1.0192256028776445,0.9405837609761154,-2.4036751913254215,0.8161193934380978,2.7541575256025426,0.6590922122205211,1.8517725183864548,,
KEN,Trans Nzoia,2019,False,-0.5405967764835568,-0.5511780971009345,2.1493237651930652,-2.1444280051338485,-1.5930544485433222,-0.9946984215280058,-2.0736123299903566,,
KEN,Trans Nzoia,2020,False,0.23810711765396417,-0.006367829647057381,-1.0448476487577882,1.1306442848431277,0.9759836633839293,0.836939296177763,1.4169401461144964,,
KEN,Trans Nzoia,2021,False,-0.9538805620342229,-1.1007579362471267,-0.5258659056621714,0.12077270587650378,-0.4933841603152664,0.8067854152535008,-0.1847996327603252,,
KEN,Turkana,2001,True,-0.32135227423934165,0.07460259908709001,0.1886925085448053,-0.1564038243433433,-0.836041419087188,-0.49287468887146746,-0.6478164801340311,-0.023855030150726902,0.4353995533539071
KEN,Turkana,2002,True,-0.2381299321802266,-1.628192177651681,-0.5829772939645318,0.6618943864488445,1.0169647801609374,-0.31631193261891255,0.14660536549742784,0.05541094202003687,-0.8911897193992708
KEN,Turkana,2003,True,-0.13470293596032035,-1.8170951035300724,-0.2849699153598623,0.04814076513623732,0.5287399659544504,1.1525207814131708,0.6304701080458397,-0.2888715803230899,1.5556838035812466
KEN,Turkana,2004,True,-0.8199094735478545,-0.17482032874197523,0.38471485010421375,-0.09405026231049286,-0.18996832528944457,0.3070829146573372,-0.37808421198170983,-0.18477690330147864,-0.4569896138507678
KEN,Turkana,2005,True,0.3297584201479836,1.6089825242140112,0.09144003319364688,0.11779240669441676,0.41829417934607505,-0.717281180380372,-0.19180721741415974,-0.3611005398890971,0.2746735474326224
KEN,Turkana,2006,True,-0.011266042850437787,1.1545406951243165,-0.04359259433622848,-0.510109700216621,-0.6733811270099158,-0.13121726473372716,-0.022508287707632843,0.34326458970216717,-0.7088736529811164
KEN,Turkana,2007,True,0.8662442244773421,1.2833136994188687,0.6761160455369292,-0.3485906220334051,0.5141328639030848,0.27353978014647784,1.2866790522520435,-0.5457889273088257,0.5373526168114107
KEN,Turkana,2008,True,0.282451414172572,0.5395667244677781,0.1215498579629596,-0.626800045119594,-0.6141602165511205,-0.3776458337487438,-0.27932173071271443,-0.009382683473036503,-0.6177156197720391
KEN,Turkana,2009,True,-0.8123455271593698,-0.7878256811112825,0.29466429679297,-0.5292707086201864,-0.7081510379486137,-0.1580476004790983,-0.8176779766722547,2.897434617590459,-1.9443048925252182
KEN,Turkana,2010,True,0.9406143462975158,-0.2001207991843842,-1.439798341843008,1.8558115039527612,1.0476421382487309,0.8043723920726914,1.3484300258567261,-0.87174866211499,1.017131738964437
KEN,Turkana,2011,True,0.05548409790713295,0.0655512357423974,1.5094743804425585,-1.0881012284741147,-0.9597642077619616,-1.7376359608497114,-2.0823282143446917,0.07214044368412968,-0.30945753378872565
KEN,Turkana,2012,True,0.719378002135902,0.5791977646818744,-0.7564085506658244,0.11702944083880265,-0.018827270758715566,0.2970744500281604,0.042985271226532056,-1.0827262664355475,1.1082897721735143
KEN,Turkana,2013,True,1.1509057747945308,0.21420243835679406,-0.41904905752601007,1.6380893624348594,0.3092506214619628,1.2473868831627501,0.595705499044692,,
KEN,Turkana,2014,True,0.8338757851268863,-0.4160152768075294,-0.04583912105970056,-0.5858583869264199,-0.5950224751764415,-0.8003878291445937,-0.29188010884801474,,
KEN,Turkana,2015,True,-1.6216226829456928,-0.36099978119438053,-0.5959031599368588,0.0960998717354362,0.47163982997611836,1.3074175016241252,0.9140240032070605,,
KEN,Turkana,2016,True,0.029257510339378828,1.0968938952058909,1.1114435070194522,0.10954218587144321,-0.4040948590910798,0.5198200516284384,-0.19238999622783315,,
KEN,Turkana,2017,True,-1.0345554379529334,-0.14572857678074638,1.4036147669430543,-1.6774102923928527,-1.2049781266564479,-1.756118297257397,-0.6666068860456896,,
KEN,Turkana,2018,True,-0.7142134927898395,-0.08924773254479168,-2.812032042382977,1.169587819319769,3.2405404162725775,1.8532287482386223,2.270588228921807,,
KEN,Turkana,2019,True,-1.5366295539581027,0.4069136200510095,1.457870964302141,-1.5231892937349656,-1.0720134497842024,-1.0173184849032715,-1.2290254965493421,,
KEN,Turkana,2020,True,2.6735351954484505,0.7844584529544875,-0.35079375470731594,1.9643493477975171,0.1698147341684265,0.8568364924877682,0.7578695991131841,,
KEN,Turkana,2021,True,-0.6367774172635762,-2.188178191757675,0.09178262093958726,-0.6385527260580921,-0.4406170143772324,-1.114440922472247,-1.193910546527239,,
KEN,Uasin Gishu,2001,False,-0.487529574454171,0.09479996257091114,-0.7720598122146939,0.6083919771302115,0.009615378844967661,-0.10577559694110479,-0.1579941449131807,-0.023855030150726902,0.4353995533539071
KEN,Uasin Gishu,2002,False,-1.4038116546435873,-1.7349369644915529,0.05435067422960972,-0.7266431589754978,0.05735448133748699,-0.06305486969886302,-0.13916965067640283,0.05541094202003687,-0.8911897193992708
KEN,Uasin Gishu,2003,False,-1.2628824425434158,-2.1499317062455456,0.6266243436857453,-1.179986450518008,0.6636955428802542,0.006836709964838035,0.3502699550634833,-0.2888715803230899,1.5556838035812466
KEN,Uasin Gishu,2004,False,-0.510462583465098,-0.2840023226693669,-0.2640708528806102,0.493851353947229,0.1259090603837103,0.03064102096429757,0.5454159811573768,-0.18477690330147864,-0.4569896138507678
KEN,Uasin Gishu,2005,False,1.0902636613482781,0.8211005476145695,0.46296230390639637,-0.010986028721103921,0.20545427714091288,0.11257032005523701,-0.18687651952063433,-0.3611005398890971,0.2746735474326224
KEN,Uasin Gishu,2006,False,1.3049867371685002,0.8246167240919504,-0.40159458459906505,1.4806320368226111,0.11264032893205038,0.1642333531577102,0.25821747832738995,0.34326458970216717,-0.7088736529811164
KEN,Uasin Gishu,2007,False,1.8977488198164463,2.2313721316882535,0.07285452597569209,-0.09607860925512332,-0.71012227640972,0.1832225763863135,-0.10700372257587988,-0.5457889273088257,0.5373526168114107
KEN,Uasin Gishu,2008,False,0.6241777206765753,-0.02693460457292848,-0.10641286010139533,0.11897397029927094,-0.9378008100671806,0.25758530898010584,-0.8723962942162377,-0.009382683473036503,-0.6177156197720391
KEN,Uasin Gishu,2009,False,-1.3432975162920853,-0.39739166284063293,1.5339083080412546,-1.0184317238048728,-0.6979794212813235,0.30030603622237206,-0.9467187945465758,2.897434617590459,-1.9443048925252182
KEN,Uasin Gishu,2010,False,0.2689190253600954,0.6537585633540572,-0.3466782581582373,1.4135634721985346,1.0042504660798404,0.37673237786085195,1.3829574487345428,-0.87174866211499,1.017131738964437
KEN,Uasin Gishu,2011,False,1.039752177819817,0.8700879974578589,0.30970382832555904,-1.1505238987330269,-0.7038678020303055,-2.301071485450827,-0.784095820195955,0.07214044368412968,-0.30945753378872565
KEN,Uasin Gishu,2012,False,-1.4165247074103011,-0.6207634554574667,-0.8545378199276724,-0.726926670828702,0.976327608684246,0.4800584440657984,0.6319335925475705,-1.0827262664355475,1.1082897721735143
KEN,Uasin Gishu,2013,False,0.864746033507909,0.6879580211344097,-0.9999030440643764,0.9428018794818656,0.47876004093747393,0.4625905741719215,1.0863635078465128,,
KEN,Uasin Gishu,2014,False,0.5388709449466066,0.6723783025433187,-0.16003521089564343,-0.46761238752372625,-0.938513792983532,-0.6059421691395478,-0.9338612411740888,,
KEN,Uasin Gishu,2015,False,0.39925399250575033,0.7390363903767854,0.01705829609518469,-0.1023152029389019,-0.23576856562866985,0.6367672175771406,-0.09538563073509856,,
KEN,Uasin Gishu,2016,False,0.41253399667848606,0.5287921717950239,0.8569261292639262,0.8425152316479149,0.20010504538806848,0.6485338091493618,0.3053627592210635,,
KEN,Uasin Gishu,2017,False,-0.7747645158234231,-0.528275356978432,1.1892967138442605,-0.4922630760731272,-1.268558143831793,0.020925531715303872,-1.3204194774982405,,
KEN,Uasin Gishu,2018,False,0.7495262614718288,0.10155845040253682,-2.3788928906238933,1.441356639483187,2.8196432077887015,0.7896927078398971,1.9014734221717735,,
KEN,Uasin Gishu,2019,False,-1.0494471785234578,-1.0987442770869498,2.334361643015184,-2.1965302077427813,-1.882792580244356,-3.222578337690416,-2.2626174614869714,,
KEN,Uasin Gishu,2020,False,-0.5552763534788449,-0.6205363111816549,-0.9579523536022855,1.1371894468278734,0.9024504850035594,0.9036807541089732,1.4789041163034713,,
KEN,Uasin Gishu,2021,False,-0.38678284466590823,-0.7639426015051455,-0.21590907931493958,-0.31097859272382655,-0.18080253092439127,0.9240457167006364,-0.13435950383391926,,
KEN,Vihiga,2001,False,0.26290095505980926,0.6146206250400738,-0.7919118373362328,0.3946579244392355,-0.4037900190509053,0.46613213985997154,-0.1628447329210109,-0.6822162187913847,1.4045529674667687
KEN,Vihiga,2002,False,0.05789442940867977,0.33185686917694646,0.05957673860508279,0.9192877350053211,1.2724101049844032,0.4779477752843179,1.541112662356643,-0.510094758235501,-0.8591858597700691
KEN,Vihiga,2003,False,0.6912758321820656,0.7141523167822116,0.09777618661500598,-1.5477520386527368,1.0908247918218936,0.48976341070910107,0.047602303493742885,-0.5546947844927147,0.3905051849649761
KEN,Vihiga,2004,False,0.492557872270774,0.6709474777588862,0.1462849334296841,0.46182009928704976,-1.117513278414905,-1.785225420778714,-0.12558960697216887,3.0927105181735475,-2.1926363579056676
KEN,Vihiga,2005,False,0.6745086411416402,0.5209606956870272,1.0787205962824722,0.6950924027577682,0.2028358295930285,0.5133946815582305,-0.10977887656327301,-0.4271733501940666,0.9734709806322213
KEN,Vihiga,2006,False,-0.4560600067414184,-0.3370979180574981,-0.9888496930511068,1.1304167421940523,1.6226083223750063,0.5252103169830137,1.3866910041715812,-0.36341263304474253,0.9455511628320292
KEN,Vihiga,2007,False,0.37521119629064803,-0.8524581576724368,0.9832978455562328,0.13965628301835945,-1.8550013484518595,0.3833428565132668,-0.6277189407507192,-0.10615058838368278,-0.998784948771001
KEN,Vihiga,2008,False,-4.054835319515344,-3.725421609352511,-0.5077153624738484,-0.8646082844879455,-0.4300096321446215,0.5488415878321432,-0.6615473654726685,-0.23589119874607248,-0.06849661966976332
KEN,Vihiga,2009,False,-0.5929214762370173,-0.23243773406228146,0.30902705823658616,-1.1470400425485237,-0.7911943155797106,-1.6400847099548572,-0.9896799024139987,-0.07924984439112584,-0.41581915310375583
KEN,Vihiga,2010,False,0.5275597072743318,-0.17218924630574095,0.5030114659629373,1.096306046208931,0.6509958312620726,0.5724728586817095,1.3853407155741508,-0.1083697644474244,0.5144691759974819
KEN,Vihiga,2011,False,0.4293703608457032,0.3016009377998429,0.3900078648363135,-0.7401173478592317,-0.9281394325657218,0.5842884941060558,-1.6104290954289582,-0.044609047298078346,0.16714664256348225
KEN,Vihiga,2012,False,0.5836906399194908,-0.20663981018677036,-0.6470143699025087,-1.2950518202516859,0.13308773096253737,-1.4325127362788788,-0.6543821504702445,0.019151669851245695,0.1392268247632973
KEN,Vihiga,2013,False,0.32790800862918246,0.29161169746132976,-1.2877013394803782,0.7062394965419706,0.022078904078973362,-1.807978502508416,0.46159010599791955,,
KEN,Vihiga,2014,False,0.43541021864824264,0.29909161594599815,-0.10135146532506385,-0.3640168456365697,-1.5596296708841386,0.6197354003799684,-1.8697627290067604,,
KEN,Vihiga,2015,False,-0.15933893552008768,0.7488895139995025,-0.8405495123706976,-1.7499635693552644,1.351792065333022,0.07829189058391946,-0.017510953965799415,,
KEN,Vihiga,2016,False,0.17099269982243837,1.077841089289082,1.1109794286271175,-0.6930680549656262,0.3022748870188585,0.6433666712295347,-0.3437742340193419,,
KEN,Vihiga,2017,False,0.40380941279463795,0.6799896908081103,1.4473848902118716,1.2762465524791284,-0.40808956382632666,0.6551823066538811,0.34746131850485307,,
KEN,Vihiga,2018,False,0.25112815211336026,0.12068462564479496,-1.8851745450544302,1.0728010884277897,0.8334629825205166,0.6669979420786643,0.9940424009322644,,
KEN,Vihiga,2019,False,0.14011394171421307,0.3181148274329857,2.2194705426124757,-0.9469469460908494,-1.191484318592276,-1.9522410242132824,-1.1699080950118734,,
KEN,Vihiga,2020,False,-0.1197317287716259,-0.2727853552720846,-0.5250770349006231,1.051541631237963,0.28910382512774685,0.6906292129277938,1.4167539417141262,,
KEN,Vihiga,2021,False,-0.4414446013297247,-0.891332151917468,-0.77019239108089,0.4044989482508635,0.9133763044324068,0.7024448483525769,0.7623322302515365,,
KEN,Wajir,2001,True,0.6986689940249968,0.002536364514729118,-0.1747599911086947,-0.23593359512434087,-0.4197742472184876,0.14816816936628027,-0.27417282283585276,0.4277051331743663,-0.6618973871318137
KEN,Wajir,2002,True,1.3640516786951777,0.7223072143093057,-0.6869405305006916,0.5571340477942618,1.3289324998124712,0.40856807773646714,1.2797459874411337,-1.196299362390876,1.2632576541609202
KEN,Wajir,2003,True,1.464547143919705,1.090911253684035,0.30515692341620515,0.10261033236364951,0.843610051450658,-0.10173615250806319,0.8039848935871766,-0.4388892867973317,0.11435825769779019
KEN,Wajir,2004,True,-0.9296212753983752,-1.2128730429536019,0.4475834582040943,-0.3859426724201997,-0.501910421021999,-0.15532648405924002,-0.5036462345641117,0.9660314814884252,-0.8948113915946166
KEN,Wajir,2005,True,-2.029328307654706,-1.422230129913861,1.1344173237211719,-0.9709119970381809,-0.7706655349070118,-1.1662943806387516,-1.1381057264822732,1.0967088761395396,-0.7861430635212714
KEN,Wajir,2006,True,-0.4871767714717281,-0.08664343611489986,0.07062012458917055,0.04468928809823252,0.2758937715762669,0.9040344005498185,0.5512772065867729,0.22452917307154216,0.1609037475764318
KEN,Wajir,2007,True,-1.0182984088977391,-0.27621931228909774,0.5601243560394574,0.29895984959074756,-0.5373956910226961,-0.4231583165619014,-0.4080472413687039,0.43874265577794447,-0.42907666020380963
KEN,Wajir,2008,True,0.4134663211794237,1.0869546337972593,-1.3187389829697296,0.5571109440796728,-0.5560037480955082,-0.12184839393163961,-0.3502497995087623,-1.5194061920082953,1.4960783810889242
KEN,Wajir,2010,True,-0.7493749596893565,-0.06291565864559635,-0.7838251871339394,1.4854958870235906,0.6897023133430941,1.306091635075858,0.8498878620930279,-1.425547619872684,1.4339555428942206
KEN,Wajir,2011,True,-0.5316202359165835,-0.22690667221128413,1.2348807179196677,-1.7956976137612248,-1.4431782744895292,-1.9529186373235137,-2.039126126768623,1.190858445742249,-1.3917008196176004
KEN,Wajir,2012,True,0.7266019048155852,-0.09959591582494552,0.15810672656825206,-0.5132350594863608,-0.6455964040723715,-0.8791947148014109,-0.7555132154166792,0.2355666956751203,-0.30492426134917494
KEN,Wajir,2013,True,0.5512991443643064,0.5931426452766823,-1.0680033657209753,1.4520520508894417,1.4579429207445782,1.4243537164558255,1.3560282013917853,,
KEN,Wajir,2014,True,-1.1416202488237155,-0.45728794523442423,-0.12575327239298367,-0.3778221092340784,-0.14467983419815483,0.5201390636332536,0.0013061760371319549,,
KEN,Wajir,2015,True,-0.0435875203698351,-1.3812729442335534,0.016673262394892308,0.26778527982053174,-0.3880782845807717,0.6299626169957709,-0.04980704744110558,,
KEN,Wajir,2017,True,1.2352059832442077,1.1883143406752412,0.48835094376460025,-1.3716978619823192,-0.7813858812848742,-0.459230279164591,-0.5449416851604596,,
KEN,Wajir,2018,True,1.3374768051193822,2.0786331333748698,-2.67171315087668,1.8214794392224092,2.421507660803202,1.6161557107748474,1.86179949693606,,
KEN,Wajir,2019,True,0.299785189553949,0.7286294240901804,1.7062971681656718,-1.441953160540338,-0.5854635456507424,-1.5468852048640482,-0.8417551875211484,,
KEN,Wajir,2020,True,-0.48106988666777767,-0.8455327267805007,0.36092417595506354,0.8470599524983963,0.802151813342402,0.6956600804056429,1.02644868558887,,
KEN,Wajir,2021,True,-0.6794055500269163,-1.4199512255205387,0.34659929996544725,-0.34118300179389077,-1.045609164530526,-0.8465409071406049,-0.8251134225942393,,
KEN,West Pokot,2001,True,0.2663649481475396,0.8251905517704861,-0.44057954387322845,0.4028403205461022,-0.19424938527105665,0.12347245087964852,0.050437841838697685,-0.023855030150726902,0.4353995533539071
KEN,West Pokot,2002,True,-1.0662576577864256,-1.0280176362215443,-0.2260564546862074,-0.38913386171450204,-0.21224393024174873,-0.12700679877866028,-0.26242648629529947,0.05541094202003687,-0.8911897193992708
KEN,West Pokot,2003,True,-1.008815051143979,-1.3209394740679463,0.3306030380080925,-0.5834432450716934,1.0698804365578987,0.1866637660844625,0.644226839773862,-0.2888715803230899,1.5556838035812466
KEN,West Pokot,2004,True,-0.8599696973101367,-0.391577737496397,0.22978523756516414,0.378913221893324,-0.2522691671020535,0.25661349381081033,0.2770419360871193,-0.18477690330147864,-0.4569896138507678
KEN,West Pokot,2005,True,0.19429514123468905,0.556901502024566,0.3565882760590639,-0.638697868397729,0.2985714013800358,-0.9002935153903227,-0.38849147225761776,-0.3611005398890971,0.2746735474326224
KEN,West Pokot,2006,True,-0.5315791931349065,-0.11680482610455765,-0.2857809627465493,0.6037494104978262,-0.027795979715455374,0.4198500818785972,0.3156000129144873,0.34326458970216717,-0.7088736529811164
KEN,West Pokot,2007,True,1.1679685576503536,1.2586921534426085,0.01674423517442272,0.0670740188799141,0.6268570281148677,0.19642837728127002,0.7752489080992503,-0.5457889273088257,0.5373526168114107
KEN,West Pokot,2008,True,-0.23206087808565298,-0.2742999997765435,-0.06150892200339892,0.15403601989553828,-1.0529338100165913,-0.07177356439195849,-1.1098021544486452,-0.009382683473036503,-0.6177156197720391
KEN,West Pokot,2009,True,-1.0454854118420436,-1.7470821012364828,1.0750619026042754,-0.97735273952009,-0.4959331345857228,0.31214515183573405,-0.7088277740784815,2.897434617590459,-1.9443048925252182
KEN,West Pokot,2010,True,0.9862168800580882,0.5493989175008165,-0.8399532163536608,1.3401533196251838,0.6201174894682514,0.6839556166486351,1.1884503992845716,-0.87174866211499,1.017131738964437
KEN,West Pokot,2011,True,0.6481922314049506,-0.08111989788830389,0.6497542753530208,-0.37709451427107404,-1.2886063424980054,-1.3371017379375385,-1.453978764386095,0.07214044368412968,-0.30945753378872565
KEN,West Pokot,2012,True,2.270528287858754,2.736652686527547,-0.24251838761371103,-0.5452837323428573,0.9839685466151824,0.520945855143661,0.49181473218055566,-1.0827262664355475,1.1082897721735143
KEN,West Pokot,2013,True,1.5037402041884476,0.30130201107415694,-1.0586353795606995,1.7865367676650414,0.4875037330986742,0.782868865077658,0.9106195304802454,,
KEN,West Pokot,2014,True,0.7563589112857134,-0.3741010191189839,-0.11386402270646896,-0.3506997125717377,-1.5054684371782745,-2.240636712086493,-1.8551712456098195,,
KEN,West Pokot,2015,True,-0.24517689511065502,0.3054552173451334,-0.3176330080464656,-0.2697881453227927,-0.21567040833523993,0.8276610496410076,0.04003362334282719,,
KEN,West Pokot,2016,True,0.6639184915139058,0.5912569152920846,1.0840723749262833,0.3258530067595138,0.5347912598451542,0.9618724468871818,0.5548324158444997,,
KEN,West Pokot,2017,True,-0.9244690094286371,-0.33875563556255756,1.0041268695035943,-1.4321245763953467,-1.0273720558112633,-1.2007635122305682,-0.7957207696997032,,
KEN,West Pokot,2018,True,-0.2423497672166204,-0.05992204672760464,-2.5896977083787185,1.2242057736838123,2.722065116941565,1.135357080146816,1.9725525864765923,,
KEN,West Pokot,2019,True,0.2792191329182332,0.7142801812540797,2.444915240277113,-2.1666510686972855,-1.407610843378968,-2.1366044045397823,-1.509979524292204,,
KEN,West Pokot,2020,True,-1.2857661140651466,-1.1234602613670883,-0.9658536691169682,1.8249067135986827,0.6773704147094217,1.2409272753033906,1.2458540054216276,,
KEN,West Pokot,2021,True,-1.2948731111364713,-0.9830495006634692,-0.04957017438495275,-0.3779991087398296,-0.34097193259667113,0.36541873473645065,-0.38231464067646986,,
GTM,Alta Verapaz,2002,False,,0.20947110210917866,0.9255989695912512,0.5895933129894938,-0.6713019682121218,-1.3123244682290847,-0.5394433057336264,1.251382622665712,0.0015358410299726507
GTM,Alta Verapaz,2012,False,,-0.06339440597404897,0.15636117712194286,0.7137208958447179,0.7423969359358483,0.4416404333118048,0.706878493601449,-0.3851455711355691,-0.02073385390711934
GTM,Alta Verapaz,2013,False,,-0.10049945505466351,-0.5652487422550047,-0.9402964448274114,1.0020547375580293,0.522603657051281,0.9621710688021629,0.20483019247753909,-0.45422498466755634
GTM,Alta Verapaz,2014,False,,-0.032128720263439665,-0.9200016643258999,-1.1033284918187012,0.8155092279370926,0.4614207832925969,0.46387612938875655,-0.16737700469785868,-0.1689425133167604
GTM,Alta Verapaz,2015,False,,-0.14313372983235775,-0.8692426768497388,-0.3214412201604438,-1.7435227362935948,0.5280818329511474,-1.437110301698072,-0.6470361061237494,-1.3212072461884306
GTM,Alta Verapaz,2016,False,,-0.1958906311750502,0.7303870394778852,-1.0857087942996044,-0.6153150469689804,0.18591475003797323,-1.1711827949962244,-0.3647635228643259,-0.31715117272646526
GTM,Alta Verapaz,2017,False,,0.26920566637313065,0.002942416366450989,1.1784379745312459,1.5175852711528088,0.5883363626439629,1.829601307202948,-1.108168207450518,1.4056785028468604
GTM,Alta Verapaz,2018,False,,0.10393354633486553,-0.91753365529436,0.7440618038646057,-0.6305242516361155,0.5398016700452842,-0.4385701272908103,-1.1140620946810529,1.6909609741975924
GTM,Alta Verapaz,2024,False,,-2.1211258637221375,2.0996712807891744,-1.06899216980624,0.03957712159315205,-2.344089035944726,-0.08598602849087637,2.0252899347911577,0.5275613938574365
GTM,Alta Verapaz,2025,False,,2.0735624912045223,-0.6429341446217015,1.2939531336823373,-0.4564592910661188,0.38861401483976027,-0.2902344407857067,0.3050497570186651,-1.3434769411255305
GTM,Baja Verapaz,2002,False,,1.6437538029024528,0.4606180059121451,-1.5818824647602203,-0.47487833717269073,-1.382701205514618,-0.2357507398369805,1.6431908300640188,-1.1477969287999623
GTM,Baja Verapaz,2012,False,,-0.6003683521481978,0.3530884944439266,1.3927955485579988,0.9834575440754862,0.4376727326617965,0.63373522663304,-1.2523955019691404,0.7635767704304416
GTM,Baja Verapaz,2013,False,,-0.7528160592601554,-0.631794353725254,1.2054816627214016,1.025270254094227,0.5544285998808736,1.1004836816518875,-0.8335120082060228,0.980004581157544
GTM,Baja Verapaz,2014,False,,-0.685207138419627,-0.6859372403545212,1.0876693433772664,0.052915454441393485,0.48410854130573255,0.21672908199392202,-0.7620257045490372,0.4377191677626757
GTM,Baja Verapaz,2015,False,,-0.9918425614793906,-0.07539618189188978,-0.6776935807121146,-1.8222619168863752,0.21902373073264567,-1.7763207113675228,0.3640592119301349,-0.8632794697541715
GTM,Baja Verapaz,2016,False,,-1.1769535188128204,0.5427464770407041,-0.09189891629420938,-0.23717006351450534,0.6152345091638571,-0.8588453569410106,-0.9664502873411982,-0.14104284294574881
GTM,Baja Verapaz,2017,False,,0.5736301357455026,0.2307573024709223,0.27393595686308286,1.3209649156065506,0.6943942776663697,1.2491977007595942,-0.38627524102880495,1.3399070079846471
GTM,Baja Verapaz,2018,False,,0.1537677753754662,-1.1706932514511954,-0.3730134867754856,-0.8054081008062137,0.4474573583534681,-0.555023991237101,0.6901815054352053,-0.21399603757285596
GTM,Baja Verapaz,2024,False,,1.4151141154342195,2.160515190797477,-0.12955536528569175,0.6792277552892743,-2.2806585703106705,0.9782866469928856,0.1885711395928365,0.5787620107084546
GTM,Baja Verapaz,2025,False,,0.42092180066254997,-1.183904443242315,-1.105838697692028,-0.7221175051271463,0.21104002606054525,-0.7524915386487148,1.3146560560720084,-1.7338542589710244
GTM,Chimaltenango,2002,False,,-0.8585725338178692,1.0277276927398054,-1.246374458499459,-0.8078366380281266,-1.3843576346375075,-0.327899079896372,1.078111224062701,-0.8733221563576288
GTM,Chimaltenango,2012,False,,0.8886391941394791,-1.1420656202235648,0.8250324055135106,1.2611344232051516,0.3810445435610623,0.5775138809045781,-0.2020735821289399,0.972759827625997
GTM,Chimaltenango,2013,False,,0.8202800812360171,-1.2748454022490099,-0.09439654174866358,0.9997646027920457,0.3577383190306592,0.07045865923606008,-0.33009206274810077,0.3480318494395189
GTM,Chimaltenango,2014,False,,0.8208933498874528,-0.32372305000936025,-0.16337287782537405,0.6516039039432887,0.4830682074431381,1.2385915257257647,-0.45811054336726165,0.6571533057740144
GTM,Chimaltenango,2015,False,,0.7042127017220198,0.5488798812832261,0.6682451869952151,-1.2997103486392825,0.5139159910885515,-1.0806750143251633,0.7217120139985937,-1.5239903966140895
GTM,Chimaltenango,2016,False,,0.6256211904581088,1.0085040709137625,1.417852602265475,-0.3627561519141583,0.5324807985778823,-0.5455748686402699,-0.7141475046056154,0.0302636390817005
GTM,Chimaltenango,2017,False,,-1.5111611954574602,-0.15304718811605483,0.747501091966437,0.6088738953635514,0.6214458166957649,0.6658797296077035,-0.8421659852247763,1.2732345299371626
GTM,Chimaltenango,2018,False,,-1.6633258008941163,-0.701478713367673,-0.3808701070015161,-0.9420063509751667,0.6650001273991847,-0.8056924749710337,-0.9701844658439371,0.025940262070035566
GTM,Chimaltenango,2024,False,,0.3815233689795806,1.6376075544297102,-1.8859918461914722,1.005639143635985,-2.2780181033240563,1.5937211409905037,-0.4304543115738543,0.6355364207156967
GTM,Chimaltenango,2025,False,,-0.20811035625321217,-0.6275592254008411,0.11237454452584708,-1.114706479383289,0.10768193416532063,-1.386323498631771,2.147405217431191,-1.5456072816724074
GTM,Chiquimula,2002,True,,-0.49608371148771374,0.8254829395955098,-0.9384019340071148,-0.3834532962828465,-1.3915432885980499,-0.010128641713610565,1.5102948767544044,-0.8172299831962554
GTM,Chiquimula,2012,True,,0.2479583931795875,0.2301069522374967,1.2567811543277694,1.3552208903305463,0.845974791338085,0.9094908034055857,-1.3820385722252362,0.7402572990954197
GTM,Chiquimula,2013,True,,0.213195815506406,-0.8642222377046542,0.5597699590967586,0.39720294538073325,0.9094645446706903,0.4497303478625389,-1.127265830767173,0.8548366374283826
GTM,Chiquimula,2014,True,,0.3344793976556341,-0.6895147210292254,0.28626248073055416,-0.17469408233858022,-0.1840002022019015,-0.21523708510599798,-0.5666355901133022,-0.4715126706062435
GTM,Chiquimula,2015,True,,0.19038696576630731,-0.3431898744639508,-1.6073028738311688,-1.7435278932109568,-0.15613491279063196,-2.0003118173252137,1.1403765750075479,-0.9744741807165176
GTM,Chiquimula,2016,True,,0.13247064284301702,0.7677098822995057,-0.10334401486626228,-0.11884063029692328,0.5874218540517367,-0.35389549033322504,-0.5333872815174994,-0.03650704445923902
GTM,Chiquimula,2017,True,,-0.1014566677810961,-0.14855289228722496,1.704188304860142,1.6952197706574526,1.0630346192205407,1.7636514627330666,-0.6872028023440352,2.136541788684474
GTM,Chiquimula,2018,True,,-0.3258309320592254,-1.2016795917548158,-0.07756707135526802,-0.9449736725388288,0.26673393993455163,-0.8070508811878402,0.14893266659318227,-0.4248892162365867
GTM,Chiquimula,2024,True,,1.9452075160094848,2.100520878521224,-0.7084493885823389,-0.08534405134220599,-1.9786110533366057,0.10874412965826735,0.8417142702106789,0.0567398642800381
GTM,Chiquimula,2025,True,,-2.1403274196324014,-0.6766613354138652,-0.3719366163730715,0.003190019641609464,0.03765970771158446,0.1550071720064289,0.6552116884014326,-1.0637624942734727
GTM,El Progreso,2002,True,,-0.8402246711644813,0.8155935625008756,-0.2851554202629372,-0.5451818955738532,-1.5324866989454669,-0.248649983435313,-0.14775194827708238,-0.47705010500307193
GTM,El Progreso,2012,True,,0.18154167212659572,0.162702029455309,1.0914672189223757,1.1351428898974054,0.5953594470153577,0.8066882547519922,-0.5485757761208649,0.9010276319526754
GTM,El Progreso,2013,True,,0.18516991035006378,-0.8757225733864084,0.47092128367002806,0.1952807690387488,0.8374798948353696,0.39042915235989534,-0.5244779335905481,0.47433616635259607
GTM,El Progreso,2014,True,,0.3921659492298559,-0.619944741054648,0.44063611610481557,0.49052238452822206,0.5955625079854048,0.41205212450427753,-0.5860298579392771,0.32989432040034433
GTM,El Progreso,2015,True,,0.2532830050882107,-0.18845983761188478,-1.681583588964693,-1.4705332979375279,-0.22545938275570548,-1.3290026229975114,1.1670512786557825,-1.2257956237910461
GTM,El Progreso,2016,True,,0.2267105950913834,0.5383414511721784,-1.6654739268136791,-0.43591628756327916,0.19228692256621946,-1.1201304623697828,2.392529851275987,-1.6524870893911245
GTM,El Progreso,2017,True,,0.4092310569928577,-0.1380425621089079,1.0749660655205568,1.9490568281982596,1.0641685841962787,2.0080573497020993,-0.6975978299153299,1.5900665004305499
GTM,El Progreso,2018,True,,0.16571167223821787,-1.0892314461008474,0.7273254459842411,-0.9521369405142784,0.6813067531042534,-0.9543936133798375,-0.5650102826715845,0.5988757955348154
GTM,El Progreso,2024,True,,1.4222057650944042,2.2227706469478896,-0.014457276220937358,-0.2557059032853725,-1.8519094821603908,0.001775996715961858,-0.3975832896553136,0.15559914929304156
GTM,El Progreso,2025,True,,-2.395794955047108,-0.8280065298135559,-0.15864591793977015,-0.11052854678832466,-0.35630854584132077,0.03317380414821809,-0.09255421176176921,-0.6944667457787799
GTM,Escuintla,2002,False,,-1.5636262824985327,0.43151538917776555,-0.9478631430654744,-0.2040577099235008,-1.38824915518082,0.23948091498268653,-0.3795385391983071,-0.10863332878095541
GTM,Escuintla,2012,False,,0.13868542565798353,-1.1646353641312197,1.6393278682862453,0.10420586116727534,0.7757167315988039,-0.4699600729588492,-0.4382399866909164,-0.14914067171633028
GTM,Escuintla,2013,False,,0.27497088133157493,-0.9517380948989881,-0.7975986710796111,1.591959827951115,0.30927843333160954,1.1856442149532314,-0.44411013144017714,0.6223400869150457
GTM,Escuintla,2014,False,,0.4886242301233251,0.5682319570992282,0.797987842616547,-0.23436890569233754,0.6961975741900828,-0.38041072208120424,0.0003849275245375204,-1.1912841308698736
GTM,Escuintla,2015,False,,0.57070122270096,2.029747376066816,0.03415094698938126,-1.9451751349869908,0.9418468756573289,-1.8209718020620909,2.786779045801924,-1.2815050310439564
GTM,Escuintla,2016,False,,0.6955052665691174,0.33675172648687196,-0.35586150571128905,-0.002295376395678002,-0.06702380127074602,0.1411062576526262,-0.4617205656879594,0.35167738639279705
GTM,Escuintla,2017,False,,0.935183601776256,-1.0683888406690483,-0.38633440013577885,0.7069348400542476,-0.5077926031400352,0.7502781762131375,-0.4675907104372201,1.1231581450241348
GTM,Escuintla,2018,False,,0.977455449820727,-0.7117339564836241,1.2472718834758911,-0.05827011677902468,1.0870384202650079,0.00784440809667155,-0.023095651472505415,1.4637880742528002
GTM,Escuintla,2024,False,,-0.8042397325142636,0.5867205150021922,-1.496076114779903,1.0380129947185859,-1.8862841195682363,1.4408327026841703,-0.058316519968069816,0.491611843805631
GTM,Escuintla,2025,False,,-1.7132600629671475,-0.056470707649993845,0.2649952934039922,-0.9969462801136919,0.03927164411700435,-1.0938440774803793,-0.514551868431306,-1.322012373979293
GTM,Guatemala,2002,False,,-1.126769025721602,0.7896358752281684,-1.1820706338752878,-0.3639770808765299,-1.7955740068528792,0.022728606676738445,0.42587233907537986,-0.35497576808063885
GTM,Guatemala,2012,False,,0.7194159612653741,-0.7679101973054693,0.9717082406735278,0.6299510668104271,0.8276677027549773,-0.07483252533383661,-0.4787555551326358,0.7492187671435435
GTM,Guatemala,2013,False,,0.6952458900816513,-1.6715226796062446,-0.8653498519853392,1.6585534274684417,0.7445137043381848,0.9613533558635199,-0.39663137265407844,0.29607492160703874
GTM,Guatemala,2014,False,,0.7807932919961564,-0.2229695612676985,1.0690492607998852,-0.20123236964702865,0.6637032654358053,0.09911556325198288,-0.40614629029907234,-0.1570689239294769
GTM,Guatemala,2015,False,,0.6797489905519417,1.1542457629486957,0.5938811892593948,-1.036107333435253,0.5747372394232381,-0.6889875974114453,2.0653825768824547,-1.8353503761158272
GTM,Guatemala,2016,False,,0.6392926133200527,1.0290078787364902,0.26483413545439793,-0.9223348310930787,0.5027385842950772,-1.0886608002629372,-0.5507556331657789,-0.08324652968261986
GTM,Guatemala,2017,False,,-0.8569029321662257,-0.5840193340014356,0.26264068671778146,0.5503545919839079,0.42633403727979313,0.6686730426092962,-1.047315397763722,1.6688573167505993
GTM,Guatemala,2018,False,,-1.0143959940920229,-0.442136811333979,0.6721744311060432,-0.6623537399159161,0.33155598367146966,-0.39577028804034586,-0.11498400858336534,0.2356033858942065
GTM,Guatemala,2024,False,,1.036475192783893,1.2957285771780318,-1.9485918177709691,1.3887501858511504,-1.6999621868787584,1.9323842615306235,-0.8576697450073061,0.702098089964747
GTM,Guatemala,2025,False,,-1.5529039880192188,-0.5800595105765591,0.16172435962056608,-1.0416039171461207,-0.575714323466908,-1.4360036188835956,1.3610030866481249,-1.2212108835515725
GTM,Huehuetenango,2002,False,,1.1250189158516242,0.8899986297601054,-1.0516011350231398,-0.7812901328316837,-0.7194951627944877,-0.6119495792226664,0.05596761735043687,0.5328983069540839
GTM,Huehuetenango,2012,False,,0.09493828910138621,-0.33381136871313927,1.2767262046137862,0.9023925143086386,1.3333346623967857,0.4186925145945419,-0.4594125775974343,-0.8270704937409202
GTM,Huehuetenango,2013,False,,-0.09417382408727469,-0.49790796020278855,-0.3956198447159545,1.1140238134171356,-0.710026622826458,1.02511144968358,-0.5109505970922226,-0.2903217654937945
GTM,Huehuetenango,2014,False,,-0.13986382717516543,-0.7959859049336605,1.3387460337775776,-0.006683817279211026,0.3235398217322166,0.2137347984613938,-0.5624886165870109,-0.7146381919847039
GTM,Huehuetenango,2015,False,,-0.4294632067213615,-0.1383496989244183,-0.27694585858715504,-1.3436244588729216,-0.5974442321764778,-1.430011944466033,2.676531770952248,-1.1389546184756185
GTM,Huehuetenango,2016,False,,-0.6398593768348653,1.1298085250201146,-0.9304308592720042,0.2582618586932014,0.9560390769357153,0.12146843882988405,-0.6655646555765875,-0.12167331285946997
GTM,Huehuetenango,2017,False,,-0.9314216948551723,-0.7228041601554637,1.1374635239348885,1.5394162369407267,1.4883719728394034,1.7564841718309867,-0.7171026750713758,2.3372057248637526
GTM,Huehuetenango,2018,False,,-1.2948115165110758,-0.9193722149852447,0.1539528293167888,-1.2182487332702203,-1.3565341928177974,-1.0505194376079354,0.28433799568473117,0.47129156626576924
GTM,Huehuetenango,2024,False,,2.127375798224284,2.03357883569775,-1.4234244667881424,0.2681056960370156,-0.8647262356717785,0.48808363691201045,-0.02489012128399854,0.32805589416541686
GTM,Huehuetenango,2025,False,,0.1822604430076208,-0.645154682563255,0.17113357274335478,-0.732352977142681,0.14694091238287815,-0.9310940490157621,-0.07642814077878683,-0.5767931096945154
GTM,Izabal,2002,False,,-1.6074661383124704,0.7885047603277242,-0.02757109052708406,-0.44359653880756245,-1.3910374247847703,-0.5365559437867375,1.0699084198411426,-0.9047620434596094
GTM,Izabal,2012,False,,0.37359613573852873,0.12733040974924445,1.3978853929815476,0.9257999628234045,0.22681253348133645,0.799778833277339,-0.15712998729394442,-0.2998339330069513
GTM,Izabal,2013,False,,0.4466213693079611,-0.4529707169770042,-0.43789383968091394,0.5362088347693229,0.6159583060710273,0.7843932681634309,-0.4660133194200453,0.17095794425831454
GTM,Izabal,2014,False,,0.6913124965638335,-0.8220940571360305,0.05890025390428574,0.9580345943450802,0.9166623845280902,0.7117739652610365,-0.14887827430726802,0.2314507553035767
GTM,Izabal,2015,False,,0.6440673180400415,-0.8871604916357391,-1.0294761896799656,-1.7518480546983264,0.7645688518777328,-1.4318261265410228,-0.9374380253566652,-0.5286545660911686
GTM,Izabal,2016,False,,0.6916201761554234,0.630873216915561,-1.6150584401350911,-0.8480474565908765,-0.41511873233058577,-1.2291951766330083,0.33091974880739455,0.352436377394101
GTM,Izabal,2017,False,,0.4968071588801624,0.45386300203645963,1.0961222968506796,1.5018832005264924,0.9988619495886425,1.7356240108508152,-1.400732622497975,2.054125453319392
GTM,Izabal,2018,False,,0.36124380901877934,-1.1153563242859774,0.5782024787600123,-0.8207213975730804,0.23789284139615208,-0.49056876717521947,0.022097218776976763,0.8837210657046471
GTM,Izabal,2024,False,,-0.017341177285663405,2.058114635772553,-0.9176596115245602,0.0753261559407946,-1.9952534821576566,-0.36856382281692274,2.111899991745727,-0.3945183329037764
GTM,Izabal,2025,False,,-2.080461148106596,-0.7811044347667911,0.8965487490510892,-0.13303930073524878,0.04065277233003146,0.025139759400288612,-0.42463315029534315,-1.5649227205185254
GTM,Jalapa,2002,True,,-1.4291801956968524,0.9405403194622565,-1.0941245535762363,-0.3054415802735241,-1.2520431925876467,0.23273216274454736,0.9925112210332339,-0.9803086171666681
GTM,Jalapa,2012,True,,0.5603672450366596,-0.1587125146020769,1.496702108450926,1.3959431471137507,0.65935945867865,0.6347378655471201,-1.0963445146858508,1.1242088376508517
GTM,Jalapa,2013,True,,0.5630133056033986,-1.1706335373228105,0.11663243866740204,0.5278507973338151,0.7032932846778835,0.3462264962909935,-0.9686334312213979,1.0732945940513194
GTM,Jalapa,2014,True,,0.828641551067711,-0.5797074304306518,0.3238175597897308,-0.37551326826814535,-0.06651055674235905,-0.4246908498215138,-0.7473667814507637,-0.02308360587327835
GTM,Jalapa,2015,True,,0.6470409596055278,0.25511496028545094,-0.9508009274678682,-1.9366981119914741,0.16416050249355307,-2.0237243754692416,2.02023832517508,-1.467949791239569
GTM,Jalapa,2016,True,,0.6106738493685633,0.7924259358197939,-0.001965767653292381,-0.34598145039897926,0.5107795170071346,-0.6581999802955874,-0.0709445661440201,-0.4734000785140054
GTM,Jalapa,2017,True,,0.14128822212869593,-0.34039195172745884,1.169144921648285,1.282498237798519,0.8582800072041296,1.279283865546647,-0.7221852630114651,1.5666135905366383
GTM,Jalapa,2018,True,,-0.17561452877790684,-1.155023308079144,0.37668874768093696,-0.25770714669980993,0.24192074051683377,0.23767847217533644,-0.4297350301817571,0.29599139789118006
GTM,Jalapa,2024,True,,-2.1523247293898664,1.9805352699492125,-1.7181245227019308,0.699110114772277,-2.280888744528989,1.1754727450611144,0.49110153667608925,-0.35798204914762916
GTM,Jalapa,2025,True,,0.4060943210540696,-0.5641477433545721,0.2820299951620472,-0.6840607393864291,0.46164898328081033,-0.7995164017794163,0.5313585038108515,-0.7573842781888395
GTM,Jutiapa,2002,False,,-0.8687871700110447,0.5084237788513876,-1.0753680596803379,0.23506433446055625,-1.54509411523098,0.5168136726677628,0.5550604328813107,-0.806814485729893
GTM,Jutiapa,2012,False,,0.46011348410434,-1.289330893268363,1.6566365730760713,0.9557015723202641,1.2093533867146349,0.4266151298901288,-1.249564347678779,0.7239141432312818
GTM,Jutiapa,2013,False,,0.449625679344314,-1.1518988490855222,-0.0808802077975658,0.6841132065049048,0.5632346657061208,0.3621773880902759,-1.1964250748404606,1.8288925002154368
GTM,Jutiapa,2014,False,,0.5404247419223642,0.1879416631561512,-0.024312849670576113,-0.758721536963405,0.1094098804581809,-0.6779940998251346,0.5577739276645549,-0.816059877086608
GTM,Jutiapa,2015,False,,0.458974903328602,1.7216353285404538,-0.5625443014408279,-2.294288683703993,-0.07027434130827316,-2.374857405081119,2.0532864275013405,-1.4418187820806987
GTM,Jutiapa,2016,False,,0.4334567878774822,1.118867091985487,0.1774710421771914,-0.21492202167154612,0.39181810091827896,-0.1613425419586811,-0.40988846197835827,-0.04838421476684507
GTM,Jutiapa,2017,False,,-0.43079919548419343,-0.4209198274464219,0.40111820879606574,0.7799631671829863,0.656574542160862,0.9067678144112898,-0.8976391492644735,1.0565941422173102
GTM,Jutiapa,2018,False,,-0.5643615111500991,-1.0729853285673117,1.0153260397450565,-0.004005156679991612,0.8075367872413424,0.36478215907395933,0.23728004382271203,0.4308352372232225
GTM,Jutiapa,2024,False,,1.5665133213608171,0.41508139948446116,-1.8528305511664447,0.9714940871639248,-1.875727393651915,1.0721345806966363,0.37581902747776635,-0.439156089444266
GTM,Jutiapa,2025,False,,-2.045161041292582,-0.016814363650321927,0.3453841059613673,-0.35439896861370074,-0.24683151300825146,-0.43509669796511785,-0.025702825585613136,-0.48800257377894035
GTM,Peten,2002,False,,-0.3194866752752035,1.2745107930230681,0.6100153228466997,-0.6511100798099188,-1.2762329492011695,-0.6758197820305036,1.1577548263859951,-0.21464318767199222
GTM,Peten,2012,False,,0.022896981656193433,-0.2971279105721518,0.2803421026286749,0.8232916305348639,0.10062632805111557,0.6549499174216068,-0.9714984831798603,0.3109101967349352
GTM,Peten,2013,False,,-0.015488061231256177,-0.6085833810309169,-1.211009803325869,1.2291026119188704,0.24786955924852805,1.1300973720628815,-0.5591741256942203,0.5359170576312843
GTM,Peten,2014,False,,0.1746056442263894,-1.4092709553523062,0.004788714710017969,0.2848097493538988,0.40035365754415825,0.31049435537624975,-1.1092409106720478,0.7609239185276334
GTM,Peten,2015,False,,-0.02385811036310359,-0.042171685703867055,-0.32413970280526283,-1.6501886333053022,0.5245225155452403,-1.232785497734323,0.8532641161614617,-1.6008420574109745
GTM,Peten,2016,False,,-0.0961516291084601,1.0341862507746693,-1.6733231784552607,0.1776777085209997,0.6693636826559558,-0.09329778985947336,1.0067174384907893,-1.3758351965146256
GTM,Peten,2017,False,,0.4480734321700755,-0.849178254597876,1.6297374060249483,0.991955752538884,0.7863991382177291,1.2856671225488707,-1.355446592581225,1.867073307355917
GTM,Peten,2018,False,,0.132054308502576,-0.8917892286944805,0.39084603101479987,-1.059452399869999,0.769574113312133,-1.143071908446669,-0.42842570637296506,-0.06356386244353349
GTM,Peten,2024,False,,1.910705566815169,1.503886916867337,-0.6678738127001188,0.7739097878958451,-2.2808195752929175,0.9366011511394537,1.162313377419408,-0.00690911548291652
GTM,Peten,2025,False,,-2.23335145739238,0.2855374552865245,0.9606169200613704,-0.9199961277781417,0.05834352991922669,-1.1728349404780931,0.24373606004266424,-0.2130310607257274
GTM,Quetzaltenango,2002,False,,0.8280360663371524,0.7120643467370159,-1.3547657024222461,-0.6855055066804876,-1.191592329596853,-0.7250650489269844,-0.3287979746107106,0.08350947043597097
GTM,Quetzaltenango,2012,False,,0.18856215027324574,-1.1913860295069907,-0.289461772557652,1.1762104254243553,0.5616867613553251,0.7772996299827223,0.7397954428741111,0.1470492848981098
GTM,Quetzaltenango,2013,False,,-0.005292562184128781,-0.7949269877981795,0.5470428036650379,0.6477748980261607,0.43174813362460335,0.6059418893530845,0.698695696047768,-0.41300879400394525
GTM,Quetzaltenango,2014,False,,0.02640766643933122,0.16281869394740195,0.9584765115257315,0.33325367855063326,0.6068543531505756,0.8520731041189082,-0.8219949365267821,-0.4066548125577326
GTM,Quetzaltenango,2015,False,,-0.32546101881268863,1.2840506312611897,0.48651528553978557,-1.5486488587676754,0.6165801540330439,-1.4959082251627014,0.6164962023950932,-1.5331249518080492
GTM,Quetzaltenango,2016,False,,-0.5527873847979452,0.7228780157248303,0.6066509866061383,0.17151491403908725,-0.43181835900632326,-0.2214682436791418,0.5753964555687502,-0.3939468496653011
GTM,Quetzaltenango,2017,False,,-0.8355072227276091,-0.7236430164641934,0.691823326126399,1.0541487984151099,0.47951891992346524,1.2013828959987845,-0.9452941770058112,1.8780553731739822
GTM,Quetzaltenango,2018,False,,-1.3034199520578076,-1.1659606390800599,0.579946720411349,-0.9125908711052215,0.6300175972652527,-0.5212457785765425,-0.9863939238321431,1.3179972942719271
GTM,Quetzaltenango,2024,False,,2.3145830336141184,1.4631167799358806,-2.1043664585490505,0.934601954503611,-2.277390654562641,0.9174478447845316,1.7261893667062465,0.22329706225268023
GTM,Quetzaltenango,2025,False,,-0.33512077608366825,-0.46901179475689486,-0.12186170034549239,-1.1707594324055728,0.5743954238135512,-1.3904580678926615,-1.274092151616522,-0.9031730769976426
GTM,Quiche,2002,False,,1.239189242664524,1.0789974631866952,-1.495656497980924,-0.740217851829956,-1.4375627939088294,-0.6278507207798081,1.5480535730457299,-0.6217919678103472
GTM,Quiche,2012,False,,0.15336561873687676,-0.05244951331861666,1.1171019100850308,0.8620244781582012,0.3428943567264752,0.8102941301613328,-0.3379571958152051,0.2230340754101812
GTM,Quiche,2013,False,,-0.05056879882462639,-0.7334377096176226,0.20146106740363703,1.8943239356710682,0.42077203425676574,1.6151818221179686,-0.39950422230372695,0.30751667973221214
GTM,Quiche,2014,False,,-0.13642227961924244,-0.7638073801706208,0.43954267675363534,-0.5891955156843294,0.47928397395678946,-0.3620357452940151,-0.6198688117892048,0.39199928405427437
GTM,Quiche,2015,False,,-0.42308856744150825,-0.7537546780943671,-0.12328450433439245,-1.2606127398904046,0.5246371430799243,-1.4335999772181094,-0.4431894937822927,-0.9293086475424912
GTM,Quiche,2016,False,,-0.6445446905474639,0.843216787651377,-0.2764921204963779,0.09077367757907619,0.4016573602943045,-0.3788768823682459,-0.034392199087522085,-0.49337840924072984
GTM,Quiche,2017,False,,-1.1560767139432366,-0.09620208309752791,1.5644960007839728,0.9287827241299564,0.9553611474603089,1.2898570111243912,-1.6718981199304526,1.699789998959523
GTM,Quiche,2018,False,,-1.5034952518549656,-1.17119486654115,0.6602889341726985,-0.9151973088670958,0.5652334940939697,-0.6574743320167646,-0.3957125965599997,0.3784820673627616
GTM,Quiche,2024,False,,1.4172334007245564,1.9846121397885013,-0.791444048352165,0.3332394902275497,-2.1758818139400837,0.5363101672723285,1.2874168278540759,0.8853776932950722
GTM,Quiche,2025,False,,1.1044080401050864,-0.33598015978666884,-1.2960134180351153,-0.6039208894940656,-0.07639490201962454,-0.7918054729990781,1.067052238368598,-1.8417207742204567
GTM,Retalhuleu,2002,False,,-1.0057228706301156,0.2734284346602402,-0.1831654659637727,-0.1303734724858498,-0.7869570167490394,-0.055897375721009314,1.9115036368906662,-0.1872639399782947
GTM,Retalhuleu,2012,False,,-0.19215929604587956,-1.1065212280866588,-0.24565605070589003,0.7542173422454624,0.8152405156600421,0.6964527017942439,-1.086538909390478,0.5827933832972154
GTM,Retalhuleu,2013,False,,-0.0761339387524259,-0.8339772647327391,-0.26264048609667484,1.0138413930717862,-0.2953074825264988,0.8463824010304459,-0.9155096366160486,0.4550338728446726
GTM,Retalhuleu,2014,False,,0.14869873237234596,0.5373728596914276,1.2723039044561242,-0.04421604433218502,0.8889760464782247,-0.05109656230174608,-0.7444803638416191,-0.08225612316806585
GTM,Retalhuleu,2015,False,,0.1884924508848205,2.142425663448438,-0.7518243210392088,-2.1393721921928517,0.8151634215056366,-2.1155253942563337,-0.5734510910671895,-2.2576680614215827
GTM,Retalhuleu,2016,False,,0.28837184232177165,0.3912585134588854,-0.9303860179645524,0.5921238472107472,-1.3784837039759685,0.6284237266195984,-0.40242181829275986,0.07175534148704435
GTM,Retalhuleu,2017,False,,1.3737246271559727,-1.2344356124618854,0.5310942861530461,0.3049688806063402,0.13174050221608594,0.2204944642704601,-0.23139254551833033,0.763056802154893
GTM,Retalhuleu,2018,False,,1.3575362813466696,-0.47540852070088174,1.411858478449548,-0.854400439262337,0.8868978562288473,-0.7074266695475333,-0.06036327274390079,1.044827777262546
GTM,Retalhuleu,2024,False,,-0.0652039943987641,0.4503089771153655,-1.6773690058121995,1.1197035157945143,-1.7406519298987402,1.324699266869883,0.965812363902615,0.6878012001074488
GTM,Retalhuleu,2025,False,,-2.017603834254395,-0.1444518223921921,0.8357846785235798,-0.6164928306556269,0.6633817910614108,-0.786506558758009,1.1368416366770446,-1.0780802525858768
GTM,Sacatepequez,2002,False,,0.14492379403588773,0.9415572917711709,-1.302235513906197,-0.690336053477886,-1.550629197014564,-0.2031971348150165,1.092806738381921,-0.5659028639324745
GTM,Sacatepequez,2012,False,,0.6746515993638832,-0.9546982733708189,1.524595707882567,0.7785935918043846,0.665238883512833,-0.10958622192739406,-0.6424969798736268,1.148449929744977
GTM,Sacatepequez,2013,False,,0.5106999608493771,-1.4969904092404545,-0.5659636034873012,1.3321640503341727,0.31843401627739965,0.5282706265057622,-0.8160273516991647,0.2812870117780881
GTM,Sacatepequez,2014,False,,0.46418667100673033,-0.39679390430806233,0.21026893590001003,0.3695419321376487,0.6135583586221346,0.8034286414471266,-0.414225401995266,-0.5858759061888006
GTM,Sacatepequez,2015,False,,0.2179532744990663,0.8298752192065381,0.2865605998681789,-1.0868937129594363,0.6231267941298917,-0.7895737834840414,1.4295953792342944,-1.7992382232672341
GTM,Sacatepequez,2016,False,,0.03655836371779627,1.0907835353799975,0.5999783479846154,-0.4424280471448623,0.5264105121062378,-0.5667052465034859,-1.3366184671758206,1.141792248992889
GTM,Sacatepequez,2017,False,,-1.6532600966325592,-0.39773567878276883,1.3353821112454445,0.5619407415986031,0.40126174911033036,0.6601212673245984,-1.2224826782366822,1.31322752836064
GTM,Sacatepequez,2018,False,,-1.9599352278048414,-0.4745291190330457,-0.40873107045182916,-0.7532989169710818,0.6250410824998944,-0.4606120998423555,0.62133810299292,-0.24633418782934216
GTM,Sacatepequez,2024,False,,1.0988983834260264,1.4716629543677078,-1.4770729630317199,1.3334387189159578,-2.1083282151442906,1.8605920254852886,0.7308205150984813,0.08987869015407222
GTM,Sacatepequez,2025,False,,0.46532327753863334,-0.6131316159902633,-0.2027825520037681,-1.4027223042375008,-0.114113984099867,-1.722738074190483,0.5572901432729432,-0.7772842278128146
GTM,San Marcos,2002,False,,-0.9045424326048485,-0.024442711033938892,0.3732426774050616,-0.4253327541514839,-0.4505253889044962,-0.27466761431745423,,-0.4183217936886081
GTM,San Marcos,2012,False,,0.24096810669792712,-1.00480323013425,-1.0880315832449674,0.44861234972714686,0.5139672254365368,0.13677260283968348,,-0.389757970771567
GTM,San Marcos,2013,False,,0.27107304567135065,-0.6645561876427243,-0.7581154809624683,0.2865488193442595,-0.4602143548528167,0.200407712942837,,0.3892972639503345
GTM,San Marcos,2014,False,,0.4057465606565493,0.8174938818156537,0.3777818719806526,1.081042252263324,0.8192313078934432,1.3826550790386118,,0.30590932930535425
GTM,San Marcos,2015,False,,0.3625880964337175,2.224733561022743,0.16879864215281234,-1.69598193604098,0.7004235270426407,-1.8097182340782776,,-1.5023649440734275
GTM,San Marcos,2016,False,,0.37717121231778356,0.3403160691725229,-0.6125480845209901,-0.07089996142895352,-1.7472025832922211,-0.1871565616395787,,0.13913346001539384
GTM,San Marcos,2017,False,,0.1466474659181774,-1.270174488676739,0.44600284992944206,1.2737868897122153,0.598452685294302,1.2280236088913192,,1.7806318641041963
GTM,San Marcos,2018,False,,0.04968283005548978,-0.38396272945220355,1.7605862145740663,-0.7085027405292272,0.8137940926208229,-0.5735863655000462,,0.8348007600923151
GTM,San Marcos,2024,False,,1.414420434628593,0.14582068006540497,-1.5655657806626324,0.9877852712811912,-1.5720542659637529,0.8977199505570169,,0.3344731522223954
GTM,San Marcos,2025,False,,-2.36375531977474,-0.18042484513646928,0.8978486733490236,-1.1770581901774924,0.7841277547255411,-1.0004501787341118,,-1.4738011211563864
GTM,Santa Rosa,2002,False,,-1.507715555329074,0.3940021130516783,-1.0807834194825843,0.1804138209362951,-1.7127965861697303,0.5305882983302455,0.4945767465480729,-0.3355526298873736
GTM,Santa Rosa,2012,False,,0.5687246136810067,-1.2455759505874455,2.2334498891507177,0.18877508043489788,1.1012511663844275,-0.2361189014089322,-0.7651557900790456,0.6791328346524313
GTM,Santa Rosa,2013,False,,0.5933704413927274,-1.0853363595168726,-0.6518091750585157,1.4647981605066616,0.645212520104511,0.9947646664447108,-0.7064836644592031,1.4192752383753013
GTM,Santa Rosa,2014,False,,0.8003834758670051,0.5289100056902019,0.2822859793399875,-0.7582656601797839,0.3209688213081872,-0.7069721918955167,-0.6478115388393816,-0.8461063921083501
GTM,Santa Rosa,2015,False,,0.6972604500565713,1.9904064025539263,-0.1929286205064542,-1.9730833323385448,0.6006033330678117,-1.9887403097328276,2.5081379166812314,-1.9844165097645603
GTM,Santa Rosa,2016,False,,0.694840473263607,0.5111056494481905,0.0805644033135895,0.2074760406589032,0.5366351592576984,0.31219264348515974,-0.5304672875996965,-0.1172025932142487
GTM,Santa Rosa,2017,False,,-0.06653693265163556,-0.6093767817942916,-0.4260354151006901,0.3164265248977919,-0.19890235789879132,0.4436096607410742,-0.47179516197987514,0.622939810508613
GTM,Santa Rosa,2018,False,,-0.26348989157644964,-0.8501058576251393,0.8992405659053784,-0.2572404965328755,0.8790664008371678,-0.18730367630761444,-0.4131230363600326,0.9873917099556679
GTM,Santa Rosa,2024,False,,0.5099302057757188,0.6582053962162189,-1.1424596481884426,1.2925706427137036,-1.5931466634070786,1.5454507244231408,0.5345399731091286,0.16857907243145479
GTM,Santa Rosa,2025,False,,-2.026767280479477,-0.2922346174364666,-0.0015245593729862768,-0.6618707810970489,-0.5788917934842036,-0.7074709140794401,-0.0024181570211982526,-0.594040540948936
GTM,Solola,2002,False,,-0.4123746085394926,1.054757950219149,-0.8637216051402029,-0.836322754886441,-1.211114324791295,-0.5740362104988501,,-0.5795709011406693
GTM,Solola,2012,False,,0.8298585124023665,-0.6457994540205694,0.30435940227684455,1.18286781212129,0.3831274853617901,0.7336998524082741,,-0.4193365931781802
GTM,Solola,2013,False,,0.7177660033458438,-0.8089388834635313,0.6333674845265239,0.8867839905525129,0.4021277368332755,0.3036242898826998,,1.0858431294897732
GTM,Solola,2014,False,,0.6822440571478671,-0.4790990357596759,-0.8484866030244855,0.7390456550819422,0.42112798830476095,1.1985466364430406,,-0.6000263447102318
GTM,Solola,2015,False,,0.5165085082806031,-0.4136159633301881,0.4675021174673986,-1.375318910274138,0.44012823977623383,-1.3078823691249384,,-0.5130907095391488
GTM,Solola,2016,False,,0.3930583528719016,0.8168812699014111,1.7184565666688312,-0.35247732978170193,0.45912849124770677,-0.535182425974759,,-0.07159405249381673
GTM,Solola,2017,False,,-1.6796285222373388,0.23453654710914223,0.09335593945960696,0.985123526837772,0.4781287427191922,1.0598869439161993,,2.142707713922572
GTM,Solola,2018,False,,-1.8847547807872957,-1.1401100225082985,-0.19631726964593652,-0.9477298052976545,0.49712899419067763,-0.6966139426256366,,0.10227721784834926
GTM,Solola,2024,False,,0.5062800511607547,2.002022027022141,-1.871889395276492,0.7658372054368469,-2.4213402729386444,1.1298978527720853,,0.2693300070006611
GTM,Solola,2025,False,,0.33104242635479014,-0.6206344351695802,0.5633733626879116,-1.0478093897904281,0.5515569192963025,-1.311940627198115,,-1.4165394671993083
GTM,Suchitepequez,2002,False,,-0.7410205328831613,0.36828146854134924,0.020753133873156186,0.15363931166684008,-1.1861955995589892,0.45062698819266805,,0.42709406275937706
GTM,Suchitepequez,2012,False,,-0.22748076652161095,-1.1345143689990251,0.7209949956219239,0.6081160675205681,0.8067447175899128,0.24324838758656786,,0.3443029675764404
GTM,Suchitepequez,2013,False,,-0.13213520485448418,-0.9849183067011895,-1.4277092832866014,1.1398044370624638,-0.2915259789958906,1.0429415147099956,,-0.33512395484973634
GTM,Suchitepequez,2014,False,,0.07852250281986936,0.676863365492177,0.6858432272739087,-0.33624093084710044,1.0992173069814086,-0.36510021218330324,,-1.014550877275913
GTM,Suchitepequez,2015,False,,0.09307925773457872,1.959912525588331,0.39530901915742955,-2.3243886289028564,0.8389291411184749,-2.311537359958605,,-1.6939777997021643
GTM,Suchitepequez,2016,False,,0.17131508655915428,0.17010538584227422,-1.2924572337257938,0.04888844951781442,-0.5291822646851567,0.13449578426184755,,-0.13624534576860167
GTM,Suchitepequez,2017,False,,1.366222463442168,-0.9942747150056706,-0.506231474885537,0.43250465044860015,-0.0870644020553099,0.18691697576108915,,0.9740552328929375
GTM,Suchitepequez,2018,False,,1.3214486484517793,-0.4104474955206189,1.6772263287214644,-0.3920066092152589,0.9870876566938206,-0.3724462993418985,,1.6369239362826074
GTM,Suchitepequez,2024,False,,-1.9299514547482932,0.3489921407623725,-0.2737287127499506,0.669683252748929,-1.6380105770882705,0.9908542209716387,,-0.20247822191494702
GTM,Totonicapan,2002,False,,0.7842015980031307,1.075996430686373,-1.3320753643017955,-1.1199439012178818,-1.3637311154968872,-0.972738022801731,,-0.5081152391477076
GTM,Totonicapan,2012,False,,0.3801479558265936,-0.6192417275802704,0.7265739017446609,1.3734452468859875,0.46410808391822156,0.8171424123934936,,0.7276593707792841
GTM,Totonicapan,2013,False,,0.2054487346189076,-0.5472486071058935,0.21389890601735387,0.9769769099097845,0.34214926857096595,0.7012350271685113,,-0.4050541293205176
GTM,Totonicapan,2014,False,,0.1165740975526855,-0.53491014175889,1.3085286356479224,0.5052298043237071,0.4676167169431887,0.9207435570367248,,-0.042183151929246814
GTM,Totonicapan,2015,False,,-0.11825711164241112,-0.5588709712771348,-0.7858991946290377,-1.298960903755486,0.5127002260496007,-1.2269626448988786,,-1.1748966520290485
GTM,Totonicapan,2016,False,,-0.30568953040604036,0.7228172548224683,0.766200173989364,-0.24562218475541647,0.47781414609262274,-0.4489775421873474,,0.6835588028532947
GTM,Totonicapan,2017,False,,-1.4892779464038228,0.2860574674181612,0.5457506096880814,1.0654405881258524,0.5966519912264378,1.2850996549487101,,2.24289736223742
GTM,Totonicapan,2018,False,,-1.768267410108814,-1.3477348808909397,0.37770187729807847,-0.43995637583179886,0.5989390437134459,-0.19837414454459004,,-0.6845175108516651
GTM,Totonicapan,2024,False,,1.4996122637525349,1.9822582436380483,-1.8150568462840144,0.379049378182505,-2.310283354873929,0.6253698107942258,,-0.0028761239951130262
GTM,Totonicapan,2025,False,,0.6955073488072364,-0.4591230679519223,-0.005622699170613611,-1.195658561867254,0.21403499385633273,-1.502538107909119,,-0.8364727285967002
GTM,Zacapa,2002,True,,0.6128311495832439,0.8420884287091028,-0.3321839538719813,-0.514747153860167,-1.2669638872017366,-0.29101108709657003,0.4173001892235473,-0.6233569467700316
GTM,Zacapa,2012,True,,-0.6346106294525236,0.34666630598889375,1.0793529331120197,0.919860649740289,0.4875521178475759,0.739418136055684,-1.0042793028662351,0.7972094144269684
GTM,Zacapa,2013,True,,-0.7591324391037814,-0.6410170326758681,0.40577235359966946,0.1558181640984497,0.8451946496549659,0.35752215604965426,-0.8209680186183812,0.6144329607876202
GTM,Zacapa,2014,True,,-0.3223502543391447,-0.8438397882678137,0.8984482353179128,0.7036589092659609,0.5081403215006096,0.4862700566329659,-0.8564481606191702,0.43165650714826537
GTM,Zacapa,2015,True,,-0.8401748163762922,-0.6981031233608634,-1.597616324949603,-1.4999691863138238,-0.28656440355162843,-1.4203803736908382,2.1806643355675215,-1.4526266071337257
GTM,Zacapa,2016,True,,-1.0479775930909703,0.5438703068604394,-1.5815436417181836,-0.5039861099639724,-0.43452964556256907,-0.9097793057641748,0.918049672433039,-0.8619909422991446
GTM,Zacapa,2017,True,,2.0372621808576836,0.00024578479447767796,1.2780080760510724,2.005069336242409,1.2504617497775594,2.0578136352948437,-0.8854282680117534,2.0488810779572137
GTM,Zacapa,2018,True,,1.2306656693125964,-0.9989402822520652,-0.1856071259038241,-0.8366127527910664,0.822759415426276,-0.9081370887033561,-0.0579732816405652,-0.29944930740913367
GTM,Zacapa,2024,True,,-0.26894682101126255,2.176560394167259,0.1416852747836414,-0.3777684465358744,-1.916486519373886,-0.2721492337108509,0.150421283355194,-0.15864863968694923
GTM,Zacapa,2025,True,,-0.007566446379548932,-0.7275309939635626,-0.10631582642072365,-0.05132340988220467,-0.00956379851716664,0.1604331049326418,-0.04133844882319718,-0.4961075170210831
SLV,Ahuachapan [Annual],2001,False,-1.2931589756110113,-0.5301137866644318,-0.6155332797027776,-0.5996146090367085,-0.007336058879927345,1.2153847139768417,-0.06934966322766022,-0.1961316947448598,-0.3825592907348353
SLV,Ahuachapan [Annual],2002,False,0.6637056357797457,0.5967475454770634,1.728179530768494,-1.0365689626855694,0.026486977637155556,-2.5214598130788723,-0.044156706443642085,-0.22577098287913017,-0.12440552770678831
SLV,Ahuachapan [Annual],2003,False,0.6955792947855122,0.5556787406796664,0.13251574334805236,0.608535453807264,0.23108678465238716,-0.24785028242606894,0.360194793264563,-0.2554102710134006,2.41435233612919
SLV,Ahuachapan [Annual],2004,False,0.5529549710385878,0.14754504447237032,-0.05001179466165385,0.3489337081359189,-0.31531288042161565,0.7147857892964344,-0.43634973956229156,-0.28504955914767094,-0.5583497103206644
SLV,Ahuachapan [Annual],2005,False,0.45272103688501303,0.1326167485618631,-0.8548657153334781,0.5932925518335793,0.025837256255742794,0.6707324484111473,0.06654206491667797,-0.314688847281951,-1.2504476559625894
SLV,Ahuachapan [Annual],2006,False,0.7953988099082624,0.6659072340250166,-0.6857535493187059,1.6998964664047735,0.5133167056912302,0.8672794476374609,1.0017837187012852,-0.34432813541622137,0.3380584992034164
SLV,Ahuachapan [Annual],2007,False,-1.8722108268890871,-1.678135859030276,-1.0489075252230309,0.13529450138726676,-1.1292541050769809,-0.11703122761328479,-1.4621036872364273,2.9722242803596455,-1.1142408133744677
SLV,Ahuachapan [Annual],2009,False,-0.1439241592872431,-0.05392251598690411,1.8605872756589807,-0.9732350626799036,-0.790886044282456,-0.18896177685674723,-0.749042748332818,-0.4332459998190325,-0.40788294558437915
SLV,Ahuachapan [Annual],2010,False,-0.10629438281720865,-0.8435113041680209,-0.8760082133085445,-1.4042836281720963,2.586127977392268,0.09074310754517902,2.248384937471108,0.09708965025205725,0.6104721843796435
SLV,Ahuachapan [Annual],2011,False,-1.032185787154906,-1.0019840159922477,0.20989696521323833,-0.6074651469097627,-0.15553947168321644,-0.5705160666549657,0.03783817667068932,-0.49252457608758293,0.48852526393970164
SLV,Ahuachapan [Annual],2012,False,1.287414383362335,2.0091721686259003,0.19990056255942562,1.235214727915238,-0.9845271412845874,0.08689365976287573,-0.9537411462214844,-0.5221638642218533,-0.013522339968227017
SLV,Ahuachapan [Primera],2013,False,1.1389979342452143,0.9829560422054989,-1.5995474499669327,0.33881459816960985,1.2615858630228038,0.7601633191963567,1.0026623109283552,-0.9062533237985732,1.6237189367070033
SLV,Ahuachapan [Primera],2014,False,0.6604111168894977,0.9556111798127082,0.10552481963663639,0.06388054491985665,-0.28418852801317146,-0.7322563212453159,-0.22391992562446725,1.821854054178661,-1.183485281332367
SLV,Ahuachapan [Primera],2015,False,-1.1218116686537913,-0.8118853770325392,1.8850292794139543,-0.6291095753853538,-1.92001209259689,-0.6376498281903176,-1.8932999944223143,0.043176116114168876,-1.2463758035287547
SLV,Ahuachapan [Primera],2016,False,-1.9882794037879523,-2.0943739735716798,0.6966570988136692,-0.5007680533784354,0.06792571730497339,0.5776984575913049,0.2426599153325,-0.9142653865826629,0.4059297341767454
SLV,Ahuachapan [Primera],2017,False,0.814123755571113,0.23078820361546346,-0.6645346497763159,0.10315752827361245,0.7798785686193058,-1.0013405514918299,0.8582543692413128,-1.050470453911948,-0.6860784239607488
SLV,Ahuachapan [Primera],2018,False,-0.364806138753456,-0.4180130853051557,-0.30380469618508293,1.0512367179870172,0.029065915064732124,1.3934913977041599,0.2248015503346546,0.45579734949397377,1.3092663257251265
SLV,Ahuachapan [Primera],2019,False,0.2804498552269166,0.6268848946755936,0.694589537975428,0.8532481661606536,-0.654134059361402,0.6872835745467614,-0.8148908199614889,0.3195922821647455,-0.1257810443927429
SLV,Ahuachapan [Primera],2020,False,0.21442942219509747,-0.1326278141780633,-0.5553816965617826,-2.152019479969519,1.1786328600162888,-1.5677847599091896,1.2150008937687002,1.0046236502030634,-0.18867156658913042
SLV,Ahuachapan [Primera],2021,False,0.3664851270673605,0.6606599297781738,-0.258532243349574,0.8715595532225585,-0.45875424405664084,0.5203947117980701,-0.6112682995972526,-0.7740542878614285,0.09147712319486871
SLV,Cabanas [Annual],2001,False,-1.5573661772229976,0.4667604861383531,-0.32762863640972695,-0.6371091410812607,-0.5228487153145673,1.004734727853988,-0.6719527597111107,-0.6457020421503465,0.36118918290080054
SLV,Cabanas [Annual],2002,False,-0.060362966078335994,1.105961151900177,1.014649158150124,-1.6008844302542071,-0.08415712367703344,-2.255006303826036,0.14772977552808816,-0.4875583264538529,-1.327417561342457
SLV,Cabanas [Annual],2003,False,0.13609778620869412,-1.6230782137075492,-0.06425604875034459,1.4517616630703432,0.37479908331777817,-0.31454842081889545,0.2383160142146608,-0.5864634679618713,0.1349546040100662
SLV,Cabanas [Annual],2004,False,1.3385906879107272,-0.8185950102328339,0.953314138565333,-0.2529014489486324,-0.34881613000598904,0.21294643168059213,-0.0628370267596557,2.025884812949048,-0.8784423738912297
SLV,Cabanas [Annual],2005,False,0.43927327295598023,0.7078028481953771,-1.6792368841628291,0.9265058004121695,0.5570569994637956,0.9410276167689374,0.3964266724192569,-0.527224893773396,1.0340696356892656
SLV,Cabanas [Annual],2006,False,0.5444713755970286,0.32030482343806566,-0.17562454752824788,1.4248881558722828,0.8075872393734118,0.8376914601013878,1.0782057619544434,-0.4976056066791627,1.5961621125858798
SLV,Cabanas [Annual],2007,False,-0.72313336874834,0.15896562014505314,-0.34767819482472967,-0.6564405764768811,-1.1231293709259593,0.694983292831052,-1.5970680685637522,1.9862182456295048,-0.7676543979993767
SLV,Cabanas [Annual],2009,False,1.7056822391297535,0.09868588399332588,1.3656667484121618,0.30052761800968913,-0.44684054635444287,-0.8274523998360649,-0.2858664519301261,-0.4087477453964541,-0.09360928843416233
SLV,Cabanas [Annual],2010,False,-0.37391191110484573,-0.9840627152115156,-1.3586178135822797,0.2489333266424292,2.372876962822023,0.45208300875757224,2.0906447002907536,-0.3791284583022121,1.1436929548043713
SLV,Cabanas [Annual],2011,False,-1.294245184638564,-1.0367220615719739,-0.4237534203987852,-1.1777146846566124,-0.5242634690195,-0.8847219943659828,-0.3105362929467804,-0.22098474260572706,0.13029597690307526
SLV,Cabanas [Annual],2012,False,-0.15509575400910056,1.603977186913521,1.0431655005293237,-0.02756628258931962,-1.0622649296795168,0.1382625808534494,-1.023062324495778,-0.2586877752555304,-1.3332408452262325
SLV,Cabanas [Primera],2013,False,0.8265755027581876,0.9709241024849866,-1.2948774031092305,-0.376107640811545,1.2867068235758228,1.56272332727875,1.4012056865497085,0.7330075611778638,0.023257386301535916
SLV,Cabanas [Primera],2014,False,0.2965387465250671,-0.1440068064193215,-0.01775040577405564,1.5325897103662816,0.598252726074689,-0.12524861257954983,0.4331872486460024,-0.2050901984644937,-0.06977215890464733
SLV,Cabanas [Primera],2015,False,0.1804254192634868,0.3529637912307375,1.9506029594954577,-0.37692901339676854,-1.3582552936275778,-1.8726059888440132,-1.2060638997153423,-0.5734929623725799,-1.5582448822037342
SLV,Cabanas [Primera],2016,False,-2.5113461579134766,-2.4020811201658496,0.4051841658613982,-0.8568220215453856,-0.6581493850986077,-0.2246231973317963,-0.64607458226145,-0.37220073054639463,0.0930295452061811
SLV,Cabanas [Primera],2017,False,0.6620769726978288,0.9395817387255364,-1.1440468181980816,-0.49745693493860504,0.11467789705901082,0.2801456258721953,-0.25399595199900227,-0.7406034944544808,2.0931647671393496
SLV,Cabanas [Primera],2018,False,-0.34274078500723815,-0.31853086365397587,0.24531106526105287,0.9388296749245083,-1.1247198159588705,0.2816450342789908,-0.7588761208361829,0.08735323267924096,0.6046920438402625
SLV,Cabanas [Primera],2019,False,0.3616957125139186,0.0547387755709146,0.6639327787951893,-0.3447448165965468,-0.6990236637574472,-0.23643380837815914,-0.966478516257488,0.9153099598131247,-0.5349198849355946
SLV,Cabanas [Primera],2020,False,0.44232606544651565,0.2210657634168426,-0.7338780015672332,-1.310754309789378,1.2723502032836076,-0.7589444000208664,1.4503692796981842,1.7432666869470081,0.06977215890463917
SLV,Cabanas [Primera],2021,False,0.08444852371570999,0.3253446188101295,-0.07447834076449715,1.2913953517874388,0.5681605084493728,1.0933420197244486,0.5467268561755707,-1.5875500547792891,-0.720978975347992
SLV,Chalatenango [Annual],2001,False,-1.4518305878811333,0.5768909380016228,-0.688166708722691,-1.290325444960069,-0.06182145551084893,1.1051714826429397,-0.3320055188748703,-0.4709486186947359,0.7434346470586155
SLV,Chalatenango [Annual],2002,False,0.19312496401721016,-0.9419803224537285,1.32082873028353,-0.7400313734635793,-0.2147101600858383,-1.900774517540024,-0.24912243955484917,-0.46080894985898524,0.03376457934598525
SLV,Chalatenango [Annual],2003,False,0.6811176760817894,0.24772416661533214,0.1609011796045721,-0.0030513320067431585,0.0009066089429088387,-0.6151476066906999,-0.09564339298161366,-0.4506692810232373,-1.1504513035412003
SLV,Chalatenango [Annual],2004,False,0.5695932156645979,0.39297969971154406,0.7757556173071514,0.3349302836290168,-0.15803149554875717,0.2915013271419967,0.15100885142215845,1.0064791281281504,-1.385575556079191
SLV,Chalatenango [Annual],2005,False,0.534419472993048,0.5894134291999821,-1.5217562815310108,0.7661803886464027,0.5982361235804994,0.21301178711657476,0.4588218025393404,-0.4303899433517359,0.7520292672560166
SLV,Chalatenango [Annual],2006,False,0.8218578936651,0.36198086650772326,-0.7402991017639361,1.64172224340182,1.116790860889595,0.9221606601628166,1.4975304719006373,-0.42025027451598523,1.4659966450672999
SLV,Chalatenango [Annual],2007,False,-1.6773389773585925,-2.416743564499538,0.2737077388015059,1.1459491200925687,-1.7477527702989673,1.0113610553946675,-1.6826702143935137,2.725074998336977,-0.667310868169244
SLV,Chalatenango [Annual],2009,False,1.4716792134992531,1.3848131486586972,1.1346345028660103,0.2275575512478341,-0.6188293844926634,-0.8784991333084285,-0.47447625290038425,-0.38983126800873585,-0.188467742895946
SLV,Chalatenango [Annual],2010,False,-0.14961524646453325,-0.1175515291174698,-1.555088017915676,-0.511667188115053,2.0864806970370116,0.8646206462081463,1.867646265316809,-0.3796915991729879,1.474591265264701
SLV,Chalatenango [Annual],2011,False,-1.0491139172489643,-0.43274995940575534,0.13921335274648516,-1.66076671068691,-0.38287732412289954,-1.1194189308558835,-0.29944332051585754,-0.3695519303372372,-0.1841704327972033
SLV,Chalatenango [Annual],2012,False,0.056106293032224724,0.35522312678159035,0.7002689883240588,0.08950246221471186,-0.61839170039004,0.10601322972789451,-0.8416462519578571,-0.35941226150148653,-0.8938405005098335
SLV,Chalatenango [Primera],2013,False,1.3742235211324436,1.0409399067145821,-1.1363624465992965,0.15719452088260621,1.1881605818518264,0.3148070969994062,1.0367969703647075,-0.6586765468889407,1.1353946301731694
SLV,Chalatenango [Primera],2014,False,-0.8988173928824973,-0.7551099463231393,-0.1270592077651451,0.9028260910905327,0.25054620170790387,0.29841512507653983,0.2482143092714593,-0.6206759768761314,-0.8660095984920471
SLV,Chalatenango [Primera],2015,False,0.17822414016177554,-0.00903805892679312,1.793910759975699,-0.3406725136635564,-2.0604891511023538,-0.3080295016493345,-1.9699940487642091,1.6973587939062096,-1.5656874995701238
SLV,Chalatenango [Primera],2016,False,-1.989559163193482,-1.4920157328079213,0.49693795308235034,-0.9169581108250794,-0.2442361162269337,-0.8838485580567566,-0.13081870243725052,-0.5446748368504813,-0.31277590926748583
SLV,Chalatenango [Primera],2017,False,0.8649742338744221,0.9538479250940638,-1.0725128634196233,-1.4344967977097918,0.9060268998048157,-0.7765715603125438,0.8475181193177862,-0.5066742668376719,1.265567262931949
SLV,Chalatenango [Primera],2018,False,-0.17594277071486197,-0.5791288453067175,0.09909927242871756,1.0429400781106861,-0.32223419553254656,1.5602469566185238,-0.027852556624940433,1.811360503944669,1.2167525256474436
SLV,Chalatenango [Primera],2019,False,0.3244098593029168,0.5686857867222791,0.9135279017207688,1.3603669829169178,-0.6375168327428328,0.8771897920799641,-0.9907154098094333,-0.43067312681203757,-0.13378853922420125
SLV,Chalatenango [Primera],2020,False,0.5954962141540678,1.2571806502444993,-1.1021424651638172,-1.0600801779151314,0.9426360738419451,-1.6687770641181878,1.117097889175342,-0.3926725567992126,-0.5080348584054922
SLV,Chalatenango [Primera],2021,False,-0.2730086418347847,-0.9853616854108529,0.13460109574034618,0.28887992711281585,-0.022893461601824153,0.5865677133623887,-0.130246570493462,-0.3546719867864032,-0.2314180137932117
SLV,Cuscatlan [Annual],2001,False,-0.5725318800475881,0.2699755073424229,-0.7364888926496546,-1.5103248966062155,-0.22590406937118368,1.2495480931970318,-0.3195455058865326,-0.9232347688605396,1.2925267643266753
SLV,Cuscatlan [Annual],2002,False,-0.05675425378925323,-0.024057677478309645,1.190589961265381,-0.26243488032367546,-0.04935360624811419,-2.4422287255746675,-0.06850310740270171,-0.8549970842116817,-0.0656596271697697
SLV,Cuscatlan [Annual],2003,False,0.37605892782276323,0.4910018401071451,-0.010958125002803224,0.4699623134038644,0.25442084798769893,-0.043608726570581256,0.17065587272322066,0.1482516460092707,-1.0565706539395312
SLV,Cuscatlan [Annual],2004,False,0.41944868872362606,-0.5699964990928476,0.8168660644585647,0.88588017168409,0.04685601988413284,0.4750020876251551,0.4265520618039298,2.4256175404428575,-1.4965686336192456
SLV,Cuscatlan [Annual],2005,False,0.49773999340361064,0.31495380711164334,-1.4877497599259102,0.8129112885734449,0.7735280786751552,0.6155609968862716,0.6513170422287974,-0.6502840302650896,1.3689116692413257
SLV,Cuscatlan [Annual],2007,False,-1.769369810399732,-1.6388584743116112,0.0725717774312253,0.4824603494789204,-1.5766289730198348,0.735175429034838,-1.684559311171584,0.8887079073907586,-0.9801857490248952
SLV,Cuscatlan [Annual],2009,False,1.9348047055140902,1.8408110278319982,1.0048256100732178,0.892190588370465,-0.43774951237896853,-0.28977761616024605,-0.3042731603479941,-0.377333291669621,0.5271081623392332
SLV,Cuscatlan [Annual],2010,False,0.36054463515142826,-0.538636980352727,-1.608921543388305,-0.5122796265990158,2.245859430598579,0.2626512484555752,2.167294750163014,-0.30909560702076316,0.8216609121129163
SLV,Cuscatlan [Annual],2011,False,-1.0375609304494868,-1.0437417752179436,0.01392850473021127,-1.8334728075247726,-0.3961769750850584,-0.3710537030941299,-0.30648046918709587,-0.175012074092163,0.014387567706503008
SLV,Cuscatlan [Annual],2012,False,-0.152380075929458,0.8985492240602291,0.7453364030080729,0.5751074995428941,-0.6348512410424064,-0.19126908379924717,-0.7324581729230535,-0.17262023772302884,-0.4256104119732115
SLV,Cuscatlan [Primera],2013,False,0.6912429544867617,0.8593782092209011,-1.1509813366919557,-0.24213686341046334,1.164982721726389,0.9204559564915393,1.0666206741546425,-0.7493911783477581,0.11797188496201869
SLV,Cuscatlan [Primera],2014,False,0.7176643067298526,0.6210415786925564,-0.10836829193199603,1.0103682111282746,0.4214910290724808,-0.30912283409315666,0.3871074912215721,-0.9829294334754105,0.678338338531872
SLV,Cuscatlan [Primera],2015,False,-0.19859080733738227,-0.6118011556611143,1.764372439186641,-0.06903312689880368,-2.0358255610958627,-0.6970797577852947,-1.9675050652697779,2.362847149435956,-1.2892641713712176
SLV,Cuscatlan [Primera],2016,False,-2.549943132776081,-2.380854759484158,0.49338887659506053,-1.0745998213267698,-0.29340386586452194,-0.3136664737399092,-0.21560590206606253,0.4921334975370602,-1.234491510495944
SLV,Cuscatlan [Primera],2017,False,0.4127937121399267,0.654698580707509,-1.1311675894455904,-1.1657267196461034,0.6982827464224713,-0.8050785770833165,0.6779115024368251,-0.39948506413588686,1.0954532175049352
SLV,Cuscatlan [Primera],2018,False,0.4166352374887592,0.33650421981839346,0.2458878441806792,1.4215773489152295,-0.4689530183847043,1.2060062327588117,-0.288732888669855,-0.633023319263562,1.6558196710747437
SLV,Cuscatlan [Primera],2019,False,0.23404850311839687,0.4485747759098184,0.8905178623529983,1.0741808210486716,-0.5419153642000188,0.9291937250433503,-0.7458699785593781,-0.22453200702997406,-0.3117828388282982
SLV,Cuscatlan [Primera],2020,False,0.018489157637216345,-0.17269252733493734,-1.0807791805000246,-1.0984715128462383,1.1092325164427852,-1.705068737900582,1.286634683541274,0.18395930520361392,-0.5098070743003144
SLV,Cuscatlan [Primera],2021,False,0.2576600685125502,0.24515107813103132,0.07712937625418737,0.14384166303620297,-0.05389120411901848,0.7743604663085577,-0.2005605167892405,-0.04957894992403843,-0.20223751707779566
SLV,La Libertad [Annual],2001,False,-1.385121186380486,-0.6524786037646388,-1.0075707453150373,-1.6831669434389973,-0.487071096616991,1.5397044748859552,-0.5949748903822077,-0.9546690743142213,-0.36697527030302335
SLV,La Libertad [Annual],2002,False,0.9040605360879677,0.7073418894292648,1.524984595829127,0.06296264019447888,0.04437784546485438,-2.403880117036644,0.10489265927462006,-1.0342520398273705,0.7364989799831302
SLV,La Libertad [Annual],2003,False,0.6858873261797703,0.9339324551346929,0.04704956532811307,-0.4160761740033771,0.09690285853386285,-0.4898764356796087,0.07516735515198035,1.3569660345092287,0.2640183194679968
SLV,La Libertad [Annual],2004,False,0.9702132024700781,-0.6023982862131587,0.7572727522201013,0.6914700187531685,-0.12901049466895867,0.3035574201762979,0.14597175942965973,1.888441390679346,-0.9964397964477867
SLV,La Libertad [Annual],2005,False,-0.6070540856203317,1.0123321995549142,-1.287458989349318,1.667914343538468,0.5144109922515928,0.6646690095678881,0.3862319296635254,-0.8346330099418282,0.8950119092390388
SLV,La Libertad [Annual],2006,False,0.815655575389508,-1.066682425351773,-0.22415629203915063,0.9464187338739698,0.9032649098487513,0.8951914847621668,1.1509622103391122,-0.7680933333133079,0.4225312487238879
SLV,La Libertad [Annual],2007,False,-1.55517962636927,-0.8123083085508135,-0.5527771520453887,0.46366808875960047,-1.2479661640619548,-0.0794676705045492,-1.5625150247754631,0.9987825427816742,-1.2319155948922227
SLV,La Libertad [Annual],2009,False,-0.05970146237066068,0.8051690130668435,1.608668820016984,-0.6749529954153431,-0.6706539262935153,-0.2609753858197738,-0.692667804619713,0.042584018255481956,-1.3888994605218528
SLV,La Libertad [Annual],2010,False,0.34733238714402664,-0.6417305555493663,-1.1774874049215647,-0.07073107493798729,2.3521359427449906,0.28195556282823325,2.104478212502142,-0.35581198465761343,1.2905297005656273
SLV,La Libertad [Annual],2011,False,-1.1231809743978505,-1.2390952895134282,0.001808922165000184,-1.4077967237970344,-0.3989838524678619,-0.3249980849022061,-0.2762577272934783,-0.4353949501707626,1.212037767750821
SLV,La Libertad [Annual],2012,False,1.0070883078672477,1.555917911757463,0.3096659281111346,0.42029008647305344,-0.9774070147347701,-0.12588025827775973,-0.8412886792901775,0.0960804059993735,-0.8363978035656169
SLV,La Libertad [Primera],2013,False,0.5340329879731452,0.5509647691162042,-1.4744496231059074,0.20365350625575449,0.7188110787258863,0.22157041221498222,0.5401795455782238,0.2926166439563026,0.8141470246875337
SLV,La Libertad [Primera],2014,False,0.5653111659278033,0.33036241255029514,0.08541506113550276,1.219868903222366,0.8668064709762149,0.4648508637270745,0.9109575421315385,-0.4768083707328945,-0.14673580096117236
SLV,La Libertad [Primera],2015,False,0.2691667175522091,0.3425591111681183,1.8013503119759653,-0.7244412745028236,-1.6897353215867048,-1.7016311502049528,-1.7046547964160228,1.6694824597163145,-1.959632954771315
SLV,La Libertad [Primera],2016,False,-2.441017711389396,-1.9725404943052702,0.6669441622956341,-0.5936915434934585,-0.5089130621494894,0.6325596198827246,-0.32286921000096197,-0.5734763691827929,-0.0804680198819382
SLV,La Libertad [Primera],2017,False,0.7115571585002974,1.1715920472191603,-0.8869749765515469,-1.669062930304249,0.6862150461708523,-0.44347296208329384,0.6410022421495952,-1.34290138387199,0.9466825868460274
SLV,La Libertad [Primera],2018,False,-0.6448251433669497,-1.1511951002250935,-0.11949112010007945,1.1937325874329296,-0.6040945856537796,1.425828886837855,-0.4663722080461237,-0.4663577763056351,1.4058236414663736
SLV,La Libertad [Primera],2019,False,0.5903077140460298,-0.4260543467541891,0.8559890365746584,0.5298292751433534,-0.7689833495755141,0.4475693264701537,-0.7957644887945959,0.7707313389927101,-0.6910782883975769
SLV,La Libertad [Primera],2020,False,0.2682775543604403,0.7064185690422331,-0.7507359330767522,-0.8178095994873051,1.4702335850555086,-1.3782640071159946,1.5707723020833955,-0.9235712824877019,0.05206754227657741
SLV,La Libertad [Primera],2021,False,0.14718955639642095,0.4478930321885419,-0.17804691914747495,0.6579210757334325,-0.17033986196297463,0.33098901027145167,-0.37325092868504856,1.0502847399156872,-0.3408057312645096
SLV,La Paz [Annual],2001,False,-0.3737700631925554,1.4204107836495123,-0.6660598067533422,-0.3232809030601008,-0.5646774088309472,1.3625243589960225,-0.8596599710127298,-1.0480800018103609,0.6628713632447777
SLV,La Paz [Annual],2002,False,-0.5642648370963115,0.165089415080946,1.4327324706073223,-0.3115478082699705,0.09551547345113769,-2.418891385612271,0.44667702626819494,-0.9422708647015707,-0.1527506874384138
SLV,La Paz [Annual],2003,False,-1.1407555406278576,-1.9321556981595835,-0.3997075660533127,1.1183250140425072,0.17936871797888473,0.029938082894514405,0.22529780777497727,1.5400166158002337,0.13514391038150847
SLV,La Paz [Annual],2004,False,-0.10338541729888706,-0.9416270096676387,0.5422163713189876,-0.3565670581525636,-0.42691758026925963,-0.33352223332395764,-0.09960769620792755,2.1790099966190017,-1.0483170231360175
SLV,La Paz [Annual],2005,False,0.5103816652947835,0.4811525176006957,-0.5588091963278596,1.9104106576738311,0.7496888333980077,0.9158878414355419,0.5023358621760684,-0.6248434533752575,0.3430942231870144
SLV,La Paz [Annual],2006,False,1.6346852225945052,-0.47329670674503393,0.09498176840257125,-0.5512447285346228,0.6248163068976009,0.9243673781475438,0.8692347638045228,-0.5190343162664671,0.6309888210069367
SLV,La Paz [Annual],2007,False,1.7815393846996328,0.7351678368857322,-1.6044738193464496,-1.465156467918542,-0.9543596841517877,0.1799069505470247,-1.490650944224598,-0.4132251791577056,-1.288149878179332
SLV,La Paz [Annual],2009,False,-0.20179564375174852,0.4720462060633797,1.8207409107178332,-1.126411691488448,-0.50476283320194,-0.4643523597615652,-0.4871516161083184,-0.20160690494012504,-0.7123606825394915
SLV,La Paz [Annual],2010,False,0.25570346786064374,0.8156257472842992,-0.8096058194124893,0.01655898104245119,2.414119750892017,0.26956149608302105,2.143847895363971,-0.09579776783136358,1.0468894466179484
SLV,La Paz [Annual],2011,False,-1.3464976504761648,0.3954879098926047,-0.21989794057063836,0.06567257466289662,-0.4815533136172333,-0.40313879684886256,-0.34607512119153794,0.010011369277426733,1.702622927272242
SLV,La Paz [Annual],2012,False,-0.45184058800604,-1.1379010018849138,0.36788262741737776,1.0232414300025616,-1.13123826254648,-0.062281332557012084,-0.9042480066426227,0.11582050638618818,-1.320032420417173
SLV,La Paz [Primera],2013,False,0.8485539321883329,0.9050025762532758,-1.5180239587237132,0.8098563749503586,0.9301127024861079,0.7783498022981021,0.7556404395836446,-0.7624836925346762,0.7043736660448712
SLV,La Paz [Primera],2014,False,0.2619374499868827,0.2757607931765417,-0.001488563017645045,1.2603232225143222,0.9032489668923974,0.6179732100500105,1.0188667127930342,-0.6585086435526699,0.5208186640882566
SLV,La Paz [Primera],2015,False,-0.04220206429712217,-1.6739251148340237,2.0486021241127936,-2.086586510671533,-1.5752967146609973,-2.5541385996959964,-1.688048507323396,2.5647178748895363,-2.348907098209267
SLV,La Paz [Primera],2016,False,-2.3521327806821977,-0.18540588190596877,0.45195585486147316,0.23628739783783298,-0.595463952180865,0.49340470721818913,-0.4471610968909776,-0.4505585455886997,-0.11490841585906386
SLV,La Paz [Primera],2017,False,1.0341169583796077,1.444545750273111,-0.7915082312987136,-0.5980671827352995,0.37128175968022276,0.1994288147814424,0.36063286741503936,-0.3465834966066936,1.0446219623547777
SLV,La Paz [Primera],2018,False,-0.3060459763932138,-1.1173163064267104,0.05997405852076462,-0.44092902390343924,-0.9783419286544305,0.4369164333426882,-0.8342128500781582,-0.24260844762468742,0.3238328083300283
SLV,La Paz [Primera],2019,False,0.23148227675375366,-0.6344493996402195,0.5568195434077143,-0.2479370024061325,-0.639308078113694,0.09069292333477383,-0.6087013339061268,-0.13863339864268123,-0.12833926966067746
SLV,La Paz [Primera],2020,False,-0.28941177606844054,0.6428986537401513,-0.5243087452525842,0.2478983251001774,1.3939705642036768,0.015346767526073555,1.4644157705609837,-0.034658349660717194,0.49395695648498167
SLV,La Paz [Primera],2021,False,0.6137019801323972,0.34288892936384274,-0.28202208261008976,0.8191543993137135,0.189796680347582,-0.07797405885528352,-0.021432002154043454,0.06931669932128896,-0.4954492735739066
SLV,La Union [Annual],2001,False,-2.429869106123295,-2.165722293327656,-0.6318410405366798,-1.3095065270236264,-0.33497650133372453,0.19652249459440826,-0.792592509992573,1.3669446540739156,-0.20624813859725974
SLV,La Union [Annual],2002,False,0.560647712849733,1.1700911670522234,0.920459883363538,-0.6885842988548004,-0.04391170223940207,-2.601889659661656,0.20039833856066186,-0.8206739750822505,-0.9303552069573199
SLV,La Union [Annual],2003,False,0.6867827444211699,1.0748751745593532,-0.3759768926678195,0.6343296158692335,0.3835420960375131,0.6671381155385663,0.6453151567745163,-0.7438532945164671,-0.03939906554974482
SLV,La Union [Annual],2004,False,0.27265526512578425,0.0521341053165052,1.4047267342734955,0.9855400612335848,-0.598158817723195,0.8421289948304783,-0.3834247217738424,-0.4642470041248397,-0.3020595025475642
SLV,La Union [Annual],2005,False,1.228955925410554,-0.46701181737513914,-1.0759557785604101,1.9498160415244832,0.948834557584706,0.8091186963850724,0.8479330346026148,-0.5902119333849004,1.0503432702220905
SLV,La Union [Annual],2006,False,1.009859277381913,0.9742824578546693,0.2450365554916166,0.12249015766505128,0.17942332942335232,0.6466695967691165,0.6529111412554031,-0.5133912528191171,1.7105760959485887
SLV,La Union [Annual],2007,False,-0.18090098559113976,0.5827259165004355,-1.3942948637820938,-0.45369417619583047,-0.8464131798786575,0.5327096672204495,-1.6344739536611816,2.4362255669461232,-0.6285941821789456
SLV,La Union [Annual],2009,False,0.11359915771364104,-0.7353068405830906,1.6093758489170713,-0.6121278366506695,-0.9043369837720991,-0.3914204239933481,-0.5426512569818467,-0.2829292111217911,-0.9231917404935869
SLV,La Union [Annual],2010,False,-0.31395153782274315,-0.30002661365274563,-0.8445725052911797,-1.1762700874784953,2.4000837309031273,0.25528575106138907,1.9017732452645721,-0.20610853055600778,0.890657663638306
SLV,La Union [Annual],2011,False,-0.7104403936404063,-0.6531837164317679,-0.21440632818962477,-0.22913091765777668,-0.11622227621754506,-0.42783286396970616,0.11787454650428271,-0.12928784999022444,0.858720542321484
SLV,La Union [Annual],2012,False,-0.23733805972521085,0.46714246008721316,0.357448386982086,0.7771379675688457,-1.0678642527840754,-0.5284303687747699,-1.0130630205526072,-0.05246716942444111,-1.4804497358060476
SLV,La Union [Primera],2013,False,0.8014937689642266,0.32790416781303033,-0.5988052686137518,-1.0170306815852874,0.5688396726541617,0.6859787975618356,0.7391849261055575,0.47937199989376206,0.33060682933032765
SLV,La Union [Primera],2014,False,-0.7920975661402877,0.3957216554021546,0.9764411686942666,1.3454427961566044,0.10683918777602958,-0.5993403487989613,-0.40773461149652257,-0.676760470438049,-0.57167430905006
SLV,La Union [Primera],2016,False,-0.22882987051789833,-0.00220920661962818,0.27774861736877077,-0.3188454222000606,-0.4780178618743824,0.39233052706834404,-0.18028909290362505,-0.12729542182047307,-1.1020227644339993
SLV,La Union [Primera],2017,False,1.1179301887006459,0.47333758026107103,-1.6695569577182696,0.6514263433647489,0.4671129126748782,0.6773933953799791,0.4859738546304107,-1.2834278921522628,2.0731803255915002
SLV,La Union [Primera],2018,False,-0.33144436608570615,-1.8007064198970728,0.5747850092412464,0.42070805502472225,-1.1891964359621252,-2.2575833124440394,-0.8775508886243335,1.9126539962143505,-0.3581573984411001
SLV,La Union [Primera],2019,False,-1.8577577475307794,-0.9273289520001919,1.2414343333235587,-1.5763910876191243,-1.423459368847167,0.2690517073789357,-1.5671052525937064,0.3391859024457251,-0.4959102439953404
SLV,La Union [Primera],2020,False,0.5150100023749015,-0.018812054575951778,-0.962384982293175,-0.40267437271038126,1.6375540085888793,0.27097236681140074,1.6650760886900056,0.25620217809436857,0.6405507318272154
SLV,La Union [Primera],2021,False,0.775695590234898,1.5520932296165888,0.16033807999735347,0.8973643695687777,0.3103278849897261,0.5611968670425055,0.14244497619221366,-0.8999302922374213,-0.5165731708285433
SLV,Morazan [Annual],2001,False,-1.3479823294268367,0.23823403734380694,-0.6413892928114682,-1.434188407072454,-0.38094855293187246,0.1568288780367482,-0.7678047272537415,-0.22131630574337433,-0.2859198548695478
SLV,Morazan [Annual],2002,False,0.2652501780342363,0.2611599373055136,0.926607283395908,-0.6224884969500908,-0.021234065736449547,-2.536196153540222,0.19398019760530671,-0.23635721972593673,-0.9757169172882654
SLV,Morazan [Annual],2003,False,0.1441320099682207,-0.4893294522799169,-0.3761779066328538,0.9800686778146592,0.38927743353967326,0.5798895533754416,0.5795713708086137,-0.25139813370849545,-0.18289554683797613
SLV,Morazan [Annual],2004,False,0.6869897024293168,0.08681404305147919,1.4034276353919803,0.3941440905164779,-0.612310688108777,0.8569644661212061,-0.33338818775817153,-0.2664390476910579,-0.4490873427227133
SLV,Morazan [Annual],2005,False,0.23485900699416584,-0.6167641351380135,-1.0756720507643627,1.4981173375718735,1.0232038801833616,0.8872217623190481,0.821016020145396,-0.2814799616736203,1.6145498273295151
SLV,Morazan [Annual],2006,False,1.7001070979634805,1.472920463200554,0.254787976631821,0.9527412154419818,0.20778594142224324,0.7143389663185372,0.6882408290432244,-0.29652087565618274,1.5601606647118433
SLV,Morazan [Annual],2007,False,-1.370721232775264,-1.7400643632884034,-1.4113822612002696,-0.20069969035158206,-0.946849672213395,0.566406673217156,-1.693284753599275,3.010331498509507,-0.8240574638427962
SLV,Morazan [Annual],2009,False,0.8916977270127955,1.547058917198816,1.6113272978267281,-0.7313965337070124,-0.80914378821597,-0.5685246550402941,-0.45019209747317424,-0.3416436176038663,-0.08562525601017855
SLV,Morazan [Annual],2010,False,-0.5466873409091851,-0.5198392715621512,-0.8197066383182928,-1.5254158442488561,2.3619340650390916,0.265891309995113,1.9115148305062353,-0.3566845315864287,0.7071961144400332
SLV,Morazan [Annual],2011,False,-1.1905698378781033,-0.9440712830023629,-0.1892913517507622,0.07243770855630739,-0.17356787155256873,-0.5927059874520397,0.07442647265330572,-0.3717254455689911,0.4410043185553712
SLV,Morazan [Annual],2012,False,0.5329250185871738,0.7038811071706785,0.31746930823157177,0.6166799424286962,-1.038146681425337,-0.33011481335069415,-1.02407995467772,-0.38676635955155353,-1.5196085434652855
SLV,Morazan [Primera],2013,False,1.0450823951004675,1.1590919104173243,-0.9774071990429767,0.22852428402676567,0.8894506009948475,1.0793818340704124,1.010208293587718,-0.7496809282618392,0.23504918109111242
SLV,Morazan [Primera],2014,False,-0.08784192796219355,0.7392940241882482,0.2997866336577566,1.1525890974026862,0.5454427297397593,0.05666066640797345,0.1716152411268951,-0.6675401191414211,0.6075263108040254
SLV,Morazan [Primera],2015,False,-1.2530857417202745,-1.7577973795094821,1.7620658001544711,-2.269728838317755,-1.403288615255273,-1.8855962274700273,-1.4616009469725009,2.5646016631135553,-2.090800376963717
SLV,Morazan [Primera],2016,False,-1.2190710100958384,-1.0488848915956042,-0.10672424386119649,0.4054399426035311,-0.25130492275372673,0.6159721640426834,-0.02096537171665164,-0.4575400542658051,-0.18292133851041686
SLV,Morazan [Primera],2017,False,1.3285379297307742,0.9053051663921531,-1.5364909425171422,0.3927744548984831,0.5659536903168574,0.7246736706666015,0.49684478874968674,-0.3525400218279841,1.7249576999428233
SLV,Morazan [Primera],2018,False,0.09991274840443493,-0.5613515243672466,0.2852225418180118,0.6048592882339054,-0.9000441474914491,-1.4297711470606758,-0.3849443469566024,-0.2475399893901891,0.2208324967509523
SLV,Morazan [Primera],2019,False,0.6975280500240902,-0.35330497625547597,0.8740062962952062,-0.7373003425063216,-1.1738306652555213,0.2587795823944499,-1.4030205902288018,-0.11968073363499122,-0.0890912218651698
SLV,Morazan [Primera],2020,False,-1.140842228453195,0.11285914242230086,-0.7757388728559679,-0.2162196364272913,1.526531400880087,0.07509680091349524,1.5649545701555196,-0.037539924514573095,-0.05781451631677432
SLV,Morazan [Primera],2021,False,0.5297797849717344,0.8047885283077822,0.1752799863518371,0.4390617500859959,0.20108992882441884,0.5048026560350872,0.02690836225473748,0.0674601079232479,-0.3677382349328358
SLV,San Miguel [Annual],2001,False,-2.0244575756341194,0.7452152000556276,-0.5979864547926301,-1.2593753126335792,-0.23861393786274793,0.4271855688026676,-0.6735635800870338,-0.2851874607394003,0.42274703986601747
SLV,San Miguel [Annual],2002,False,1.0956914675387892,0.36812127852106613,1.1733912612553463,-0.19018268066320654,-0.04148687114076093,-2.6518751916914325,0.19861044226363947,-0.04756295209128276,-0.9820075927702734
SLV,San Miguel [Annual],2003,False,0.6233114380207241,-0.11253327508065955,-0.4173170125776011,0.608410595639559,0.23470234325134665,0.5512655798588287,0.49661619990640077,-0.300153936330802,-0.02265957497478478
SLV,San Miguel [Annual],2004,False,0.14005662832871654,-0.31634467570576025,1.1993901261974014,0.7339821340238545,-0.5472405824478809,0.8101046485660734,-0.24422338437387556,-0.3076371741265029,-0.7826589393114981
SLV,San Miguel [Annual],2005,False,0.40773201800190634,-0.884469040872928,-1.1198919599302666,1.348168033578834,0.7674460573767261,0.7718554072806146,0.6401326333681253,-0.3151204119222037,1.0363627695500557
SLV,San Miguel [Annual],2006,False,1.4012275854986125,1.1889099877775766,0.19204331757120213,0.7769607171659183,0.24661298426343944,0.6166050300448629,0.6940581700984578,-0.32260364971790456,1.3509555190459692
SLV,San Miguel [Annual],2007,False,-0.6739949282893141,-0.7202443732454036,-1.4194552406513887,-1.4775252463870374,-0.7625511410851409,0.5028388277725236,-1.6710963900311722,3.003378464122325,-1.128391227422951
SLV,San Miguel [Annual],2009,False,-1.2329600805327308,-2.0269395242480015,1.5489400270954683,-0.025488883491860702,-0.8598398411271376,-0.3838549060697917,-0.509869642795198,-0.34505336310500706,-0.2842873056646006
SLV,San Miguel [Annual],2010,False,0.31284274848222593,0.1761277521237072,-0.8306567302287436,-0.5607708036491197,2.5094463956469735,0.224554611076878,2.0475293323613504,-0.3525366009007079,0.8899791348974162
SLV,San Miguel [Annual],2011,False,-0.23645756515123253,0.0525851897160222,-0.19657610969769654,-1.1059032356829297,-0.17319227148678462,-0.5368734212156526,0.05209099380618424,-0.3600198386964066,0.9896534616268038
SLV,San Miguel [Annual],2012,False,0.18700826373642174,1.529571480958753,0.4681187757589092,1.1517246820995672,-1.1352831353880326,-0.33180615442557276,-1.030284774516878,-0.3675030764921074,-1.4896932848421542
SLV,San Miguel [Primera],2013,False,1.4211962019952769,1.0393937669505764,-1.029665788898717,0.34293621228365434,0.9775895622432316,0.9837805431230995,1.126174373218841,-0.7568273177153807,0.6899476426160406
SLV,San Miguel [Primera],2014,False,-0.8032236543115628,0.10267399163589644,0.23583393714058531,1.292336766410119,0.5164492369064981,0.23255599007695263,0.20880102802498485,-0.6627093921226618,0.15904637216146497
SLV,San Miguel [Primera],2015,False,-1.089416263447846,-2.0437750634343645,1.8468018364356498,-2.38166266443911,-1.438236852477335,-2.0544164271930305,-1.638204361882682,2.5623111382996924,-2.1863275947835197
SLV,San Miguel [Primera],2016,False,-0.8330174107969496,0.18102823006839278,-0.11529359712001794,0.06812034925588326,-0.3042136507941428,0.6129246043551952,-0.06721959953265944,-0.4744735409372239,0.10528421819142283
SLV,San Miguel [Primera],2017,False,1.7281375428668646,1.278939289475023,-1.452178349719949,0.1901590309998431,0.5489756686414777,0.7255849999309825,0.465891052186014,-0.38035561534450496,1.5904637216150406
SLV,San Miguel [Primera],2018,False,-0.4192036033357351,-0.9685734916658831,0.324171912617865,0.5919478677114288,-0.9642802757681658,-1.2835865355200904,-0.49945549913140824,-0.13858203273864633,-0.150086013166476
SLV,San Miguel [Primera],2019,False,-0.2581824370300668,0.053446875168343455,0.8293651824195959,-0.03709895498747794,-1.0444373002767668,0.21432153124667855,-1.0981496893615748,-0.14390567207314392,-0.07616305145758438
SLV,San Miguel [Primera],2020,False,-0.18399388851122472,0.006710719969606131,-0.7403869856197097,-0.3027546399435692,1.50044096583406,0.2835158102009567,1.5254236544055175,-0.08293493478949716,0.19936798763909452
SLV,San Miguel [Primera],2021,False,0.43770351257124357,0.3501556818324099,0.10135185274469777,0.23601603270922863,0.20771264569114317,0.28531948377925587,-0.02326095792703272,0.07747736742136613,-0.3315332828154832
SLV,San Salvador [Annual],2001,False,-1.5309591868973886,-0.40153901291427324,-0.8234124195636935,-1.808442427852137,-0.4201042230685056,1.3774341311672773,-0.5278106745689808,-0.1006532510027123,1.1536890804576054
SLV,San Salvador [Annual],2002,False,-0.05307893828821331,0.20321563101329557,1.3825242314221027,0.22630944653128232,-0.07281324974607933,-2.4533500000824775,-0.06740609890902853,-0.16086309678743,-0.26540793217051356
SLV,San Salvador [Annual],2003,False,0.5913245479040694,0.16994480281750576,-0.03530059303204803,-0.44775025351568426,0.13176355385744318,-0.48821884280146416,0.07262764612665469,-0.2210729425721477,-0.4426143178751079
SLV,San Salvador [Annual],2004,False,0.27303900892232774,-0.4177812158082739,0.9084894951410862,0.4971410326091154,-0.07031299569983146,0.41718779408017664,0.23286773628115326,-0.2812827883568823,-1.1165769543491353
SLV,San Salvador [Annual],2005,False,0.9652186516111644,0.4764935635815259,-1.344972987534348,1.5944992082088907,0.5483994841363057,0.6323749168919388,0.42056377629175173,-0.34149263414159997,0.44486353763920833
SLV,San Salvador [Annual],2006,False,1.554171119751371,1.5957712645333302,-0.33131469249663864,1.3462865984670291,0.97183660841611,0.8242524428647336,1.2079717996760417,-0.4017024799263177,1.261169653473433
SLV,San Salvador [Annual],2007,False,-0.6771227025545327,-2.020158429009264,-0.22177185046796674,0.4499634941440301,-1.4397870141959541,0.4178077420314082,-1.6613516558080077,2.929563218188884,-1.8965742368476226
SLV,San Salvador [Annual],2009,False,-0.2867777791300432,1.1070891147506365,1.3049963919207561,-0.4349493791509426,-0.6350186141014648,-0.3945707643619795,-0.5717963857096008,-0.31802262725674674,-0.26396200517919144
SLV,San Salvador [Annual],2010,False,-0.20502793657495647,-0.5314119788903309,-1.5320915600365623,-0.8190948034330058,2.2604443385976247,0.26688337957490715,2.0260076121749506,-0.6425418630651886,0.8007222360397414
SLV,San Salvador [Annual],2011,False,-1.5604471202352255,-0.8702144406653513,-0.057164058484820965,-0.863597512833303,-0.3608028712661886,-0.37304046110292816,-0.2582573163192809,-0.6522656455869646,0.8718939757198524
SLV,San Salvador [Annual],2012,False,0.929660335491427,0.6885907005911994,0.7500180431321327,0.25963459682472545,-0.9136050169294594,-0.22676033826159242,-0.8734164392356535,0.19033411050710544,-0.5472030369082692
SLV,San Salvador [Primera],2013,False,0.3299775867178024,-0.18732606871663257,-1.2712549495548449,0.3441657574348057,0.9171487434473327,0.4914530820274492,0.760489998138691,-0.016512402101322626,0.5381521718263381
SLV,San Salvador [Primera],2014,False,0.7240464293094562,0.7799582257047198,-0.048492514772324635,1.2158923908024881,0.7115522983109124,-0.3100732390348212,0.7350185983824984,-1.0809994148325754,0.40361412886972153
SLV,San Salvador [Primera],2015,False,0.6932296473420683,0.9555715506517742,1.8003919816299598,-0.7523168313705134,-1.8421356775538982,-0.7190598578845383,-1.8008372189703812,2.2790867718374934,-1.8140936114792252
SLV,San Salvador [Primera],2016,False,-2.5458279208919286,-1.9871618517335505,0.532296037941454,-0.8401289462067714,-0.4537208963428173,0.010484288248884541,-0.34664496628889185,-0.46291018163375963,-0.6466505935655609
SLV,San Salvador [Primera],2017,False,0.2859591356561276,0.8777899222161256,-1.064407504753596,-1.5017604154254438,0.664391423383661,-0.4760164996452375,0.6278569611525394,-1.0582948619433241,0.7811886365221522
SLV,San Salvador [Primera],2018,False,-0.2764009050236797,-0.6323689971072971,0.14621582883425194,1.0122560081307992,-0.5361180262706012,1.47818526596531,-0.39349820508719235,-0.17882180911914333,1.688235442261768
SLV,San Salvador [Primera],2019,False,0.1829939290784932,-0.5995540831134967,0.9025812177163375,0.6640441400773341,-0.6982029004481595,0.9360332797826707,-0.7653705438468581,0.4342011188895616,-0.5294722980872237
SLV,San Salvador [Primera],2020,False,0.18099433578734586,-0.17366360675789558,-0.9405247825617662,-0.9078417186845462,1.3505566974552357,-1.9017306357956332,1.509005829824499,0.24036803513291938,-0.14321791669569964
SLV,San Salvador [Primera],2021,False,0.4250277620243152,0.9667549088562525,-0.05680531447947182,0.765689615241848,-0.11347166198166574,0.4907243163359158,-0.32602045330490437,-0.1561172562298492,-0.27775595965227
SLV,San Vicente [Annual],2001,False,-0.344971195791393,1.0254479644991965,-0.33913680323141726,-0.4289007763372892,-0.49485593800416033,1.225870057648514,-0.7407562716936968,-0.8775485690109058,0.557930874449032
SLV,San Vicente [Annual],2002,False,-0.8993285014435353,-0.8583222086918872,1.3707112644716488,-1.2442316184291415,0.05073929072402357,-2.5216698295232014,0.3571434049219842,2.357262910309504,-1.3117684630321707
SLV,San Vicente [Annual],2003,False,0.6806909745478757,0.39611933518491005,-0.3893618744223249,1.6159922491944172,0.2277182289593082,0.14391878089571083,0.27633122223756335,-0.7330287836619513,0.4385136343594596
SLV,San Vicente [Annual],2004,False,0.9899232077791026,0.3678575202053414,0.6801646869006365,-0.30987122576383924,-0.5791182767308871,-0.17302452733378854,-0.255833435495642,-0.6607688909874899,-1.0289655436914285
SLV,San Vicente [Annual],2005,False,0.06312017286492932,0.31082366040704934,-1.0145448199621896,1.665149148256529,0.823995145570924,0.9386498511526898,0.5328499444466462,-0.5885089983130285,0.5202064739850424
SLV,San Vicente [Annual],2006,False,-0.3501798089662514,-1.8297136843418889,-0.1975962441427021,0.14617224402859122,0.6053265662981862,0.8144805898907035,0.8763799350013681,-0.5162491056385354,1.4660482525160432
SLV,San Vicente [Annual],2007,False,-0.602690458341615,-0.3131325747852653,-1.2862799774811398,-1.2733350401642205,-0.9654213653434591,0.32504599709382626,-1.5296797597558909,1.3377299907801043,-0.8058712443954544
SLV,San Vicente [Annual],2009,False,1.4516031636205105,1.0949402333746414,1.716218654713297,0.09036871244850864,-0.47214219797249374,-0.39256189186961654,-0.42742863662150554,-0.2994694276151513,0.08026191409076021
SLV,San Vicente [Annual],2010,False,0.5803724228554713,-0.5613303866190013,-1.0743403866980468,-0.3303823869020621,2.367784364314658,0.20159473083159662,2.115891180004946,-0.22720953494065826,1.0261036926217586
SLV,San Vicente [Annual],2011,False,-2.1005006661538297,-0.998620270644151,-0.19485253331780208,-0.6814793773250173,-0.3724561607611208,-0.4871114172341284,-0.1527554492616698,-0.15494964226619687,0.5641749131466578
SLV,San Vicente [Annual],2012,False,0.5319606890287347,1.3659304114110544,0.7290180331700395,0.7505180709935234,-1.1915696570549787,-0.07519234155230603,-1.0521421337841026,0.3627400513443092,-1.5066345040497002
SLV,San Vicente [Primera],2013,False,1.1554395348298152,1.201991039280908,-1.4127315708021457,0.20183116985005461,1.1796911950227646,0.8806076737693344,1.1917602792077375,-0.7385309690756866,0.3801608734313236
SLV,San Vicente [Primera],2014,False,0.4610989300250955,0.2917387342445982,-0.05627532384146272,1.7781791296461562,0.6953471399382586,0.5485478704998676,0.7029096779646651,-0.7195260075392863,0.5348025846576828
SLV,San Vicente [Primera],2015,False,-0.6326005944970219,-1.3572083581717453,2.077248270113386,-1.9368619157503553,-1.5167280786205917,-2.5591829717485983,-1.6211524632449643,2.548501074043218,-2.2100877896094797
SLV,San Vicente [Primera],2016,False,-1.9777654633072883,-0.6995331076832008,0.3923026905673274,-0.06940288442919783,-0.5524058515914071,0.4564426469792142,-0.4526326957645015,-0.41709922830817686,-0.025773618537743178
SLV,San Vicente [Primera],2017,False,0.7814753355701012,0.9735191979011225,-0.9516768102299528,-0.20117906547720096,0.20350514170243247,0.29217210941668137,0.03580785324771354,-0.46419848081137244,1.578634135435349
SLV,San Vicente [Primera],2018,False,-0.9405829141958054,-0.5681447034853745,0.26110190669196154,-0.1790780803329088,-1.122460514848708,0.19553567123395563,-0.93690438042943,0.02084118970414182,-0.00644340463442332
SLV,San Vicente [Primera],2019,False,0.4318810301555982,-1.0259318968766484,0.43811574288628474,-0.24252929574714782,-0.5960591307860648,0.19184549537259438,-0.5948676649597321,-0.22787591561985898,0.14819830659188446
SLV,San Vicente [Primera],2020,False,0.04530743469856825,-0.15496265390950834,-0.582053205136947,-0.26670825527358905,1.3029174292381387,0.049201669827308114,1.3928453370937093,-0.01055831196467076,0.012886809268896538
SLV,San Vicente [Primera],2021,False,0.6757467067209374,1.338531748699849,-0.16603170024845168,0.9157491975141886,0.40619266994517705,-0.055170165350357445,0.28223405688480235,0.008446649571692047,-0.41237789660349006
SLV,Santa Ana [Annual],2001,False,-1.9415606976478865,-1.5365287183776577,-1.156305511676124,-1.502664780771401,0.09994116946491072,1.0178869134870023,-0.10577973598869247,-0.24109221613472787,0.5236735797586467
SLV,Santa Ana [Annual],2002,False,0.48563044965819985,1.7572247631424678,1.291764240423048,-0.8117614907666248,-0.09595734265205903,-2.6483215084057146,-0.2147808664556054,-0.2626739511357859,-0.1855412758247311
SLV,Santa Ana [Annual],2003,False,1.2574688817228128,-0.743331494844024,0.8530571889085915,0.500189866758129,0.11131608801069198,0.3920519010577291,0.08542862429539957,-0.28425568613683544,-0.5915353994579077
SLV,Santa Ana [Annual],2004,False,0.8405432894095427,-0.3615786932857548,0.3438232513601127,0.9512370969186611,-0.38250269533733655,0.7482643289727038,-0.30735573141987993,-0.14525546348835863,-0.9975295230910841
SLV,Santa Ana [Annual],2005,False,0.7050758381127099,0.8104816374513995,-1.101933493892791,0.13746958527812925,0.25631815515895623,0.46376993874195305,0.3427932005920396,-0.327419156138943,1.0222422088773724
SLV,Santa Ana [Annual],2006,False,0.27033774383032233,1.117696743941993,-1.1015178813112394,2.026997830077882,1.0541061668774954,0.7266665561354835,1.4626213313537084,-0.34900089114000105,1.8291310130450007
SLV,Santa Ana [Annual],2007,False,-0.937498979305812,0.13009243711853957,0.21997766492873436,0.3018646702863303,-1.5879763980638246,-0.19459825328598038,-1.519235930662605,3.00163848449918,-1.912291162040386
SLV,Santa Ana [Annual],2009,False,-1.203857933721987,-1.3476252333898489,1.4709907435792031,0.25152523177276365,-0.8840374751077618,-0.3030283560128314,-0.8358971670996483,-0.1758468996253288,0.004707178245071835
SLV,Santa Ana [Annual],2010,False,0.34593843042527006,0.05462427794315217,-1.1340052915908336,-1.103338327439695,2.170818483843133,0.28809446836353486,1.9427756289721347,-0.3580105922759132,0.5083752504624954
SLV,Santa Ana [Annual],2011,False,-0.49106856616005545,-0.18420569650806903,0.45140928607117564,-0.6461745493049074,0.04989069358536322,-0.5286242158707882,0.04441349753234286,-0.37959232727697123,-0.20083960512085197
SLV,Santa Ana [Annual],2012,False,0.6689915436768833,0.30314997680780253,-0.1372601967998774,-0.1053451328092671,-0.7919168457795687,0.03783822681690808,-0.8949828511191937,-0.47849130114631533,-0.0003922648536261493
SLV,Santa Ana [Primera],2013,False,1.1456726211053079,1.1739481990904026,-1.3488115847433924,-0.25980397437931213,1.0337964737554382,1.423220643364668,0.7425415542933124,-0.8910093067278025,1.4510246851159192
SLV,Santa Ana [Primera],2014,False,0.12833879117256092,0.07703355221609559,-0.05797298923115223,0.8361813972180377,0.07985964804711655,-0.48876576921321685,0.08231704027837249,0.2317996900905856,-0.6466523053234726
SLV,Santa Ana [Primera],2015,False,-0.351958719391492,-0.4921736174549674,1.625231375413227,0.5692031903725249,-2.1192990839004953,-1.8198788010840832,-1.9323022983100584,1.785138393941313,-1.5614287372443971
SLV,Santa Ana [Primera],2016,False,-2.2844193375155615,-2.292603691672043,0.8972647390053253,-1.627151484384515,0.05175725379429605,-0.20163701382934648,0.22741055361698184,0.043988904848958225,-0.5835642755357865
SLV,Santa Ana [Primera],2017,False,0.9263372885063811,0.8746830107056985,-0.6475293039090987,-0.39674539289486427,1.0651495503776034,0.08483015456033284,1.0239338093823913,-1.1044022919525303,0.8674604095802053
SLV,Santa Ana [Primera],2018,False,-0.43592199925214675,-0.09705364448877861,-0.4116246723285132,0.9875820987815402,0.15110929834329184,0.5433099413827501,0.4966923071398402,-1.0735164651436628,1.13558453617773
SLV,Santa Ana [Primera],2019,False,0.3571616889296111,0.5653692179384364,0.9471377373708523,0.5188983820201167,-0.8890874270393321,1.2928880055526704,-1.2513544719322163,0.6420508239656271,-0.7255123425579596
SLV,Santa Ana [Primera],2020,False,0.3581899627465592,0.1469301596194789,-1.1106925870593887,-1.4678611946102795,0.6918676655953377,-0.5919733402724647,0.8571060903949744,0.9287586506052697,-0.22080810425673272
SLV,Santa Ana [Primera],2021,False,0.1565997036987802,0.04386681404567662,0.10699728548214013,0.8396969778767512,-0.0651533789732563,-0.24199382046130985,-0.24634458486359864,-0.5628083996277582,0.2838961340444942
SLV,Sonsonate [Annual],2001,False,-0.516704574275502,-0.34960510262245,-0.6783250144157388,-1.263856593796647,-0.3261717839788407,1.6915223788021356,-0.3775142105868016,1.8941716501704398,-1.0706006538869683
SLV,Sonsonate [Annual],2002,False,0.16043213570109846,-0.4436497322335474,1.6288195110166246,-0.10654509418242546,0.0957154713502685,-1.586325185049715,0.010640758134569328,1.073913705473752,-0.2504572756040188
SLV,Sonsonate [Annual],2003,False,0.31487734234514564,0.1554341627959072,0.025282599834595614,0.8288932293215578,0.0054545845811536445,-1.2972566029744304,0.2030843462034046,-1.386331763788531,2.0341601877164353
SLV,Sonsonate [Annual],2004,False,0.9306473873062736,0.2778267564401377,0.022284566623597863,0.2606792745401179,-0.11250815947043213,0.38289068146570976,0.010739457056996488,-1.1635325089530064,-0.6604342380906121
SLV,Sonsonate [Annual],2005,False,0.35329698089386324,1.8580914990005233,-0.6048921842243553,-0.15602003093528335,0.12265661420279175,0.3958646787704983,0.07351294700471742,-0.940733254117553,0.45260395719983754
SLV,Sonsonate [Annual],2006,False,0.37966141929704145,0.0486420428731021,-0.11682769986522759,1.636085602840443,1.0162757650483496,1.1141229471242031,1.224158248515013,-0.7179339992820997,0.39406288446028936
SLV,Sonsonate [Annual],2007,False,-2.5733506051217283,-2.097941351104237,-1.6328433299009006,-0.28844569538403086,-1.12671543588489,-0.15330977047612626,-1.5400271797614493,0.10179558058680796,-0.8360574563092565
SLV,Sonsonate [Annual],2009,False,0.6625878474070881,0.9733479855517173,1.7902129542224066,-0.6359524999396085,-0.8033934364551654,-0.8948344754633207,-0.7279825757434402,-0.04953623477566818,-0.9531396017883529
SLV,Sonsonate [Annual],2010,False,0.3849663179427585,-0.17280158612768043,-0.681199655034379,0.9233082072589075,2.403551504753518,0.1366386024529996,2.1456164597552254,0.17326302005978514,1.0385830445245976
SLV,Sonsonate [Annual],2011,False,-0.8416367540753709,-0.7225948446279805,-0.1412512974207831,-1.7985036249000805,-0.23788748562936518,-0.40932570156377407,-0.1341154507733991,0.39606227489531,0.6871471547775493
SLV,Sonsonate [Annual],2012,False,0.7452225025793322,0.4732501700545077,0.3887395491641602,0.60035722517705,-1.036977638517388,0.6200124469118204,-0.8881127998048363,0.6188615297307632,-0.8358680029995003
SLV,Sonsonate [Primera],2013,False,0.5468454399027557,0.2633220390277217,-1.5956511645514457,-0.4900981485492299,0.8864801627882913,0.21233067996298852,0.7176664651892499,0.7469122361479618,1.301605507226737
SLV,Sonsonate [Primera],2014,False,1.0943488018257295,0.9560627318470671,0.15493042692541245,1.7502727379508285,0.33818038151637886,-0.23348594923240573,0.3604902787957301,0.18861738172521986,-0.4824916966444858
SLV,Sonsonate [Primera],2015,False,-0.4338641067727059,-0.3897646154634914,1.7838261413638392,-0.9606169857059226,-1.595582735700182,-0.2023909404865581,-1.7239426152580557,-0.36967747269736106,-1.593344672639768
SLV,Sonsonate [Primera],2016,False,-2.2080601264126494,-2.069336507331926,0.6888852005693757,-0.5144709481259945,-0.3042115400187652,0.24685862555055654,-0.021849698727915604,-0.9279723271201031,-0.34784285106924834
SLV,Sonsonate [Primera],2017,False,0.7734473240813974,1.3393927130169658,-0.7232954607153027,-0.7357747961622398,0.7583963251821345,-1.68306393239214,0.7492000625476392,1.177677809103865,-0.11220737131267153
SLV,Sonsonate [Primera],2018,False,-0.628065276992306,-0.7673533355648877,-0.2809262599214836,0.9314287206682604,-0.5044889307612014,1.7198714350899749,-0.2686265064666202,-2.044562035965426,1.8065386781337962
SLV,Sonsonate [Primera],2019,False,0.18508402098040755,0.22467941718359116,0.8737156991384095,0.6639725920987927,-0.7791060624575162,1.1211231820920782,-0.819904504143124,0.061088100258381184,-0.31418063967540255
SLV,Sonsonate [Primera],2020,False,0.028518633388030432,0.3813851145496218,-0.4781572987459624,-1.1741994839513425,1.6735437578430492,-0.7537962197978253,1.6370287895986206,0.863105581485102,-0.07854515991879582
SLV,Sonsonate [Primera],2021,False,0.6417452899993406,0.061612442735337634,-0.42332728406284226,0.5294863117768476,-0.4732113583921892,-0.42744688078666887,-0.6300622715355243,0.30481072706236,-0.17953179410016132
SLV,Usulutan [Annual],2001,False,-1.6744465337291923,-1.3874253268452705,-0.2863453284343276,-0.8025616821757001,-0.4052395568192225,0.5528076334936061,-0.7566880066344162,-0.2484267216547673,0.06275157040625408
SLV,Usulutan [Annual],2002,False,-0.4115175216298908,-0.07672295477364216,1.4713947622652135,-0.643880738603,0.07380634633252375,-2.4854281780075103,0.3781203848179313,-0.15672481211284947,-0.6959993890735473
SLV,Usulutan [Annual],2003,False,1.0879563100158405,0.14639420810346931,-0.46225553383427226,0.9111597320111243,0.289442463198727,0.3804584751734522,0.5014103657317098,-0.27213926802280375,1.1105217820457778
SLV,Usulutan [Annual],2004,False,0.46221996302410506,0.9957389282503937,0.6025350219613796,0.6797500032903192,-0.5994156589452039,0.25035142445091546,-0.3797395585708791,-0.28399554120682724,-0.5810554067427988
SLV,Usulutan [Annual],2005,False,1.1040271392235717,1.3114644157597153,-1.084060640566487,1.5095160960707619,0.5933365854991947,1.1446133431064247,0.38075747144494276,-0.29585181439084546,0.29263953506775126
SLV,Usulutan [Annual],2006,False,0.8727650291651752,1.146347307070633,-0.06255743509748603,0.5530114240481836,0.5037928311030389,0.9174649567226925,0.8360293519686506,-0.3077080875748637,0.6999213622239163
SLV,Usulutan [Annual],2007,False,-0.631807083009301,-0.9652435729434039,-1.2029582382190684,-1.5299832390777182,-0.8404436573308499,0.3525623111544724,-1.5376942045674353,3.0090915125747713,-1.458068941219048
SLV,Usulutan [Annual],2009,False,-1.0222007321724154,-1.7225194230784346,1.4397363430978947,-1.283497992022444,-0.592970275458058,-0.6441655963783368,-0.35604368968078104,-0.3432769071269236,-0.6435052869067179
SLV,Usulutan [Annual],2010,False,1.1250224900799712,0.2009260201022822,-1.077765287895191,-0.4131796950385375,2.459512257504295,0.34717704159738555,2.0538866505078706,-0.3551331803109418,1.396222441539801
SLV,Usulutan [Annual],2011,False,0.05553307483457493,0.2790381851120244,-0.40924754891108683,0.07063662028937474,-0.20409372263361245,-0.695291852439841,0.03493778071911209,-0.3669894534949653,1.1038845967143847
SLV,Usulutan [Annual],2012,False,-0.9675521358024387,0.07200221324223359,1.0715238856334308,0.9490294712076355,-1.2777276124508326,-0.12054955887326069,-1.1549765457367058,-0.3788457266789835,-1.2873122640557735
SLV,Usulutan [Primera],2013,False,1.914954026026892,1.518235370683305,-1.3554034845489482,0.0307654450975173,1.0584824491060731,0.7981829713695534,1.0677586168634845,-0.7557511727784584,0.5081376783447812
SLV,Usulutan [Primera],2014,False,-1.028416649593035,0.007974083294759345,0.0444312306449388,1.493473842584559,0.6397988273991508,0.5256061589089157,0.614485847201701,-0.7275790372540448,0.36888841072146145
SLV,Usulutan [Primera],2015,False,-1.044321090255534,-1.5837071548031803,2.074301320455127,-2.326061295983822,-1.5437151169719854,-2.5406634506406616,-1.735597664672377,2.4765124235652447,-1.969033503586251
SLV,Usulutan [Primera],2016,False,-1.0443572313648195,-0.4638820978456584,0.15942069876759532,0.30514409837915474,-0.2522478181103475,0.3496008366875995,-0.07066793284896651,-0.5189304589386899,0.09038987547478293
SLV,Usulutan [Primera],2017,False,0.9212423638273409,0.8203625128734183,-1.0461485740141487,0.4892462402960794,0.34873871194550854,0.5213998724547072,0.2686644693119076,-0.47078398803506327,1.7100787251989757
SLV,Usulutan [Primera],2018,False,-0.2026321848631209,-1.2799000711698676,0.31196194418524165,-0.005312457537157224,-1.17891389952152,0.3127945436723543,-0.9752700185432179,0.4462460718643312,-0.8477104537771747
SLV,Usulutan [Primera],2019,False,0.19828816171250388,-0.1284454777506985,0.5471473345773109,-0.11645086461358509,-0.7942638269260596,0.09060334472752786,-0.7761901866313062,-0.22218673896128222,0.11237660194166105
SLV,Usulutan [Primera],2020,False,-0.1066521868540285,0.43509298703365507,-0.5562883603440998,0.022060965789487574,1.3073929123744699,0.22607982679577263,1.326988338602834,-0.1365883892216312,0.1929945989867807
SLV,Usulutan [Primera],2021,False,0.39189479136380095,0.6742698476842672,-0.1794221097230167,0.10713402598776618,0.41472776070470996,-0.28360410397576885,0.27982853071594077,-0.09093871024040627,-0.16612193330501746
MRT,Assaba,2001,True,-0.335548374070694,-0.05001073947938009,-0.016459924648346735,0.7298022600220311,0.6616097239674339,0.6559004910777634,0.44104543371665483,-0.7303145378420777,0.06876756548571068
MRT,Assaba,2002,True,-0.02342300448614488,-0.6310426894539156,2.2509309546949536,-2.3981147994526464,-1.3160984643978142,-1.8289366431887133,-1.6997173153138587,3.3277247150100076,-2.087088493695758
MRT,Assaba,2003,True,1.103448946966679,0.3701308396292452,-0.8587327855822044,0.4773566139383572,0.9061127509970658,0.8181465360270593,1.191940693622017,-0.6753981857786197,0.750890559775663
MRT,Assaba,2004,True,-3.790549153036221,-3.1339054061871505,-0.3294936915466002,-0.3107654778864992,-0.13734446902436673,0.353618432939807,-0.17174827048603114,-0.6407739532017115,-0.0951071092017703
MRT,Assaba,2005,True,0.9503869503046635,0.4806823080533942,0.3779058775846549,0.7271459855419513,0.569136194346551,-0.767712817322083,0.44706228813340027,-0.6113613981122064,0.041289014473824916
MRT,Assaba,2006,True,0.6439918635404189,0.8710230836446172,0.39667091904760027,0.2604681998689221,-1.4520105399529566,-1.1844805760137362,-1.2302596128430152,-0.5793430042789997,1.2419450801902001
MRT,Assaba,2007,True,-0.34359354851456353,0.21527723083864622,-0.9999663525904975,0.32627827059948683,-0.37197013619834157,0.5102157761603625,-0.45149717859929966,-0.547324610445793,0.9690104569270335
MRT,Assaba,2008,True,0.5116328747020154,1.0905204544756057,-0.6501335779725357,0.5896160095665873,-0.06211490478245689,0.43774389294041394,0.5411184695808279,-0.4964138857207427,0.8598081324393716
MRT,Assaba,2009,True,0.9243094100422795,1.31291523755543,-0.24280721956739354,0.35763456767196733,0.5479648441011409,0.7929145583500347,0.8195990212867917,-0.48328782277937216,0.34127506101294136
MRT,Assaba,2010,True,0.902601580709945,1.0835830569570135,-1.1107280565644142,0.5632140164384883,1.8816399507942156,1.6072356607166798,1.522835029392548,-0.4512694289461655,1.2144665291783072
MRT,Assaba,2011,True,-1.313729941252676,-1.3025283266144496,1.0046556043437802,-0.9685342195324814,-1.2888612200841152,-1.3488162212550405,-1.5127637099061801,2.7194817316755455,-2.087515621431695
MRT,Assaba,2012,True,0.5808515461947212,0.8957526267100936,-1.6341974084863786,0.8483404720959089,1.2348450372233482,1.542847546092788,1.25181808997218,-0.3846268025360506,-0.3137965100010539
MRT,Assaba,2013,True,0.6803543814478425,0.8844028374777771,-0.4688339932816744,0.6917384936833978,0.5214763030574475,0.4307669989373833,0.49570648680421786,-0.3363219165547093,-0.6685972826519719
MRT,Assaba,2014,True,0.15593692187669608,-0.9802912514188509,0.979175023293207,-1.1378012549127565,-0.6065019679270661,-0.7912442963303052,-0.8057815317237909,-0.22808273946823254,-0.6140673083641291
MRT,Assaba,2015,True,0.3455862217170802,0.32994749264756684,0.1888565501094536,0.13291180247888174,-0.3622228676644356,-0.36489129355335115,-0.3698850955031832,-0.29117745978013204,-0.06834043774977297
MRT,Assaba,2016,True,0.27966339893717834,0.21304344984716772,-0.6652415730792927,1.35120344831614,0.8001379119689358,1.0003290224821704,1.0766729613022132,-0.2565532272032238,0.9685833291910902
MRT,Assaba,2017,True,-0.23815322823526605,-0.8828499775042065,0.9051444100901406,-0.9021286756172342,-1.0504994333242412,-0.9992059661847797,-0.4522242963664584,0.005430435761651116,-0.8598081324393697
MRT,Assaba,2018,True,0.1720940912723013,0.19295975380333355,-0.028384578464304283,-0.8757609802068026,-0.08634353352282817,-0.5091402380710128,-0.11970407956056622,-0.17622994738866843,0.5864463814402616
MRT,Assaba,2019,True,0.10905628889034244,-0.28675294753758,1.269327294961547,-1.9357796705155235,-1.8589412401658545,-1.8613486456685715,-2.270195812666236,0.9593611544021403,-1.6512758271289598
MRT,Assaba,2020,True,0.13257311007278239,0.11454857369193443,-0.26387914703038584,0.18678132463479574,1.1634146863784076,0.899750175322828,0.7478006624588968,-0.12196505501113582,0.8592386287914521
MRT,Assaba,2021,True,-0.42473236503840933,-0.7869625276963654,1.3577806724175754,-1.1283970074566945,-0.9704116207424166,-0.3980865552439106,-0.8047504759233127,0.06640366344416324,-0.8872866834512555
MRT,Assaba,2022,True,-0.06620656941113055,-0.006550884018198671,-1.6255032934624303,1.6205998557684695,0.2061886408230627,0.7259023982697866,0.5094749538882286,-0.05792826734472246,1.213897025530395
MRT,Assaba,2023,True,-0.9408661943166913,-0.8885701391231978,1.013272357151786,0.2487369250383597,-0.33063443554387806,-0.2926289214121976,0.3119269198504348,-0.012880679793008073,-0.20516368916131142
MRT,Assaba,2024,True,-0.015685208313148742,0.8946779437014695,-0.8493580614182393,0.545453839916894,1.401428789673163,0.571120684926624,0.5315263688835221,0.0028512218920639892,0.4224293308407971
MRT,Brakna,2001,False,0.39090840126598914,-0.09971370948033612,0.03728190767242966,-0.256627085484934,0.17124085722990637,-0.2717663735348768,-0.1787198902710567,1.7280930156977239,-1.1111616496079462
MRT,Brakna,2003,False,1.0848792489384569,1.1963016290963013,-0.581485014317111,-0.4713954985339967,0.25339083637166343,0.24926581187970676,0.40548973635138735,-0.7468158564300357,0.8275352593444426
MRT,Brakna,2004,False,-4.0564855851319965,-3.232936891153441,0.9437947886561799,-0.8763725454848279,-0.7419427601857935,-0.8226633359211619,-0.791011288444933,0.5701760170457495,-0.9967466101410886
MRT,Brakna,2005,False,0.04458235584213892,0.2743814240932806,-0.079928386577422,1.9071704923262174,0.4915459048453562,0.10204470580071566,0.7491803989358125,-0.725334016962217,0.12498168018756366
MRT,Brakna,2006,False,1.2569443870786157,1.4005327972663117,0.24828816401828055,1.2646163448441277,-0.710632320197155,-0.27904737876172186,-0.38164307340228915,-0.8016764941444262,0.23084439816649727
MRT,Brakna,2007,False,-0.35201114986547777,-0.15816733051050416,-0.6303328019077177,-0.7149241164113533,-0.32915367782984006,0.2481635367328089,-0.29762386489045844,0.1089261937227753,-0.5775718989693158
MRT,Brakna,2008,False,0.24169451501269293,0.30681691444816733,0.2645669125895502,0.028109130876946452,-0.6226383501070696,-0.24593134096514266,-0.23677743804517418,0.0906393144846429,-0.16694950928546703
MRT,Brakna,2009,False,0.6756800888957989,0.7486953771989507,-0.23423396810705546,-0.8857080438399586,0.5180451376459192,0.5794633393370838,0.5145154613286913,-0.5082035441943165,0.4468459948683273
MRT,Brakna,2010,False,0.04416414122696573,0.5564330916606746,-1.1669027050444187,0.7487085997508135,3.0414301655711466,2.203688886955818,2.390136363993115,-0.7587128152087823,1.1622280562570912
MRT,Brakna,2011,False,-0.04068829269848973,-1.1618381927416674,1.388214419917437,-0.13411143458074054,-0.550932747974691,-0.7907687803727595,-0.4919178053400274,1.254946233596003,-0.9668134849333556
MRT,Brakna,2012,False,0.8704761416649024,1.0789797718894834,-1.6028934940092425,1.0366163986628762,1.0384593238995334,1.9047279031766768,1.0415311573568964,-0.5050085839646237,1.3739534922149583
MRT,Brakna,2013,False,0.5895474469549067,0.6666205004597342,-0.971070053803936,0.6955107097237586,-0.2503231391620466,0.3405640469218164,-0.27685101742036133,-0.9296846488113396,1.581402767428864
MRT,Brakna,2014,False,0.0458177677451441,-0.8558512566063465,1.121539317739655,-0.92061237812671,-1.0597693311661616,-1.0881919435217609,-1.1414648911656404,-0.8899159301053887,0.16346712688322113
MRT,Brakna,2015,False,0.37447984338654855,0.5097954843495707,0.7943484507095147,-0.47791148940024064,-0.6220142596293488,-0.8897060882769566,-1.1021269025522866,-0.6179248196230975,1.183608859976901
MRT,Brakna,2016,False,0.3386431701726342,0.26791051494312973,-0.5127606164723266,0.8093726941467271,0.4784025532761875,0.5106772148312305,0.8519741943750738,-0.6362116988612299,0.781538791780975
MRT,Brakna,2017,False,-0.3740034108620524,-1.0929399383152425,1.3557496397156314,-1.2432723158735506,-1.4075482078516206,-1.2785256281846544,-0.8159627771437369,2.4805037108811394,-2.0586086500542744
MRT,Brakna,2018,False,-0.007057197246464547,-0.09396255411925528,0.15797158154431978,-1.3553492155006102,-0.5889154535233387,-1.4904221850722272,-0.8633413490210212,1.4752716665935965,-1.5463997031354537
MRT,Brakna,2019,False,-0.04767996870916639,-0.5690875609200665,1.2011898898702167,-1.6344098918517016,-1.7127186209825436,-1.7858253584512007,-2.329594036642803,-0.16857195507887027,-0.627844527276744
MRT,Brakna,2020,False,-0.0736434231830408,0.009119584889798145,-0.5059498343206295,-0.4933601717429898,0.5458543412538989,0.23679622586356597,0.0871945351071575,-0.18685883431700268,-0.014049023122951435
MRT,Brakna,2021,False,-0.6196007643888997,-0.9193215022140542,0.30191983223734686,0.27356776150521234,1.1626757149830211,0.9442684735073916,1.1992232050653655,1.5365222247673724,-1.3303981064336237
MRT,Brakna,2022,False,-0.30553466693109194,-0.002481574168525086,-1.7343441271553655,0.9337052192850556,-0.09360024018877029,0.71648665240365,0.3237270857860739,-0.6878773763459277,0.8071957562447463
MRT,Brakna,2023,False,-0.028348703607004807,0.6028864060258623,1.6099549042144945,1.815667548316864,0.5266930784468002,0.8151284641448804,1.1248222617803,-0.6481086576399767,0.5067122452837932
MRT,Brakna,2024,False,-0.05276434556110995,0.5678270139081738,-1.404918807169831,-0.048990712606984135,0.4624511952749465,0.09157315150711706,0.21923993425991528,-0.43417314510176896,0.20622873432283917
MRT,Gorgol,2001,False,0.5321267401333521,0.19772220023723333,-0.23441238420839822,0.18694531160174724,-0.09447570603103034,-0.19718251995760774,-0.2941038670464956,-0.5019231683374111,-0.08294589191347261
MRT,Gorgol,2002,False,0.5992375803022293,0.014159541200050913,2.243280101410731,-2.0372436707749753,-0.976022654962951,-1.716503614481448,-1.1069143158024843,3.7056474101232335,-2.0537100471888583
MRT,Gorgol,2003,False,1.5161054588466614,1.611229199848564,-1.0453243778621384,-1.0662759621443418,0.8415571979825016,0.7105201592272845,0.9717825018193182,-0.527433847846719,0.32203541745557773
MRT,Gorgol,2004,False,-3.323937482387907,-2.481372871443678,0.37298772221622806,0.3772778600286058,-0.394059323094909,-0.04190768680360317,-0.31397245933342033,-0.5253341157315545,0.19853785064611656
MRT,Gorgol,2005,False,1.052107187903273,0.7669143646851357,0.03756299082050589,1.401436223279692,0.5823039515186142,0.06347859944239194,0.45286355744323387,-0.5232343836163902,0.07504028383665538
MRT,Gorgol,2006,False,-0.8001849016805936,-0.10998378948660166,0.4042377762497406,0.1420347577212412,-1.2053608331873946,-0.6894459922848835,-0.9474123816489669,-0.3710984256160639,-0.37444550446679153
MRT,Gorgol,2007,False,0.33581576411161895,0.48501082790590083,-0.8576980768657835,0.17755879022384372,0.3574911345997355,0.9283051459574239,0.4494659257070978,-0.5190349193860614,0.04537063121372433
MRT,Gorgol,2008,False,-0.13920857232092354,-0.15448496794175703,-0.5509519111185537,0.497385882998892,-0.6152231844210998,0.3443274603736505,0.05316508930251064,-0.516935187270897,1.1171632098822153
MRT,Gorgol,2009,False,0.7192785992072289,0.8212470593316339,-0.4861652564880376,0.7086961309571943,0.1893792962382509,0.7146639429282802,0.4557984491511942,-0.4851253114160971,0.9936656430727542
MRT,Gorgol,2010,False,0.7301423744306174,0.9516833419234454,-1.1197211257054782,1.5748644085512469,2.5448024973312164,1.6933291634204584,1.9730358275548523,-0.5127357230405688,2.0654582217412485
MRT,Gorgol,2011,False,-2.229292066142927,-2.768202709438006,0.42142631792598995,-0.6676348140405473,-0.8568336855881544,-1.0563037556245878,-1.0302979201399887,-0.2996939703739886,-0.55728237652211
MRT,Gorgol,2012,False,0.5125121076760868,0.6451623231111207,-1.4642161863601324,1.4071675055685902,1.4521472304776126,1.6159892320087035,1.6846331049940915,-0.449115971330968,1.057823904636358
MRT,Gorgol,2013,False,0.0034946927620267344,0.14040155136867433,-0.2801663434943741,0.34937641715145573,0.22768694589291777,0.19692455609177795,0.08350317472692016,-0.5064365266950757,0.17368715434092732
MRT,Gorgol,2014,False,-0.09023821604483624,-0.36394492187146493,1.1542733361926054,-0.6952059882595604,-0.6123319511743275,-0.610149421877879,-0.9711458582359352,0.16117042518793584,-1.0364378174484892
MRT,Gorgol,2015,False,0.46363227458448786,0.5664473106184695,0.25612436402135896,-0.47887327700252375,-0.6230471128666343,-0.7186388426121271,-1.175969034821032,-0.41162112405885753,-0.18197071977599066
MRT,Gorgol,2016,False,0.10062842955253434,0.03939875182426561,-0.7449753791173682,0.7052525196610033,0.6512633367488441,0.8240010620675856,0.977738433644744,-0.3501011044644211,0.672496377896509
MRT,Gorgol,2017,False,-0.23589781886446756,-0.776148691971322,1.1151499316594453,-1.5234843625531551,-1.205493711794535,-1.1293238736530689,-0.8151640096291973,1.9827594040251897,-1.732918739370859
MRT,Gorgol,2018,False,0.014825009281397156,0.18576528865808295,0.473347004687605,-0.5917472333898023,-0.7259723909046635,-1.0484136026289905,-0.8934361982338171,0.0477577643160851,-0.22647519871038724
MRT,Gorgol,2019,False,0.057409283407088535,-0.5405439635043935,1.550185096746103,-2.152971060333605,-1.6171697811112,-2.2179313041615742,-2.0294647108858888,1.04811832608302,-1.436600170499803
MRT,Gorgol,2020,False,0.13247794423350132,0.236916282736804,-0.5388848321486566,-0.10007775385437899,1.8276443363035826,1.181490644235805,1.1147135842900873,-0.37141231974339955,0.06984337016066863
MRT,Gorgol,2021,False,-0.6005579417263863,-0.9268471173708736,0.7680919882452498,-0.07879062519070686,0.4113286801990373,0.364136904086397,0.8723261116455394,0.8101801188353146,-1.140281601628743
MRT,Gorgol,2022,False,0.05977133972317985,0.3598744424517076,-1.7240757968897829,0.6267379207540646,0.11940440709907474,0.6949923671191921,0.6304104041006477,-0.3672128555130713,1.2354638630156933
MRT,Gorgol,2023,False,0.2833636477069475,-0.014038307803438132,1.094265990973772,0.45966290223764883,-0.3891392638046033,-0.06936148096128937,0.0969438649735121,-0.09326530818023725,-0.1919865897697144
MRT,Gorgol,2024,False,0.30638856530581005,1.113634854930446,-0.8443409508906315,0.7779081168083715,0.11012058455011525,0.163002858088109,-0.23849927357652242,-0.4239191859489964,0.988468729396771
MRT,Hodh ech Chargui,2001,False,0.48293890086242036,0.865158724818142,-0.19860787060392335,-0.28678488378617095,0.24936981899336838,0.06827737344310858,0.12629453959599152,-0.7523574430384147,0.026900016141701066
MRT,Hodh ech Chargui,2002,False,-1.1136748568466812,-1.5701424616830795,2.3530001100059876,-1.7118822403238034,-0.9629152823972044,-1.57505599682259,-1.6879181156676013,4.342758637382729,-2.363514745289423
MRT,Hodh ech Chargui,2003,False,0.8781905155419514,0.5133196700205994,-1.6061688923707138,0.993327183466573,1.425802027936786,1.4045495809586046,1.4867908818888265,-0.7652617388212928,0.9477043494004619
MRT,Hodh ech Chargui,2004,False,-2.298473005283537,-1.7356397436388284,-0.12471548901367188,0.10065325314340917,-0.43720825279638753,-0.6507330152121994,-0.9296005502416241,-0.6978194640779135,0.4870733546564483
MRT,Hodh ech Chargui,2005,False,1.1721993706870635,0.6262522846289135,0.45707961365809563,-0.5389439158770115,-1.3715869641962821,-1.6289131619792148,-1.037139061164245,-0.37588365655367206,0.6404644674946977
MRT,Hodh ech Chargui,2006,False,0.10509522635403515,0.10629272893667784,0.3432787596567595,-0.15005112299913967,-0.6089486796354379,-0.25505246171380563,-0.43405865992085824,-0.6051602989539137,-0.43418863483157794
MRT,Hodh ech Chargui,2007,False,1.2157026338385557,0.9423470859721371,-0.7394379178460944,0.5417246376076601,0.038079162892533235,0.9952316008220424,0.4571597775643755,-0.516605332029174,0.33322458558893353
MRT,Hodh ech Chargui,2008,False,0.5976265598619374,0.18784538006088206,-0.4782567472160378,1.2472230741891819,-0.06881009052485963,0.7820391291229867,0.7054372945184227,-0.5336138260112866,1.1883552499497994
MRT,Hodh ech Chargui,2009,False,0.9773222823026778,0.8612568298218005,0.08620556587985878,0.5832421861061055,0.8022146015610373,0.6754241165184648,0.19669392300589614,-0.4872842434492932,0.9031591430864323
MRT,Hodh ech Chargui,2010,False,0.7223948063961142,1.4165581124244926,-0.4944944832332429,0.2610980770347837,0.8005483091961588,0.9945325918115688,0.5771866781089027,-0.4409546608872868,0.4425281483424197
MRT,Hodh ech Chargui,2011,False,-1.3490706189590957,-2.2579834296822234,1.3039078131415482,-0.7607384906998582,-0.2560934247084969,-1.1386998611726922,-0.5031047624796546,0.28383413798963986,-1.3338645055064418
MRT,Hodh ech Chargui,2012,False,-2.7809695603875104,-1.6609979336392664,-1.8297011078852214,1.6287400416402393,0.7273388652530667,1.509064504108807,1.4645111936572173,-0.34829549576328694,1.0124627058398874
MRT,Hodh ech Chargui,2013,False,0.7067888347200891,1.1293741319998467,0.2068258027182494,0.22942054056906686,-0.32953400173509956,-0.8059926417453831,0.5155231619889864,-0.3019659132012935,-0.5007776161880046
MRT,Hodh ech Chargui,2014,False,0.09666323829882359,0.18820551943492228,0.447970589917086,-1.7809954175039209,-0.5263475324159894,-0.665584952291882,-0.6388628462876168,0.635091034093762,-1.6631481624546032
MRT,Hodh ech Chargui,2015,False,0.2155621722626574,0.617481405877588,-0.42884955052782214,0.30212847410169336,0.6647645869693156,0.7445406623949754,0.28261481300639724,-0.1881940558959206,0.24459182919010955
MRT,Hodh ech Chargui,2016,False,0.38096289741791795,0.5269590566021252,-0.24144946457783217,-0.0702865535304132,0.24304505825426367,0.6449322677669754,0.30310388007167716,-0.16297716551530017,-0.1283217216135798
MRT,Hodh ech Chargui,2017,False,-0.27658512352958153,-0.5579080836515757,0.5698256134740934,-0.7681640914315282,-0.9741805127963633,-0.703677227001295,-0.5445360214088222,-0.09553489077192072,-0.8521050481785322
MRT,Hodh ech Chargui,2018,False,0.1643780629867263,0.661026881630936,-0.7242081770678006,0.19585097202837373,2.833432029498074,1.38482401578341,2.484618014098581,-0.0703180003913003,1.0556349434661811
MRT,Hodh ech Chargui,2019,False,0.07292168513160308,-0.544693357478274,0.6363784313540792,-1.007551360296117,-0.3793834520278901,-0.15732482321851973,-0.8056773050255146,0.10325834856114355,-0.8961925982633265
MRT,Hodh ech Chargui,2020,False,0.10811861469128575,0.43678555890592063,-0.5496956936920636,1.04175788951521,0.621339168487688,0.5576009038199368,0.7275702237622728,0.06456654909544561,0.8361125055007401
MRT,Hodh ech Chargui,2021,False,-0.47998647163546115,-0.6688285568101999,1.549980341354386,-0.5865006778673099,-1.362949943065078,-1.0948233315419091,-1.2176081258925304,0.2803682824106355,0.024611734995434387
MRT,Hodh ech Chargui,2022,False,0.06281535910448834,0.3905070540417688,-1.300413944246178,2.2066486833945422,-0.575132410611174,-0.6150947909892797,-0.6256047612041313,0.13611302203807246,0.7043075114756225
MRT,Hodh ech Chargui,2023,False,0.40243181108526505,0.33798564334193254,1.3810075429984776,-1.3503565946422929,-1.4834958927705457,-1.3026702835165307,-1.3302901025098,0.28857667880914334,-1.5983898060151782
MRT,Hodh ech Chargui,2024,False,-0.06335333490174512,-0.8111625019352378,-0.6194608458780194,-0.31955966383927353,0.930652810638517,0.8326058006544221,0.42689593053485114,0.2076594949806993,0.923372293211798
MRT,Hodh el Gharbi,2001,False,0.40093311760974454,0.8067738323791072,0.5446148807398227,0.42125336139719916,0.3056045245693045,0.4284466278277794,0.3616724395937679,-0.7371061173972134,0.23605581555549046
MRT,Hodh el Gharbi,2002,False,-0.25200875193114297,-1.3844558469638706,2.2074541483304375,-2.428961115009125,-0.9907879511318322,-1.6454370199519017,-1.5659718694489366,4.421997885751901,-2.556744054183738
MRT,Hodh el Gharbi,2003,False,1.0842789206484325,0.6192184102609563,-1.458931267411361,0.7609919239898675,1.5954476044891446,1.6257382664234543,1.5448123559911222,-0.6548565904819924,1.0102122718680462
MRT,Hodh el Gharbi,2004,False,-2.6201390996966323,-1.3566555375042415,-0.6074730376617188,0.6096108780304486,0.165354393431384,0.5972509573158773,0.060928147691729544,-0.6137318270243896,-0.1496772232761811
MRT,Hodh el Gharbi,2005,False,0.25061010743294354,0.30895557400100393,0.3429223850530264,0.2261454088931391,0.008308454047667457,-1.317312135101347,-0.09194348694529429,-0.5726070635667868,0.5811716100579818
MRT,Hodh el Gharbi,2006,False,0.6430750639870928,0.9227793970613772,0.5553872296879437,0.010483928773517136,-1.8466067320721347,-1.8260298422526955,-1.8615833196951816,-0.5314823001091684,0.5385365817419027
MRT,Hodh el Gharbi,2007,False,0.45158965497203263,0.44583745776011907,-0.7397394243055265,0.7794772251519936,0.26410617338323494,0.7014905165476165,0.29689039090689173,-0.4903575366515656,0.5818442047202966
MRT,Hodh el Gharbi,2008,False,0.5515712264380933,0.8670296984011264,-1.1492020994615781,1.2218044411604339,-0.09633111932422046,1.0926915494287281,0.5674314858780415,-0.44923277319396276,1.3126930380544586
MRT,Hodh el Gharbi,2009,False,0.3551649786714636,0.32663177910861635,-0.06167140248485361,0.4542085455245674,-0.0687755062585,0.5642348113948621,0.2240709754166637,-0.40810800973635997,-0.10502441097318795
MRT,Hodh el Gharbi,2010,False,-0.4617596085413376,0.5149025014996013,-0.8188871044350592,-0.3192923768714196,0.3082309633245433,0.8062590026302312,0.6551599680725231,-0.36698324627875717,0.8836523762444083
MRT,Hodh el Gharbi,2011,False,-2.840398227883086,-2.7458247603113404,1.4526240201997418,-1.4721322183377519,-1.1245317886782222,-1.3114217353715971,-1.2755632194972089,-0.12704912563211176,-1.5653768883169283
MRT,Hodh el Gharbi,2012,False,1.2464516547263265,1.0902332211919032,-1.6274384578149006,0.0692048352548411,1.9634715070826856,1.0832438803098654,1.7560179713707653,-0.2758826178448465,-0.31887214721591345
MRT,Hodh el Gharbi,2013,False,0.8008121197662442,0.5126882668733257,-0.12712514216307452,0.3472710783016707,0.3011282338082263,0.1501353867094067,0.572792944449798,-0.15850221053391822,-0.10367922164857347
MRT,Hodh el Gharbi,2014,False,-0.36410000914439744,-0.9822943387989762,0.777227664537494,-0.6485287943554309,-0.22147999222846637,-0.5547622629151073,-0.4061105639891637,-0.20248419244833044,-0.4900848551425599
MRT,Hodh el Gharbi,2015,False,0.7972512925747863,0.6596831285869599,-0.11875625563626142,0.33078468371362363,0.2169406354127654,0.11047155296741892,-0.028299556279258453,-0.16135942899071215,0.32670662948609025
MRT,Hodh el Gharbi,2016,False,0.5039189958095399,0.07409432624235676,-0.38669712079045354,1.0451817898185,0.3217392832757214,0.7211545143100885,0.6164814547234808,-0.12023466553310935,0.5418995550534302
MRT,Hodh el Gharbi,2017,False,-0.19048579834975926,-0.9940232438064152,0.7979457141355074,-0.5153073561567072,-1.2164099991320971,-0.7419321939634139,-0.6360406497695694,-0.013067067666822868,-0.7898752426797584
MRT,Hodh el Gharbi,2018,False,0.23082678675337495,0.03141243077032622,-0.7131457834015197,-0.41847482013058934,0.44552275784064393,0.32831356693629843,0.20409297270166896,-0.037985138617903716,0.6285148010102029
MRT,Hodh el Gharbi,2019,False,0.21044739889662833,-0.29809678135152196,0.9474842070646252,-1.7967179687833519,-1.307799765876469,-1.418086481353907,-1.7188214649806748,0.4681628815523892,-1.4767438583732269
MRT,Hodh el Gharbi,2020,False,0.3088355541388361,0.05063959062446544,-0.36525262690645066,0.7132796745399186,1.8230221425284803,0.8920676563883325,1.323870461441356,0.04426438829731739,1.0589006521448676
MRT,Hodh el Gharbi,2021,False,-0.4978083806736759,-1.125927913260789,1.406833793563428,-1.5515610633828356,-1.5701873163294906,-1.139875012572253,-1.5862484477186185,0.48368872009595054,-1.4760712637109272
MRT,Hodh el Gharbi,2022,False,0.0936270266755764,1.1870236092871547,-1.3430858376346608,1.3653435382280406,0.25582949592869086,0.3171558091646176,0.42805342924829737,0.126513915212523,1.4033438519850736
MRT,Hodh el Gharbi,2023,False,-1.1860495875546209,-0.6805109916009583,0.8528295871326316,-0.24670492711556039,-0.47329288711716405,-0.2889363577471339,0.09169848297160536,0.16763867867012583,-0.35814420222047927
MRT,Hodh el Gharbi,2024,False,0.48335556467353685,1.1498861895497134,-0.3679180703372397,1.042639327365011,0.9414968890261036,0.8251389428747794,0.4666090978661948,0.20876344212774411,0.28676197981922485
MRT,Tagant,2001,False,0.7819793654103071,1.2560154084376187,-0.2733672223252547,-0.42444600458787335,0.0045971952943155885,0.21433473536959352,-0.19485978693624914,1.6714412594777603,-1.27976578660345
MRT,Tagant,2002,False,0.4479453509919374,-1.3441635682151185,1.8717364348102457,-1.507213489286411,-1.150851471319292,-1.1748221703548853,-1.5494007368523257,0.7355519996174092,-0.8464766266898478
MRT,Tagant,2003,False,0.8669793325666109,0.4100323068281597,-0.384502536325341,0.983890175415722,0.7919944186421337,0.864222093508335,1.0402170800518888,-0.6520781411828809,0.10857434882652359
MRT,Tagant,2004,False,-3.880565123466479,-3.0209724961592563,-0.053341978125499914,-0.044721173268792894,-0.7024892663918867,-0.40938415389456984,-0.6139631607226932,1.1224778845964027,-0.7625410302667943
MRT,Tagant,2005,False,0.741967725752607,0.5673341802999828,0.08880725160806288,0.18628569633812606,0.8550249819780902,-0.8244552517322962,0.7584777899783827,1.541811267555869,-0.9379739885564213
MRT,Tagant,2006,False,0.8301835560501611,-0.30961651453207273,0.019291386354045977,0.41136358977261794,-0.607133923531792,-0.7213623998210977,-0.317802046332613,-0.7493006351242993,0.017076986959949556
MRT,Tagant,2007,False,0.7097555547636202,1.048793189134483,-0.5682258904762495,-0.30518115939718493,-0.8554902457475912,-0.5580852879080055,-1.1094992650119782,-0.7817081331047722,0.10252493647170649
MRT,Tagant,2008,False,-0.25695736031616134,0.31236362599166556,-0.4193991802333731,0.8745342023859571,0.10167567989372873,0.3464110663327368,0.5661440060898427,-0.814115631085245,1.057575911988077
MRT,Tagant,2009,False,0.40196066117735385,0.33154257241508056,0.06804753335815757,0.21069949748080594,0.8379396097540068,0.3950932900555438,1.0708148586007686,-0.39478224812577867,0.5343017432966047
MRT,Tagant,2010,False,-0.14844021690662967,0.889299260806213,-1.197137440036774,-0.003906805481595108,2.949855831695147,3.107994507503409,2.0231631326283357,-0.8789306270461906,1.3154321136120528
MRT,Tagant,2011,False,-1.1245584194542728,-0.27126819180033296,1.3038731689560155,-0.6181405633832489,-0.7955864566188051,-0.6740792132501823,-0.7231431310605253,-0.9113381250266634,0.3573564319182737
MRT,Tagant,2012,False,1.0287997087401117,0.6306855581730552,-1.5617962702336785,1.0726236226283434,0.8624439873539519,1.742972137537912,0.8052665644410848,-0.9437456230071363,0.8776058944323379
MRT,Tagant,2013,False,-0.047484188010870156,0.14839505478340909,-1.1558589674873234,1.7997122668577057,0.2920151547848621,0.7988822720316193,0.43239772162991946,-0.9761531209876091,2.0065774751496317
MRT,Tagant,2014,False,-0.755813602872146,-0.8531369801041114,0.7832913238565972,-1.15762395255318,-1.0134770305143037,-0.8713588270998573,-1.112937713451143,-0.5568197380281428,0.3528193726521607
MRT,Tagant,2015,False,0.5835507265218607,1.1251771206464167,0.2442547629555375,0.7748544693661277,-0.45126550261320225,-0.5710359816676253,-0.16438234183950723,-1.0409681169485547,1.3078703481685316
MRT,Tagant,2016,False,0.13042252579036662,0.47008599321797107,-0.6122104581902157,0.723367315733012,0.47701259613435526,0.488197606277549,0.8701454845332197,-1.0733756149290274,1.2193976924793657
MRT,Tagant,2017,False,-0.645773557518313,-1.5745364918983193,0.7849050103227982,-1.44657194614422,-0.8577674752111043,-0.9052700177941726,-0.10085257562649426,1.1529212917901952,-1.3909237386231794
MRT,Tagant,2018,False,-0.10057954815787831,0.8180804993201835,0.05131094912746566,-0.9910593324471275,-0.03392615176108993,-0.608497175706729,0.037400916218180105,0.21703203192984413,-0.9576345787095761
MRT,Tagant,2019,False,0.10487799145813977,-0.03056237964591632,1.3159667267934143,-1.840644522559253,-1.6439647004515294,-1.1726489085126859,-2.2976627764343425,1.5398471767691968,-1.220027839599665
MRT,Tagant,2020,False,0.17080870019424538,0.7243315752536558,-0.1583172023850856,-0.08126328303990467,-0.04249550848329883,-0.3507681540898076,-0.1510099871360664,0.15221703596890673,-0.525857771884678
MRT,Tagant,2021,False,-0.4038727856293816,-0.0769731920183306,1.416565490017571,-1.2591836048471945,-0.9733385205838114,-0.4737929602800365,-1.2131526417149585,1.9267730617481902,-1.7448143613798417
MRT,Tagant,2022,False,-0.05986140563182293,0.3079132600012945,-1.8326451850380068,1.353391766802281,0.42214643689091713,0.8212037618874325,0.9186733472301343,-0.364338840931978,-0.007120662459318367
MRT,Tagant,2023,False,-0.07565408441683882,-1.0110139835025251,1.3644513777093648,1.1539694272082974,0.19792879491822293,0.15128338547095194,0.7343002608470282,0.05499454202748826,0.07832728705243905
MRT,Tagant,2024,False,0.7003290929634725,-0.5478058074332067,-1.0956990850124737,0.13526380700698845,1.3351515658879753,0.3849656461368678,0.29166500087011143,0.022587044047015444,0.3376958417651184
NER,Abala,2012,False,-0.1952350585792992,-0.6576638690582428,-0.3042210664895889,-0.5778915339870822,0.18753531578189064,0.789184802397494,-0.6211298579495664,-0.2815411550447096,5.452821397912834e-14
NER,Abala,2013,False,-0.38826100467752495,-0.10422565959815436,0.2780654454256094,-0.583590634584773,0.5127302033017248,-0.5979217756766885,0.8630572661141617,-0.1922229620642683,-0.12689909267467114
NER,Abala,2014,False,-0.38990079064284383,-0.15268301936473586,0.8712748485809917,0.11283945845261208,-0.1298783341699968,-0.037451099213825445,0.007472873930170442,0.8670454833661254,-1.1843915316308127
NER,Abala,2015,False,0.7384361754361273,0.25466520304234436,-0.057635403252319084,-0.8246420895050611,0.5775477724783673,0.044911039206486425,0.20415909938224877,1.5016813297976865,0.23969828616339617
NER,Abala,2016,False,-0.18958633986264703,0.09453920249654944,-0.1316080055807605,0.5284555947017945,-0.34982639755203515,-0.3273429604639836,0.40156139874906743,-0.39806896726904906,-0.1973985886051164
NER,Abala,2017,False,0.4885621039076512,0.5918786190668458,0.574077656021254,2.591620212656763,-1.9567602272323665,-1.1416074202023678,-1.6985594571651565,-0.5948190515088742,-0.3242976812798421
NER,Abala,2018,False,0.6121686064584124,0.7709768077192106,-0.9275463527318342,-0.02559538513033405,-0.5829083056223666,1.0268034358852867,-0.6157317622848552,-0.7826295020855787,1.7201877007018818
NER,Abala,2019,False,0.6222262080363277,0.7946584026243287,0.18228628475834702,-0.6120123362704755,-0.36854645529376356,-1.4202066948903487,-0.153024077525602,0.3392163789867484,-0.26789808453556163
NER,Abala,2020,False,0.5250866698462063,0.6817554286297519,-2.2840947124553748,-0.036091570403766586,1.7735834681487386,2.2509537776234536,1.867144371683115,-1.3191638091753877,1.7765872974462174
NER,Abala,2021,False,-2.86848066454252,-2.8474321111884424,1.0519412451027168,1.0063518302883077,1.4066818442708802,0.27878139343368336,1.2840261040384529,-0.7515752152173136,0.4088970763963442
NER,Abala,2022,False,0.639498614145037,0.016418861081488666,-0.6808347593555658,-0.8030183078128031,-0.19770827635915927,-0.346612765473051,-0.596976133980805,-0.4253567301638522,-0.3383975804660103
NER,Abala,2023,False,0.4054854804750734,0.557112134549056,1.428294819976524,-0.7764252384051814,-0.8724506077519137,-0.519491732626139,-0.9419998249912307,2.0374342003784727,-1.70608780151588
NER,Abalak,2001,False,0.5197267900765543,-0.7153869037041738,-0.0345379568549555,1.24925961468312,0.7457508146036466,1.2953906216296731,1.0494313161391324,-1.1637853104356808,0.9534853147674772
NER,Abalak,2002,False,0.22273054846384055,-0.3755824038460159,1.046522666532971,-1.321731597367633,0.04674042017060522,-0.5320889003227777,-0.987039212845243,0.359652513773426,0.20816205249740555
NER,Abalak,2003,False,-0.13121564741440267,-0.43504542415833,-0.75578304868114,1.8927805993592064,0.6962145626392694,0.9816015754908601,1.111515948402203,-1.067279436023193,1.4194331907910849
NER,Abalak,2004,False,-2.5844176141781667,-2.1394575630244264,0.7645191201209123,-2.1874953722309303,-1.0793632180614223,-0.14893646177905387,-0.8095184467298672,3.641216666942095,-2.2607816723246827
NER,Abalak,2005,False,-1.3251728533417926,-1.3024006141942635,-0.7254889714920314,0.5041719463519371,0.011327887932641464,0.39510004667071197,0.18395109880312435,-0.21641765348424113,-0.23426286712943142
NER,Abalak,2006,False,0.8499726476290701,1.0367426120558445,0.08714626303171841,0.04307583278098771,0.7089407131372806,0.1406880598431995,-0.18610407701782677,-0.5201974734036804,0.16176060426267289
NER,Abalak,2007,False,0.6773926032224511,1.2098324836712442,-1.234901261274518,0.8796577827046376,0.2666616069031165,0.3991592752622594,0.22811728640852386,-0.5389983946975666,-0.7466121913877408
NER,Abalak,2008,False,1.4307236782774806,1.3763447343163544,-0.347761107404525,-0.024401681253386022,-0.04676320124236242,-0.4297474560402432,-0.3090618443926301,-0.7673426238043475,0.6277084802862805
NER,Abalak,2009,False,-1.8004943655512167,-0.2981772032426124,2.137470626589193,-1.523252300010599,-1.2526957263708816,-2.2421960907217082,-1.1194972562232706,1.78704827484426,-1.5850605824066533
NER,Abalak,2010,False,1.2445609953457242,1.1485722252777386,-0.7541125854084203,0.6915945968180359,1.3394411447499754,0.9770364403110808,2.0321111141365455,-0.7043636786419247,1.5828049564508022
NER,Abalak,2011,False,0.37369414261456235,0.39938498398175765,1.0608344734911777,-0.09749189562232477,-0.7318098882160724,-1.7799859294585643,-0.34687737618869846,-0.01909908568444457,-0.4669145728618164
NER,Abalak,2012,False,0.6625066917099734,0.7224955563201887,-1.2785816184734209,0.8560027538660645,-0.36813568151198944,-0.07326608210605202,-0.5608353322033984,-0.5240404811042743,0.09215843191060287
NER,Abalak,2013,False,-0.8602037742631933,-0.20764077201467243,-0.22919207578320525,-0.504774495721931,-0.5510272265800683,-0.6430247899717724,-0.3998842923037468,-0.2746259683976399,-0.16401623021852382
NER,Abalak,2014,False,0.6580831021634358,1.5318663308359544,0.377061936161211,0.15546854083106437,-0.005724090948175453,0.4008264591948434,-0.10488950294574698,-0.226373031191396,-0.25714135896736445
NER,Abalak,2015,False,0.595524954439746,-0.678187040568077,0.04694227534632,-1.1189026412053138,-0.31110490265520635,-0.3777904168480638,-1.0683208653149645,-0.38766340179805875,0.3019316458050548
NER,Abalak,2016,False,0.5322008247482573,1.3702260377688225,0.012246301695300377,-1.1874683336132004,-0.13319438940337786,0.2138403071068144,0.18462154228007405,0.347891585034519,-0.2803420830847308
NER,Abalak,2017,False,0.26262158920938056,0.09150133593377763,0.37447723285409634,0.43382178080982703,-2.075465828386049,-0.9590084917494299,-1.00658081852608,0.06925696205262862,-0.6995662785942014
NER,Abalak,2018,False,0.5915120333300904,0.4312530223181632,-0.5311734599839064,-0.4615970763930284,0.3771665935983302,1.1307941123918868,0.9344987810183709,-0.25128632249184324,1.000853459840421
NER,Abalak,2019,False,0.2718732978090057,0.01819003169683559,0.37102343716860064,0.4430516940916915,-1.1156684711679596,-1.1389859804758056,-0.6274775500119029,0.06518204871492123,-1.0488660694721688
NER,Abalak,2020,False,0.3698729119442253,-0.02128988775807278,-1.9647582684864262,0.12302671121726094,2.813150063575774,1.885082232332557,2.079960144122179,-0.22183430657948547,1.6298508692443436
NER,Abalak,2021,False,-0.8339730932367083,-0.9942584491370867,0.7003755878311462,1.3082306928746754,1.0412559821786673,0.7277387533440857,1.2950240573813014,-0.0394736523729813,0.39537900683329796
NER,Abalak,2022,False,-0.8956899270749176,-1.3067104602138215,-1.0063976872456109,0.4115774632782255,-0.17860944643823726,-0.8222192646050339,-1.5391618443436295,-0.007984179791769895,0.6283529448450873
NER,Abalak,2023,False,-0.8318295359233994,-0.8622726323151285,1.8840681202655125,-0.5646046162483868,-0.1970877185075047,0.5999919805005334,-0.033982869644449756,0.6605169485406778,-1.2583170510872164
NER,Aderbissinat,2013,False,-0.05351526299862697,0.26750813434625687,-0.4274119367068864,1.1305244752422048,1.2498559133839708,1.026648284290998,0.9515541073250641,0.6381786720846298,-0.2778216443688353
NER,Aderbissinat,2015,False,1.1946959053031847,-0.05052226374459829,0.7505465617305073,-0.9370975634129743,-0.060869920569442786,-0.0589921803231386,-0.7744502870246577,-1.5277349858584846,1.144132486169152
NER,Aderbissinat,2016,False,-1.378151408296285,-0.11011107655441324,0.5565599826286414,0.36518454826162905,-0.2504601839770919,-1.0813577387676288,-0.0018494670150294374,1.698356186238813,-1.148238224755776
NER,Aderbissinat,2017,False,-0.12577884377549006,0.14997445919651797,0.3723030444724348,-0.4146781172697416,-1.8655434868957592,-1.702465165014153,-1.6376940084266869,-0.3416002579602651,0.017791533875857964
NER,Aderbissinat,2018,False,1.1265937207453447,0.7748582040304739,-1.4551821422820332,-0.2257241265515924,-0.4288075946574842,1.336612748682052,0.5944671936541038,-0.9452073684695701,1.3658423698525766
NER,Aderbissinat,2019,False,-1.4462535928541251,-1.5499392382942672,0.1735173491007224,-1.4981054575127064,0.27544839996907156,0.11581464149104644,1.3029490366504817,-0.1141649669860858,-1.472591573107599
NER,Aderbissinat,2020,False,0.1665451122254368,-1.1109700818191495,-1.3374842391161639,0.08456260099123337,-0.18362693215216147,0.11594863247724173,-0.7950074219337074,-0.00044732149907349096,-0.12454073713088247
NER,Aderbissinat,2021,False,0.515864369650561,1.6292018628391796,1.3671513801727777,1.495333640251947,1.264003804898897,0.24779077716358153,0.3600308467704319,0.5926200424500363,0.4954257894655063
NER,Aguie,2001,False,1.676605713411833,1.0093432013550832,-0.606188110986578,0.3898566732917582,1.2794104582597017,0.6738267069083975,1.566636743408835,-0.3546706369047296,0.22798895193566654
NER,Aguie,2002,False,0.6535788240739232,0.36936679767603864,0.8096906305657815,0.4390970395626873,-0.26442393202524717,-0.19272905507202942,-0.6540539900103335,-0.33985573393922525,0.7328678952136459
NER,Aguie,2003,False,0.3252641729292698,0.037455862889189666,-0.6434626563621717,1.1386607404982325,0.9044559311041216,1.2702076934389848,1.1603169885305915,-0.3493627383048224,1.5020067600534153
NER,Aguie,2004,False,-1.8405154972219215,-2.342535603359327,0.5820271857729284,0.018399812362169764,-1.250563903987988,-0.8076480157896113,-0.6971592773230715,0.022984202427887044,-1.6927531985336752
NER,Aguie,2005,False,-0.37783409534829165,0.063199542884638,-0.5708593793704317,0.9570336455335055,-0.26359301780918226,0.7718487317911802,-0.37150655371209584,-0.3440548397049152,0.3976852741150502
NER,Aguie,2006,False,0.04280637241031052,0.10136678157316874,0.8981434744976692,-1.2091773663366434,0.39653401338494215,-0.36388479624439984,-0.6111671798311081,-0.33653650893874154,-0.8151252727586128
NER,Aguie,2007,False,-0.19606515135664626,0.06003378315101645,-0.7777351280397471,-1.0179845452501033,-1.5585385100910212,-1.6774463969667837,-1.4576367436529998,0.38604589736184314,-1.1030260941660075
NER,Aguie,2008,False,0.45295965048093406,1.2694094644277971,-0.15805814436236654,-0.899520451013527,-0.4972425056534805,0.03774406775598891,-0.5039149971431748,-0.31420327520706265,0.1946326137973503
NER,Aguie,2009,False,-1.1485486112157124,-0.5389428522262504,2.0088173650820256,-1.139880617560907,-1.2467440213529255,-2.0982158719438417,-1.4098103412719394,3.808581775981635,-2.0752176193234777
NER,Aguie,2010,False,0.3461705105210569,1.600609480535391,-0.6576114559140345,-0.7230534932951798,1.2282907574790916,1.5288398080251102,1.3307831441215023,-0.33078509320514765,1.204390500353309
NER,Aguie,2011,False,-2.0245613009099026,-0.8501178592734326,0.8094116173708689,0.705257892341991,-0.5453753496141427,-0.8362225512164361,-0.05487291774368255,-0.3281311439051945,0.2558398750414417
NER,Aguie,2012,False,1.0130496461667005,-0.2588874833099079,-2.4707491844156855,1.4092028418829567,0.12772851338415148,1.002458235657383,0.6703669493102673,-0.32547719460524044,0.8928487791003168
NER,Aguie,2013,False,-0.7618896144670475,-1.854909030946623,-0.48634345205577806,-0.8095831532522405,1.6426931218081544,0.4238121999445263,1.402522747693075,-0.3179588638390668,0.604947957692922
NER,Aguie,2014,False,-0.18848940131076855,0.22262085783128394,0.6160700304906753,-0.2916952278214959,0.585929664676378,-0.4954240614000523,0.3388417110252389,-0.12072965589029369,-0.3436026676189512
NER,Aguie,2015,False,0.9694386580993866,0.20137686242715333,0.3270277264814717,-1.3916563707524214,0.7570652634046784,0.7709024344792623,-0.30501667942266475,-0.3150831559722698,0.6897961187826167
NER,Aguie,2016,False,0.21224721039035385,0.191576304812041,0.6395087563330631,0.887055369196932,0.11938347403991537,0.33965131357458606,0.7795954711252234,-0.13001490168904878,-0.7872743496528376
NER,Aguie,2017,False,0.8457829133465222,0.7190338895527398,-0.3196892750876914,1.5379872106122856,-1.4150099570071473,-0.3477204429422643,-1.1839250751036636,-0.3107481336656067,0.11399447596782729
NER,Ayerou,2012,False,-1.3158243898255377,-1.5507787652029836,-1.2259043933503828,-1.103368423829833,0.6197581041908405,0.7686643029605859,0.00460344345030869,-0.2815411550447096,5.452821397912834e-14
NER,Ayerou,2013,False,0.2052058931522731,0.30194431425805274,0.21037047581355234,0.1478052620496397,-0.31577600929368793,-0.8388778325126205,-0.2575397447887897,-0.1922229620642683,-0.12689909267467114
NER,Ayerou,2014,False,-0.6542438849193281,-0.7295950234426395,1.9463600839755866,-0.4710926387576169,-0.8969088913312632,-1.3997697202648762,-0.7581918108025607,0.8670454833661254,-1.1843915316308127
NER,Ayerou,2015,False,1.432393279321073,0.6635470092057233,-0.199253444548374,0.9263528109016216,0.15240493066730598,0.49607174957755457,-0.03877010503550367,1.5016813297976865,0.23969828616339617
NER,Ayerou,2016,False,0.8956909173520138,0.9171954602498517,0.48476191051414735,0.6779474353663872,0.4716338450452393,0.3818279308273155,1.1280040729756546,-0.39806896726904906,-0.1973985886051164
NER,Ayerou,2017,False,0.6433187071002282,1.2440654431487312,-0.4934679554944563,1.201049308274668,-1.0392368462839057,-0.6364486333711626,-0.8964942658653707,-0.5948190515088742,-0.3242976812798421
NER,Ayerou,2018,False,0.31728975020385947,0.8228087615909743,-0.36691502045864177,0.5589075798362764,0.12583059813308037,1.0151025213316673,0.35808915072951053,-0.7826295020855787,1.7201877007018818
NER,Ayerou,2019,False,-1.1713996807838007,-0.5780274141676655,-0.10187079412393327,-1.9868801529782525,-0.3054759527460549,0.2232045954470283,-0.054041709901244066,0.3392163789867484,-0.26789808453556163
NER,Ayerou,2020,False,0.9687178882899997,1.126801317026327,-1.152493835129743,-0.3562920685946046,2.7253755873554595,1.958386903050192,2.5895889321815884,-1.3191638091753877,1.7765872974462174
NER,Ayerou,2021,False,-1.7269459642721827,-1.4615438040188087,0.9643468241045384,1.2982442018332427,-0.5699275746197451,-1.0878086366820776,-0.7451656396884804,-0.7515752152173136,0.4088970763963442
NER,Ayerou,2022,False,0.36819765798622056,-0.846908962978428,-1.2036491353364231,-0.8385460791284034,-0.3161751066404916,0.040846338525565073,-0.7111306394073461,-0.4253567301638522,-0.3383975804660103
NER,Ayerou,2023,False,0.03759982639518096,0.0904916643308654,1.1377152840341294,-0.054127234973125625,-0.6515026844767774,-0.9211995188891715,-0.618951683847767,2.0374342003784727,-1.70608780151588
NER,Bagaroua,2012,False,0.6731932729163359,0.635823612585549,-0.40994720547451724,-0.5509643106030843,0.6201650149044255,0.8064658798252909,-0.08372315326620709,-0.5622418762049387,0.14307184129032482
NER,Bagaroua,2013,False,-0.06481489638027187,-0.06984366119539163,0.28773622972627566,0.3837425624199184,-0.3427326982429128,-1.1338229416075858,0.2338984203021288,0.1939521021753391,-0.1766150002530193
NER,Bagaroua,2014,False,0.6475274853201127,0.6981202739502322,0.21335615309786915,0.40179299475245156,-0.03336727891879095,0.16894371039781986,0.153176280386167,0.15818461158975863,-0.30051932213601357
NER,Bagaroua,2015,False,0.23831225796712097,0.04631606713926974,0.0338204727078551,-0.24502619079024793,0.47412502319096117,0.5453557820522351,0.21527224024231156,-0.7025427425019121,0.3587064346225305
NER,Bagaroua,2016,False,-2.8997009451901925,-2.7770234250176733,0.004823340860801369,0.4128104306629126,0.06847155769161294,0.25208273305222983,0.3867607871579455,1.9675581192124951,-0.3525454462415828
NER,Bagaroua,2017,False,0.35891651024663784,0.418088058875079,0.9667794118310895,0.632798340057837,-2.217019463265167,-1.3920962633103946,-2.246731294719487,0.644853241557414,-0.8680148074453463
NER,Bagaroua,2018,False,0.5974207404887862,0.9103533153465744,-0.5894645020177933,-1.0656197826399354,0.3537457116826425,1.0846154008298778,0.49658802372101374,-0.8428436087988737,1.1616885869359224
NER,Bagaroua,2019,False,0.21952629898708306,0.5140101881641701,0.5429543371556318,-1.6178204647791874,-0.7223453367215426,-1.7478748341882917,-0.7382811584539103,0.17733752590334134,-1.3116059708716845
NER,Bagaroua,2020,False,0.1946749994047293,-0.5262576989820433,-1.8636663407976002,0.7167957421558757,1.8467458367708238,1.5742545467636155,2.0754803561991455,-1.1783657462919834,1.8927925414718916
NER,Bagaroua,2021,False,-0.7552160548071872,-0.6900595328153578,0.7710940058025513,1.05807314249079,0.6570429527459304,0.011920316731617982,0.3400572150550421,-0.6861589242336544,0.39841058196620516
NER,Bagaroua,2022,False,0.7143832979662306,0.3324863259085,-1.5688358813438792,1.4136385718631381,0.20196239164113725,-0.006418404653333693,-0.18210268779290004,-0.787923203899722,0.6660712994039799
NER,Bagaroua,2023,False,0.07577703308061454,0.5079864760410914,1.6113499784517165,-1.5402210355904686,-0.9067937114791202,-0.16342592589308083,-0.65039502883125,1.6181905014927362,-1.6114407387432077
NER,Banibangou,2012,False,0.30925889482818214,-0.02666617798527057,-0.25541635851388617,0.762243683362768,0.21054242719685048,0.7426281183608213,-0.39159016336669955,-0.2815411550447096,5.452821397912834e-14
NER,Banibangou,2013,False,-1.2111008040504352,-0.6958935505062527,-0.00044297460683927897,-0.3525485577190713,0.5286270259961292,-0.5731314461014211,0.7421652522874738,-0.1922229620642683,-0.12689909267467114
NER,Banibangou,2014,False,-0.06730538235322728,-0.05104770726316022,1.1728237690562011,-0.5990350182894898,-0.5264865080012423,-0.33776040172507993,-0.25063627253339504,0.8670454833661254,-1.1843915316308127
NER,Banibangou,2015,False,0.03049813595292705,0.007050915828204386,-0.04959415706480227,-1.2293543229457216,0.3651662946480532,0.4346091230867998,0.18255337576369735,1.5016813297976865,0.23969828616339617
NER,Banibangou,2016,False,0.38506789713592676,0.3254730758162334,0.2877425054500759,0.5042286060633431,-0.5615852086207122,-1.1046116031971025,-0.5920651524283713,-0.39806896726904906,-0.1973985886051164
NER,Banibangou,2017,False,1.1607445220977126,0.8310774593401478,0.007354578406159912,2.034902869934107,-1.2132517513973295,-0.41058178274429447,-0.183735142535041,-0.5948190515088742,-0.3242976812798421
NER,Banibangou,2018,False,0.4545430794558891,0.48647778973992917,-1.0360376101852367,-0.5230487535354958,0.6536641128164571,1.5708431565089704,0.6895229983562692,-0.7826295020855787,1.7201877007018818
NER,Banibangou,2019,False,0.04950168803726062,0.3035752876261528,0.1887061826077059,-0.6342084879984589,-1.1437699833583441,-1.3869264288836747,-1.4909874208400429,0.3392163789867484,-0.26789808453556163
NER,Banibangou,2020,False,0.535630346652098,0.7068880172832337,-2.2580075619858793,-0.4002932132897499,2.5254707115748833,1.9349084789441877,2.351939652347515,-1.3191638091753877,1.7765872974462174
NER,Banibangou,2021,False,-2.6328589812184497,-2.8920479903825713,1.151364999158529,1.1225643443799074,-0.13488913646235062,-0.3294732817085693,-0.20939927005540263,-0.7515752152173136,0.4088970763963442
NER,Banibangou,2022,False,0.5990859114634915,0.40725104459867095,-0.5063199757162766,-1.26423398289367,-0.5744562680207974,-0.13114123170306877,-1.1926800822960697,-0.4253567301638522,-0.3383975804660103
NER,Banibangou,2023,False,0.38693469199862446,0.5978618359046822,1.2978266033942485,0.5787828329315319,-0.12903171637159744,-0.4093627008375685,0.3449122253000675,2.0374342003784727,-1.70608780151588
NER,Bermo,2012,False,0.6128882896511977,0.8187401502670524,-0.9541970733844236,1.057501958383602,-0.11640461455494243,0.28761804380059336,-0.04186722537206455,-0.6058638294591547,1.0294506250597708
NER,Bermo,2013,False,-0.1357874916373131,0.00236870303298759,0.2310398039809334,-0.9203280622225344,-0.060272106504288867,-0.5144701517994709,-0.29891285852807603,-0.5581783907768841,0.5158666103404296
NER,Bermo,2014,False,-1.1379190503023386,-1.3939783679218607,0.5881872312380855,-0.21673098908713057,1.0939549694148663,0.7787088935329154,0.9179389823670551,0.927807164351951,-0.8879296965591701
NER,Bermo,2015,False,0.636836711761704,0.01074134346689592,0.4679472702798949,-0.9513843353164663,-0.3121591742768412,-0.5588756025061752,-1.2484664693388168,-0.555006238825591,0.3789108730818793
NER,Bermo,2016,False,0.3011010294149511,0.369201760031154,0.386845865421322,0.8642243824145281,-0.01781430054970383,-0.06703803590468768,0.42620404177707677,0.8387805908900027,-1.7370552675618116
NER,Bermo,2017,False,0.4161945329200861,0.635378175715339,0.49345503554064063,-0.6495066349053145,-1.6815501289798587,-1.0262403512808613,-0.9337536603325621,-0.5407702398247088,-0.6482571563568662
NER,Bermo,2018,False,0.6488418064625138,0.6770638210574337,-0.6034463944040039,-0.01133991305290239,-0.20282106408456038,0.7701320460187687,0.49467326312035953,-0.5225883932746788,1.3307532470283374
NER,Bermo,2019,False,-1.5196517218226966,-1.1099999615329572,0.7308774828409166,0.2899365814959198,-0.40716837343208356,-0.9842984507707453,0.0730332318948879,2.678293454540452,-1.1412978104874316
NER,Bermo,2020,False,0.30210146205074234,0.6228795152152844,-1.880325581458936,-0.135824641234641,1.799838876186753,1.9966739714873158,1.2467924449489989,-0.42721751591014095,0.6596701344616701
NER,Bermo,2021,False,-2.0025878935260617,-2.121293704934638,0.2993396094380879,2.1831412905524856,1.4651347345313608,0.8568796201777237,1.5318067093721464,-0.3057730968972804,-0.3880412555657864
NER,Bermo,2022,False,1.091076341291242,0.4619941108525463,-1.384125180999853,-0.08197362126831859,-0.9381559111161777,-1.5470114083675996,-1.7744473494367985,-0.4978043442894409,1.2348842309472758
NER,Bermo,2023,False,0.7869059837359724,1.0269044547507624,1.624401931507335,-1.4277160157592277,-0.6225829066345232,0.007921425612222886,-0.393001110472207,-0.4316791605245254,-0.3469545343882976
NER,Birni N'Konni,2001,False,-0.9927366589497761,-1.3114841006069666,-0.7481375605481402,-1.1437631101637658,-0.5516520854882778,0.6443636507061071,-0.7597677201609714,-1.1637853104356808,0.9534853147674772
NER,Birni N'Konni,2002,False,-0.07542505449171953,-1.0288105975045578,1.0492785864001428,-1.749065951709839,-0.18792667119338252,-0.19532829529093157,-0.5202931435505247,0.359652513773426,0.20816205249740555
NER,Birni N'Konni,2003,False,0.39124002627555193,0.040106738240851564,-0.6448493153298789,0.9891397721321616,0.16902845875949737,0.9239627162563493,0.22095406846274668,-1.067279436023193,1.4194331907910849
NER,Birni N'Konni,2004,False,-1.1357986435185685,-0.9978702822754508,0.9300948190537793,-0.6112704830879788,-0.07863962884437747,-0.043807889458753906,-0.013294588350587687,3.641216666942095,-2.2607816723246827
NER,Birni N'Konni,2005,False,0.4984535483547021,0.5461594450690992,0.022879060776354442,2.2981767194174463,0.24120641120036285,0.3322049311471712,0.9238189605590504,-0.21641765348424113,-0.23426286712943142
NER,Birni N'Konni,2006,False,1.218688230471094,1.06497231508912,-0.16846140954556812,0.1971281674061896,2.4213792851743943,0.060378019458242185,1.2589491900723762,-0.5201974734036804,0.16176060426267289
NER,Birni N'Konni,2007,False,-1.3364514298161896,-0.9892245685077184,-0.9886707866714611,-0.7547704180722002,0.7004520006678131,0.3257368352147248,0.947984220153976,-0.5389983946975666,-0.7466121913877408
NER,Birni N'Konni,2008,False,0.9582907934740468,1.601725047904627,-0.19072667636873383,0.9354225007619444,0.08210376345098658,0.5410059735853433,0.40950743418336544,-0.7673426238043475,0.6277084802862805
NER,Birni N'Konni,2009,False,-0.7155233399100439,0.53681998853289,1.6179782731973171,-0.46383510048237475,-1.7561420675094588,-3.318760911407079,-2.0089984998182575,1.78704827484426,-1.5850605824066533
NER,Birni N'Konni,2010,False,1.6519736858529002,2.728762462345101,-0.7900975599437187,0.05402669095178694,0.3895420148896412,0.9765581823543054,0.688274957895732,-0.7043636786419247,1.5828049564508022
NER,Birni N'Konni,2011,False,-1.4458983614133754,0.06339943297725414,1.729251281242763,0.20603741934628828,-1.1363217634280485,-2.0648952814006947,-0.7317202133477744,-0.01909908568444457,-0.4669145728618164
NER,Birni N'Konni,2012,False,1.7225308898158196,0.10687852450702576,-1.0593398011115351,0.11240262048778202,-0.2040341021512562,0.5226090636704541,-0.38556201382559563,-0.5240404811042743,0.09215843191060287
NER,Birni N'Konni,2013,False,0.0844703360849556,-0.8718766928806778,-0.5813368771950616,-0.6149752053019822,-0.972829955018565,-0.5497839355934144,-0.6598469965406362,-0.2746259683976399,-0.16401623021852382
NER,Birni N'Konni,2014,False,0.24034888003329846,0.13235395601755645,-0.3225019260526672,0.10759119217635356,-0.2641599698752518,0.14702124900403185,-0.10751370554859317,-0.226373031191396,-0.25714135896736445
NER,Birni N'Konni,2015,False,-0.2345869672149313,-0.4471414933712627,-0.188119140354831,-0.08661993367006303,1.1543559156215912,0.7402465407713458,1.0000539015413668,-0.38766340179805875,0.3019316458050548
NER,Birni N'Konni,2016,False,0.3810408834562696,0.3266063900928911,-0.3901977399960879,1.590673790810607,-0.1893475553264034,0.46722819968968976,0.30694579696835833,0.347891585034519,-0.2803420830847308
NER,Birni N'Konni,2017,False,-0.22778574437069601,-0.36752994412332596,0.9449281729224771,-0.3350204959317653,-1.8766217109697287,-0.5721522768173922,-2.172213972081962,0.06925696205262862,-0.6995662785942014
NER,Birni N'Konni,2018,False,0.3579212108836034,0.247934919822407,-0.4110863235731917,1.183930944238941,0.6402665807089686,0.7985799794864751,0.9314162066104231,-0.25128632249184324,1.000853459840421
NER,Birni N'Konni,2019,False,-0.060582892861292315,0.007762200922096601,0.8169336328012629,-0.4202182078952411,-0.5672663595608398,-0.8569680646254902,-0.974528860457984,0.06518204871492123,-1.0488660694721688
NER,Birni N'Konni,2020,False,0.44798117078293437,0.5182486280165653,-1.443837093010461,0.5378986951681572,1.852316799419793,0.8757353340559967,1.982621107899416,-0.22183430657948547,1.6298508692443436
NER,Birni N'Konni,2021,False,-2.343388190831714,-1.7927313223371533,0.6627821110047498,-0.017115982883960715,0.016138879576365193,-0.1558760299526831,-0.11871081910845112,-0.0394736523729813,0.39537900683329796
NER,Birni N'Konni,2022,False,0.8069520456991277,-0.6608158825577038,-1.6213922299901316,0.06516431806353196,0.5891765574829,0.2779459376461432,0.31447244809228647,-0.007984179791769895,0.6283529448450873
NER,Birni N'Konni,2023,False,-0.19171441780599754,0.5457548346273322,1.774628502292622,-2.0809379417620186,-0.47102479758672394,0.12399607150005905,-0.5325477596477602,0.6605169485406778,-1.2583170510872164
NER,Boboye,2001,False,0.14623771055990586,-0.8784499846017351,-0.2279372363459584,-0.27719819134581136,-0.15504258328955048,0.1943132445358929,0.315497951488261,-0.42294647781785805,0.30653558170196066
NER,Boboye,2002,False,-0.5360062415575264,-0.840445722258171,0.8917566568914296,0.0932390467754595,0.10504941331360379,-0.006743789388153737,-0.3407579798371947,-0.4493848032906187,0.10467068643481296
NER,Boboye,2003,False,-1.3689559579435753,-0.9096068821495167,-0.9567615496409441,-0.9060552248335612,0.022530525232782567,0.5134891246444473,0.02237784134741255,-0.12916654553282092,-0.26915319368953355
NER,Boboye,2004,False,-0.7567999368657036,-0.4827659633279784,0.13748304050927415,0.32623928208913305,-0.9519461312800253,-0.09785531390604284,-1.1273581391697327,-0.1398477535860107,-0.9868950435282701
NER,Boboye,2005,False,-1.6779718423719983,-1.4914676547442058,0.5124105639897882,2.4509698733665544,-0.5365025493755873,0.5097937628999123,-0.0699254664409773,-0.37788165583585265,-0.15700602965222504
NER,Boboye,2006,False,2.0674204980150694,1.6880590659076053,-0.6152935580442259,-0.16800448727807074,1.732851410056458,-0.6419673437225488,0.8315758132466603,-0.5889033567950147,1.532677908509812
NER,Boboye,2007,False,0.5876993909360138,0.5206224592434819,-1.2841617155948601,-0.6941580638856203,0.6261237757221081,0.11016714683804406,0.6843671250937046,3.0718237939118014,-2.1083666839013087
NER,Boboye,2008,False,1.1779855990715742,1.539551631754696,-0.5993515015823384,1.314904833777115,0.4421643450458561,0.4485318002714722,0.6723335713407812,-0.6485330580632093,1.644825072547113
NER,Boboye,2009,False,-0.18672945214620246,0.09192868876042032,1.336591362730318,0.18365632548696392,0.12985216406027184,0.02324875533124203,0.3938415472829911,-0.5624205448247495,0.2392472832795832
NER,Boboye,2010,False,0.5370600623606822,1.6912702970675848,-0.20915498795617393,-0.5759930981444954,-0.28107073510447805,1.081197675496476,-0.056408517029740146,-0.6991586922344932,1.0691362971556262
NER,Boboye,2011,False,-0.363421349556808,0.2893636542927167,2.951722714655125,-0.6444615767421832,-1.7898355668644488,-3.3726912123763566,-1.91237619780965,2.1309432687835175,-1.3681954012551039
NER,Boboye,2012,False,0.15447046791850716,0.1717755204044784,-1.245990719497352,-0.6446262879898224,1.0623755950409235,0.827691084363065,1.2144554614348286,0.31494660780235384,-0.19438841766466122
NER,Boboye,2013,False,0.3400794816078256,0.26187708770626394,-0.47734750708004786,-0.8445504356237473,-0.3083342312682193,-0.35441693405144126,-0.015192114850476515,-0.45882928671290957,0.29158262649699196
NER,Boboye,2014,False,0.774737198238604,0.41325756906497274,-0.011476150508625771,-0.20970615649533003,-0.2125886190037773,-1.2789670875142407,-0.07937576843911014,-0.406482025087816,-0.2542002384845515
NER,Boboye,2015,False,1.0406215376247987,0.40476180976344456,0.40911041674592863,-1.762909081578155,0.6650692428110133,0.5686411697035548,0.23238831260882734,0.670077868809395,-0.4560651337516992
NER,Boboye,2016,False,1.7783749494167231,1.2880920211920874,0.03702604372656883,-0.8131362400936405,-0.9885797114859842,0.2697206755039805,-1.4562320328773752,0.3577604130101349,-0.8298890138760457
NER,Boboye,2017,False,-0.5240747789059819,-0.4368609188025829,0.08747495284566265,2.012746649115364,-1.627520044355491,0.0761970669896669,-1.289502309083988,0.09946735979226047,-0.5158769545715971
NER,Boboye,2018,False,-0.36477546822462814,-0.29543935221254664,-0.20788725645502829,-0.4672935278196634,-0.36387990731350595,0.7461745785535265,-0.9613926743562,-0.7936124237568966,1.3457659684476464
NER,Boboye,2019,False,-1.2210517805473233,-1.4982079038827933,0.5847082412208021,0.9524624135820159,1.1489869086755817,0.6195278880633723,1.7158065320758769,-0.8335568498750036,1.1439010731804986
NER,Boboye,2020,False,-0.9522237048234827,-1.05863814591942,-1.3540052894881816,0.2518101612626478,2.0312215783473007,0.9661366674168893,1.6339800586423248,-0.7586994205076533,1.1139951627705498
NER,Boboye,2021,False,-1.381179594790805,-1.4526261058541803,0.3379236687533778,1.1778179450073565,0.6857347278301059,-1.8247840962823538,0.9608596671709865,-0.3889587937169183,-0.29158262649698763
NER,Boboye,2022,False,0.4004393156941329,0.010253448921128241,-1.2171790433622278,-0.6072189349497358,0.1368578883722539,0.392033076063506,0.1411481990470217,-0.5572111759658167,0.19438841766465786
NER,Boboye,2023,False,0.3280638962901981,0.9736953796742498,1.120338853487689,-0.14853522368277383,-1.5735174951671924,0.23056206056608944,-1.5101108808852313,1.5705735514941792,-1.5551073413172694
NER,Bosso,2012,False,-0.0347402748045961,-0.8221734358460941,-1.4778605196896901,1.0574251936593284,1.2319588225527818,1.5906456287890274,1.1803263991485462,-0.901053502258923,0.5674105542518962
NER,Bosso,2013,False,-0.6502069605477853,-0.7919473016887113,0.4260616847435337,-0.5328493265605078,-0.44249196711409367,-0.6825894700024249,-0.5130447958719087,0.6200005086070061,0.2723214917115074
NER,Bosso,2014,False,0.1169240047514051,1.1924255770156327,0.9552929176736601,-0.6416206305765898,-0.9254611100211672,-1.4224965839810337,-1.2484225026924733,1.588899525435793,-1.0910646833167978
NER,Bosso,2015,False,-0.17864896502427643,1.2442315067568004,1.0155047520634268,-0.5548516707187834,-0.5549042204632902,-1.1117504185231981,-1.1481334058156933,-0.7755816069226078,-0.47047050658177575
NER,Bosso,2016,False,0.6544237453021273,1.0757595909564177,-0.03128319187254295,1.307748524624525,0.38006009330238233,1.0273834673070712,1.1339733212545537,-0.7473910984534097,0.6079652897908688
NER,Bosso,2017,False,0.2524758205431728,-1.4177251153704762,0.6270098026351162,-0.7988524889948689,-0.9546511625000915,-0.569388960809584,-0.5889346130763106,1.5763326722628086,-1.518490251300232
NER,Bosso,2018,False,0.46310078180885816,-0.3962554188402538,-0.7277756890402614,-0.21062999415865602,0.23935240282031373,0.6790541152332884,0.9792746978310168,-0.7625857288901693,0.6282426575603288
NER,Bosso,2019,False,-0.22468243866281962,-0.7603725654671576,-0.059304322168463146,-1.2235206127236913,0.2117773021085024,0.27521306394227024,0.2689753545758943,-0.3100538824109311,0.18053972180738048
NER,Bosso,2020,False,0.28893958941745546,0.6718367768285001,-0.890310771984298,0.895990369662878,1.3369145070162594,0.8503272093635228,1.0725732252212963,-0.6346290645765734,1.4115893913925863
NER,Bosso,2021,False,-1.6988667537072397,-0.4947267495702293,-0.15934419879656522,0.7393124837849924,-0.4412508936644838,-0.3117687027339419,-0.9314910295265809,-0.5911009173841067,0.20081708957684052
NER,Bosso,2022,False,2.2794077501532297,1.250442644241225,-1.4031854317026276,1.3297267830201118,1.5371297425882946,0.8263478265121889,0.8365092444521023,-0.47088457657537053,0.974025139524368
NER,Bosso,2023,False,-1.2681262992295317,-0.7514955090156531,1.7251949681387118,-1.3678786310187387,-1.6184335166254076,-1.1509771750971862,-1.0416058955004432,1.4080476711664838,-1.7628858944169707
NER,Bouza,2001,False,0.09589510398531265,-0.9814250329804364,-0.2496558813388327,1.263738143153945,0.90245097667651,1.0084904004195892,0.7892675352431551,-1.1637853104356808,0.9534853147674772
NER,Bouza,2002,False,-0.9202692522593924,-1.1567861136642543,0.8458424742765117,-0.8573464641986432,-0.2805813231950104,-0.06931195449821227,-0.8925229643735586,0.359652513773426,0.20816205249740555
NER,Bouza,2003,False,0.07818536093818519,0.03891176290804733,-1.021320566123608,1.1226705156355405,0.19123400809559676,0.934359125076128,0.37071729057088326,-1.067279436023193,1.4194331907910849
NER,Bouza,2004,False,-2.357685198599898,-1.964174488974767,0.971808855418103,-2.0283494159031723,-0.548822256732467,-0.09025288197487018,-0.23600252161949178,3.641216666942095,-2.2607816723246827
NER,Bouza,2005,False,-0.3736266546521989,-0.012531108672855477,-0.6407504712619325,1.0758978894088256,0.2798695422269504,0.07586228240026878,0.6050895576339806,-0.21641765348424113,-0.23426286712943142
NER,Bouza,2006,False,0.9472095725187119,0.5608941519279568,0.17114541954086407,-1.5934134696397058,0.6790360697587753,0.4715952526473219,-0.442853273741551,-0.5201974734036804,0.16176060426267289
NER,Bouza,2007,False,1.1604446480799664,0.9950824024991866,-1.1136482067179336,-0.35734019185691634,0.07234972302084232,0.21426644122638405,0.13744504364061072,-0.5389983946975666,-0.7466121913877408
NER,Bouza,2008,False,1.8070660157418428,1.6477555751920219,-0.24535107525822125,-0.42951868587121306,0.2571297958131208,-0.8241063652514958,-0.4542650556363089,-0.7673426238043475,0.6277084802862805
NER,Bouza,2009,False,-0.4283034591934753,0.2492377649612058,2.2120244073509454,-0.2531677191166689,-1.9609139914053741,-3.246196471078365,-1.9043431121515342,1.78704827484426,-1.5850605824066533
NER,Bouza,2010,False,1.2681878754543616,1.476746230230715,-0.647747259893094,0.07156995509689713,1.1795475215049296,1.1671928257640376,1.7854673971350792,-0.7043636786419247,1.5828049564508022
NER,Bouza,2011,False,-1.2460750460442367,-0.7979054312567109,1.0625778276001006,0.8780162018006321,-0.7724904411903696,-1.2939201053669809,0.015182131799443867,-0.01909908568444457,-0.4669145728618164
NER,Bouza,2012,False,1.1945974451547483,1.3648193023787791,-1.3308194298724443,1.9931141097091962,-0.5454496472421249,0.6768708038790673,-0.38734304429744826,-0.5240404811042743,0.09215843191060287
NER,Bouza,2013,False,-0.6534756316165213,-0.18801172954241022,-0.30289614561019185,-1.1467585445450326,-0.8685872908528205,-0.635113694323185,-0.6441489241928632,-0.2746259683976399,-0.16401623021852382
NER,Bouza,2014,False,-0.10542198941673024,-0.038177615916611084,0.33952997963388976,0.21650333963121526,0.4323309076844046,0.2873483324757563,0.6253453777988521,-0.226373031191396,-0.25714135896736445
NER,Bouza,2015,False,0.9813918673142777,0.6558003755393079,0.02925401623471399,-0.682218353689998,0.6881816591727571,0.2985245778522954,0.04927039614011799,-0.38766340179805875,0.3019316458050548
NER,Bouza,2016,False,-0.5749058226897508,-0.431858413257659,-0.041848761548632284,0.7985467975997598,0.5287469653807295,0.27684663215052757,1.327207661645654,0.347891585034519,-0.2803420830847308
NER,Bouza,2017,False,0.2170045358568774,0.6121122971264261,0.7064627117211417,0.6521749498559459,-2.2434022217620457,-1.1315312492292042,-1.5340961110868694,0.06925696205262862,-0.6995662785942014
NER,Bouza,2018,False,0.5409979435826773,0.7742837726288792,-0.30031536507318785,0.5529506027579828,0.5468806798502364,1.053309008080676,0.8764490746799228,-0.25128632249184324,1.000853459840421
NER,Bouza,2019,False,-0.13006081137317035,0.17422358085846434,0.5469643229341736,-0.11039907183509254,-0.6781554370972761,-0.584528509062621,-0.4347891373858287,0.06518204871492123,-1.0488660694721688
NER,Bouza,2020,False,-0.01990304587957149,0.3100536083478861,-1.8227550552060197,-0.3967514835119375,2.5311380189550285,1.1793533027253393,2.0633127070427943,-0.22183430657948547,1.6298508692443436
NER,Bouza,2021,False,-1.7079003246282871,-1.5589491560547641,0.5454958254217263,0.07710386716292546,0.09046849614634495,0.1605935896834758,0.13667626552531628,-0.0394736523729813,0.39537900683329796
NER,Bouza,2022,False,0.36551685411238594,-1.700458158304094,-1.360775622415017,0.5096594692100269,-0.3135755823652053,-0.35782887917202216,-1.5441761270343064,-0.007984179791769895,0.6283529448450873
NER,Bouza,2023,False,-0.13886998638611386,-0.029643575974313354,1.646778000186945,-1.356682440854513,-0.1673861724435329,0.42817753557608995,-0.3068901673360502,0.6605169485406778,-1.2583170510872164
NER,Dakoro,2001,False,-0.5025255019774995,-0.5431833625409763,-0.5944813226108397,-0.07469245452238803,2.177916531762128,1.167960007739387,2.2644986004085697,-0.4969102483481616,0.5706609767902706
NER,Dakoro,2002,False,0.13278151700586446,-0.45312790931960495,0.5979656223146667,-0.36804332269422346,-0.5368261917339573,-0.2906295862869398,-1.23985265483039,-0.465838908155762,1.0319352124339862
NER,Dakoro,2003,False,0.79476760995821,0.009787133020593171,-1.0087304566236148,1.5105975801772802,0.3847824359992541,0.7688884761941749,0.29898766626521767,-0.4630931208637416,1.7645314628823763
NER,Dakoro,2004,False,-1.8966087204620126,-2.228298757471942,0.8563197238165456,-2.046088978308755,-1.191323713736397,-0.14807541926952125,-0.8581759572214075,-0.01563615303583237,-1.5727025087393662
NER,Dakoro,2005,False,1.44873011682054,0.5401292546087284,-0.47382375574769725,1.9634845977896977,0.12968088819786258,0.26018348686320664,0.26661141238527447,-0.4292759933793216,0.5165038157324263
NER,Dakoro,2006,False,0.8810829702472674,0.710142136515736,0.3107540658844669,-1.3430519950082638,0.9311011264708049,0.8116155512156331,-0.3613366219796535,-0.4067023190570386,-0.7858150448542496
NER,Dakoro,2007,False,0.22564574907169183,0.43956161308112485,-1.1612112595125996,-0.8724966231340374,0.19014604968279264,0.29730789849509764,0.2941463572738252,0.44864261053627175,-1.1385068536245615
NER,Dakoro,2008,False,0.47048734929239483,0.9258772424387485,-0.12923310681648367,0.34885368023983804,-0.021730635370064904,-1.1809289463216233,-0.3348001970705775,-0.353057304542356,0.13673342643318023
NER,Dakoro,2009,False,-1.9881140672509041,-1.9046396018516512,2.249527315195975,-1.243206802897386,-2.0756566651721453,-3.520542628422433,-2.303094883883981,4.462199920523391,-2.250873493372198
NER,Dakoro,2010,False,0.764971614483347,1.7113763332686263,-0.4859656033526108,0.049910663046310665,0.9001501000842843,1.054731820632093,1.1861877971192674,-0.3447331746682736,1.0592818977206357
NER,Dakoro,2011,False,-1.4989600333512048,0.2122022923584803,1.0282068251751832,1.042330618511171,-0.4957774146734473,-0.8506866108778163,0.23871336932237103,-0.32782461092606563,0.028285051938634117
NER,Dakoro,2012,False,0.7329055292761979,0.9881959411662489,-1.3225286782898409,1.706622825880365,-0.5929634686153648,0.4862758100186636,0.39926327874945694,-0.3109160471838576,0.6252202949846878
NER,Dakoro,2013,False,-0.45581704250481114,0.1113617543625941,-0.017674788889416974,-0.10177424827261299,-0.6552687868115573,-0.36239478121023194,-0.4446979111752078,-0.2883423728615706,0.2725284862143758
NER,Dakoro,2014,False,-0.49198428650393683,0.24595757975055765,0.4488544118101899,-0.1273783945493506,-0.3440499348035324,0.42466941447503553,-0.2179128431096204,-0.04482938591636197,-0.7584683595676257
NER,Dakoro,2015,False,0.9454305922777442,0.7812846863978645,0.4783622209063852,-0.20111484456882953,-0.2381423273703404,-0.1650351251459264,-0.805920078295552,-0.2573578006671921,0.24544990568546574
NER,Dakoro,2016,False,-0.027423801110189286,-0.281186529240378,0.4007157464844269,-0.7371974380669537,-0.14045825763614264,-0.05975750751768672,0.5255609270624346,-0.028007590172167002,-1.328190969705886
NER,Dakoro,2017,False,0.7713431502829964,0.7303859543031334,-0.0178284240320241,0.7253319356737691,-1.6336591354569512,-0.468950120540412,-0.6602269358358046,-0.2246736952987871,-0.459933711855158
NER,Dakoro,2018,False,0.8646331646978075,0.7725243501205584,-0.3237030170257295,0.7183596489103483,0.083784663078716,0.981264988550578,0.7834211472165293,-0.2066321094405601,1.0866285830072595
NER,Dakoro,2019,False,0.03302646341457448,0.09697086654299321,0.7644786079078456,0.3171855196660678,0.18611179763734517,-0.3999944650650467,0.41908238743297554,0.30030851947813675,-0.758334307188768
NER,Dakoro,2020,False,0.18179519839090993,0.2070887553520907,-1.8073939218372834,-0.3400041606686268,2.0428475409059383,1.1627090226931447,1.6680190744877037,-0.16148476079599408,0.6525669802713358
NER,Dakoro,2021,False,-2.010319538505209,-1.783811148210999,0.21339765597116625,0.21974261276472606,1.0426200283497034,0.3275712060361225,0.6483183681754564,-0.12758086531355706,-0.10710785070598851
NER,Dakoro,2022,False,0.5051671620201027,-1.4034267742454978,-1.608657522194758,0.02886697191614299,0.21079024002283178,-0.34011538506295824,-0.9868034854864887,-0.14183040976176164,1.1681324293517532
NER,Dakoro,2023,False,0.11898480442611833,0.11482818959297131,1.6026496614660473,-1.1762373918842894,-0.35407487081176053,0.04393289280745892,-0.7799888170103989,-0.11642418014943709,0.0014745761674152431
NER,Diffa,2001,False,0.9775619579357819,-0.22666946407989258,-0.9607589168200612,-1.0923705189772066,-0.0732348039238806,-0.16054301579140481,-0.17083226431225843,3.2574600398819635,-0.5852627721698296
NER,Diffa,2002,False,0.4090096982238646,-0.2560517452072434,0.9980554908861112,-1.2531885119647848,0.025325307897396506,-0.6074325271315572,-0.5519095066090375,-1.0442824720257555,-0.5949365369990689
NER,Diffa,2003,False,0.26793638031161265,-0.32079042702397126,-0.39846787054670096,2.2738802397198694,1.504398100984982,2.1358440026651095,2.037140528082547,-1.1124067307927876,0.7939396992008778
NER,Diffa,2004,False,-3.5994800665991997,-3.670522936775762,0.35547811470120505,-1.3776271739077737,-0.6814172701731058,-0.6167344700573965,-0.5913999338073789,-0.40993819348377364,-1.1387403170435548
NER,Diffa,2005,False,-0.22544674286210148,-0.18182587082952867,-0.4674185353064538,0.7713686394315346,-0.6308488222370616,0.5566613475906217,0.011423888340304951,-0.9917909829681523,0.25013591915639183
NER,Diffa,2006,False,1.0157892878200743,1.1746576470572343,0.9255492886588512,-0.7805478676527027,-0.6283314338098713,-0.9153093353304355,-1.1825129253644446,0.4162805965309763,-0.6336315963160879
NER,Diffa,2007,False,1.2158031323884,1.4131597216920695,-1.1263972617447116,0.7585542152559313,2.106721216353382,1.2006032389049646,1.8740138587836856,-0.3450677036859929,1.1048821401411557
NER,Diffa,2008,False,-0.13146406920270295,0.7258703812525835,-0.22189529211981754,0.12700180745905745,0.40434662438239133,-0.14119132373907703,0.5596330355131123,-0.7783724842882596,0.5707521249259089
NER,Diffa,2009,False,-0.7277748514919621,0.28898334233247197,1.5133981499540543,-0.49037085964652655,-0.5539591919554195,-1.7563772228998973,-0.8919659630391569,1.530271399058778,-0.48783414067522113
NER,Diffa,2010,False,0.06537663279270686,0.973028542533363,-0.91430754022838,0.16826825475717685,0.47424142223022164,-0.3297684415747892,0.4197726003432183,-0.571103731282382,1.6003170960393194
NER,Diffa,2011,False,-0.35155416313042726,0.5926731668764619,1.0299979807152153,-0.5026906417049923,-1.017516288383051,-0.6737003257312661,-1.0530003450962004,-0.4813957306121517,-0.15754417007640265
NER,Diffa,2012,False,0.8748059963545718,0.7298737325164895,-1.4317720523011324,1.6797759548939488,0.5377016941858088,1.7384922388972217,0.4809271674396391,-0.611414993080071,0.7068758157376004
NER,Diffa,2013,False,0.008289857077333217,0.1910224558438593,-0.1254370014689479,0.553581429959485,-0.3334905408421733,0.02221616229136923,-0.1173892701928291,0.32934930847735894,0.34756455065100217
NER,Diffa,2014,False,-0.03934736792563591,0.6566412093569105,0.7254451692507478,-0.027517481889353147,-1.3248995180777194,-1.495449197862892,-1.6250854786798445,0.9358805900500152,-1.2354779653360732
NER,Diffa,2015,False,0.24633995439350465,0.23180491368565612,1.2457770502488996,-0.779597685562089,-0.8978222120123528,-1.0956237768185142,-1.1693793394494068,-0.4753652490262698,-0.5458767296507187
NER,Diffa,2016,False,0.7153430161079974,0.21019877346100602,-0.1888058547205564,0.6666765600303884,-0.2196004107389507,1.1851532097418211,0.8012264543434882,-0.43826800150179357,0.6681807564205794
NER,Diffa,2017,False,0.18809892989466126,-0.2212993873943562,0.35339449328207223,0.35466295990441715,-1.3283553417070761,-0.24941890009469994,-0.772741458037073,0.9883720791076012,-1.7889555102097363
NER,Diffa,2018,False,0.28611981294465977,0.17829224930088844,-0.24114489550574214,0.13547719709459055,-0.5565458361492686,0.3810778789319795,-0.3321595665831704,-0.4074000090434622,0.6488332267620388
NER,Diffa,2019,False,-0.7746930083257145,-0.7963049897416967,0.16059260673735537,-0.12558826496621978,0.5592633228763301,0.761551232330759,0.8717843581009896,-0.11343849616028638,0.11470321154685423
NER,Diffa,2020,False,0.19581987309565024,-0.5078183412450266,-1.2582197691423302,0.6458292521448683,1.2809231235573664,0.4429538654250956,0.9562589609982882,-0.2898790114038711,1.503579447746803
NER,Diffa,2021,False,-0.8162262242114969,-0.8155898237740518,-0.20694674212199363,0.14717069315229708,0.35977916906468044,-0.12036204776240668,-0.06993619554848536,-0.2434975133242618,0.09535568188837576
NER,Diffa,2022,False,1.0569762235147175,0.11917024338678428,-1.7769459235422655,0.3687110567120732,2.0205035777245097,0.7375173945740955,1.3641712816621818,-0.15069476246898705,0.9597756677023789
NER,Diffa,2023,False,-0.8572842591062957,-0.48850339322424957,2.0108293111345814,-2.2214592542439897,-1.027181889247138,-1.000159986558701,-0.8480398868881692,1.0067020520415657,-2.196635599442593
NER,Dioundiou,2012,False,-0.6561139927659708,-0.7821676995980806,-0.7968699416512647,-0.5473314521698268,0.8923499216412404,0.07080531846919966,1.0044560023956917,0.6093344374563895,-0.23417732207157949
NER,Dioundiou,2013,False,-0.9697784782692471,-0.8592060806691979,0.015414902545629916,-0.10781294388899654,-0.401674572166388,-0.873264395115303,-0.18081085141943973,-0.46598080615830206,0.3288201330669074
NER,Dioundiou,2014,False,-0.09520252028387952,-0.05481452677095551,0.16889099317027934,1.304450584310106,0.22349746946600052,0.7120265915399526,0.0775096520234253,-0.400646847142528,-0.2994322675500251
NER,Dioundiou,2015,False,0.09163377362872206,0.05737369276985998,0.8546984172205219,-2.0007273264827177,-0.11900259808669035,-0.3730205085103396,-0.6087196243149766,1.0788434802570483,-0.5306013829151519
NER,Dioundiou,2016,False,0.440167241730107,0.541314739578023,0.49836655061006574,-0.30283875250302517,-1.100459685661575,0.3132395050871186,-1.4893445418262545,0.6406756114086931,-0.9603121409061738
NER,Dioundiou,2017,False,0.1960151068329104,-0.03372080276166367,0.8047417142202428,1.4449680875795257,-1.4497794057138893,-1.4471956094426868,-0.7873759038709588,0.27710060594761643,-0.5958563283935887
NER,Dioundiou,2018,False,1.2154537914984285,1.3201885987175994,-0.8462511414944159,0.757689178565064,0.08816784892845023,0.8344070427247259,0.19872992467543127,-0.9629405443139817,1.55547426775213
NER,Dioundiou,2019,False,1.1184174514850187,1.3939032136718539,0.2882912389666459,0.8363746573672898,0.6756358347870599,0.9392639661531321,0.9691364801395854,-1.0250360602514748,1.324305152387003
NER,Dioundiou,2020,False,1.0827570100623822,1.249256454657679,-1.2656778423889161,-0.0026425572181222575,1.5490850337045647,1.1967606389179481,1.3219918501802372,-0.9286217414910015,1.2916776796477805
NER,Dioundiou,2021,False,-0.7547397047752509,-0.20703288705712591,0.2911778416441036,-1.2029886780977301,0.4307384463383872,-0.7705099112295052,0.07414557763132149,-0.42505471007498435,-0.32928293409867193
NER,Dioundiou,2022,False,0.49179947946267993,-1.8668910975644593,-1.77043348769747,0.09456201342791778,0.8912197994453857,1.0418541407306872,1.0964675804236623,-0.6643082765572639,0.23371452103981502
NER,Dioundiou,2023,False,-2.1604091586059004,-0.7582036049735323,1.7576507548545777,-0.27370281088948417,-1.6797780926825459,-1.6443667793249301,-1.676186146037725,2.266634850919789,-1.7843293779584455
NER,Dogondoutchi,2001,False,0.310801087619141,0.07090892462992152,-0.3902010831237703,0.23656725221065633,-0.2710170576882326,0.37195154752175674,-0.3530926966633632,-0.42294647781785805,0.30653558170196066
NER,Dogondoutchi,2002,False,-0.2809114507901502,-0.6576039600365919,1.100529793309728,-2.7123496143651513,-0.15127284145011474,-0.4323010187118139,-1.0145753924591496,-0.4493848032906187,0.10467068643481296
NER,Dogondoutchi,2003,False,0.3558337939251531,-0.041281314354703585,-0.8702265938575279,0.9877182157708284,-0.09002969498136001,0.6813142916465013,0.447666100727141,-0.12916654553282092,-0.26915319368953355
NER,Dogondoutchi,2004,False,-0.19574838135583872,0.30111018471714207,0.8591997037696085,-0.6568877857280814,-0.2051344737282778,0.21729347282035347,-0.49342198005545934,-0.1398477535860107,-0.9868950435282701
NER,Dogondoutchi,2005,False,0.061471920321329254,-0.12860904188069547,0.21943266634732791,1.1509290516529365,-0.7399372497883118,-0.07710799730771291,-0.08448844401129307,-0.37788165583585265,-0.15700602965222504
NER,Dogondoutchi,2006,False,-0.5603695613855848,-0.30561094886164153,-0.056236394891205015,-1.1480329068500428,2.2916685086167425,0.5844132869550398,1.0787412630384046,-0.5889033567950147,1.532677908509812
NER,Dogondoutchi,2007,False,-2.089919025046366,-1.9209039850518825,-1.1572480229853144,0.10325128840766874,0.20309169762549042,0.5134480693612702,0.7139722269272648,3.0718237939118014,-2.1083666839013087
NER,Dogondoutchi,2008,False,0.1424387725733269,0.8548384965416584,-0.3567694073880133,0.3086862194595491,-0.03886424868891439,0.06627706685526868,0.2087621298638417,-0.6485330580632093,1.644825072547113
NER,Dogondoutchi,2009,False,-0.507945750046533,0.02257733499053728,1.8863767989862261,-0.3146763823127404,-0.6740803816771961,-1.6807964003947062,-0.2372073742160728,-0.5624205448247495,0.2392472832795832
NER,Dogondoutchi,2010,False,0.6659211065952497,1.7009902157399441,-0.5356673236283077,-0.05362819658426838,0.3363179093660319,0.9821370968913911,0.6821655815437512,-0.6991586922344932,1.0691362971556262
NER,Dogondoutchi,2011,False,-1.0444074844526317,-0.3598464072739632,1.6149070395772451,1.3352888016140767,-1.5141568517620727,-3.4571590186367156,-1.1911957965784608,2.1309432687835175,-1.3681954012551039
NER,Dogondoutchi,2012,False,0.5486953215278776,-0.5563158647372759,-1.3154749078792183,0.6187039815709536,0.13490058344532557,0.761371304358057,-0.5123600761223609,0.31494660780235384,-0.19438841766466122
NER,Dogondoutchi,2013,False,0.5059767500288626,-0.5409648842486636,-0.4789363301173717,0.8805523580141966,0.03846941805950643,-0.1104406965127642,0.6299311454762736,-0.45882928671290957,0.29158262649699196
NER,Dogondoutchi,2014,False,0.7336845954027992,-0.02076467229066195,-0.5016474478135885,1.5168899889703158,0.15686568338127957,0.03728932547076239,0.5376177676125589,-0.406482025087816,-0.2542002384845515
NER,Dogondoutchi,2015,False,1.3604113194343233,1.1132682121454753,-0.5041757508654774,-0.20533451186139084,1.524147459035959,0.9351565124142386,1.1595110215370965,0.670077868809395,-0.4560651337516992
NER,Dogondoutchi,2016,False,2.161691074622702,2.067561219147697,-0.34443422417692904,1.2185908301081865,-0.7231999972218274,0.1956444001407875,-0.4419053931047851,0.3577604130101349,-0.8298890138760457
NER,Dogondoutchi,2017,False,0.18172422383212739,-0.3132069304228405,0.47730362284574174,-1.0983754194771391,-1.8396885253818591,-0.6360611938235213,-2.4273642726052738,0.09946735979226047,-0.5158769545715971
NER,Dogondoutchi,2018,False,1.0653107432951123,1.4480759743106575,-0.701210013482602,-0.540456478568588,0.7337217575392692,0.9501177864109167,0.7296178051997471,-0.7936124237568966,1.3457659684476464
NER,Dogondoutchi,2019,False,0.0018401651639409484,0.27878341239301924,0.5957658423652775,-0.3698298436092506,-0.009348421435481112,-0.7099196524325094,-0.33403701968666427,-0.8335568498750036,1.1439010731804986
NER,Dogondoutchi,2020,False,0.3808450683051877,0.4770213830380996,-1.2159499654046122,0.4903611398040846,1.7026133898680091,1.1950283814175195,2.1133346792340064,-0.7586994205076533,1.1139951627705498
NER,Dogondoutchi,2021,False,-2.187497534567747,-1.6713764445659856,0.9653022760603387,0.08325007869868548,0.9182599674953383,-0.2129024900502911,0.6275906293400964,-0.3889587937169183,-0.29158262649698763
NER,Dogondoutchi,2022,False,-0.5323787049709204,-1.561995838170794,-1.2024383820356028,-0.9384074513509204,-0.18248449396178718,-0.07747347465789864,-0.15748020009369937,-0.5572111759658167,0.19438841766465786
NER,Dogondoutchi,2023,False,-1.0774680500313614,-0.25665506575845154,1.9117981043880468,-0.8928106155745644,-1.600842136667516,-0.09728059973592998,-1.6817817049036,1.5705735514941792,-1.5551073413172694
NER,Dosso,2001,False,-0.9969083440783257,-1.4987079174174653,-0.2137071407745277,-0.8521633891866722,-0.324388894755593,-0.22567122413991886,0.06091052136895004,-0.42294647781785805,0.30653558170196066
NER,Dosso,2002,False,0.498169268663186,-0.03058498954343382,0.5667271627284873,0.7666475873124962,0.3262444910633477,0.9602558475583365,-0.08751179750323337,-0.4493848032906187,0.10467068643481296
NER,Dosso,2003,False,-0.5856012168537992,-1.2061227914395019,-1.1419555329325088,0.2587804155412286,0.5955965412382012,0.8740454332411292,0.6947860335964282,-0.12916654553282092,-0.26915319368953355
NER,Dosso,2004,False,-1.066203810800302,-1.2423287351765606,0.29784979710259235,-0.3304525368465402,-1.047178647598503,-0.43626464947899013,-1.5793923429365817,-0.1398477535860107,-0.9868950435282701
NER,Dosso,2005,False,-0.7063010335343654,-0.7110943417999125,0.35301047539868385,2.1273654977308163,-0.42553539537194035,-0.23799510789469336,0.2418170622782086,-0.37788165583585265,-0.15700602965222504
NER,Dosso,2006,False,0.2926770586864362,0.4678052584613941,-0.1966835870225079,0.019836442989433135,1.9497129933191428,-0.6618153043928839,1.044931471187716,-0.5889033567950147,1.532677908509812
NER,Dosso,2007,False,-0.016954769373702414,0.15002630610043902,-1.0645043299578838,-0.8315751358292718,0.3612980292915863,0.037296523619814476,0.4788080844205755,3.0718237939118014,-2.1083666839013087
NER,Dosso,2008,False,0.5655647991239086,1.2846677027475466,-0.489023657935795,0.8866829058678387,0.6872895902157848,0.40177691414352446,1.0934776836830482,-0.6485330580632093,1.644825072547113
NER,Dosso,2009,False,1.133204224694024,1.145085053261334,1.468341347556215,-0.6048416006331664,-0.265770693656857,0.20498344368223642,0.06637665936363714,-0.5624205448247495,0.2392472832795832
NER,Dosso,2010,False,0.6755667903860809,1.2225763645329608,-0.3141798618033076,-0.38360756178208827,-0.4422946447255654,0.8133998720424532,-0.036577871134406706,-0.6991586922344932,1.0691362971556262
NER,Dosso,2011,False,-0.8912349788209002,-0.31764730868252905,3.034040511533186,-1.0412657675859076,-1.8640833784187014,-3.560762218005887,-2.1554536211123736,2.1309432687835175,-1.3681954012551039
NER,Dosso,2012,False,-0.6840708470717467,0.8214809612684836,-1.1775607746373604,-1.2351922041244578,0.8337957005140044,0.8266932462981447,0.7649258729302595,0.31494660780235384,-0.19438841766466122
NER,Dosso,2013,False,0.2682706058402677,0.8228181222027156,-0.39919670983616423,0.38805045977212677,-0.8206291720170683,-0.2164304948609948,-0.6083877086476599,-0.45882928671290957,0.29158262649699196
NER,Dosso,2014,False,0.9606509204891188,1.2809657207808292,-0.3198832466854138,0.34178784731537,-0.30956853112464977,-0.31532289302791905,-0.2503646015934332,-0.406482025087816,-0.2542002384845515
NER,Dosso,2015,False,1.4441021090531783,0.6782229681157662,0.2421408737747927,-1.8735198449310884,0.3820324124430321,0.5213692446271269,-0.0657216755080641,0.670077868809395,-0.4560651337516992
NER,Dosso,2016,False,1.5532729816167217,-0.31349288034954215,0.09234792058995767,-0.7537168693805978,-1.0319948312184326,0.10840559490937732,-1.431092089237489,0.3577604130101349,-0.8298890138760457
NER,Dosso,2017,False,0.7721330426836347,0.7597652233601548,0.2537808522465242,1.5411923364678655,-1.2576649542919032,-0.5843303045838406,-0.9900765732834775,0.09946735979226047,-0.5158769545715971
NER,Dosso,2018,False,0.35205684472390114,0.603801614455148,-0.7375641332312118,-0.08735994436114235,0.21638654768926086,0.8235314844843821,0.15815478352612644,-0.7936124237568966,1.3457659684476464
NER,Dosso,2019,False,-0.474386296813082,-0.25456697366318715,0.3734182829969426,1.8778317191198077,0.8996301094762005,0.7685456516153221,1.0965769481996395,-0.8335568498750036,1.1439010731804986
NER,Dosso,2020,False,0.2983198509031335,0.30445292853422784,-1.1244451048612794,0.33011341641960856,1.8888789817056388,1.0886390986650334,1.7427453165164855,-0.7586994205076533,1.1139951627705498
NER,Dosso,2021,False,-1.622760820914691,-1.327307183413928,0.5123779416310711,0.6011596216176062,0.4833878873496383,-1.3281740749424915,0.49980924858971343,-0.3889587937169183,-0.29158262649698763
NER,Dosso,2022,False,0.6391429521569919,-0.43835550196838646,-1.283254779506679,-0.5436296629098243,0.7543935371281659,0.487432710021026,0.8444111410033809,-0.5572111759658167,0.19438841766465786
NER,Dosso,2023,False,-2.4087093307596685,-2.201459600366553,1.2679236936261866,-0.6021237325834403,-1.5895376782547896,-0.3496087935802872,-1.5831525457074493,1.5705735514941792,-1.5551073413172694
NER,Dungass,2012,False,-0.2643282589275386,-0.4615541689830281,-1.325210805346007,1.6418745120638392,1.4306454533411528,1.9115227302822113,1.5397290192185882,-1.1843839682384316,1.7124782320394731
NER,Dungass,2013,False,-0.74376688495869,-0.6868718870615674,0.3062906504659529,-0.08157950848281409,-0.0419892593555908,0.06729099924101999,0.44520234877962467,-1.0070070492867227,0.37985161707959103
NER,Dungass,2014,False,-1.3457769604635423,-1.5470159978117999,0.7863795491361273,-1.0730004930622026,0.3338164585860985,-1.8378660257538912,-0.21194893057344094,1.541061444225529,-1.1070166862164
NER,Dungass,2015,False,0.9489205628426757,0.2311710449171574,0.7359514551667972,-1.7341822499293313,-0.14565100450619733,-1.2458779981342778,-1.095984239522964,-0.44219193262477535,-0.588743041142999
NER,Dungass,2016,False,0.9802781583817225,1.230590044042924,0.3185236690957925,0.47539257479408287,-1.1686692520970245,0.35810937537042203,-0.5823664111784611,2.255920331429304,-1.1501612144223476
NER,Dungass,2017,False,0.8326919000420001,1.0442922670106387,0.3117176025862241,0.6130171375803749,-1.716018266890865,-0.3613950826483296,-1.53411056665676,0.2726669545789996,-0.6318875693489469
NER,Dungass,2018,False,1.2435705500086578,1.5492463749479373,-0.4729710853317391,0.6703488876378717,-0.9287644196228377,1.0484644163326666,-0.8943404663586436,-0.6302712743702981,0.9660778940772016
NER,Dungass,2019,False,0.3764363435376499,0.48014650550400173,0.61416926134151,-0.43747194455252764,0.37825589124375825,0.15014407389317294,1.180382030549283,0.20729823496535965,-1.2919988508993503
NER,Dungass,2020,False,-1.2314630154001003,0.6493812573088674,-1.0925898273728443,-0.22219252592371547,0.8437855538522323,-0.2643819145845224,0.3626301187279634,-0.5005830922795896,1.0771750542073335
NER,Dungass,2021,False,-1.0323605253909804,-0.6670609405534844,-0.37688973847083523,-0.40260664025018156,0.20807022542556972,-0.6523319202398429,-0.07405165333143796,-0.2781930421653387,0.05303181591966376
NER,Dungass,2022,False,1.0433213030839887,-1.1411333475429641,-1.6108591882499246,-0.8502787616268583,1.503748302336966,0.7246742666428868,1.3779870304118866,-0.2808686478637761,0.8797888376652786
NER,Dungass,2023,False,-0.8075231727558433,-0.6811911517786826,1.8054884569789458,1.4006790117514625,-0.6972296823132621,0.10164707959848424,-0.5131282800656379,0.04655204162973951,-0.29859608895849815
NER,Falmey,2012,False,-1.1713608236372115,-1.1649932763347215,-1.0229759754144816,0.38404999489892966,1.4359872956006183,0.359259604045355,1.542435081924666,0.6093344374563895,-0.23417732207157949
NER,Falmey,2013,False,-0.25892984423787824,-0.4834540918599034,-0.26110303397912604,0.046994553404391154,-0.4116311815322463,-0.4423214627154131,-0.23378100255632103,-0.46598080615830206,0.3288201330669074
NER,Falmey,2014,False,0.7478977092358717,0.1029582118447813,0.3504877363444786,0.6052192172582952,-1.0491934241453211,0.33984493630521945,-1.2174006829764954,-0.400646847142528,-0.2994322675500251
NER,Falmey,2015,False,0.17641172753105067,0.7712284769930151,1.045889717480408,-2.74070939409471,0.20647298109722206,-0.899770213372698,-0.20701467318046018,1.0788434802570483,-0.5306013829151519
NER,Falmey,2016,False,0.7801647060078708,-0.33962682682521383,0.21245961172961955,0.024255299754483185,-0.7201436637239665,0.28664097958242557,-1.0392663185393933,0.6406756114086931,-0.9603121409061738
NER,Falmey,2017,False,0.7932045956125335,1.7702325750939614,0.6564279604286072,0.7521184769093666,-1.2811153424118187,-0.2361505741200604,-0.511827771789145,0.27710060594761643,-0.5958563283935887
NER,Falmey,2018,False,0.7502486155247832,1.0470589455098958,-0.05273034997976301,0.3387771100394782,-0.17564304507107123,0.7169695543079029,-0.32884089537512357,-0.9629405443139817,1.55547426775213
NER,Falmey,2019,False,-0.7583307730049644,-0.11720860819342743,0.6022110466260799,1.1207189890103104,1.369655895272873,0.628532061950178,1.799761575007183,-1.0250360602514748,1.324305152387003
NER,Falmey,2020,False,0.04358964641549899,0.6292783967502902,-1.3275082304397812,0.11066130020170374,1.0709758836080674,0.8598103831676766,0.5739530384890227,-0.9286217414910015,1.2916776796477805
NER,Falmey,2021,False,-2.3577691647746417,-1.6482770911775608,0.3688115441903182,0.5467462344789025,0.1282799176923418,-2.7004486732072532,0.1912763760049109,-0.42505471007498435,-0.32928293409867193
NER,Falmey,2022,False,0.9783631879822847,-1.0487337297270116,-1.9838171759399772,-0.5005291160357372,0.7692103908418814,0.7438230281041528,0.670324826507218,-0.6643082765572639,0.23371452103981502
NER,Falmey,2023,False,0.2765104173448022,0.4815370179258947,1.4118471489536177,-0.6883026658254136,-1.3428557072285805,0.3438103759525146,-1.2396195535160621,2.266634850919789,-1.7843293779584455
NER,Filingue,2001,False,0.8384168923704453,0.3276132140499496,-0.3423857573307996,1.0784951024799363,0.18056791394159738,0.5280386360726039,0.6114016476001555,-0.7368655556256563,0.83358724375633
NER,Filingue,2002,False,0.879907845561827,0.010734910077323146,1.1548657225839734,-1.7846088587010638,-0.6528623224361806,-1.0438680743001676,-1.741094882896543,1.5018194324904,-1.8287575220813037
NER,Filingue,2003,False,-0.5665245629270715,0.036577435568841736,-0.8985922122478592,1.579580035676079,-0.248397846171603,0.4254109784801279,0.20526004789976596,-0.7224929348356806,1.0540650292425957
NER,Filingue,2004,False,-2.5013989127721876,-2.3142207659849876,0.8097351316234399,-1.3224261941148547,-0.5538834385472611,0.20997300145274225,-0.9262546967628345,-0.4614964927617621,-0.9921500346882036
NER,Filingue,2005,False,0.6343411321979344,0.980448834284015,0.024298225218944657,0.9209216055011037,-0.5989179313948657,0.0029000543648169982,-0.016139260346541073,0.3883394548072255,-0.16309315638709332
NER,Filingue,2006,False,0.46030081766136666,0.9160066476766154,-0.3634141304069238,-0.26889649245814634,1.9842402842125,0.4936966861182942,0.917112781830605,-1.0887558848560939,1.692846558425411
NER,Filingue,2007,False,-0.11416321353839542,-0.43136646006704604,-1.4228738572297948,0.803313973900955,-0.22530756730696927,1.0187899406235628,0.3903047786448281,0.6951013472913391,-0.9694982074122238
NER,Filingue,2008,False,0.3208937322873143,0.8351275666033263,-0.5770137675666481,0.6558813494895731,0.6808177160596114,-0.40668352943056646,1.645716528310213,-1.171846354630823,1.5025712093071182
NER,Filingue,2009,False,-0.010254088237697296,-0.6082780876689688,2.0777101057952283,-1.471497699068634,-0.9860799115027142,-1.1620728849557231,-0.9746037415999939,2.126749743376399,-1.1597735565305167
NER,Filingue,2010,False,0.8885604715134291,1.9421168843542396,-0.6725487152432488,-0.15415410916751335,0.8615844521009741,1.0914616369326897,0.7365290306276443,-0.8813283105741836,1.106919292886544
NER,Filingue,2011,False,-1.7225688456542307,-0.5732201528759745,1.7585725366572607,0.042836698967526954,-1.128406225966651,-2.91039583809774,-0.9022382676100177,0.9878091258173661,-0.7339192037419738
NER,Filingue,2012,False,1.2538161829458354,0.10067625331494176,-1.4197882221091012,-0.8035345924355081,0.564348221519934,0.8686036301022145,-0.30481756359797796,-0.4405546685636239,-0.11023889274314287
NER,Filingue,2013,False,-0.18695054664408484,-0.7071238981604705,-0.6287326965296282,-0.22452025113106613,0.4730007008919148,-0.07163027889603217,1.0157973477570832,-0.3826063318328406,-0.10268828365114963
NER,Filingue,2014,False,-0.6515561220583369,-0.8188858228823171,0.08622277720794534,-0.2659889556049732,-0.15013496759011913,-0.14569924994650948,0.057807146300879325,0.5565707820871495,-0.7112673764659941
NER,Filingue,2015,False,0.4008589274111306,-0.38788598406598174,0.24467704879304825,0.7953158538634807,1.930598514683827,1.0662986117227622,1.3163738876609261,1.1099564958551598,0.32316606913739543
NER,Filingue,2016,False,-0.7563779877546031,-0.6057206597545611,-0.2626658410040241,-0.7215091798168295,-0.42855951472220166,-0.10248148013500977,-0.3981132112486179,-0.639223304967961,0.1253401109271071
NER,Filingue,2017,False,0.8326982776373246,1.2974000855310548,0.4319336517881882,1.140791712619935,-1.7026080777717931,0.1376581598919347,-1.6330415725695755,-0.841176543076414,0.13289072001910035
NER,Gaya,2001,False,-0.41753259156143246,-1.9477602560836702,-0.2830886099682471,-1.1993925426224714,0.3539177964885313,0.21559932095717407,0.7038040767003139,-0.42294647781785805,0.30653558170196066
NER,Gaya,2002,False,0.4928138391460627,0.020239970786483007,0.8105582224811387,0.4995266695890694,0.3497762963254511,0.42902110897730483,0.21688845282424044,-0.4493848032906187,0.10467068643481296
NER,Gaya,2003,False,0.26199935229914184,-0.49719390204516944,-0.9550984686456618,0.7983187426829811,1.514461837672036,0.5812099568632887,1.2671123408146776,-0.12916654553282092,-0.26915319368953355
NER,Gaya,2004,False,-0.6333837120140016,-0.822056478175265,0.11617572200964707,1.7012229819259121,-1.6319864729996825,0.49894347644800296,-1.7836608085871002,-0.1398477535860107,-0.9868950435282701
NER,Gaya,2005,False,-1.3272598312021324,-0.4460145514064836,0.2989364242712838,0.4876931204257964,-0.3628007546761174,0.415593227180775,-0.2143203968673977,-0.37788165583585265,-0.15700602965222504
NER,Gaya,2006,False,-0.40849223463527856,-0.07424823296404419,0.1616884465853879,-1.0986359032585493,1.7233069426846912,-2.5045219920183186,0.6561279634395231,-0.5889033567950147,1.532677908509812
NER,Gaya,2007,False,0.558184028308686,0.6547697528227867,-0.2791882411630997,-0.4929058532996191,0.8082792844995953,0.08831431041839848,0.9198045427283535,3.0718237939118014,-2.1083666839013087
NER,Gaya,2008,False,0.6636161136797317,1.2848337946425108,-1.1523363292901547,0.813686621565661,-0.281902516472826,0.5786390401071563,0.09519292763500811,-0.6485330580632093,1.644825072547113
NER,Gaya,2009,False,-0.5685651325365063,0.5854191794282436,0.7403334243765632,-0.087579560752521,0.2468290942516864,-0.028352192785194113,0.8032558113023084,-0.5624205448247495,0.2392472832795832
NER,Gaya,2010,False,0.20265750136858884,1.657620960252234,-0.14080489296266469,-0.5269298287833856,-0.6831700533083277,0.6527158548435774,-0.036395847937109,-0.6991586922344932,1.0691362971556262
NER,Gaya,2011,False,-0.9469947547677612,0.7790822385596563,2.4278382520539044,-0.566674899634865,-0.7939407663120798,-0.49056033161308477,-1.0781481003893683,2.1309432687835175,-1.3681954012551039
NER,Gaya,2012,False,0.3674607517472288,-0.28988313109271147,-1.5938596571300123,-0.20219916463230364,0.4400476219313449,0.6422586991293244,0.23198655050037514,0.31494660780235384,-0.19438841766466122
NER,Gaya,2013,False,0.47524663717369986,0.08730599161553265,-0.5565439406264271,0.18570966056469487,-1.2716079362567791,0.18374379895165074,-0.835145776448364,-0.45882928671290957,0.29158262649699196
NER,Gaya,2014,False,0.2889010406712765,-0.17055283721322584,-0.00024002269569176955,-1.1968224877922686,-1.7119561304956368,-1.6432099049320834,-2.21600402425659,-0.406482025087816,-0.2542002384845515
NER,Gaya,2015,False,0.17639161205309056,-0.07412459785383549,0.869280880352217,-2.1332383054021067,-0.8904684408455543,-2.553295160081387,-1.4976011102388649,0.670077868809395,-0.4560651337516992
NER,Gaya,2016,False,1.6545791379737198,1.6409391595935898,0.14395203265037826,-0.40662544114259414,-0.7746469586881747,0.6632501166421662,-0.9258386266453418,0.3577604130101349,-0.8298890138760457
NER,Gaya,2017,False,0.6373108712210371,-0.10600984282699204,1.0466323869288383,1.158973689735444,-0.6002496949472632,0.5031329070297645,0.37231098906550064,0.09946735979226047,-0.5158769545715971
NER,Gaya,2018,False,0.8885995578267452,0.5973024519914425,-0.854059177883693,1.144436943184041,-0.1250032864655059,0.7503321576017788,0.11851604945354256,-0.7936124237568966,1.3457659684476464
NER,Gaya,2019,False,1.0180841505435527,0.6124826264992129,0.10295473503751663,2.1117821804616717,0.9808062246500893,0.6718588681682397,1.2632102147364943,-0.8335568498750036,1.1439010731804986
NER,Gaya,2020,False,1.4347624300189248,0.41798308147911595,-1.27837193098375,-0.4789743001933288,1.1920658336978842,0.6636499259682976,0.889329922645743,-0.7586994205076533,1.1139951627705498
NER,Gaya,2021,False,-2.6604577521924604,-1.0750978783066332,0.020623792218491484,-0.3690671359394277,-0.036298583428622175,-1.2129765169623103,-0.2844927174642107,-0.3889587937169183,-0.29158262649698763
NER,Gaya,2022,False,-1.4403122117415967,-2.5107160338866805,-1.434212982554751,0.16547602638337133,1.6992961133706252,0.5925017145458561,1.460158208833143,-0.5572111759658167,0.19438841766465786
NER,Gaya,2023,False,-0.7176088033803172,-0.3243214658160977,1.788829934938787,-0.3077812130652017,-0.14475545067536572,0.3021516145596218,-0.1260906418448778,1.5705735514941792,-1.5551073413172694
NER,Gazaoua,2012,False,0.10989601031392388,-0.12512224288212564,-1.468902652050364,1.445596379090231,0.611064906706867,1.659594301846819,0.7821682269648448,-0.6058638294591547,1.0294506250597708
NER,Gazaoua,2013,False,-1.2367501608075604,-1.1087607792699123,0.06757424001551263,-0.37729229040099754,1.2461633827760146,0.22857673020778674,1.1830716168376683,-0.5581783907768841,0.5158666103404296
NER,Gazaoua,2014,False,-0.4428791412415198,-0.4748417957306103,0.934210486121181,-0.5775433582472188,-0.022910139799083826,-1.3243194606566067,-0.1844114215588723,0.927807164351951,-0.8879296965591701
NER,Gazaoua,2015,False,1.1375252217967255,0.5489924020632314,0.5233790611816653,-1.766733097066435,-0.35258953020361566,-1.3015676519616992,-1.1227172833155454,-0.555006238825591,0.3789108730818793
NER,Gazaoua,2016,False,0.8567584034296739,1.1130733664820427,0.9628737335752676,0.7671556544685858,-0.9018780681311649,-0.007032369753004513,-0.3390626375260247,0.8387805908900027,-1.7370552675618116
NER,Gazaoua,2017,False,0.6425136192900474,0.7465449927715586,0.3836478436519858,0.6912838896339203,-1.8037562123940691,-0.3257625674271748,-1.464122542372693,-0.5407702398247088,-0.6482571563568662
NER,Gazaoua,2018,False,1.0563152039958195,1.1889207078072999,-0.7016407856872465,0.060828287805091356,-1.0253565620727263,1.4402518582474335,-1.1915731686168296,-0.5225883932746788,1.3307532470283374
NER,Gazaoua,2019,False,-1.5807727872979171,-0.9088638168003089,0.5169530824014601,0.5150276506119557,-0.12557745966115288,-0.5589611132390807,0.13217669065338666,2.678293454540452,-1.1412978104874316
NER,Gazaoua,2020,False,0.09093926209170355,0.44106366231003746,-1.1849758527856065,-0.634215450743695,1.132800779594977,0.14680513377089346,1.3151782834778212,-0.42721751591014095,0.6596701344616701
NER,Gazaoua,2021,False,-1.5827901222138712,-0.9585082166436488,0.22355641967119763,-1.2732310463147252,1.5141664262060008,-1.1920849089791283,1.3953016690779796,-0.3057730968972804,-0.3880412555657864
NER,Gazaoua,2022,False,0.12624303904008602,-1.6405169380099316,-1.606536971241106,-0.229818780920264,0.18160090738095644,0.7722533104122103,0.05806900436532004,-0.4978043442894409,1.2348842309472758
NER,Gazaoua,2023,False,0.8230014516028892,1.1780186579023673,1.3498613951460532,1.3789421620835511,-0.4537284304030027,0.46224673753155127,-0.5640784379870561,-0.4316791605245254,-0.3469545343882976
NER,Goudoumaria,2012,False,0.7876584131140912,1.26291038424779,-1.3519082870746526,0.6521262312793212,1.1954823193954212,1.5592205046932903,1.1324321206698609,-0.901053502258923,0.5674105542518962
NER,Goudoumaria,2013,False,-0.5465295766415479,0.6226508195590089,0.24031651184798247,-1.1718128649839137,-0.06477776941600588,-0.32012644696335696,0.1049079289335568,0.6200005086070061,0.2723214917115074
NER,Goudoumaria,2014,False,-1.3200003420030626,-0.22599781153377266,0.8015711534826133,-1.1501158270994802,-1.3471949956459992,-1.2018578510405882,-1.7353939974538448,1.588899525435793,-1.0910646833167978
NER,Goudoumaria,2015,False,-1.0427551082104045,-1.8468879144255093,1.1063154017893895,-0.6989650470539059,-0.3729244771482024,-1.230710578481416,-0.8729731070982963,-0.7755816069226078,-0.47047050658177575
NER,Goudoumaria,2016,False,1.3908760217181817,-0.8254112047911792,-0.05340187058866459,1.256383939933682,0.6606279158357037,1.168565181346146,1.0765297411776527,-0.7473910984534097,0.6079652897908688
NER,Goudoumaria,2017,False,1.1172941785537913,0.24233091591566663,0.6566063965216925,-0.007901442855880587,-1.1820960747221627,-0.9911128363014233,-0.7276389381284556,1.5763326722628086,-1.518490251300232
NER,Goudoumaria,2018,False,1.0920800048834134,1.3006836864586215,-0.4143963642774794,1.912875566365408,-0.36103269737028176,-0.00722304331821194,-0.08047525751923612,-0.7625857288901693,0.6282426575603288
NER,Goudoumaria,2019,False,-0.7250288290049062,-0.9359185372241642,-0.15154507977183604,0.12097105500489116,0.8862493836927025,0.5184358338024636,1.1097887526955657,-0.3100538824109311,0.18053972180738048
NER,Goudoumaria,2020,False,-0.41268308225085776,-0.24831767260313561,-1.0968689491675585,0.5633995470819039,0.15930348045873213,0.2477510174126351,-0.025694530929874563,-0.6346290645765734,1.4115893913925863
NER,Goudoumaria,2021,False,-0.8988836618766827,-0.9445676000258144,0.20882589947880012,0.2512708363513827,0.80540023067138,0.26323195653951204,0.5507449282581259,-0.5911009173841067,0.20081708957684052
NER,Goudoumaria,2022,False,1.0587318046304695,0.8887980694010968,-1.611545652308701,-0.5007783621025991,1.2452590456578463,1.1716198696762592,0.8654386707842717,-0.47088457657537053,0.974025139524368
NER,Goudoumaria,2023,False,-0.5007598229124853,0.7097268650213915,1.6660308400684138,-1.22745363192081,-1.6242963614091341,-1.1777936073653097,-1.3976663113893262,1.4080476711664838,-1.7628858944169707
NER,Goure,2001,False,-0.09155135156099402,0.8901417566323209,-0.6815803902087133,0.09729462304792555,0.22037843349479744,0.3420876192690737,0.3346601090229026,-0.9311730797325555,1.2257620595775605
NER,Goure,2002,False,0.17572887698226114,0.4784978662568807,1.1493928172867678,-0.32057383187986455,0.19690033665026294,-0.6176539791027885,-0.7218565277426368,-0.41023984428489196,0.07369719607254784
NER,Goure,2003,False,1.2413827877652115,-1.0855908703439898,-0.7412049969215551,1.4678684693351727,0.819607591118988,1.538203645012846,1.316919049965145,-0.8429266802252473,0.9420424193616441
NER,Goure,2004,False,-1.38692722496687,-1.8347674401888137,0.9501274253174516,-0.5248832758905596,-1.5470489794178923,-0.44749155358231707,-0.8266318686209503,0.6271017389644657,-1.3984989657869626
NER,Goure,2005,False,-0.5258828029415332,-0.04775511840084266,-0.870257010938276,1.1426031503945984,0.012849497621078997,0.9851419077373131,0.48416524937747074,-0.5714223310561848,-0.054763133840406646
NER,Goure,2006,False,0.40025758788907967,0.6349444334141571,0.6298225534447911,-1.0427330269460509,0.46261669264924965,-0.6485383157174125,-0.26431422096559526,1.8771130415743653,-1.3256756495097792
NER,Goure,2007,False,0.4858901364173148,0.5624741834764271,-1.2571073977361837,-0.30585086340265044,0.24671797804035425,-0.6477472254464076,0.2797591374843886,0.48854369042300644,-1.0515686870424799
NER,Goure,2008,False,1.1196592558478542,1.2723143262356313,-0.11569243938708555,-0.3867438105179802,-0.5205687207298881,-0.1231873699593806,-0.504818438298811,-0.6126952952093052,0.41101479706841393
NER,Goure,2009,False,-1.6263962540449122,-0.9813574582882749,2.322574089355101,-2.043276022149564,-2.328562160323996,-2.415703202673315,-2.2722270981987145,2.8946637865780613,-1.6918312837514742
NER,Goure,2010,False,1.2697773058004502,1.4625228908385421,-0.8287206454050626,0.9673875965209867,1.3782862445755575,0.8447392926563695,1.0949587597059833,-0.5391547805513972,1.3157716784960913
NER,Goure,2011,False,-1.485843635178428,-1.2796356784621472,0.5340760456677022,-0.4988281056506155,0.06482241057832294,-0.43342740895446247,0.1337411213023964,-0.47976008499259704,0.16370681499109996
NER,Goure,2012,False,1.1948927082982095,1.1402690146442087,-1.7238320517105545,1.5451334813537851,1.8021102103787108,1.6052766949493333,1.649094170128241,-0.4497771591325968,1.7451379512663532
NER,Goure,2013,False,-1.156545340867254,-0.910838187399188,-0.19257565159480552,0.6721685470023245,0.20162880873191852,0.3253511611159984,0.5665868974458057,-0.39943223886573503,0.7119207399257003
NER,Goure,2014,False,-0.8095767870082518,-0.5644052150651256,0.4762089566554705,-0.7348921725863836,-1.028160816415592,-0.7295585546864333,-1.2855319832202778,-0.17035425658310085,-0.4401441235793136
NER,Goure,2015,False,0.04101274175525525,-0.6773648028458311,0.5521097055522959,-1.1896143706568711,0.3311801018307588,-0.5413562440112737,-0.6059704023516592,-0.28290529157113203,-0.047189508947654
NER,Goure,2016,False,0.4877222701324034,0.424581118144175,-0.3104385001262365,0.5602732454242673,0.32914665252375863,0.9289391681597495,0.8932588260442593,-0.042515090173561844,-0.4861684594665108
NER,Goure,2017,False,0.6663997256802029,0.5159691813518698,0.10709749074889259,0.5946663666014784,-0.6419042813063892,0.03492436523310742,-0.2717927810779483,-0.155066125161593,-0.09321384483483011
NER,Guidan Roumdji,2001,False,-1.2254062133514254,-1.8522848364285565,-0.7689637943264745,0.13074891559633484,1.9313231622185363,0.8589124555451245,2.207229736888151,-0.4969102483481616,0.5706609767902706
NER,Guidan Roumdji,2002,False,1.2121305789125756,0.283946013474841,0.3811106865646977,0.45853445811847926,-0.17493474932190933,-0.07512903206129423,-0.6847479881710866,-0.465838908155762,1.0319352124339862
NER,Guidan Roumdji,2003,False,1.6460570311900178,0.936452812492998,-0.7499281717373506,1.0986596107541582,0.9620718463617028,1.0353524714386555,0.9942283587778933,-0.4630931208637416,1.7645314628823763
NER,Guidan Roumdji,2004,False,0.12677703202690177,-0.20920664501098507,0.5836161366575103,0.13933320297350893,-0.6896771123250031,-0.4402212052550626,-0.20722109203924338,-0.01563615303583237,-1.5727025087393662
NER,Guidan Roumdji,2005,False,0.5577309853576236,-0.046933880320945164,-0.24558526349333146,1.6973509584934234,0.047852707206799544,0.7250807289491916,-0.1455287873227954,-0.4292759933793216,0.5165038157324263
NER,Guidan Roumdji,2006,False,0.08187784585721744,0.4594672451144592,0.7097462822134422,-1.4566684711499476,1.2590480606671182,0.29192925038189194,0.36205384208353447,-0.4067023190570386,-0.7858150448542496
NER,Guidan Roumdji,2007,False,-0.303772259636858,0.3470616902055924,-0.9559197078466446,-0.11951706399572667,0.1432197858029884,-0.12037185957346769,0.3397080279679506,0.44864261053627175,-1.1385068536245615
NER,Guidan Roumdji,2008,False,0.3380922474803135,0.7294346799226437,-0.34216332486561163,-0.3320890258712779,-0.8982402785343206,-0.01718770246137045,-0.530728893626957,-0.353057304542356,0.13673342643318023
NER,Guidan Roumdji,2009,False,-0.5244348782115461,-0.2777473541811367,2.206903819202628,-2.038336194578379,-1.838608626973519,-3.9465289898785474,-2.656083656985953,4.462199920523391,-2.250873493372198
NER,Guidan Roumdji,2010,False,0.2686949930690877,0.7872665403371911,-0.6782305942190963,-0.6301682733035624,0.39074181305588096,0.9445734278282945,0.5877492819150013,-0.3447331746682736,1.0592818977206357
NER,Guidan Roumdji,2011,False,-2.138786973843645,-1.2659996050919504,0.9822338369165747,0.5602932850113913,-1.0167121351409503,-0.5150898137400133,-0.8537356520493024,-0.32782461092606563,0.028285051938634117
NER,Guidan Roumdji,2012,False,0.15084494508758134,0.45663366125768357,-1.275552134073209,1.0958062892118128,-0.8038273849661645,0.6232991062097631,-0.2569749577049957,-0.3109160471838576,0.6252202949846878
NER,Guidan Roumdji,2013,False,-1.5913580095829576,-0.71110262854991,-0.1142045455013173,-0.22325950976988476,0.04138903903047277,-0.2851766217293939,-0.003305665931866654,-0.2883423728615706,0.2725284862143758
NER,Guidan Roumdji,2014,False,-0.7243758058333857,-0.17065350969420237,0.8529637632702151,-0.757318407933754,-1.1874944684061002,-0.23251451163853232,-1.3191189176060625,-0.04482938591636197,-0.7584683595676257
NER,Guidan Roumdji,2015,False,0.3320222884473387,0.14363189399589651,0.34730055355597345,-1.2842257601791558,0.1162087777384969,0.21437995266884013,-0.35819304165623544,-0.2573578006671921,0.24544990568546574
NER,Guidan Roumdji,2016,False,-1.0886985858325504,-0.356744650053941,0.32976290641681594,-1.4374232594292908,-0.15270719735378208,0.1941940825786166,0.4768041546981693,-0.028007590172167002,-1.328190969705886
NER,Guidan Roumdji,2017,False,-0.21038969269746643,0.2601432119738104,-0.07556964493902976,1.7521448556293724,-1.6168383057952644,-1.00092609753945,-0.7464900670691925,-0.2246736952987871,-0.459933711855158
NER,Guidan Roumdji,2018,False,1.29644160372148,1.3022865453515682,-0.239375864235498,-0.024952512176967784,-0.49655072466403005,0.6015920277120811,-0.05669634820745828,-0.2066321094405601,1.0866285830072595
NER,Guidan Roumdji,2019,False,0.7570915098887311,0.805085742948374,0.6136522292687725,-0.19644466377667064,0.06747819429826105,-0.09029648658429028,0.09288903492049143,0.30030851947813675,-0.758334307188768
NER,Guidan Roumdji,2020,False,1.3182609067374067,1.2316686256169473,-1.65878878170595,-0.14008523611357185,1.76307633790231,0.6359287621427078,1.94508156563948,-0.16148476079599408,0.6525669802713358
NER,Guidan Roumdji,2021,False,-1.3109589845783478,-0.8789174460101583,0.06649601859384885,1.1516621702094476,0.8708760984731444,-0.0912449913431004,0.5917467073919567,-0.12758086531355706,-0.10710785070598851
NER,Guidan Roumdji,2022,False,0.20395779400092695,-2.8390882021396027,-1.811949878939786,-0.17122887426352298,0.9631237373831264,0.3085276399012922,0.2846478790075513,-0.14183040976176164,1.1681324293517532
NER,Guidan Roumdji,2023,False,0.82820164179098,0.8656000947893829,1.8424454732228202,0.727183506543784,0.31918142334220606,0.3809174064480635,-0.06331352091903013,-0.11642418014943709,0.0014745761674152431
NER,Illela,2001,False,0.03893518960275781,-0.9018679836815526,-0.6471310732057158,-0.15533497337468788,-0.2831476422552239,0.49887703077374096,-0.15290466571583072,-1.0744232319481741,0.8382627408874574
NER,Illela,2002,False,0.4060738428609504,0.0040349477333554125,1.1576999688750267,-0.9972058015823216,-0.585719543059499,-0.07771812854997989,-0.9592621001973792,0.25293506300457447,0.08975422773447925
NER,Illela,2003,False,0.5554565488474483,0.07190601717440176,-1.088207878421803,1.6493715407648533,-0.2871233238143185,0.4395769443388773,0.09319851509165648,-0.9713729814967482,1.3851373377811316
NER,Illela,2004,False,-2.5311725008906074,-1.9981945607039011,0.9455869120177179,-2.3577603828333715,-0.5525686224394406,-0.17081737308157466,-0.7406866661254625,3.1106251117303025,-2.429208610171252
NER,Illela,2005,False,-0.018810104688603703,0.25883609568723526,-0.003659468151378545,1.7079003344575967,-0.0675517498221713,-0.15140748947546745,0.5378351420526513,-0.2159080419803402,-0.28220399045811095
NER,Illela,2006,False,1.108693006938466,1.2900017270359787,-0.03396601396434951,-0.39211154283485655,2.458264679899451,0.41770321676488553,1.3008373295464075,-0.46884310498492204,0.16155760992203502
NER,Illela,2007,False,0.8236806817624134,1.210528381897297,-0.7573334866956613,0.20947492839556536,1.0019218580474307,0.6271942211064307,1.4329258065047576,-0.47531039656498336,-0.7572752051642274
NER,Illela,2008,False,1.139691483213357,1.4997529820350588,-0.22619898488629323,0.7200778188802784,-0.09758312010193873,-0.07372088044459228,0.0985361391863594,-0.6630039906630689,0.7084322068157243
NER,Illela,2009,False,-1.5085682256505206,-1.1392105975028382,1.999541462859985,-0.35008923340706555,-1.499202690815253,-2.7418555413609287,-2.044724389281273,1.5559877126784603,-1.5729950237369636
NER,Illela,2010,False,0.8260341414664693,1.5429493388505093,-1.0069510515148934,0.7281842191536343,0.3533405303431268,1.0046056681821938,0.8251236266510746,-0.5889499486145302,1.7662797095093004
NER,Illela,2011,False,-0.7300313782081912,-0.02496029839240324,1.4350710208038278,0.9835121141718594,-1.139985685965063,-1.917596783986241,-0.5078757504281534,0.013503136266059715,-0.344823219110071
NER,Illela,2012,False,0.6563513557616725,0.26849862168035493,-1.5961002209390833,-0.4926389323632211,0.7314967565556807,0.9463702865422251,0.010991471067312472,-0.4134091771558657,0.2692626832033762
NER,Illela,2013,False,-1.0869990666679303,-1.1455210432790273,-0.4109794438773493,-0.8295415844075418,-0.3389191528660483,-0.33831619107964994,-0.028481867487942677,-0.18790680151280906,0.0317270758503019
NER,Illela,2014,False,-0.4369565220367623,-0.60526642360607,-0.3614228858466019,-0.5779348992357666,0.34510275177900207,0.4948204277297482,0.3355070213640002,-0.13638167628709613,-0.035484229569456016
NER,Illela,2015,False,0.6283775350766809,0.2321038087734348,-0.2878731206524825,-0.2608349207664673,0.6362521694298877,0.8619712479739834,0.24792964053345537,-0.26608285357940736,0.5786016727439912
NER,Illela,2016,False,-0.26230276744015446,-0.5059203149090151,-0.3161231058514279,0.08529049450515752,0.8985452309029724,0.6851831774151562,1.3660119551113257,0.37986454390549257,0.0004174615243294284
NER,Illela,2017,False,0.39154678005255444,-0.05767069879281833,1.1980473694504816,0.3296408204763543,-1.5731224458185953,-0.5048698328488069,-1.8149612078729593,0.1486766372030557,-0.4074424477620462
NER,Ingall,2015,False,-0.8785342116622267,-1.5568996681109804,0.9093080923623511,-1.2947555513295204,0.02209354993544238,0.30254846334306096,-0.3356595190464777,-0.30673378468969137,0.29283304232405866
NER,Ingall,2016,False,-1.0018217562574345,-0.6060135470380421,0.4546421192649673,1.1840555924853273,-0.4719914821304688,-1.1494809890128868,-0.3591897273878216,1.795266115132466,-1.3594603738125337
NER,Ingall,2017,False,1.287396487329264,1.519415314340734,0.39048723693526677,0.13448381203257648,-1.3840420580808421,-1.2188541579638463,-1.3708690071317746,-0.04354652984191443,-0.1004485435878978
NER,Ingall,2018,False,0.6357620538639384,0.853737090428886,-1.8318908424739366,0.40843515775234585,0.5543844474540804,2.073719760940107,1.508213882437648,-0.8074764761871408,1.3117898785504891
NER,Ingall,2019,False,-0.11119544643548403,0.6353932661078401,-0.27174285908164825,-1.2439675940373771,1.5265980588547503,0.31551529561531927,0.9951968308944744,-0.4977957744341641,-0.8001833133273507
NER,Ingall,2020,False,0.6597548092909983,0.5377402044195769,-0.9269241476144501,0.4923456958871517,0.1459654992207322,0.38943055362743356,0.20731715916700588,-0.7249203967302962,0.6120551088110344
NER,Ingall,2021,False,0.4548260029806053,0.1494065648241146,0.38955693747035336,1.3804448947318126,1.1516701267933784,0.13597027442326817,1.0582410341984492,-0.5933267693064077,1.4113871632944115
NER,Ingall,2022,False,0.6937021457126614,-1.1414919713730345,-0.551798778766331,-0.041479898694186765,-0.1881069000235182,-0.1317880327617381,-0.8354719947868854,-0.4617331418825048,-0.2409062528421811
NER,Ingall,2023,False,-1.7398900848223218,-0.3912872535990946,1.4383622419034274,-1.0195621088281297,-1.3565712420235547,-0.7170611682107176,-0.8677786583446188,1.6402667579396528,-1.12706670941003
NER,Keita,2001,False,1.2182104404081908,-0.31303247297134373,-0.06752452992445676,1.3339726940039895,0.6954756348356185,0.920921834239531,0.962098913387188,-1.1637853104356808,0.9534853147674772
NER,Keita,2002,False,-0.08868414514215096,-0.816995298712189,1.0017123845430667,-0.5501002511255133,-0.00411026482887925,-0.09850973621994284,-0.7996642673445413,0.359652513773426,0.20816205249740555
NER,Keita,2003,False,-0.1987073958788651,0.17169585869462384,-0.7346836976802484,1.3087145633387196,0.22768512465173707,0.7407412390637085,0.6275420247751096,-1.067279436023193,1.4194331907910849
NER,Keita,2004,False,-2.6681190412772127,-2.1632004186765945,0.9493092251878686,-2.2395333817198377,-0.6023999763280359,-0.13839757811695788,-0.33287044611052197,3.641216666942095,-2.2607816723246827
NER,Keita,2005,False,-0.5333480692025451,-0.26472576870364706,-0.6265840568126173,-0.08487514992004798,0.006421623064490145,-0.24953812531607777,0.36320042953134934,-0.21641765348424113,-0.23426286712943142
NER,Keita,2006,False,-0.5521820592542853,-0.67067299845869,0.05447284339388461,-0.6940994625794386,0.7642610698893342,0.6684897022151841,-0.29214900080511513,-0.5201974734036804,0.16176060426267289
NER,Keita,2007,False,0.1427893930161353,0.14905420648906811,-1.0941471179448339,0.9148325257793392,0.3318332930990035,0.6405616408361768,0.6501235843495036,-0.5389983946975666,-0.7466121913877408
NER,Keita,2008,False,1.6862531017476248,1.7141908930512264,-0.37537343621084623,0.5583914648855488,0.03308329121119864,-0.5385273917557717,-0.25501301728872755,-0.7673426238043475,0.6277084802862805
NER,Keita,2009,False,-0.5050780301663207,-0.10389919145430179,2.080849940559519,-1.9082208186022782,-1.1444732081269353,-2.6835960305281357,-1.3445021125791,1.78704827484426,-1.5850605824066533
NER,Keita,2010,False,0.874579832478462,1.2108556798805932,-0.7418995716453549,1.4443132108404988,1.5326324046075541,1.1701622135820975,2.0460432975117313,-0.7043636786419247,1.5828049564508022
NER,Keita,2011,False,-0.1815098972116754,0.0019779512478391476,1.0249601485933968,0.39690151383190536,-0.6017932006530045,-2.020702089198143,0.009693501437509865,-0.01909908568444457,-0.4669145728618164
NER,Keita,2012,False,0.8738368327156689,1.1241241968591935,-1.499083466112741,0.8521334184484874,-0.4463033199596072,0.5413743121223318,-0.9489262385536114,-0.5240404811042743,0.09215843191060287
NER,Keita,2013,False,-0.7900453213652066,0.07412743662877971,-0.4237898422028429,-0.6256568245934978,-1.001530647760682,-0.5484190800357814,-0.8528226356078475,-0.2746259683976399,-0.16401623021852382
NER,Keita,2014,False,0.527864356636524,0.7804031401054368,0.30434420866934453,-0.25141372879502877,-0.28982987468375726,0.2561832604272491,-0.503645188053715,-0.226373031191396,-0.25714135896736445
NER,Keita,2015,False,0.6763881405294375,0.48050813665893943,-0.18381911847632865,-1.1459953044801934,0.2870283045984159,0.5134284180437031,-0.3164110979703465,-0.38766340179805875,0.3019316458050548
NER,Keita,2016,False,0.5133167469235342,0.7106954758290962,-0.23369692597409572,-1.0513086203871853,-0.2429481187424105,0.24270644814478606,-0.06165081086042281,0.347891585034519,-0.2803420830847308
NER,Keita,2017,False,0.42486239621483846,0.6684137000372767,0.8451756626062955,0.9786313080260378,-2.298343723569525,-1.2126084968649493,-1.4101895204075312,0.06925696205262862,-0.6995662785942014
NER,Keita,2018,False,0.6720173383399118,0.8425946574631311,-0.3139058877692518,-0.13950615315703602,0.36419178166561356,1.1420576786054022,0.7161818205711314,-0.25128632249184324,1.000853459840421
NER,Keita,2019,False,0.29440107408710087,0.45996525267290017,0.2958470240020559,-0.23981731729274305,-1.2298565710684224,-1.0074719402170274,-0.8343379030908026,0.06518204871492123,-1.0488660694721688
NER,Keita,2020,False,0.4493994544924491,0.5519968709329107,-1.835061086899305,0.7267819421753358,2.701383877422686,1.2522716768018083,2.301042143014731,-0.22183430657948547,1.6298508692443436
NER,Keita,2021,False,-2.3245660124855316,-1.8999421585099796,0.898669704321515,0.6487817446561864,0.8477980813466555,0.3815985831252199,1.149405043381336,-0.0394736523729813,0.39537900683329796
NER,Keita,2022,False,-0.23403134649954127,-1.3996150136767331,-1.0728368262556385,0.052051573302068214,0.11036543903141902,-0.32161033333128913,-1.1615313680353778,-0.007984179791769895,0.6283529448450873
NER,Keita,2023,False,-0.2776477891065437,-1.3085201353875362,1.7470644220316145,-0.2849789466353172,-0.04057101970246634,0.3488837943768778,0.28838284874807024,0.6605169485406778,-1.2583170510872164
NER,Kollo,2001,False,0.06676526377260306,-1.2921104108056434,0.11904465236595219,-0.3437358588717649,0.2019256835933534,0.43162402858659615,0.25905326158250835,-0.823746060578298,1.064883908237546
NER,Kollo,2002,False,-0.496776199160612,-0.8643373048882041,1.3190059036734452,-0.11334993622715739,-0.4732694475405237,-0.9409383523724428,-0.7471980176890426,1.4125207485180422,-1.7232595949125549
NER,Kollo,2003,False,0.286634278641014,-0.3196920754113905,-1.0238932664471858,0.6207474494342999,-0.19198828129769743,0.31315403905663763,0.04728181280489909,-0.7679975456868017,1.2140766163574102
NER,Kollo,2004,False,-0.5497164988095145,-0.30183807787364797,0.22490874741616243,0.5978871967086402,-0.5900517881214862,0.15242300578754672,-0.8798354930784006,-0.4889412418749766,-0.9379024740793517
NER,Kollo,2005,False,0.8159472307958621,0.7004478037255184,0.06737391038019569,2.615086178078458,-0.5104350006934739,0.5382129310142468,0.06973537285164456,0.37285740950617124,-0.12111430518719395
NER,Kollo,2006,False,-0.243378566523841,-0.19622190358589034,-0.5875746502743344,-0.9065016160730328,1.3582035318168906,0.045249706985920575,0.28688376975757796,-1.068180940196937,1.7559478848938714
NER,Kollo,2007,False,-0.2808094767228839,0.16612762563955616,-1.2477190367326971,-0.39543142585113017,0.7853572568398063,0.562170821944579,1.01782537344344,0.7179676418113948,-1.0321956182562309
NER,Kollo,2008,False,0.46470580201636336,1.1511708860134409,-0.8188183347113875,1.0663315808412797,0.1349866481326579,0.23373120825928104,0.4297711506178247,-1.108886331110016,1.4810309845381655
NER,Kollo,2009,False,-0.01806435828691921,0.24915479413080205,1.7729314552447089,-1.0166102975903908,-0.4263190131881749,-0.751359657233698,-0.11784965514809502,2.1763167036110844,-1.307112518611927
NER,Kollo,2010,False,0.3344542873219073,1.1746350533295398,-0.2907786750175604,-1.3544524331521295,0.25442079553066654,1.0577137694480652,0.04182552750871242,-0.779851749772222,0.9940592799446891
NER,Kollo,2011,False,-1.4343237397579127,-0.8417841507092344,2.392417649085684,-1.3311499496646144,-1.4682506379430096,-3.4553286339873117,-1.6081835133774864,1.0906939998151017,-0.945865006254283
NER,Kollo,2012,False,0.7907368516465619,0.916556774999636,-1.5120003692748591,-0.7716923130505892,0.5769488237371716,0.820105993117985,0.6502748247991087,-0.3021173969857071,-0.34113164159990544
NER,Kollo,2013,False,-1.546997332256346,-0.7094805954411004,-0.6199783939401666,-1.0209168264842257,0.5272131136888665,-0.4994564952169314,1.0860524839492256,-0.224006730266748,-0.3725626896588683
NER,Kollo,2014,False,-0.7569634734492775,-0.3757555252521997,0.2765466304245036,0.1199317368949229,-0.1466745461093236,-0.9642028750031173,0.1600904185533454,0.7262080014352609,-1.040158150431162
NER,Kollo,2015,False,0.8322640109619097,0.08629630062285629,0.2603382552523162,-0.15098370078345824,1.0980386650159963,1.142267132262404,0.7541360244799699,1.2946260226608133,-0.01131517730122428
NER,Kollo,2016,False,2.2918670793161398,1.804113071167854,-0.1375901223068345,-0.4074385222986763,-0.9890163132352856,0.5263342043146576,-1.2678604533553803,-0.4156794807467243,-0.25480102959796724
NER,Kollo,2017,False,1.4873081795611374,1.6403487403377388,-0.016282307871360195,1.9994555254168966,-1.4606817397821068,0.35843698838089677,-0.9461627923379564,-0.5947792295066338,-0.28623207765692066
NER,Kollo,2018,False,-0.39741694448687565,0.13022837009406912,-0.3002489061335209,0.23297866994060418,-0.5696133755306914,0.730989381740916,-1.1983308434462814,-0.7658411527828173,1.166720503948575
NER,Kollo,2019,False,-0.3358345504863777,0.0916017326207759,0.3849792022093546,0.30522477736497916,0.7764550135362986,0.32795179712270606,1.0549289125369194,0.24063835730518285,-0.1370393695370662
NER,Kollo,2020,False,0.7324067032694709,0.8161301475982055,-1.4241354636659924,-0.12753832583188157,2.617654080948588,0.9372370442037637,2.2156199775429197,-1.2526458580420707,1.315913212068439
NER,Kollo,2021,False,-2.0078067634881203,-2.408712712570075,0.7356680077996027,0.5985871816883443,0.678012137557107,-0.9180971286299373,1.0435916883266327,-0.7445115279443669,0.4362629470583556
NER,Kollo,2022,False,0.8733473525313634,-0.563915968042433,-0.7582332259776192,-0.8658852669957329,-0.5274410684739169,0.11563514586056932,-0.5939985173197985,-0.4533984859069699,-0.019277709476158048
NER,Kollo,2023,False,-0.9083491364056525,-1.0529625757001735,1.1840383385015931,0.6494561765063587,-1.6554745384817127,-0.7638540556433332,-1.7576513130022875,1.7587548467382375,-0.8989279744862391
NER,Loga,2001,False,1.0123940002814986,-0.4857744355161135,-0.20906014135260081,-0.44961533556947353,-0.03073389368035,-0.141498825804186,0.35637906148051907,-0.42294647781785805,0.30653558170196066
NER,Loga,2002,False,0.5563412059234041,-0.5735572736853167,1.0247301995778646,-1.9386191890335003,-0.032912410176709844,0.12738308580370356,-0.9138456909717558,-0.4493848032906187,0.10467068643481296
NER,Loga,2003,False,0.3510360700845677,-0.36764807503278296,-0.9166262505198173,1.0111718174031186,-0.26442060235278697,0.6855110064075915,0.17438381371462558,-0.12916654553282092,-0.26915319368953355
NER,Loga,2004,False,-1.0751994277570749,-0.9425350095814804,0.7275061500864565,0.20993519819907094,-0.612626974193734,0.11570412560680246,-1.1284733184710518,-0.1398477535860107,-0.9868950435282701
NER,Loga,2005,False,-0.4124492661293538,-1.100192484405602,0.39843119208394234,2.648867461168851,-0.5998838899126814,-0.45721859718682195,-0.20799464085171981,-0.37788165583585265,-0.15700602965222504
NER,Loga,2006,False,0.2400426440996038,0.6570513799493909,-0.056999095269970275,-0.9422255181901331,2.3236818634224283,0.6725944250554969,1.3126138953023032,-0.5889033567950147,1.532677908509812
NER,Loga,2007,False,-1.2809755594876209,-0.6445069653528819,-1.3969166880836519,-0.7909943912415897,-0.05270477341569605,0.4634582389325127,0.13008866338356403,3.0718237939118014,-2.1083666839013087
NER,Loga,2008,False,0.19728767054559843,0.9624775456138747,-0.6907536754101398,0.3321927968880803,0.7472857011471319,0.12101195154703638,1.3470631037368979,-0.6485330580632093,1.644825072547113
NER,Loga,2009,False,0.3257565517753635,1.1179582494258564,1.841931919966737,0.4722607142571635,-0.3211772683868428,-0.3818282944232287,-0.04833741784898806,-0.5624205448247495,0.2392472832795832
NER,Loga,2010,False,1.1586621558042456,1.8074909161053927,-0.7668558985365921,-0.23985943525324027,0.08093513429352879,0.8842189269517755,0.4076397295026341,-0.6991586922344932,1.0691362971556262
NER,Loga,2011,False,-2.4917991982008623,-1.291676491234068,2.304090889448563,-0.10508931226085011,-1.6187866253616858,-3.898206328155997,-1.3951556578175084,2.1309432687835175,-1.3681954012551039
NER,Loga,2012,False,-1.2956168850543117,-0.15729657551232692,-1.532282740203828,-0.7549603778450977,0.3761831986712156,0.7261912651531525,0.04055770293632336,0.31494660780235384,-0.19438841766466122
NER,Loga,2013,False,0.6504798174328641,1.05606490842404,-0.5649645294896776,0.7532629373049382,-0.26660748034145265,-0.253228997628215,0.333372951620911,-0.45882928671290957,0.29158262649699196
NER,Loga,2014,False,-0.031627476388354114,0.30240351784677266,-0.43334295250554006,0.5162414192186946,-0.1891415616610902,-0.6187804517913009,0.009232270970769625,-0.406482025087816,-0.2542002384845515
NER,Loga,2015,False,0.219407948227158,0.6466686515326759,0.0044713656543660645,0.16664177062771185,0.9621321748094389,1.1063501352043004,0.6008377465893643,0.670077868809395,-0.4560651337516992
NER,Loga,2016,False,0.38326770740393207,0.6421588143322943,-0.0018345332128949078,-1.1967286733318676,-0.9369196480610449,0.08752645522128696,-1.0908035972638561,0.3577604130101349,-0.8298890138760457
NER,Loga,2017,False,0.694597501281949,0.8444617357509627,0.16512900470365882,0.03354964398382426,-1.4718493638021732,-0.5737423720767467,-1.7438174799147395,0.09946735979226047,-0.5158769545715971
NER,Loga,2018,False,1.076971749985812,0.6452691627152526,-0.7935332750423189,-0.7014645455115741,0.06619726996804048,0.6892369433360861,-0.0026854400935522366,-0.7936124237568966,1.3457659684476464
NER,Loga,2019,False,0.9044247306325156,0.3837927333398462,0.5118792699016794,0.950556045577285,0.3495155867946818,0.2960263994828012,0.37706450772456473,-0.8335568498750036,1.1439010731804986
NER,Loga,2020,False,1.5092422547822075,0.9848895902398961,-1.0066246918715192,1.1290329721773924,2.0539677873058917,0.9920662802924349,2.0626195258122886,-0.7586994205076533,1.1139951627705498
NER,Loga,2021,False,-1.3873869231555727,-1.8141131147146663,0.8458063457348319,0.4808647690713541,0.9661098649794697,-0.4860804454644681,0.9723827428270909,-0.3889587937169183,-0.29158262649698763
NER,Loga,2022,False,-0.7193175296059136,-1.5224820030206232,-0.7283690235248679,-1.5061317558018008,0.19434274989703593,0.18172511328706067,0.366532846509652,-0.5572111759658167,0.19438841766465786
NER,Loga,2023,False,-0.5855397424816561,-1.1509047772203937,1.2741871578653186,-0.07888901183835796,-1.7225868399426154,-0.3384200397510779,-1.9596553188783374,1.5705735514941792,-1.5551073413172694
NER,Madaoua,2001,False,0.09735475735118213,0.7412147373976123,-0.7133081040156479,0.8719009494819472,1.4605698839114756,0.9684965603788617,1.6564661295927154,-1.1637853104356808,0.9534853147674772
NER,Madaoua,2002,False,0.10683946723370458,-0.5733596120176334,0.7908026419569367,0.5451787943167581,-0.4053009344392573,-0.2328572397374276,-0.9834163579016152,0.359652513773426,0.20816205249740555
NER,Madaoua,2003,False,0.7689487682666241,0.019101999915445936,-0.9821289549588538,1.0479485906719177,-0.03505316367969691,1.0451923785061388,-0.04466642221556939,-1.067279436023193,1.4194331907910849
NER,Madaoua,2004,False,-0.621726696467519,-0.9782128491454681,0.6190208343083462,-0.5319820674114975,-0.8652826765609495,-0.048504583731800284,-0.6077158821545438,3.641216666942095,-2.2607816723246827
NER,Madaoua,2005,False,0.2727938480666459,0.11183156374039302,-0.1849307808719296,1.6459950134568009,0.6279035900738573,0.5453219831648648,0.9209114268023519,-0.21641765348424113,-0.23426286712943142
NER,Madaoua,2006,False,-0.036565343188701485,-0.4216302900965304,0.3871538050848792,-1.5681073171800484,1.415419953150222,0.1173429311438211,-0.2142674548046843,-0.5201974734036804,0.16176060426267289
NER,Madaoua,2007,False,-0.399327363996923,-0.4124053595134481,-0.8687063779964973,-0.06445031563098437,0.2794917438420151,-0.055846540970817406,0.2633584292380108,-0.5389983946975666,-0.7466121913877408
NER,Madaoua,2008,False,-0.10192111782220387,0.1422839793770933,-0.378710052501127,-0.4087318954486983,0.2683339327097365,-0.2547563424821399,0.10012191540548243,-0.7673426238043475,0.6277084802862805
NER,Madaoua,2009,False,-1.8224907167624769,-1.0388164475846207,2.15672261871893,-1.020603837905972,-2.067578355773715,-3.7126992038739948,-2.206744462014714,1.78704827484426,-1.5850605824066533
NER,Madaoua,2010,False,0.7817157349515554,1.0954653967269832,-0.7417490443175919,-1.5059334048781978,0.2859502577110899,1.0910339931416593,0.9766373163803215,-0.7043636786419247,1.5828049564508022
NER,Madaoua,2011,False,-1.0970054657967296,-0.9900845653319758,1.353622849171035,-0.6903386410720831,-1.2536481922203697,-0.99848871947102,-0.7932728525482478,-0.01909908568444457,-0.4669145728618164
NER,Madaoua,2012,False,1.259778161935945,1.4971882465590118,-1.0526013413389996,0.5144264147611807,-0.28875436599105625,0.8311334924540074,0.507857985863818,-0.5240404811042743,0.09215843191060287
NER,Madaoua,2013,False,-1.2051813168037355,-0.32671496334591743,-0.20971012293209199,-1.0290493508371015,-0.8658290724736784,-0.816134514891771,-1.1339442414955352,-0.2746259683976399,-0.16401623021852382
NER,Madaoua,2014,False,0.6889204562192317,0.36799805085754045,0.4058163603136015,-0.5037576837319647,0.07852631065371465,0.11226396547881184,0.32110974081707533,-0.226373031191396,-0.25714135896736445
NER,Madaoua,2015,False,0.959530387875487,0.570421713577937,-0.11463456152047029,-0.9814527182465775,0.7007311055383789,0.005101252178666995,0.21628012225917712,-0.38766340179805875,0.3019316458050548
NER,Madaoua,2016,False,0.8610407495923906,0.9798834019052429,-0.30362944884529114,0.505599175207164,0.0890263997947132,0.46430486389813685,1.2647446678533676,0.347891585034519,-0.2803420830847308
NER,Madaoua,2017,False,0.4095136009370736,1.0288366882692295,0.617118676391017,1.6685651658349614,-1.8523751595689102,-0.6708664539158873,-1.363198288562724,0.06925696205262862,-0.6995662785942014
NER,Madaoua,2018,False,0.5413492392409972,0.8600036413593384,-0.037607200699559286,1.687878194311372,-0.2169522479529686,0.7842926777514632,0.2667536895446239,-0.25128632249184324,1.000853459840421
NER,Madaoua,2019,False,0.22289884363635437,0.5782124142128142,0.6535194674384441,-0.2315982948246657,-0.18402110275239425,-0.3115584594006277,-0.2879058296366687,0.06518204871492123,-1.0488660694721688
NER,Madaoua,2020,False,0.6373890959987702,0.6908979034893594,-1.7685017766311928,-0.468996420235708,2.2171721994406415,0.8273003146911573,2.1613561324612203,-0.22183430657948547,1.6298508692443436
NER,Madaoua,2021,False,-3.029513365101946,-2.7284857767802295,0.19090262014811407,0.8443698598071988,0.1782746859010869,-0.10914187881367608,-0.14163796460927713,-0.0394736523729813,0.39537900683329796
NER,Madaoua,2022,False,0.5762828205264896,-1.597871704871708,-1.639857476405445,0.5317715896886057,0.7573064756032404,0.08520203412359441,-0.206776709582758,-0.007984179791769895,0.6283529448450873
NER,Madaoua,2023,False,0.12937545410778403,0.3842418312995297,1.821395369503393,-0.8586318001344078,-0.32391126691717637,0.3338674903779782,-0.6720510906918268,0.6605169485406778,-1.2583170510872164
NER,Madarounfa,2001,False,-0.7653338277125681,-2.0421794022585185,-0.892301178147908,0.5102835693425599,1.4175436603096219,0.6642607039828842,1.7786160098185948,-0.4969102483481616,0.5706609767902706
NER,Madarounfa,2002,False,1.1816254180989654,0.33207124772160096,0.5987846591024394,0.6871670731690263,0.05220154333951937,0.17007835140250543,-0.3359960788036334,-0.465838908155762,1.0319352124339862
NER,Madarounfa,2003,False,1.7206599639909035,0.514446735025756,-0.8055980775976739,1.3177535514309502,0.9507543658325994,1.4467168507745027,1.0152291161111058,-0.4630931208637416,1.7645314628823763
NER,Madarounfa,2004,False,0.2754301592370938,-0.46159112933644364,0.2503537083972067,0.2834622992249179,-0.4701552377804792,-1.249915055837097,-0.15362627811286564,-0.01563615303583237,-1.5727025087393662
NER,Madarounfa,2005,False,0.19364320207710817,-0.5309027465462098,-0.3129336391788956,0.7854892001364961,0.13421601485580134,0.9913163906466089,-0.2575833286560855,-0.4292759933793216,0.5165038157324263
NER,Madarounfa,2006,False,-0.628023620163247,-0.9445018930518498,0.824701744299364,-0.8753739727479486,1.2665621736351969,0.0405751131828941,0.4060626670223011,-0.4067023190570386,-0.7858150448542496
NER,Madarounfa,2007,False,-0.7850351210766717,-0.6160544116951047,-0.6460105302068173,-0.8538852978546799,-0.7180525780542641,-0.7164079559557485,-0.6125803663802076,0.44864261053627175,-1.1385068536245615
NER,Madarounfa,2008,False,-0.3824329426851636,0.7498828795002437,-0.26870818194983104,-0.5631079937056936,-0.8335322710339149,0.2694640587897389,-0.7046903110848256,-0.353057304542356,0.13673342643318023
NER,Madarounfa,2009,False,-0.6210265062508066,0.6871468730080142,2.0343003310376147,-1.619865968167127,-1.6018235920627863,-3.0378937204625225,-2.233429486443565,4.462199920523391,-2.250873493372198
NER,Madarounfa,2010,False,0.02079577419216265,1.1466727467768991,-0.5529591632038253,-0.9529270851447222,1.063442751477127,1.113535315828737,1.4297695893884859,-0.3447331746682736,1.0592818977206357
NER,Madarounfa,2011,False,-1.9362864104424153,-0.10706891572268022,0.9967791820139102,1.0192659533546689,-0.9289187085102749,-0.02418263266868562,-0.5999009856739845,-0.32782461092606563,0.028285051938634117
NER,Madarounfa,2012,False,0.2520255610448552,0.8293553604218933,-1.5029621720667679,1.3844642749746714,-0.710245879167375,0.7163914903372491,-0.2422679691095721,-0.3109160471838576,0.6252202949846878
NER,Madarounfa,2013,False,-1.0285391024122459,0.40550278270169204,-0.14085043610596415,-0.3484796318125186,0.5115032226311998,-0.0913562293825572,0.7338733843491871,-0.2883423728615706,0.2725284862143758
NER,Madarounfa,2014,False,-1.1412432827762555,0.24189995366790515,0.939667845372635,-0.9621439173479835,-1.01168613197052,-0.9342387708786414,-1.0823257553196808,-0.04482938591636197,-0.7584683595676257
NER,Madarounfa,2015,False,1.1692920454726194,0.9545440804871749,0.5698416497308532,-2.1309234652773266,0.13338215840632672,-0.08948731786325546,-0.17883174898439866,-0.2573578006671921,0.24544990568546574
NER,Madarounfa,2016,False,-0.035329493397895914,0.6611014948042908,0.3894845505073049,0.08637527227231585,-0.5206806618964784,-0.16941462104460342,0.010259422253546476,-0.028007590172167002,-1.328190969705886
NER,Madarounfa,2017,False,1.4416649850511842,1.1750155806782154,0.10287735831664968,0.7974675052827663,-2.176633902469583,-1.5171664673664178,-1.7361982641767792,-0.2246736952987871,-0.459933711855158
NER,Madarounfa,2018,False,1.1374671684916102,0.7981602460076713,-0.6121080988714528,-0.29533083613003996,-0.38830525001486055,0.9195670113172982,-0.36507887266514927,-0.2066321094405601,1.0866285830072595
NER,Madarounfa,2019,False,0.44329904868500625,0.28659100881040594,0.5979984462837971,-0.09800885580734625,-0.17322864632108914,0.0781699494183581,-0.08769323338482413,0.30030851947813675,-0.758334307188768
NER,Madarounfa,2020,False,1.0065476592761025,0.513133126704284,-1.6066378807986477,-0.7689320793131741,1.4980228822231383,0.5086663530347224,1.7264632104306006,-0.16148476079599408,0.6525669802713358
NER,Madarounfa,2021,False,-0.8348363398777886,-0.7076541248764079,-0.008073625807018715,0.24296460167237077,1.1282294542711098,-0.3865309047091408,1.0721745641396851,-0.12758086531355706,-0.10710785070598851
NER,Madarounfa,2022,False,0.7409582975303787,-2.515267884703433,-1.7757334144727053,0.5512160231311135,0.7521200744621869,0.643259637256702,0.22117925486828163,-0.14183040976176164,1.1681324293517532
NER,Madarounfa,2023,False,-1.4253226363529305,-1.3703036081253999,1.8200869233457329,1.8030697793167019,0.6252845578377981,0.654592450196469,0.19657546041378307,-0.11642418014943709,0.0014745761674152431
NER,Magaria,2001,False,-1.455197152814879,-0.9529076551220705,-1.0466443985925722,0.3879412295580179,0.40013246248288076,0.986224477434489,0.5281009568257267,-1.1031991456967225,1.4815664142778135
NER,Magaria,2002,False,-0.18195965591998434,0.22416278742573978,0.8141091826916151,-0.8377108433988257,0.8521064372272003,-0.39300171615342333,-0.3428343549885929,-0.49025110280011786,0.2175145933621171
NER,Magaria,2003,False,1.680160021904081,-1.5252677954904266,-1.084630847035409,0.9240813648885337,1.4200838540164786,1.5847088713289692,1.858972082584116,-0.9939644574793027,1.1190420920076205
NER,Magaria,2004,False,0.6684015585142127,0.062026214157871566,0.960386012597145,0.40491949357728063,0.08165557296501942,-0.02349153446901819,0.5871290719442334,0.7303464710235891,-1.4188799168852801
NER,Magaria,2005,False,-0.266490386802811,0.14582376076025474,-0.7964320878488148,1.4401975493609829,0.11706479143494122,1.1769564673648574,0.7385927683795909,-0.6701400344964258,-0.007804343048893968
NER,Magaria,2006,False,-0.41056217065668177,0.2322113271903187,0.8063529037476606,-1.8167551513672524,0.03457688344527223,-1.2368250069968694,-0.7101992807076496,2.1999741074146164,-1.3992431827623117
NER,Magaria,2007,False,-0.3749923766709856,0.08594187702197506,-0.6451892972502136,-0.9830084719615373,-1.2933445034346582,-1.8812663393090931,-1.4087659787755604,0.5769500991748536,-1.1346507781054098
NER,Magaria,2008,False,-0.3947646005432799,0.755874530391484,-0.1960753845611062,-0.7837303645022254,0.2663737672776795,0.33123505018402644,0.2547200189429797,-0.7096183990005359,0.4038118145287412
NER,Magaria,2009,False,-0.7023608429825989,0.1778027253812043,2.0036703556136213,-0.09289656017224646,-1.1593167133320845,-1.1821050853791477,-1.2360190774056288,3.400347543777592,-1.8793361567687634
NER,Magaria,2010,False,0.31152593248163724,1.5464072260094661,-0.3796428912167798,0.7174350154075007,0.2918659514543029,0.7985968911435761,0.08658689256826506,-0.6176038746840478,1.3151576802357514
NER,Magaria,2011,False,-0.19143848143154948,1.0435366080890571,0.7038071584247936,0.2946787784693712,-0.8770317595417204,-0.42142093018619625,-0.85739413947705,-0.545104052678224,0.05110585932005494
NER,Magaria,2012,False,1.0925187481614458,-0.5848152188349293,-1.7555636969153596,1.9901012786707104,0.9130135139249693,1.2579816946622147,1.3516445476234802,-0.5070445584742637,1.7169554707518813
NER,Magaria,2013,False,-1.0682425866959755,-2.1378370922870813,-0.03882297573039179,-0.0688055235412689,-0.3657637080654566,-0.05968836000667521,0.34884121941855145,-0.4451417604074596,0.5802906686339052
NER,Magaria,2014,False,-0.7048832398734548,-0.33255617561934564,0.8948641540620883,-0.5540558651735338,-0.5473951581504224,-1.8675473654194008,-0.9502432644427917,-0.17394773954473108,-0.683761152281838
NER,Magaria,2015,False,1.1550487603839332,0.24631399768725695,0.6424707772660614,-1.824438860611707,-0.21814415079331864,-1.2395515129387185,-0.7134390235791419,-0.30279137238055565,-0.29178172882716974
NER,Magaria,2016,False,1.1239876884012598,1.1438901112066826,0.5092604571038799,0.5794116429311629,-1.8736882130537744,0.014841204589291742,-1.363308574826389,-0.018351071594033416,-0.7915114369565901
NER,Magaria,2017,False,1.1012094627914193,1.116285944561351,0.30312892465915153,0.08124262332595031,-1.6804923222288621,-0.1389458497950538,-1.5264477328512596,-0.14719470442987306,-0.39953201350192186
NER,Magaria,2018,False,1.1316260851868594,0.9093047641486209,-0.6750788123828542,-0.22524551185564792,-1.156802686104458,1.1363865910153395,-0.7903771995836724,-0.18066512181438335,0.8841565415367428
NER,Magaria,2019,False,0.7705493527023872,0.6350612087498319,0.47580375614364384,0.7381723977035316,0.2996792407132099,0.035559004115141415,0.869492673370957,-0.06047869208290238,-1.0168303733675559
NER,Magaria,2020,False,-1.090376872779229,0.8832986258552814,-1.2201159842240468,-0.8773007830870148,1.5323551586882143,-0.06667644580734368,1.2326202059872198,-0.07672894556648094,0.9037932756597112
NER,Magaria,2021,False,-1.8713402587997852,-1.4618091224969667,-0.22683732611465446,-0.4797209687429528,1.1277881837253803,-0.4640955186994357,0.6847253730822533,-0.010852263522553932,0.021902511137174827
NER,Magaria,2022,False,0.8774588581782559,-1.5013327221170025,-1.586117204762209,-0.6342531542677515,1.530831796659268,1.0228278402310635,1.2235965692245747,0.035154998635682604,0.6686559721872387
NER,Magaria,2023,False,-1.1998778427342782,-0.7114159266685741,1.5372972243247502,1.6197406847889222,0.30445160068993765,0.6292975730914067,0.13400624668578964,0.11030407662628022,-0.3406218111330182
NER,Maine Soroa,2001,False,0.974966463736292,0.2412554662070331,-0.4666268681809116,0.09813007844137568,-0.3357620912201405,-0.14475014559230676,-0.2817826689536963,2.836947207729131,-0.7048399664946712
NER,Maine Soroa,2002,False,0.6547688919951805,0.5323855262881625,1.3176621915130189,-0.2983615510045089,0.44210920964884937,-0.2648638148534771,0.0468230726619193,-0.9482806217720725,-0.6982789561682934
NER,Maine Soroa,2003,False,-0.7534382897673941,-0.6307581532006274,-0.4340419335809763,1.9189240270859043,1.0542687631021568,1.728613933229434,1.4068744424719188,-1.0056270938912513,0.8379347474019733
NER,Maine Soroa,2004,False,-0.7621999720439886,-2.2384237008953893,0.7680927460937115,-1.3078242540593397,-1.593074510772006,-1.0275799183948657,-1.182842088175752,-0.3844337575395788,-1.2587766954819035
NER,Maine Soroa,2005,False,-0.054402501208789714,0.5923028609807269,-0.9052396280557512,1.4245818591621902,-0.5156473588054419,0.4844018265417024,0.1885825335072234,-0.8941401019726583,0.2774370080883631
NER,Maine Soroa,2006,False,0.1498971056320165,0.2803606288730211,0.7040275341614288,-0.9488163924520303,-0.48359034663475486,-0.5459588397670379,-0.7157263862499703,0.3483667939426851,-0.6720349148626464
NER,Maine Soroa,2007,False,0.8084028852007679,0.8089507613314455,-1.3847001588920955,-0.0022871451562508378,1.8519178957843145,0.8417919255818951,1.3925224817750732,-0.3193929998530825,1.246591962018576
NER,Maine Soroa,2008,False,0.7409890981089157,1.2169790140891974,-0.4312017370063004,0.026482368612238794,-0.16453517242310345,-0.19085985206593967,-0.13487816559442756,-0.6982964896411785,0.67953321237852
NER,Maine Soroa,2009,False,-2.9686874926524056,-1.912260943533385,1.7016287837572288,-1.1454392582130881,-0.6342264110679167,-1.6925960728721168,-0.8772536420173493,1.3372027125593762,-0.4611452972279015
NER,Maine Soroa,2010,False,0.8560359601998728,1.715908287611135,-1.1342596275661694,-0.5369824084782002,1.2917714668392464,0.14538279483003932,1.0395454861459377,-0.5105078325130118,1.8398947529642087
NER,Maine Soroa,2011,False,-1.030490555841907,0.07611868867432806,0.7879937604678036,-1.2082364093618168,-1.4532472493322457,-0.7208749614648465,-1.5634398383535428,-0.42887627157189573,-0.06561010326412228
NER,Maine Soroa,2012,False,0.8891087226160064,0.5805515770239953,-1.7799784415564006,1.495420982319916,1.1655041762031912,1.7275779398033475,0.8892560863959001,-0.540723933126484,0.8969838403396448
NER,Maine Soroa,2013,False,-0.3596840538443693,-0.6346531048128842,-0.06329440663890633,0.012604711083341678,0.11564354107911229,0.09318802074570721,0.12034302226937352,0.2902989825515158,0.5211316773551349
NER,Maine Soroa,2014,False,-0.2573379499004009,-0.2893995770523668,0.6100187458957037,-0.573502803053991,-1.1110713742346972,-1.0589641684730913,-1.4119318759028312,0.827015475278303,-1.1931665922177885
NER,Maine Soroa,2015,False,0.11463300287078398,0.033915986210124816,1.0644919293392117,-0.4003612942304553,-0.009264360558510178,-0.7994126680617776,-0.4201572334082323,-0.4130068075892665,-0.4217792352694311
NER,Maine Soroa,2016,False,0.7629020123027034,0.11657060913601354,-0.5682774299444037,1.3341656975659897,0.972203299157932,1.5528630054110377,1.6558674209767132,-0.37770125766824864,0.9232278816452897
NER,Maine Soroa,2017,False,0.23453667259671604,-0.48980392693053026,0.21370454019380786,0.11150179173872547,-0.5929994767659866,-0.12795900459770354,-0.1518026475482578,0.8811559950777176,-1.747103321204953
NER,Malbaza,2012,False,0.3155331781971469,-0.0994821752763274,-0.5817946454004768,0.7920903008334409,0.4742096133491239,1.1517841376220437,0.28841823838941394,-0.5622418762049387,0.14307184129032482
NER,Malbaza,2013,False,-1.0204836836130131,-0.8753196679959356,0.0035343293785131424,-1.2694578552928777,-0.6596254046382394,-1.27503224294359,-0.6620176641246894,0.1939521021753391,-0.1766150002530193
NER,Malbaza,2014,False,0.11198801237866438,0.0850557096197325,0.2794640460818534,-0.48705228292435226,-0.16806818783923405,-0.18334239097227947,-0.2268583014153897,0.15818461158975863,-0.30051932213601357
NER,Malbaza,2015,False,0.21707244125189462,0.13719087112483527,0.09585324411476258,-0.7275218584602832,1.1265929166986643,0.9963853867299602,0.6294669116695475,-0.7025427425019121,0.3587064346225305
NER,Malbaza,2016,False,0.35484689673412045,0.41800446344818976,-0.2515739237763473,0.9714016632918401,0.13260500926521465,0.12046383968645646,1.0000142544678639,1.9675581192124951,-0.3525454462415828
NER,Malbaza,2017,False,-0.03107502023213442,0.07709864414011805,1.2508418021496113,-0.2369813520371918,-2.005564945297683,-1.896661167686744,-1.9519690001416352,0.644853241557414,-0.8680148074453463
NER,Malbaza,2018,False,0.5605672657875893,0.8387460079099072,0.3056985721564956,1.2509059927683077,0.5347247407827684,0.9785911961316869,0.8477052382806344,-0.8428436087988737,1.1616885869359224
NER,Malbaza,2019,False,0.4948937650298152,0.7937696985843904,0.5146772523517518,-0.16914253204303398,-0.8655558246809703,-0.8181880971891912,-1.041980394851219,0.17733752590334134,-1.3116059708716845
NER,Malbaza,2020,False,0.624773046979928,0.882151577300687,-1.7965520204340493,0.6759865163762362,1.8737805411069255,1.1245536220125572,1.77883527655663,-1.1783657462919834,1.8927925414718916
NER,Malbaza,2021,False,-2.8264958509801725,-2.782084336472765,0.4357724524439084,0.059805417071461975,-0.03882955772387801,-0.5673495862545711,-0.06547941612302569,-0.6861589242336544,0.39841058196620516
NER,Malbaza,2022,False,0.6882832507555717,0.14475425059930336,-1.7307286222733183,1.0817769080016657,0.22989035037364103,0.4372501833914036,-0.11087195150167269,-0.787923203899722,0.6660712994039799
NER,Malbaza,2023,False,0.5100966977105895,0.3801149570178644,1.4748075132072955,-1.941810917585213,-0.6341592513963334,-0.0684548805277323,-0.485263191206458,1.6181905014927362,-1.6114407387432077
NER,Mayahi,2001,False,-0.8823633104938055,-0.40799306407053376,-0.6422254198098708,-0.9376441563810981,2.08960749095972,0.8585760767858023,2.187123079000049,-0.4969102483481616,0.5706609767902706
NER,Mayahi,2002,False,-0.933451955303079,-0.7642641427338438,0.6593793810246783,-0.030577285746582,0.2032491717559865,0.13182482703554532,-0.38074607927813353,-0.465838908155762,1.0319352124339862
NER,Mayahi,2003,False,1.1596765013062522,0.5177246671057322,-1.009908844411705,1.3248626288367884,0.9377114586181792,1.0457313793199874,0.9448464897290141,-0.4630931208637416,1.7645314628823763
NER,Mayahi,2004,False,-1.0946797690465058,-0.9153082622805047,0.8578492059005384,-0.8210924719019961,-0.6538382146366597,-0.16802315217686112,-0.1775423439504418,-0.01563615303583237,-1.5727025087393662
NER,Mayahi,2005,False,0.5258438789797293,0.45393256524720554,-0.5632657682915737,2.065461552335417,-0.3527163808996019,0.30452795371046376,-0.10368172134641584,-0.4292759933793216,0.5165038157324263
NER,Mayahi,2006,False,1.0753314929885605,0.3419619489369337,0.3626144825723057,-1.1199364792902633,0.3171140552117494,0.6466820468902488,-1.071952526915731,-0.4067023190570386,-0.7858150448542496
NER,Mayahi,2007,False,0.4590338325493532,0.3934145269036006,-1.0061454313779665,-0.7909932094354962,-0.7395415923741554,-0.23015644360044563,-0.5809457748935918,0.44864261053627175,-1.1385068536245615
NER,Mayahi,2008,False,1.0413486275905852,0.9044772236908845,0.07808321247216722,0.33285203053842133,-0.20622733883096028,-0.21415981322326702,-0.4102109631917739,-0.353057304542356,0.13673342643318023
NER,Mayahi,2009,False,-0.8005025246089674,-0.7489441778756065,2.102649801057693,-1.647822150246164,-1.7345203070956148,-3.9898261534433597,-2.184592445314309,4.462199920523391,-2.250873493372198
NER,Mayahi,2010,False,0.45736551710373086,0.8826012288879073,-0.5408531727999475,-0.2013266896828044,0.6082973913395199,0.8821968435308574,0.8456922936653827,-0.3447331746682736,1.0592818977206357
NER,Mayahi,2011,False,-0.4211798392092942,-0.34138068093428364,0.9414279143593047,0.9029552734296988,-0.37116171751804283,-0.685448938448946,0.030658841759864212,-0.32782461092606563,0.028285051938634117
NER,Mayahi,2012,False,-0.09678193917156441,0.47261280921088433,-1.591718805067079,1.145877664143812,-0.41433493950034167,0.5020655118750611,0.47146715034041503,-0.3109160471838576,0.6252202949846878
NER,Mayahi,2013,False,-1.98149867134663,-2.108953257645265,0.0178569383664079,0.9519348208275535,0.09543229759326302,-0.16881217843134708,0.3134168354072666,-0.2883423728615706,0.2725284862143758
NER,Mayahi,2014,False,-0.4023914223302508,-0.6128152357344924,0.36115882281397504,-0.25210603808347626,0.023814279739856652,0.00290472183999986,0.16446682308634655,-0.04482938591636197,-0.7584683595676257
NER,Mayahi,2015,False,2.4191112037619464,2.5178284546935568,0.5204480690586821,-0.11620627961124144,-0.4677506482821553,-0.08196031844102167,-1.3571610929355682,-0.2573578006671921,0.24544990568546574
NER,Mayahi,2016,False,-0.09817124187358679,-0.15496568754069,0.881201640253529,-1.6591521406215692,-1.1729529471480276,-0.5835933940832432,-0.22649113471915067,-0.028007590172167002,-1.328190969705886
NER,Mayahi,2017,False,0.2620083846612481,0.2192019445156467,-0.376175449456792,1.3375891635853099,-2.4082645179402777,-0.44869417535278716,-1.7199374684580582,-0.2246736952987871,-0.459933711855158
NER,Mayahi,2018,False,0.7129367023710306,0.6805038701910952,-0.41912045551872273,0.921401741218366,0.2878714529176951,0.742271139678017,0.8312603717106722,-0.2066321094405601,1.0866285830072595
NER,Mayahi,2019,False,-0.38626646816171456,0.045156756224775316,0.7798273644495269,-0.6205371864240943,0.24091187069030146,0.06000052103814305,0.5105788423527384,0.30030851947813675,-0.758334307188768
NER,Mayahi,2020,False,0.5927612384749557,0.6311673122988036,-1.6550252957973508,-0.7724765235378931,1.5037126938418623,0.8174763312829088,1.534980750710344,-0.16148476079599408,0.6525669802713358
NER,Mayahi,2021,False,-1.729628131785422,-0.5058397052923833,0.4899066028539172,-0.05399388794250727,1.1967375371714932,0.15558103881624782,0.6533095990314989,-0.12758086531355706,-0.10710785070598851
NER,Mayahi,2022,False,0.14943974290116932,-2.1081209553748836,-1.6541701590891473,-0.287494827853548,0.6261676595578095,0.5123251849843239,-0.032851825559064185,-0.14183040976176164,1.1681324293517532
NER,Mayahi,2023,False,-0.027941849357740384,0.6080018615754617,1.4062053664374299,0.32842445184336594,0.390681244828401,-0.09148900958632758,-0.2416877002313532,-0.11642418014943709,0.0014745761674152431
NER,Mirriah,2001,False,-0.6885849486330378,-0.44202026440299097,-0.5739501675195212,0.5624002908099213,0.3799283781607328,0.899189177181376,0.6726315485559131,-0.9526021214078775,1.2811705788804277
NER,Mirriah,2002,False,-0.8226051164268225,-0.38065377233274345,0.9716057698746539,-0.5789968947884381,0.5466561716178299,0.04547481135916157,-0.32775923923952166,-0.4168058034996825,0.09115002256130578
NER,Mirriah,2003,False,2.3489726760799448,-1.3052956181692554,-0.5428484362081971,1.4936440278764667,1.2679987341840533,1.2740153317933878,1.546019877166679,-0.8639292281988085,0.983057467085349
NER,Mirriah,2004,False,-0.17319405319572764,-0.2546055663670402,1.2026505633914144,-0.1674750489921566,-0.5719288090008883,-0.20964923948363426,-0.16198056169555428,0.6501229189472777,-1.4316266191415312
NER,Mirriah,2005,False,0.8128523768303431,0.9013777935288146,-0.6648711437208253,1.9034568243755747,-0.3043751931427823,0.679144363310318,0.4463822161822494,-0.5863678435278342,-0.0498537626543836
NER,Mirriah,2006,False,-0.290626513129585,0.4060359830563782,0.5474463566643215,-1.6676957470134266,0.1630356685616498,-0.7138601962921001,-0.7247467319955094,1.9362555697574497,-1.3623406719642823
NER,Mirriah,2007,False,-0.3057256603840189,0.5110333331407557,-1.100854031556033,-0.05718175430406145,-0.8805020534331336,-1.0216284527345565,-0.9812401943104597,0.5038804457662882,-1.0827649923940958
NER,Mirriah,2008,False,-0.016842207181916685,1.118048466104101,-0.22948627085447448,-0.8938554502165013,0.6317501389180786,0.745504463876694,0.5161706067025481,-0.6323361792660841,0.42147421708382676
NER,Mirriah,2009,False,-1.4500434678234628,-0.15208940951257588,2.332309197583755,-0.5882005958986076,-2.253342050040783,-2.8510107347192513,-2.296975608694316,2.9816429624657492,-1.7482771631615017
NER,Mirriah,2010,False,0.31497374049938104,1.8680255412308095,-0.8420029092043674,-0.2015368048947211,0.4524117684197103,0.2737679339854221,0.2965090502499063,-0.5588210045076617,1.348024635196527
NER,Mirriah,2011,False,-1.1137731910804507,1.0491989229087069,0.42980178324191376,-0.21872136281277887,-0.6081161635066915,-0.8326833560344745,-0.4400982581537591,-0.4987438502812884,0.1580040788773833
NER,Mirriah,2012,False,0.6647596775369773,-1.2114805085710552,-2.1380714489231636,1.3480409678889618,1.8836353722947636,1.3475994183976394,1.9847417600858515,-0.4689821329562219,1.7847096413461034
NER,Mirriah,2013,False,-0.8459700527058153,-2.1026631123298176,-0.27883073487337356,-0.39425795059537205,-0.15585843312208,-0.03947386157775397,0.34466440410051413,-0.41823280546872127,0.7171554380177356
NER,Mirriah,2014,False,-0.8798198600463378,-0.9508414565031816,0.6622141535664202,-0.4281911916257237,-0.38068142439716524,-0.42118182558786543,-0.6229279087440925,-0.1832588998887455,-0.47286511830138783
NER,Mirriah,2015,False,1.2220175948520238,0.3143746093309278,0.04888074574267494,-1.4841359123654412,0.3479033970171568,-0.07935419020908281,-0.2746267974976766,-0.3004104537007162,-0.07082308574042492
NER,Mirriah,2016,False,1.1619394599319084,0.9116883696625895,-0.12683623529815855,-0.3661699271012907,-1.2489073363090828,-0.1362373699392256,-0.7928102195266835,-0.05377676469715271,-0.5260455241149149
NER,Mirriah,2017,False,0.8192659117284036,-0.02414536183063802,-0.3455161883831209,0.3983646635075132,-0.6376535745366512,0.023008838730751942,-0.30936078241905446,-0.17092831850912343,-0.12400349155395196
NER,Mirriah,2023,False,-0.757596366851807,-0.2559879489437852,0.648358996476081,1.3405118661500819,1.3680454083152824,1.0173748879431934,1.1254068392329655,0.033293508973153,0.08385434997781492
NER,N'Guigmi,2001,False,0.33785314370519753,-0.06569968430511636,-0.1666068267380998,0.6248578442709631,-0.643903706194982,-0.6822351054797449,-0.8661098855728511,3.2574600398819635,-0.5852627721698296
NER,N'Guigmi,2002,False,0.5023327791623226,0.5295103594156175,0.7730174142047475,-0.2625506509380385,0.05661557540899731,-0.44901348332467195,-0.2861662947620097,-1.0442824720257555,-0.5949365369990689
NER,N'Guigmi,2003,False,0.9137269009197079,0.844019602403073,-0.3704473393450278,0.7088992005363586,1.5176899737355987,1.6985082865071706,2.0338777013772513,-1.1124067307927876,0.7939396992008778
NER,N'Guigmi,2004,False,-2.0798149416425957,-1.6606705096553367,0.607485002256372,-1.9092904952658367,-0.23450091892603592,-0.28457516483446765,-0.06722438334701475,-0.40993819348377364,-1.1387403170435548
NER,N'Guigmi,2005,False,-0.36677775617661096,-0.21469015829564425,-0.5855279533427836,1.252394536243157,-0.41176972337010254,0.4767849498667375,0.1502100350594371,-0.9917909829681523,0.25013591915639183
NER,N'Guigmi,2006,False,0.0013366539642127983,-0.9905354479612763,0.6637725504086841,-0.7799209181941629,-0.44202871645202824,-0.6266637302686591,-0.9707642172775336,0.4162805965309763,-0.6336315963160879
NER,N'Guigmi,2007,False,1.3623209117108543,-0.0601332428798831,-1.2511301822710106,1.3793491924275296,1.6165043745650212,1.074685995019241,1.267531987261982,-0.3450677036859929,1.1048821401411557
NER,N'Guigmi,2008,False,1.420298676040918,0.1309710417124374,-0.0224747627067764,-0.13253894523177134,0.07332081377702662,-0.2545693858756493,0.028728159446757186,-0.7783724842882596,0.5707521249259089
NER,N'Guigmi,2009,False,-2.5263041423676045,-2.4046658295567385,1.3968036008529716,-1.3813138772102402,-0.8382140707548557,-1.5959764897678155,-1.2165591139091372,1.530271399058778,-0.48783414067522113
NER,N'Guigmi,2010,False,0.8774240009186253,1.3972116025013004,-1.4817657837222709,0.8839968200838276,0.3090052945345644,-0.1395070557667776,0.22399140019144065,-0.571103731282382,1.6003170960393194
NER,N'Guigmi,2011,False,-1.543243642929552,-0.5604584746688049,1.2071852573528075,-0.6227549766585299,-1.1104916706061516,-0.8172032005720079,-1.1924024576508176,-0.4813957306121517,-0.15754417007640265
NER,N'Guigmi,2012,False,0.6048990203099143,1.853910073972468,-1.586509892230438,0.9387113265976444,1.7402952311263884,2.3685602439542452,1.8137592100532054,-0.611414993080071,0.7068758157376004
NER,N'Guigmi,2013,False,-0.847558935341646,0.3331841582419533,-0.030744583210586204,-1.0878050332560296,-0.23879282519827605,-0.18221248190408637,0.05740729473062529,0.32934930847735894,0.34756455065100217
NER,N'Guigmi,2014,False,-0.1938644183123654,0.7650679030452282,0.5136409904587452,-0.48517759730148907,-1.1040371768109323,-1.0646228589118312,-1.2352373199658115,0.9358805900500152,-1.2354779653360732
NER,N'Guigmi,2015,False,0.4138734682099253,0.7113459658989261,1.1128507321364243,-0.5514342994662815,-0.8900786120570786,-0.8825076920206163,-1.144089145134139,-0.4753652490262698,-0.5458767296507187
NER,N'Guigmi,2016,False,0.48962845935569804,0.8953090129235943,-0.13544517111969084,1.0804495808770054,0.1631123667849326,0.9888892455899144,1.0586890533999298,-0.43826800150179357,0.6681807564205794
NER,N'Guigmi,2017,False,0.2351770871515056,0.4336763737883,0.6066744310985652,-0.277679706107339,-1.649486366375091,-0.7782896210422243,-1.1489670493405169,0.9883720791076012,-1.7889555102097363
NER,N'Guigmi,2018,False,0.6012925604880199,0.7252446042655543,-1.1125587814509426,0.46329755777131665,-0.2884669026053227,1.084166571008602,0.28312679666353563,-0.4074000090434622,0.6488332267620388
NER,N'Guigmi,2019,False,0.1371844077025764,0.03968935716209237,-0.2642316905805582,-1.0139617008027864,0.030600355553029628,0.195776469551249,0.30972240502506404,-0.11343849616028638,0.11470321154685423
NER,N'Guigmi,2020,False,0.47880540658971266,0.23822084173970237,-1.0938911644842668,1.1096854002336545,1.335672573488078,0.6908369584419135,1.019053017712744,-0.2898790114038711,1.503579447746803
NER,N'Guigmi,2021,False,-0.3009204419850576,-0.9566345825490974,0.41553740002644113,0.1604751256046471,0.33893558556668035,-0.15188804472662887,-0.11235112527660766,-0.2434975133242618,0.09535568188837576
NER,N'Guigmi,2022,False,0.2457744527418183,-0.8306390492749919,-1.2573590680139228,1.341355135756998,1.7767816744479072,0.7181069353774333,0.9205879865714846,-0.15069476246898705,0.9597756677023789
NER,N'Guigmi,2023,False,-0.763443650215577,-1.1532339179233584,2.0617258204206164,-1.439043519970597,-1.106763129637368,-1.3870513408213263,-0.926814055257019,1.0067020520415657,-2.196635599442593
NER,Ouallam,2001,False,1.3760436413036021,-0.052282017952279956,-0.21168461996497365,0.07851622956348542,-0.3312422907300999,0.24775454856320656,-0.45121700718571084,-0.823746060578298,1.064883908237546
NER,Ouallam,2002,False,0.2665877177249586,-0.2910612182368027,1.7748027676078184,-0.3277048728083465,-0.9656153453200328,-1.5911023606544057,-1.0731923005926338,1.4125207485180422,-1.7232595949125549
NER,Ouallam,2003,False,0.3109042896421172,0.7512762236912057,-0.5786847892383029,1.827791379261986,0.848442249021219,0.9560267553891896,1.242966366408333,-0.7679975456868017,1.2140766163574102
NER,Ouallam,2004,False,-1.7048218107257491,-1.1877792202306425,0.6850734651183126,-0.9279609170107626,0.18770812219832567,0.5216197688826071,-0.2845798892902168,-0.4889412418749766,-0.9379024740793517
NER,Ouallam,2005,False,0.2597364453993174,0.12824967120955524,-0.239156478343907,0.9346141573652486,-0.03609766913897384,0.640432978634716,0.5783968800001371,0.37285740950617124,-0.12111430518719395
NER,Ouallam,2006,False,0.6251694167779965,0.6766511418314236,-0.5267607594214235,-0.005627215021050407,0.14577185323350225,-0.709732706067814,-0.6573974025766058,-1.068180940196937,1.7559478848938714
NER,Ouallam,2007,False,0.06091419779563524,0.21299013553608825,-1.2427823100019366,0.7922251967432816,0.9968283843266674,0.8989864365594376,1.381560511907133,0.7179676418113948,-1.0321956182562309
NER,Ouallam,2008,False,0.11990212332339478,0.7572117711478289,-0.4293422079730239,0.598348249075426,-0.10687474442137328,-0.2375156030506137,0.39798738647642434,-1.108886331110016,1.4810309845381655
NER,Ouallam,2009,False,-1.777427703900642,-1.4548650902829763,1.9909626667855582,-2.155350123081885,-1.5802666592704107,-1.5619358341658354,-1.649279965149002,2.1763167036110844,-1.307112518611927
NER,Ouallam,2010,False,0.27670244604896765,1.0178248952082327,-0.5527325573329045,-0.4002110793596719,0.7568730378091513,0.9380720159083261,0.19857191872793384,-0.779851749772222,0.9940592799446891
NER,Ouallam,2011,False,-2.253294074649213,-2.3568696344970967,1.385152871094596,-1.846349760795174,-1.2692893699188492,-2.6381069971266933,-1.4832172753791522,1.0906939998151017,-0.945865006254283
NER,Ouallam,2012,False,1.1617068270359743,1.0019059173404776,-1.3817513505800596,-0.3168263814459377,0.3288292533059768,1.0674494319348853,0.2950312699392167,-0.3021173969857071,-0.34113164159990544
NER,Ouallam,2013,False,-0.357959431038835,-0.28650793864887486,-1.0954324968121836,-0.5857505564087253,0.37849730523892827,0.1281244992485603,0.872319074693005,-0.224006730266748,-0.3725626896588683
NER,Ouallam,2014,False,-0.7861913365408731,-0.46264007625187215,0.4176358072342032,0.5154506477898585,-0.5040778208937905,-0.27210480712881396,-0.2543410533493963,0.7262080014352609,-1.040158150431162
NER,Ouallam,2015,False,0.439133093457153,0.22289653428045617,-0.09227743511903903,0.2604299591469714,1.772259102515458,0.9496058428121358,1.2699886924190689,1.2946260226608133,-0.01131517730122428
NER,Ouallam,2016,False,1.1237704675016598,1.3022287840371205,-0.40718281670410966,-0.4941682720360715,-0.14641905351587045,0.3333509231232623,-0.41010285928414997,-0.4156794807467243,-0.25480102959796724
NER,Ouallam,2017,False,0.8430001115154284,1.0486792999038266,-0.357573504699451,1.8027327556741888,-0.6749120989717675,0.4848773927087878,-0.016402954491465494,-0.5947792295066338,-0.28623207765692066
NER,Ouallam,2018,False,0.6842772416387787,0.78859415493209,-0.6094763466517317,0.6460393803530357,-0.3002759980542902,0.830652128626449,-0.023589177354929845,-0.7658411527828173,1.166720503948575
NER,Ouallam,2019,False,-0.06581898255365834,-0.04546484946652737,0.2879671415542219,-0.5518904714396484,0.2309619046257814,0.2998295994194992,0.41376438925149106,0.24063835730518285,-0.1370393695370662
NER,Ouallam,2020,False,0.5919686529519973,0.4617775741067141,-1.4831969418288113,-0.8119669732897759,2.7078885647558546,0.9596752494201554,2.1558774034018207,-1.2526458580420707,1.315913212068439
NER,Ouallam,2021,False,-1.710803263332055,-2.2553369279156184,1.3373240656447631,1.2874413510127682,-0.05521534313457818,-0.6103424371086863,0.20149534330228921,-0.7445115279443669,0.4362629470583556
NER,Ouallam,2022,False,0.47898910723908633,-0.17273312319972145,0.017378170869920866,-0.5132362315802653,-1.0334508591134248,-0.44743128070748944,-1.2695436723818123,-0.4533984859069699,-0.019277709476158048
NER,Ouallam,2023,False,0.03751082338495888,0.1952539934573936,1.3117376587624632,0.19345354829106468,-1.350322524547403,-1.1881855452208663,-1.435095679491777,1.7587548467382375,-0.8989279744862391
NER,Say,2001,False,-0.16637155235381493,-0.23558411792719744,0.408288703760584,-1.1322611543085794,-0.33179322772973574,0.005848421844457654,0.04969097497546489,-0.823746060578298,1.064883908237546
NER,Say,2002,False,1.0517407628418176,0.47761663733110105,1.0925854847163778,0.2695380504392034,-0.06144769530053429,0.5908585517646544,-0.33994660137654076,1.4125207485180422,-1.7232595949125549
NER,Say,2003,False,-0.6859699527350788,-0.6555454277113237,-1.1818100027832754,0.25353405982488914,0.03739539861732154,0.5773915957428266,0.23177499808314433,-0.7679975456868017,1.2140766163574102
NER,Say,2004,False,-0.784846077602278,-0.9727881160652767,-0.07672981885201145,0.41458668253615116,-1.1274124963052647,-0.6187580129256466,-1.171955884402669,-0.4889412418749766,-0.9379024740793517
NER,Say,2005,False,0.20252725937384536,-0.007244410084475758,-0.044930350671674335,2.2314308941167167,0.14468063935987932,0.5443413183117123,0.8312576527101282,0.37285740950617124,-0.12111430518719395
NER,Say,2006,False,0.1435008832624071,-0.1334899929734849,-0.6429851421918552,-0.6583251446208197,1.8237316059369562,-0.015335601250243832,0.962888964572507,-1.068180940196937,1.7559478848938714
NER,Say,2007,False,-1.0939354157554144,-0.8798907632071313,-0.7821407247271217,-0.40511531421102154,0.8748929045511502,-0.6858484754090851,0.8688821188141893,0.7179676418113948,-1.0321956182562309
NER,Say,2008,False,1.1179953052906808,1.707850932306341,-1.094515663285462,0.7327024384479136,-0.5749049145597369,0.29969091518645447,-0.7940450042245876,-1.108886331110016,1.4810309845381655
NER,Say,2009,False,1.0415068108357515,0.7103218708404856,1.2366858446523765,0.3203886975109562,-0.07756734755520997,-0.15749054803426107,0.11805143640512757,2.1763167036110844,-1.307112518611927
NER,Say,2010,False,1.3472162189534014,2.1105304236515514,-0.14481858325983848,0.19079166517298538,0.4688781707014907,1.0424923199335103,0.26310598144040875,-0.779851749772222,0.9940592799446891
NER,Say,2011,False,-0.2434226307874359,0.5585643414258318,2.7973679734827783,-0.47554514826634786,-0.9308902832004332,-3.151603050615445,-1.0575286956893408,1.0906939998151017,-0.945865006254283
NER,Say,2012,False,0.43580402587146166,-0.7338304974553137,-1.4013096411666315,-0.2317873391589635,0.12820265945534529,0.8498605092115933,-0.13232862267655435,-0.3021173969857071,-0.34113164159990544
NER,Say,2013,False,-2.2351575077306953,-1.999676023118562,-0.44907006549104184,-1.0439553384069697,-0.224941918871081,-1.628316353548213,-0.047359026129503684,-0.224006730266748,-0.3725626896588683
NER,Say,2014,False,-0.8370243408332169,-0.5584954247369444,0.318628627624012,-0.5860079751431,-0.5633780003318438,0.2496563503984548,-0.36700402950851707,0.7262080014352609,-1.040158150431162
NER,Say,2015,False,-0.39812039772167,0.16470153628312986,0.397978507261666,-2.8495676025957097,0.6857480392994532,0.5748136235547283,0.16764387833077038,1.2946260226608133,-0.01131517730122428
NER,Say,2016,False,-0.18893269128290954,0.026890485904809847,0.08522618448538999,0.8014750999372283,-0.47011872759806644,0.8929278092951498,-0.6294847050557781,-0.4156794807467243,-0.25480102959796724
NER,Say,2017,False,0.5657623049854766,0.4642336343126442,0.08683491523251269,1.1706409773962836,-1.6550612237984763,-0.01779141462549849,-0.30577331850497136,-0.5947792295066338,-0.28623207765692066
NER,Say,2018,False,0.26347049051258303,0.4342345922191539,0.019004949883227734,-0.8875059728235081,-0.4167703297700823,0.4858525212009875,-1.3272616563528918,-0.7658411527828173,1.166720503948575
NER,Say,2019,False,0.2663897048003604,0.4478844543577008,0.4889474950631654,0.9021636775126166,0.8762935050225651,0.4282735966272347,1.5679576851782657,0.24063835730518285,-0.1370393695370662
NER,Say,2020,False,0.9306036260259445,0.8447718637305437,-1.2291836552294362,0.27937367650226225,2.1035103683481555,0.9702838244295731,1.7468899139356349,-1.2526458580420707,1.315913212068439
NER,Say,2021,False,-2.2822224066133963,-2.2448566632322833,0.29781208433104545,0.05390614238266688,0.8797661066343816,-1.4231906449342828,1.3754695826039969,-0.7445115279443669,0.4362629470583556
NER,Say,2022,False,1.2728801355871595,0.3196216474521061,-1.3833354126058353,-0.13189665948572696,0.5950109197668731,0.8230613930993472,0.4763883472613549,-0.4533984859069699,-0.019277709476158048
NER,Say,2023,False,0.2766054450750219,0.15417901669659356,1.2014682897710474,0.7814355872408733,-2.183824152673107,-0.6370186492580086,-2.487313990389638,1.7587548467382375,-0.8989279744862391
NER,Tahoua,2001,False,-0.9776209081758194,-1.3813416705737274,-0.09128150595398463,0.6435053779472992,0.7242473635768596,1.1937698697080845,1.0974505777115988,-1.1637853104356808,0.9534853147674772
NER,Tahoua,2002,False,-0.6251769776338032,-0.4900138461023307,1.0612203444619963,-1.0395127915682003,-0.0358131557281935,-0.54438237272662,-0.8217735981404867,0.359652513773426,0.20816205249740555
NER,Tahoua,2003,False,0.06627844607917864,0.02660749075505907,-0.6871604332509695,1.6761177843497903,0.06020315400298,0.40104813533198264,0.6296243341838549,-1.067279436023193,1.4194331907910849
NER,Tahoua,2004,False,-2.059628791391983,-2.313912344337055,0.6988544879029194,-2.074205984219124,-0.8033306529350261,-0.0947442485012055,-0.8799092634931399,3.641216666942095,-2.2607816723246827
NER,Tahoua,2005,False,0.3168261118088732,0.23105782518317047,-0.19498668537550515,0.37350113159203013,-0.0946325235450186,0.1273152997207347,0.3806696561221102,-0.21641765348424113,-0.23426286712943142
NER,Tahoua,2006,False,0.9555904524306126,0.9246543957050526,0.23155554259449956,-1.2457062596384803,1.333681007514443,0.14837541680145988,0.24756076239680527,-0.5201974734036804,0.16176060426267289
NER,Tahoua,2007,False,0.5932404886923417,0.7135761269756099,-0.9563938653474725,0.8804927040444545,0.8701362591543277,1.0190097459334027,1.1305091641305736,-0.5389983946975666,-0.7466121913877408
NER,Tahoua,2008,False,1.8816382364068454,1.6402403283142626,-0.4858092987193046,0.9672010233110283,0.06200910522123837,-0.31329366725837154,0.3216728457553023,-0.7673426238043475,0.6277084802862805
NER,Tahoua,2009,False,-1.1042035585456778,-0.606261616854981,2.0198860173146116,-0.2926616966158765,-0.43607567247237133,-1.9428901938929415,-0.7642980322734015,1.78704827484426,-1.5850605824066533
NER,Tahoua,2010,False,1.2069981711390863,1.388135134975481,-0.8331002608383467,1.271716087743784,-0.03570025787354424,0.771700276174471,0.4315442271335944,-0.7043636786419247,1.5828049564508022
NER,Tahoua,2011,False,-0.14593847316781947,0.07817359486742408,0.8963857846161296,0.5599715915469028,-1.4257860116879437,-2.4323992124476272,-0.8088698259633702,-0.01909908568444457,-0.4669145728618164
NER,Tahoua,2012,False,0.7560683885419749,0.52996592439577,-1.3444415448049134,-0.6628726961056975,0.2769183777804221,0.6183846152648316,-0.33715335145727304,-0.5240404811042743,0.09215843191060287
NER,Tahoua,2013,False,-0.2902463631438046,0.3679607206346224,-0.2726347175679875,-0.07344997611956568,-0.4347399631993623,-0.4665194759609573,-0.2362854590013169,-0.2746259683976399,-0.16401623021852382
NER,Tahoua,2014,False,0.6095646445452382,0.6030990845523667,0.09981524211716843,0.14701555147515746,-0.5245100043276008,0.3679741228595029,-0.9779189586842126,-0.226373031191396,-0.25714135896736445
NER,Tahoua,2015,False,-0.16586003380283795,-0.2745421992673185,-0.4588312194944172,-1.3149146330208854,-0.16874092997913565,0.3602596313855914,-0.6255029008476122,-0.38766340179805875,0.3019316458050548
NER,Tahoua,2016,False,0.6394874947015736,0.3987943722837621,-0.2631417867729108,-1.3120602211159955,0.03949377499401755,0.3815645440534004,0.13598719554305078,0.347891585034519,-0.2803420830847308
NER,Tahoua,2017,False,0.39910443146368624,0.5539082530252979,0.6088487925920946,1.3996844420218268,-2.302319733047914,-1.3387843829569273,-1.9567928836292587,0.06925696205262862,-0.6995662785942014
NER,Tahoua,2018,False,0.3456701450281283,0.49014719581572264,-0.4868777317166869,-0.7410533486533027,0.3428849589741913,1.1361734614983738,0.7323083379147973,-0.25128632249184324,1.000853459840421
NER,Tahoua,2019,False,0.2136359150299245,0.27949383092864233,0.04459758500262521,-0.46475339005922195,-1.1204332067604132,-1.3119304917718815,-1.1557805870752234,0.06518204871492123,-1.0488660694721688
NER,Tahoua,2020,False,0.2883295090374848,0.3071248525630778,-1.9630122598459858,0.6556077287340591,2.8103232752697873,1.5981181275108982,2.8240463310972093,-0.22183430657948547,1.6298508692443436
NER,Tahoua,2021,False,-2.6025503185934453,-2.1948271063201195,0.7259464787923584,0.8797546473836854,0.768318060701847,0.46247458732563773,0.7679503593762439,-0.0394736523729813,0.39537900683329796
NER,Tahoua,2022,False,-0.38875067106079086,-1.2394018591667324,-0.6848748979298536,0.11013050293472275,0.4439190892863287,-0.23496259783289036,-0.318945328084004,-0.007984179791769895,0.6283529448450873
NER,Tahoua,2023,False,0.08754366061103348,-0.03263848835305703,2.335435932223935,-0.3435075759683905,-0.3500523149199186,0.0937388097810503,0.18390639728415828,0.6605169485406778,-1.2583170510872164
NER,Takeita,2012,False,0.4114487361802404,-0.11789076806387114,-1.4621808450069065,1.62995907991361,1.796577388381414,1.7726653318654335,1.9072446563435606,-1.1843839682384316,1.7124782320394731
NER,Takeita,2013,False,-1.156446976851458,-0.6254369722876538,0.3137128527811622,-0.35867423342249394,0.20173885874611527,-0.4157200335326396,0.33787605619544714,-1.0070070492867227,0.37985161707959103
NER,Takeita,2014,False,-1.3732392270024862,-0.7759675864636459,0.7384293178306407,-0.4458476003711368,-0.403085337614567,-0.34583926901643214,-0.9607606929857652,1.541061444225529,-1.1070166862164
NER,Takeita,2015,False,1.8098988678820664,0.3424200692602294,0.535193321121091,0.01790126775389245,0.20549802355382782,-0.32195307222459,-0.64919315825034,-0.44219193262477535,-0.588743041142999
NER,Takeita,2016,False,0.3311483300334494,0.1570562084529058,0.9031218580144874,-1.822610761641262,-2.098007473692266,-1.732459507568227,-1.8990627072027984,2.255920331429304,-1.1501612144223476
NER,Takeita,2017,False,0.7527097623899971,0.16767022015927704,0.3661981181728965,0.9837121305660441,-1.1785756433963135,-1.1018730684480622,-0.5666351143454129,0.2726669545789996,-0.6318875693489469
NER,Takeita,2018,False,0.5258841566420499,0.14022861533198713,-0.8899611580257138,0.39179752931053796,-0.4704842839001055,1.1492664977212552,-0.04019633981420463,-0.6302712743702981,0.9660778940772016
NER,Takeita,2019,False,-1.5374904887541399,2.706623252950077,0.5872092647925315,-1.1240791687683074,-0.007776115911199703,-0.050487456680725996,0.8734244486544264,0.20729823496535965,-1.2919988508993503
NER,Takeita,2020,False,0.7363800077518362,0.11734896644947691,-1.1699509478244492,-0.2366623787937018,1.1308954938094617,0.9199803729504056,1.0797730544114907,-0.5005830922795896,1.0771750542073335
NER,Takeita,2021,False,-0.47181725294304705,-0.33995843127183006,0.3597835076672116,0.07297877936505026,0.32241664044606794,-0.008967974220203552,-0.19610566799634513,-0.2781930421653387,0.05303181591966376
NER,Takeita,2022,False,0.3392345403619042,-1.5096650097211557,-1.6083368182238196,-0.5160281292495826,0.30755628749644764,0.7981268151270393,0.03536543484825932,-0.2808686478637761,0.8797888376652786
NER,Takeita,2023,False,-0.3677104556904126,-0.26242856479579646,1.3267815287008682,1.4075534853373497,0.1932461620811174,-0.6627386359732531,0.07827003014168152,0.04655204162973951,-0.29859608895849815
NER,Tanout,2001,False,0.5923992368448378,1.9362088824689268,-0.8129518415050843,0.18736525204274612,1.2334207268777047,1.3910107488744166,1.1694952823340226,-1.1031991456967225,1.4815664142778135
NER,Tanout,2002,False,0.7566985859407915,0.13277960125620833,0.585077023110171,-0.5616355764971235,-0.10707989625584628,0.2914381028138073,-0.387650991451177,-0.49025110280011786,0.2175145933621171
NER,Tanout,2003,False,-1.2518856863550238,-1.7980500724946045,-0.8351981525723318,0.8696444063225464,1.164679542913532,1.336347568837049,1.3135473509419893,-0.9939644574793027,1.1190420920076205
NER,Tanout,2004,False,-2.2590809948129404,-1.9560069485649492,0.9847982039097186,-1.1326583802438879,-1.1509416680811881,-0.6819253008661442,-0.7954428472124697,0.7303464710235891,-1.4188799168852801
NER,Tanout,2005,False,0.2287651662360071,0.46532767527497587,-0.7122815235717304,1.4975627141061747,0.07856332846631411,-0.06723401878533639,0.44413700331287886,-0.6701400344964258,-0.007804343048893968
NER,Tanout,2006,False,-0.2669824015681797,-0.5665006001971408,0.04539764056853441,-1.4592154004744378,0.2887557355592395,-0.3878979152035441,-1.0665851380515248,2.1999741074146164,-1.3992431827623117
NER,Tanout,2007,False,0.4874492719812091,0.17486720683217796,-1.3187512665464376,-1.2030146459848061,-0.3357679193316047,-0.39863152284535275,-0.415568864657649,0.5769500991748536,-1.1346507781054098
NER,Tanout,2008,False,0.7623484790691631,0.5226394832985866,0.28745503057384086,1.0433619828443228,1.0365097307252054,0.8427190526817527,0.8405348296106956,-0.7096183990005359,0.4038118145287412
NER,Tanout,2009,False,-1.6425700322063732,-1.5131901877052725,2.4148702671644124,-2.058799790970238,-2.4428798552692856,-3.1613675735460505,-2.6283939369157214,3.400347543777592,-1.8793361567687634
NER,Tanout,2010,False,1.0872055517313952,1.3271798792321228,-0.4055001898753783,0.9595324632478421,0.8244674680776757,0.3484562204019838,0.92268805499093,-0.6176038746840478,1.3151576802357514
NER,Tanout,2011,False,0.13657537961289004,0.4600708926842494,0.7044988692274163,0.3909970030179378,-0.6073724249568886,-0.7634984445484675,-0.14136573884455253,-0.545104052678224,0.05110585932005494
NER,Tanout,2012,False,1.6189090816387488,0.9818928188867407,-1.114527932687129,2.0597896378252423,0.7012006346718429,0.7605685653545132,1.0782805858955928,-0.5070445584742637,1.7169554707518813
NER,Tanout,2013,False,0.32773068336420674,-0.19637241105398703,0.13119464858806537,0.6251152251374384,0.41688493536046095,-0.08249498692528465,1.0067065495759207,-0.4451417604074596,0.5802906686339052
NER,Tanout,2014,False,-0.6272405321636977,-0.37226755662621214,0.36715463445286634,0.07996757095821283,-0.07596299467629718,-0.031261527638333925,-0.22127426551944104,-0.17394773954473108,-0.683761152281838
NER,Tanout,2015,False,0.5013971657646019,-0.0006606587978070241,0.780932843915717,-0.7488362444437697,-0.8991158011046032,-0.9696590290393023,-1.458697277039374,-0.30279137238055565,-0.29178172882716974
NER,Tanout,2016,False,0.508694673980961,0.5234574515752475,0.6742674721159898,-0.004019974354826591,-2.0124327419988326,-1.0680542918889446,-1.6107922662018985,-0.018351071594033416,-0.7915114369565901
NER,Tanout,2017,False,0.5195461057767087,0.44628894485875337,0.15685986216299025,0.7338431642055361,-1.1952559516382795,-0.36304263888776134,-0.34629550844504847,-0.14719470442987306,-0.39953201350192186
NER,Tanout,2018,False,0.6993223396250932,1.0758753473294174,-1.090699477973057,0.26407377682478106,-0.010843236610370196,0.5381442520460347,0.42169908731987743,-0.18066512181438335,0.8841565415367428
NER,Tanout,2019,False,0.26283596561064904,0.6798736777080906,0.35860838656072025,-1.0901655461346753,0.22625971175401363,0.44802898955831044,0.6370629090134982,-0.06047869208290238,-1.0168303733675559
NER,Tanout,2020,False,0.07229878226412056,0.18128164211785525,-1.4535301914841734,-0.21134346840400653,0.5471082645551631,1.2947501900380163,0.4912627174673554,-0.07672894556648094,0.9037932756597112
NER,Tanout,2021,False,-1.9575043384967714,-1.4318518978405816,0.5833176571906088,0.34052340176683826,0.7465951690477332,0.4953085662704373,0.2358281341026028,-0.010852263522553932,0.021902511137174827
NER,Tanout,2022,False,0.4674132816975235,-0.8345676183453765,-1.6140512187496094,-0.11391749110772877,1.2278501191295115,0.73443726312808,0.41578371920408996,0.035154998635682604,0.6686559721872387
NER,Tanout,2023,False,-1.0243257655359208,-0.23827555189742095,1.2830592554238796,-0.4681700796841188,0.34535712278479963,-0.5061422698298793,0.09504061056940372,0.11030407662628022,-0.3406218111330182
NER,Tassara,2013,False,0.11210205273503676,0.14509367311615887,0.10210162210921893,0.5760709807835256,0.7233332914674165,-0.34435914836227094,0.057803743246661654,-0.010221324009812929,-0.11894789082727006
NER,Tassara,2014,False,0.041898005500202846,-0.37015487161191074,0.41579062360751406,-0.7840863654729057,-1.838732336230978,-0.07462490635089503,-1.8133895493451933,-0.015185967100269449,-0.24469280398756624
NER,Tassara,2015,False,0.452384717929536,-0.8416188946667525,0.5642988510435544,1.237187223736039,1.3668791627195525,-0.5021720882789183,0.873331540315486,-0.8232546395303328,0.377234739480856
NER,Tassara,2016,False,0.2544157272603454,-1.0087664563447827,0.4621111313362835,-1.1631820098829195,-0.67036079820263,-0.2200460251969397,-0.048452726956592425,1.8059619336131256,-0.3092645161509457
NER,Tassara,2017,False,-1.2851742023019739,0.8331346019283462,0.2610377880335575,0.03141510081071892,-0.09676523279407367,-0.16287705241895567,1.007101040525785,0.5481550047528819,-0.808845657625601
NER,Tassara,2018,False,0.2264886938311088,1.5348001116785521,-1.5456038211960073,-0.3941846102011206,0.5313228358554353,2.017350333894063,0.6008175385298162,-0.8702727299752854,1.1215086849430762
NER,Tassara,2019,False,-0.5436903333421288,0.7115028342886445,-0.5505789455726485,-1.100869169938895,-0.6715131812449353,-0.8218549785740982,-0.15675754457152788,0.15273578448895822,-1.247253598103373
NER,Tassara,2020,False,1.6202476359772344,1.1076071154508351,-1.4655786361290846,0.6368452320869853,1.0415802844116597,1.3189062515452405,0.14227324552550014,-1.13719530554487,1.8046094294083819
NER,Tassara,2021,False,-0.7013677060619155,-0.7677895946233152,0.4386368744674397,1.7042613460859661,0.8358649878937419,0.7211854199037657,1.047273478248431,-0.6281733698579773,0.37043771714786183
NER,Tassara,2022,False,-1.6027348288945724,-1.6312881991310473,-0.6287302417416812,0.4076944981768628,-1.1136904894886244,-1.5482445117122718,-1.8460451727783067,-0.697386335295601,0.6185290323019249
NER,Tassara,2023,False,1.4254302373671266,0.2874796799152715,1.9465147540418535,-1.1511522261842566,-0.10791852438656423,-0.38326329444871915,0.13604440725994027,1.674836948459183,-1.5633151365873448
NER,Tchintabaraden,2001,False,1.1156099843810152,-0.7996809793990987,0.03601182717189418,0.6982789626639367,0.2505764739050706,0.721260786924026,0.4680852468614679,-1.1637853104356808,0.9534853147674772
NER,Tchintabaraden,2002,False,0.3404239031783374,-0.8063748924618213,1.1141045986524152,-0.7528375605366743,0.02133602549632006,-0.6778447039497231,-1.2155681212836444,0.359652513773426,0.20816205249740555
NER,Tchintabaraden,2003,False,0.07648526451344465,-0.36303549077195774,-0.2395003476385643,1.9568916710336726,0.8526874817920603,0.8288388413699105,1.654332760860697,-1.067279436023193,1.4194331907910849
NER,Tchintabaraden,2004,False,-1.9974577404202694,-1.5945732407902187,0.43120108732601825,-1.0175289848101534,-1.0752676673183839,-0.3289207994341731,-1.3458859028042638,3.641216666942095,-2.2607816723246827
NER,Tchintabaraden,2005,False,0.40176063153701036,-0.28719097933806903,-0.3198364448786705,0.019718141038470704,-0.32251453597925805,0.7707700913903618,0.30792528510640454,-0.21641765348424113,-0.23426286712943142
NER,Tchintabaraden,2006,False,0.7228553561434309,1.1777336438137396,0.04983945245755843,-0.3120944709504164,0.3703126630916969,-0.5883684208390592,-0.2969550438961411,-0.5201974734036804,0.16176060426267289
NER,Tchintabaraden,2007,False,1.2590723350699045,1.5448351218076664,-1.2487754084862164,1.8620952195305318,0.7066465409545875,1.1145326973392613,0.8002213128891171,-0.5389983946975666,-0.7466121913877408
NER,Tchintabaraden,2008,False,0.7041216126579796,1.4472400392738862,-0.6849561112387256,0.2537319775377287,-0.07529673103255925,0.4656241588114735,0.5697800580130509,-0.7673426238043475,0.6277084802862805
NER,Tchintabaraden,2009,False,-1.4355169449439444,-0.5203186013266907,2.0134079073735403,-0.8292245668200623,0.1892106762887247,-1.4809980599254942,0.47163167816377893,1.78704827484426,-1.5850605824066533
NER,Tchintabaraden,2010,False,-0.17779775131375072,0.9170781786748278,-0.7831058980983526,0.16767883046015603,0.15827103823141112,0.44655188689105946,0.8885882142416345,-0.7043636786419247,1.5828049564508022
NER,Tchintabaraden,2011,False,-0.645329660290574,0.27150876799746276,0.9422175962246204,-0.7259436574998797,-1.3736551102186005,-2.159635763634726,-1.710397881620537,-0.01909908568444457,-0.4669145728618164
NER,Tchintabaraden,2012,False,0.03664838238795663,0.5512228143736799,-1.021441677181121,-0.5359148315877104,1.2458642560183446,0.18147977345841254,0.6842534064401993,-0.5240404811042743,0.09215843191060287
NER,Tchintabaraden,2013,False,-0.42078808495575004,0.37346588957205157,-0.25934826938596506,-0.7311217021914923,0.09809146647890689,-0.2035628900571812,-0.10885121563845064,-0.2746259683976399,-0.16401623021852382
NER,Tchintabaraden,2014,False,-0.9379706793864436,-0.10339476751431084,0.31918668450374316,-0.48010817030383063,-0.8938788784680308,0.19661764716567753,-1.4093576242122818,-0.226373031191396,-0.25714135896736445
NER,Tchintabaraden,2015,False,-0.036514663074775806,-1.3278430195604323,-0.14115208666361656,-1.4636127326092845,-0.3500075800038109,-0.5448192994266552,-1.0577102289704432,-0.38766340179805875,0.3019316458050548
NER,Tchintabaraden,2016,False,-0.8789031817163265,0.35774098992719333,-0.06527298334203607,-1.3182434759960873,0.08115715619286766,-0.140536191548253,0.21797777943325586,0.347891585034519,-0.2803420830847308
NER,Tchintabaraden,2017,False,0.08595553915324615,0.4301670680371286,0.004926392854484828,0.6360259824747792,-2.0145756653542786,-0.8306910049462911,-0.8899503933420762,0.06925696205262862,-0.6995662785942014
NER,Tchintabaraden,2018,False,0.3083170288011594,0.47987230582662477,-0.7956796669871432,-0.7923854655780337,0.6132342432363427,1.5546484792670892,0.6449646663799546,-0.25128632249184324,1.000853459840421
NER,Tchintabaraden,2019,False,0.211997665446185,0.16167843348345867,0.0053973224391421154,0.5520369331379121,-1.6195041475969256,-1.5187910893610381,-1.0152443947983867,0.06518204871492123,-1.0488660694721688
NER,Tchintabaraden,2020,False,1.0593072127722467,0.53732893022296,-2.143885760190288,1.154322371444411,2.4976406983487953,2.0821003777932305,1.93805123641348,-0.22183430657948547,1.6298508692443436
NER,Tchintabaraden,2021,False,-0.5952168416066915,-1.5022587622193606,0.7550758937026265,1.7907592450971823,0.7185916567979258,0.6345580849862887,0.9024654965641973,-0.0394736523729813,0.39537900683329796
NER,Tchintabaraden,2022,False,-1.5468525601562626,-2.072748952746044,-0.34913739791511356,-0.5085138042856571,0.686681054320815,-0.4215857331829029,-0.021592325857434425,-0.007984179791769895,0.6283529448450873
NER,Tchintabaraden,2023,False,2.3497931918228723,1.1275475031173243,2.380723289299769,0.37599008875050066,-0.7656011151820221,-0.10122886909129422,-0.47676400894357895,0.6605169485406778,-1.2583170510872164
NER,Tchirozerine,2001,False,0.6237759656164524,1.2892449102589305,0.6004879500961945,-0.5514934947591605,-0.432865948361003,-0.24177602143005228,-0.6380071373125666,1.9052593337315344,-0.8090066733961022
NER,Tchirozerine,2002,False,1.6964406402702448,0.6161685206561832,1.029321627276935,0.3597833523723411,0.002031373282370314,0.8155923331034,-0.07159284758095864,-1.3395785449445397,0.1944418682018991
NER,Tchirozerine,2003,False,0.48861731715443785,0.9192821012327634,-0.48287448583205367,-0.10400463470703868,0.6768509545751484,1.4769725112153806,0.6883427027914015,-1.4032908394860089,0.837493057904353
NER,Tchirozerine,2004,False,-2.920961643669674,-0.04751375334907337,-0.09892011016089854,0.32685740403705443,-1.0078648853073235,-0.5882027445457516,-1.1716295104219574,-0.6727296992055484,0.3993521919201606
NER,Tchirozerine,2005,False,-0.0020129645526073847,0.4825298629948384,-0.24311849005990108,-0.2624266962537285,-0.6069433004681443,-0.8547945564110162,0.061288310689951456,1.7608827043682858,-1.119980729750677
NER,Tchirozerine,2006,False,-0.4272525144890912,-1.9326252774707025,0.1266058631813654,-1.4803352073834024,-0.0855166392790878,-0.6089715638923,-0.8524057123237051,0.5609965319952174,-1.31785669447117
NER,Tchirozerine,2008,False,-0.19467423002440978,-1.4790951824900915,-0.06382266527255163,0.18371428139123472,-0.056809771078187306,-0.5978434967294567,0.25313542844297743,-1.0445023779289895,0.8091728393566822
NER,Tchirozerine,2009,False,-0.5902972368132734,-0.5917360990614663,1.0297172519496025,0.35165542670154787,0.3177931703498429,-0.6700318642687229,0.032605078064856234,0.3682469104320661,-1.0705574342097248
NER,Tchirozerine,2010,False,-0.2580010304216715,-0.7841269475107805,-1.199726722480312,1.7319086344016985,1.9953572498110443,1.7172212190732536,1.9728007642414855,-1.0590353113011943,2.455672570657116
NER,Tchirozerine,2011,False,0.5768229251483088,0.8118866341513623,0.33549119862278926,-1.0029014638913276,-0.6950738731081991,-0.9973219832421076,-0.5844125549758081,1.4882751169527357,-0.9857795611233129
NER,Tchirozerine,2012,False,1.0244383903604344,0.591505741711044,-1.9057199097395117,1.8053602507807707,1.1724112277252625,0.5708154638948221,1.3686427287474532,-0.9606765889626838,1.3391259374250333
NER,Tchirozerine,2013,False,-0.9981455232194935,-1.7960003591507538,0.04463155032729473,-0.4830235697862802,-0.6479146650912219,-0.36985989326459345,-0.47627434587472733,0.6778560108198395,-0.5406043361413528
NER,Tchirozerine,2014,False,-0.08229852463168291,0.2843139004792394,0.2189667494353614,-1.3540202992130774,-0.42275057094917223,-0.9109265080854356,-0.7755305251358866,0.38674766691817786,-0.017685597070748592
NER,Tchirozerine,2015,False,-0.500047135069656,-1.3363691682405339,0.8062462532871519,-0.25090434152143615,1.2560896907442065,0.991978637238238,1.1191860965465579,-0.5865488250640606,0.625365592631704
NER,Tchirozerine,2016,False,-0.213531204517505,-0.42942508868683926,0.16782824822766226,0.1552833312136442,-1.168602633599295,-0.9007559459585222,-0.5381690431271677,0.8253940943276329,-0.7738348784072838
NER,Tchirozerine,2017,False,1.1842277526559304,1.3154917423746653,0.2584252384214987,0.7670362518913673,-1.6851096265544443,-1.4195007246292686,-1.2163128769330096,-0.26079405336535777,0.10948121255886789
NER,Tchirozerine,2018,False,1.0788151670558206,1.2637545348055064,-1.8155831063898364,0.3215497813219778,0.604519819867228,1.7401297803514688,1.3941501252717379,-0.6656004219471154,1.1129297541568706
NER,Tchirozerine,2019,False,0.7517309697746435,1.0254942409464751,-0.5055826556671775,-0.5329429019663408,1.6026528473251285,1.3548073440309836,1.3025293990805609,-0.3898313803870211,-0.646668068777666
NER,Tchirozerine,2020,False,-0.00931053610324873,0.4113248523083665,-1.466912708173703,1.757320532913899,1.3004817063152325,0.8963853826237794,0.8775000828389304,-0.4543500438978528,0.35678047282031394
NER,Tchirozerine,2021,False,0.6544913176550933,-0.1529037202666615,1.063859474465275,0.6539599063691071,-0.5771259398078589,-0.34461741346130104,-0.49223917999917693,-0.2914726580485106,0.8796992118909183
NER,Tchirozerine,2022,False,-0.5454627201056235,-0.34529456871597564,-0.20998376294338825,-0.402666490516224,-0.2750143333715576,-0.05642482310271742,-0.4954109669671801,-0.12859527219915,-0.5195012591480695
NER,Tchirozerine,2023,False,-1.337365182073429,-0.11590687697649579,2.310663211428204,-1.989710053396626,-1.266595853019969,-1.0028751325100809,-1.758196016063767,1.2833476471925436,-1.3180394770278108
NER,Tera,2001,False,0.07602072593821717,-0.674369177676678,-0.20832199992094186,0.4064752957218701,0.24014795933623728,0.6272877429144954,-0.0040895769391078255,-0.7368655556256563,0.83358724375633
NER,Tera,2002,False,0.31610669007986214,-0.23480326032399795,1.6620688190823432,-1.039757190031297,-0.13892931872435202,-0.7086410333367517,-0.2723445829125055,1.5018194324904,-1.8287575220813037
NER,Tera,2003,False,0.9282017926844118,0.4969674046808645,-1.6477971410285754,1.2190873595846619,1.8738643506197554,1.649362092254677,1.8930467389829655,-0.7224929348356806,1.0540650292425957
NER,Tera,2004,False,-1.0216134498988465,-1.4201924705771536,0.8236824292876324,-0.35983692886975827,-1.3539420521173016,-1.192806774286593,-1.6350361488338767,-0.4614964927617621,-0.9921500346882036
NER,Tera,2005,False,0.907595320242152,0.6707680118708161,-0.45985953098203214,1.264183086525256,-0.148713004962884,1.100984923808589,0.5948312690589793,0.3883394548072255,-0.16309315638709332
NER,Tera,2006,False,-0.05701116348906143,0.8877529850477414,-0.13790445969744672,-0.03082940404790915,-0.28275946089542514,-1.2997303786961092,-0.6254250409729578,-1.0887558848560939,1.692846558425411
NER,Tera,2007,False,-0.1833376182680889,0.683724620390556,-0.6705717985859153,0.9896207048428043,0.49848366931833016,0.7531889966997466,0.9150441197170993,0.6951013472913391,-0.9694982074122238
NER,Tera,2008,False,0.08958773998996174,0.9328765867569507,-0.3499135746612156,0.3822100240360748,-0.8092142626802646,-0.23556363732147642,-0.0068470983107493995,-1.171846354630823,1.5025712093071182
NER,Tera,2009,False,-1.041547200637298,-0.379880825583027,1.846634355356521,-1.3265987652288806,-0.8883011145957435,-1.5377973080548832,-1.090059074745007,2.126749743376399,-1.1597735565305167
NER,Tera,2010,False,0.8006581796205267,1.9749408848051042,-1.0122529353497094,-0.5253053572735094,-0.16280420420042652,0.40667256892118564,-0.38308049915473485,-0.8813283105741836,1.106919292886544
NER,Tera,2011,False,-2.8420961951337893,-1.7763303717177226,1.171650732909023,-1.912210196402844,-1.1445533886085633,-1.4772255097999376,-1.4741235803660038,0.9878091258173661,-0.7339192037419738
NER,Tera,2012,False,1.1730901374414777,-0.08795970866018474,-1.4917368182925625,-1.0485946864735418,1.6424979338617849,1.2131724145632217,1.1240667988722304,-0.4405546685636239,-0.11023889274314287
NER,Tera,2013,False,0.17094754184860922,-0.922445788122383,-0.5268696683383306,-0.320103974217461,0.7274868900754964,0.16200966371812212,0.9659693334287772,-0.3826063318328406,-0.10268828365114963
NER,Tera,2014,False,-0.9292205408876331,-0.8662815840573375,0.8121379449465767,-0.014767233622202272,-0.8379519193680833,-0.592863971390476,-0.7001378752409404,0.5565707820871495,-0.7112673764659941
NER,Tera,2015,False,0.19043055692395155,-0.791462624889429,-0.035987514237168707,0.3841462366636435,1.3734001385755188,0.7992392858861883,0.8899282823701813,1.1099564958551598,0.32316606913739543
NER,Tera,2016,False,0.7291904359102196,0.9530740760397727,0.13812695801899363,0.09882665945190199,0.5596969298398897,0.46706439193161575,0.6394237805580066,-0.639223304967961,0.1253401109271071
NER,Tera,2017,False,0.6929970476353282,0.5536212420161079,0.08691420149280808,1.8334543693411907,-1.1484091454739687,-0.13435346781161497,-0.8311668455123562,-0.841176543076414,0.13289072001910035
NER,Tessaoua,2001,False,-1.4334133891992586,-1.4607783972828248,-0.7960964848518141,-0.4101519828076713,1.5322268879549048,1.0400459966923974,1.7324299644270718,-0.4969102483481616,0.5706609767902706
NER,Tessaoua,2002,False,0.3892034844853401,-0.14634869783574994,0.6150823957380115,-0.19015931809245806,0.9833151941116082,0.41904079904335806,0.38131587185673876,-0.465838908155762,1.0319352124339862
NER,Tessaoua,2003,False,2.335716222174077,0.13856466652145646,-0.8299581243075864,1.2388471046790412,1.1879331656265273,1.2482796298636678,1.470934852299758,-0.4630931208637416,1.7645314628823763
NER,Tessaoua,2004,False,-1.0389972108015566,-1.9605178988493774,0.8512065521491361,-0.43637555783305304,-0.32642223901601136,-0.2839890550812743,-0.0429616639049047,-0.01563615303583237,-1.5727025087393662
NER,Tessaoua,2005,False,0.6344026128282165,-0.7775710658917413,-0.688776840187106,2.2278613455043583,-0.1901834618935785,0.5049530430510939,0.013277369891828393,-0.4292759933793216,0.5165038157324263
NER,Tessaoua,2006,False,0.09064153337139962,1.1024677044574864,0.5678319733850884,-1.255807749735474,-0.13550482604864328,-0.32664720048690266,-1.3915122830140152,-0.4067023190570386,-0.7858150448542496
NER,Tessaoua,2007,False,-0.5929922755106386,0.43694819794926143,-0.9153392420009602,-0.28364885921215666,-0.8853976572418404,-1.0351655044784303,-0.910885174041186,0.44864261053627175,-1.1385068536245615
NER,Tessaoua,2008,False,0.24085496398174974,1.1169727744736953,0.06514191873676625,0.2018938335036631,-0.12126062016346027,0.6296591113015256,-0.1470818612422174,-0.353057304542356,0.13673342643318023
NER,Tessaoua,2009,False,-0.9198889398223454,-0.13903265000895176,2.0255051765117624,-2.121643005649417,-1.6564144268846963,-3.3249848814407876,-1.9248414123672426,4.462199920523391,-2.250873493372198
NER,Tessaoua,2010,False,0.35477491106202513,1.092179316741266,-0.4951280449826988,0.09301939168440969,0.24558604460178463,0.8519825111469128,0.44320902148745667,-0.3447331746682736,1.0592818977206357
NER,Tessaoua,2011,False,-1.5543212749489486,0.03507781209376372,0.6519509860008366,1.0335490750509606,-0.6887591782769009,-0.8564082572243461,-0.26881475456473597,-0.32782461092606563,0.028285051938634117
NER,Tessaoua,2012,False,0.836897648040061,1.0806496462449842,-1.6434808133487275,1.0427931188179107,-0.09788285773746612,0.8138957122622168,0.42099654749134635,-0.3109160471838576,0.6252202949846878
NER,Tessaoua,2013,False,-1.1629511145731708,-0.15555322925824056,0.04689664855938033,-0.22547835428686935,0.2926107242677045,-0.12663408296291817,0.5527325142833545,-0.2883423728615706,0.2725284862143758
NER,Tessaoua,2014,False,0.05230058380973813,0.5867053455589817,0.6504213379113712,-0.5575591235805789,-0.46819884207565843,-0.5311891539050846,-0.5247365487260321,-0.04482938591636197,-0.7584683595676257
NER,Tessaoua,2015,False,1.2764267398708165,0.7232226845453384,0.36900680251672,-0.9312483685992192,-0.485942635864016,-0.6341605968361907,-1.1126042389554307,-0.2573578006671921,0.24544990568546574
NER,Tessaoua,2016,False,0.9081057968172586,0.8961087554355163,1.0198749726605472,-0.7912589925746425,-1.7145868654503604,-0.886984535994549,-1.1143047118760017,-0.028007590172167002,-1.328190969705886
NER,Tessaoua,2017,False,0.6914264204542527,0.6793059240849901,-0.006751541468110568,1.1954024889981432,-1.9126427780376216,-0.39853019513192756,-1.5067833296691242,-0.2246736952987871,-0.459933711855158
NER,Tessaoua,2018,False,0.7133275429465966,0.5907557935642381,-0.8629415247462118,0.4267710048830502,-0.27628286187198237,1.0247645092612567,0.05713698065450857,-0.2066321094405601,1.0866285830072595
NER,Tessaoua,2019,False,-1.5102026015751666,-0.8600692051676878,0.7450326895134148,-0.5729059176071035,0.17448727110310172,0.06144060261668907,0.6089970762408199,0.30030851947813675,-0.758334307188768
NER,Tessaoua,2020,False,0.5247417907435842,0.3458819632869683,-1.4055536496838645,-0.6297956706224714,1.5259770051426376,0.8216395767338763,1.6928471880496578,-0.16148476079599408,0.6525669802713358
NER,Tessaoua,2021,False,-0.9525872124724146,-0.6027797282503772,0.3807903273428013,-0.36227462509950525,1.5180340135779913,0.085849746579803,0.990605406638049,-0.12758086531355706,-0.10710785070598851
NER,Tessaoua,2022,False,0.2629099011273499,-2.567177009750662,-1.812533099920609,-0.2305731161908713,0.8585640953101463,0.843199456769559,0.4100115072952383,-0.14183040976176164,1.1681324293517532
NER,Tessaoua,2023,False,-0.1463761328089657,-0.15501270266233294,1.4678175844718526,1.5387432787699542,0.64074484886583,0.059942768220055155,0.17003167774506267,-0.11642418014943709,0.0014745761674152431
NER,Tibiri,2012,False,-1.9097940533702469,-2.0158564438460864,-0.44582398941513285,-0.9405844678309793,0.33497038252953665,0.46299050781188694,0.36274208893173504,0.6093344374563895,-0.23417732207157949
NER,Tibiri,2013,False,0.0728526233802301,-0.06314012645482306,0.3740559621819184,0.39286086923799296,-0.556526076275366,-0.8845951346083271,-0.4281199379174786,-0.46598080615830206,0.3288201330669074
NER,Tibiri,2014,False,0.5199080675819124,0.5181504231948041,-0.056286372438293396,1.0557654404092094,0.6799975079497806,0.08267308920752967,0.870533676790655,-0.400646847142528,-0.2994322675500251
NER,Tibiri,2015,False,0.877879071738236,0.9212184553896277,0.43766288179467533,-2.036413912441063,0.35946326787693167,0.705248948449364,0.057552571167016356,1.0788434802570483,-0.5306013829151519
NER,Tibiri,2016,False,1.6390684913230726,1.2411161793359105,0.2660236384947246,-0.04021670864261552,-1.1218207097688564,-0.6288678535688275,-1.1902264257938906,0.6406756114086931,-0.9603121409061738
NER,Tibiri,2017,False,-0.0016187050462430977,0.11863311519495195,0.5431550638116598,0.5723381929050814,-1.571823287382627,-1.4580405776584617,-1.6059067450502382,0.27710060594761643,-0.5958563283935887
NER,Tibiri,2018,False,-0.08966111329471112,0.3800522101107363,-0.9494538416993106,0.7993425856229549,0.63131095566509,0.8646327894703641,0.7586758086920896,-0.9629405443139817,1.55547426775213
NER,Tibiri,2019,False,-0.39785392918980306,-0.012056233090148211,0.2618245283306912,1.0116037049151574,0.1311752338262109,0.862281941488103,0.0061535183851828025,-1.0250360602514748,1.324305152387003
NER,Tibiri,2020,False,0.8077922570543241,1.0943794036452452,-0.9069655417861622,0.482250353399056,1.6053745746814487,1.4419774108786656,1.4948205526602814,-0.9286217414910015,1.2916776796477805
NER,Tibiri,2021,False,-1.670161890227966,-1.3995013758793684,0.7896891043400199,0.3246778496831414,0.5426490721642825,-1.2197822307667538,0.4545395803927898,-0.42505471007498435,-0.32928293409867193
NER,Tibiri,2022,False,0.06990425466526709,-0.9630628289109506,-2.1108277811454057,-0.08450391466522307,0.5859099510409286,0.8586653262153293,0.7513042555660162,-0.6643082765572639,0.23371452103981502
NER,Tibiri,2023,False,0.08168492538592778,0.18006722131010067,1.7969463475306156,-1.5371199925927121,-1.6206808723073602,-1.0871842169188726,-1.5320689438241593,2.266634850919789,-1.7843293779584455
NER,Tillaberi,2001,False,0.30290965031626893,-0.26931352237649375,-0.3905052358791516,0.06982716575443834,-0.02479630000635261,0.39510507760624625,-0.19557980868551428,-0.7368655556256563,0.83358724375633
NER,Tillaberi,2002,False,0.36715502804739125,0.07175598401923766,1.7087171086631296,-1.2333349466801922,-0.6501671834528602,-0.9611949083141027,-0.7614606647578207,1.5018194324904,-1.8287575220813037
NER,Tillaberi,2003,False,0.6424042635992152,0.9406576709816523,-1.149182660440883,1.3253191007576746,1.5297188168375804,1.4316843573161087,1.5473134319295379,-0.7224929348356806,1.0540650292425957
NER,Tillaberi,2004,False,-1.2095002089248164,-0.8366333137895827,0.5563832136594662,-0.6045291927808057,-0.45294315851071926,-0.06961556906738475,-0.6925273651153018,-0.4614964927617621,-0.9921500346882036
NER,Tillaberi,2005,False,0.5477080814346363,0.5739496731402632,-0.5691873170165275,0.9783634761839298,0.270132367911754,0.8859761511186858,1.0464931793304562,0.3883394548072255,-0.16309315638709332
NER,Tillaberi,2006,False,0.10593785802266847,0.08031271069885787,-0.24111812885869555,0.19159902284969813,-0.20703996419403292,-1.0969337470076748,-0.7680916619520655,-1.0887558848560939,1.692846558425411
NER,Tillaberi,2007,False,-0.07538787827252508,0.6154995419017355,-0.9624985679417527,1.5613015737360763,1.2125598420114068,0.8637988034062375,1.487496023001876,0.6951013472913391,-0.9694982074122238
NER,Tillaberi,2008,False,0.2772668539499085,0.4676690963978211,-0.3069842422909229,0.46514517627681695,-0.8543605400071594,-0.23617360414616959,-0.18423858853646874,-1.171846354630823,1.5025712093071182
NER,Tillaberi,2009,False,-0.09000336303253,-0.5084116656459232,1.9580673952280554,-1.1350400740768192,-1.657583052340164,-1.8220215184131996,-1.6797049594184907,2.126749743376399,-1.1597735565305167
NER,Tillaberi,2010,False,0.5658612557891365,0.7449068469025516,-0.6169294058213386,-0.187766612920265,0.1678027451641161,0.5786261056092359,0.0240148692749998,-0.8813283105741836,1.106919292886544
NER,Tillaberi,2011,False,-3.4415851408254534,-3.291203312867419,1.3923057180312233,-1.77523947911775,-1.3726696861356835,-1.9424191647795102,-1.6738422719200237,0.9878091258173661,-0.7339192037419738
NER,Tillaberi,2012,False,0.32574690384819743,-0.14254951704811616,-1.6365396743227958,-1.3204850095250042,1.234211719295505,1.0725784894771853,0.7184768520477018,-0.4405546685636239,-0.11023889274314287
NER,Tillaberi,2013,False,0.435432419237409,0.28003359566062275,-0.6638128717256426,-0.24316729423039526,0.5061578648433774,-0.053919330912738296,0.8030705182371812,-0.3826063318328406,-0.10268828365114963
NER,Tillaberi,2014,False,-0.34524835840266743,-0.4871258786042616,0.7401904768526685,0.40862912978287813,-0.7590600412287335,-0.5045699711778219,-0.4516449712143749,0.5565707820871495,-0.7112673764659941
NER,Tillaberi,2015,False,0.7285538276570831,0.7802970735927653,-0.0004514409064481947,0.36433662675865003,1.5614274409485545,0.8683662104153036,1.1499381199025542,1.1099564958551598,0.32316606913739543
NER,Tillaberi,2016,False,0.5133090639664174,0.8984110665678092,0.2617073749067411,-0.2934143062880264,0.5016423132758421,0.6898623510623276,0.1289133687310099,-0.639223304967961,0.1253401109271071
NER,Tillaberi,2017,False,0.3494397435896605,0.08174395046847947,-0.08016174213712553,1.4284556435190954,-1.0050331844124316,-0.09914973219272895,-0.4986260708552571,-0.841176543076414,0.13289072001910035
NER,Tillia,2012,False,0.314173419009016,0.18935095014505032,-0.35180125187888767,1.0213150853644215,1.2350465002915936,0.4742559451323427,1.455108876392083,-0.5622418762049387,0.14307184129032482
NER,Tillia,2013,False,-0.19947700967087775,-0.11951039523293087,0.17784897945183425,-0.1450320419017903,0.45450817437726143,-0.3514943329468267,0.3781560519496743,0.1939521021753391,-0.1766150002530193
NER,Tillia,2014,False,-0.7718690112000239,-0.740019154889634,0.6790156138329824,0.3805954020238632,-0.9463488901002445,-0.013356912013046451,-1.1245209834478396,0.15818461158975863,-0.30051932213601357
NER,Tillia,2015,False,0.08108091206895358,-0.35953017041174157,0.2801005846073426,-0.3818610211513878,-0.43151184380506197,-0.3729355664109401,-0.5452221351802592,-0.7025427425019121,0.3587064346225305
NER,Tillia,2016,False,-1.1661449293454218,-0.7299646523623248,0.680225406651533,-1.6293659749740679,-0.38820518357648864,-0.6971858669998672,-0.7926567301002057,1.9675581192124951,-0.3525454462415828
NER,Tillia,2017,False,0.4917733139555586,0.7216899692998099,0.2624212552382324,1.0834886250070448,-1.4043985215758847,-0.5500068981051163,-0.8333209396503036,0.644853241557414,-0.8680148074453463
NER,Tillia,2018,False,0.6070963915831336,0.697999344768113,-1.2215689040984268,-1.0095290072387229,0.6588113902660475,1.6950294831328483,0.6941976556668867,-0.8428436087988737,1.1616885869359224
NER,Tillia,2019,False,2.1161601111661605,1.9335784916725125,-0.1549279134339373,-1.059600063973865,-1.255048169193719,-1.2402471549876715,-1.1203754492447426,0.17733752590334134,-1.3116059708716845
NER,Tillia,2020,False,0.8261929063132958,0.8379278127550576,-1.9390452364183177,0.5236894646365213,1.9407337457456502,2.029651909819179,1.776213727990992,-1.1783657462919834,1.8927925414718916
NER,Tillia,2021,False,-1.5025356482698227,-1.4451202657871147,0.33020320019117827,1.6252527128093919,0.42614790649995554,0.41731621243174805,0.767488168754784,-0.6861589242336544,0.39841058196620516
NER,Tillia,2022,False,-0.9242189114374559,-1.4195835884500816,-0.7124411200950884,-0.7855144216559978,0.03410760406231023,-0.8555798199862359,-0.6098734815700941,-0.787923203899722,0.6660712994039799
NER,Tillia,2023,False,0.12776845582748364,0.433181658493284,1.9699693859515548,0.37656124105458877,-0.3238427129914197,-0.5354469990664138,-0.04519476156097554,1.6181905014927362,-1.6114407387432077
NER,Torodi,2012,False,0.8543315968418922,0.2903219559057937,-1.4051919677114333,1.0818606301762625,0.06215640215398075,0.7595606404057872,-0.3129773492245347,-0.2815411550447096,5.452821397912834e-14
NER,Torodi,2013,False,-0.8412048310809322,-1.2395516673161437,0.112522104349728,-0.613679688585637,0.3526578133466681,-2.0356700333352853,0.7430510700034666,-0.1922229620642683,-0.12689909267467114
NER,Torodi,2014,False,-0.14682479681480434,-0.21414544556270043,1.2235563981375488,0.4733288390545756,-0.44257724868190657,-0.184749307077537,-0.4583919184097094,0.8670454833661254,-1.1843915316308127
NER,Torodi,2015,False,0.19808806430157394,0.5356698066274422,1.00572155728589,-0.9298587911673952,0.8434325719766433,0.9199899157278555,0.5668764978042435,1.5016813297976865,0.23969828616339617
NER,Torodi,2016,False,0.19977104845762284,0.21727821697109262,-0.07559182687140652,0.3328524546920495,-0.46762072679655253,0.9337541046208881,-0.8097421009940214,-0.39806896726904906,-0.1973985886051164
NER,Torodi,2017,False,-0.00954272762636846,0.3516076786870965,0.14857506312326454,1.213176364687361,-1.256961625430211,-0.2775531265261313,-0.40593001686050356,-0.5948190515088742,-0.3242976812798421
NER,Torodi,2018,False,-1.2804456806519795,-0.6420476478997793,-0.4558919612980807,-1.562155925331871,-0.6503067624961116,0.21960690590778242,-0.9116234455745684,-0.7826295020855787,1.7201877007018818
NER,Torodi,2019,False,0.02520974882226463,0.4320736150165649,0.49428425117743546,-1.1731758297176773,-0.1927689708078448,0.03150556729678987,0.010937841931460243,0.3392163789867484,-0.26789808453556163
NER,Torodi,2020,False,1.9849346436719135,2.5026028961997873,-1.2672153818524816,-0.9445114687153211,2.274810104698475,0.8202891921427499,2.1654633179492904,-1.3191638091753877,1.7765872974462174
NER,Torodi,2021,False,-1.6366231558275381,-1.2085551627386206,0.2543172796760283,1.3096205587645642,0.15544071070728474,-1.5977052770751585,0.6212287705236265,-0.7515752152173136,0.4088970763963442
NER,Torodi,2022,False,1.029810217634779,-0.3954224593685453,-1.4928626428512903,0.5239915949463135,0.7278489055230793,0.9438839325713413,0.48204859806169725,-0.4253567301638522,-0.3383975804660103
NER,Torodi,2023,False,-0.37750412772842373,-0.6298317865219877,1.4577771268347974,0.2885512611967756,-1.4061111741935048,-0.532912514659082,-1.6909412652104472,2.0374342003784727,-1.70608780151588
